[2026-03-08 13:21:33] local.INFO: Procedure registered {"name":"events","class":"Shared\\Procedures\\CrossServiceProcedure","type":"micro"} 
[2026-03-08 13:21:33] local.INFO: Procedure registered {"name":"cache","class":"Shared\\Procedures\\CrossServiceProcedure","type":"micro"} 
[2026-03-08 13:21:33] local.INFO: Procedure registered {"name":"notification","class":"Shared\\Procedures\\CrossServiceProcedure","type":"micro"} 
[2026-03-08 13:21:33] local.INFO: Procedure registered {"name":"validation","class":"Shared\\Procedures\\CrossServiceProcedure","type":"micro"} 
[2026-03-08 13:21:33] local.INFO: Procedure registered {"name":"security","class":"Shared\\Procedures\\CrossServiceProcedure","type":"micro"} 
[2026-03-08 13:21:33] local.INFO: Procedure registered {"name":"circuit_breaker","class":"Shared\\Procedures\\CrossServiceProcedure","type":"micro"} 
[2026-03-08 13:21:33] local.INFO: Procedure registered {"name":"queue_circuit_breaker","class":"Shared\\Procedures\\CrossServiceProcedure","type":"micro"} 
[2026-03-08 13:21:33] local.INFO: Procedure registered {"name":"third_party_integration","class":"Shared\\Procedures\\CrossServiceProcedure","type":"micro"} 
[2026-03-08 13:21:33] local.INFO: Procedure registered {"name":"workflow","class":"Shared\\Procedures\\CrossServiceProcedure","type":"macro"} 
[2026-03-08 13:21:33] local.ERROR: Call to undefined method Illuminate\Foundation\Console\Kernel::resolve() {"exception":"[object] (Error(code: 0): Call to undefined method Illuminate\\Foundation\\Console\\Kernel::resolve() at /tmp/abdoElHodaky/larvrevrstender/services/auth-service/vendor/laravel/framework/src/Illuminate/Support/Facades/Facade.php:363)
[stacktrace]
#0 /tmp/abdoElHodaky/larvrevrstender/services/auth-service/routes/console.php(23): Illuminate\\Support\\Facades\\Facade::__callStatic()
#1 /tmp/abdoElHodaky/larvrevrstender/services/auth-service/vendor/laravel/framework/src/Illuminate/Foundation/Console/Kernel.php(523): require('...')
#2 /tmp/abdoElHodaky/larvrevrstender/services/auth-service/vendor/laravel/framework/src/Illuminate/Foundation/Console/Kernel.php(503): Illuminate\\Foundation\\Console\\Kernel->discoverCommands()
#3 /tmp/abdoElHodaky/larvrevrstender/services/auth-service/vendor/laravel/framework/src/Illuminate/Foundation/Console/Kernel.php(196): Illuminate\\Foundation\\Console\\Kernel->bootstrap()
#4 /tmp/abdoElHodaky/larvrevrstender/services/auth-service/artisan(35): Illuminate\\Foundation\\Console\\Kernel->handle()
#5 {main}
"} 
[2026-03-08 13:21:34] local.ERROR: SQLSTATE[08006] [7] connection to server at "127.0.0.1", port 5432 failed: Connection refused
	Is the server running on that host and accepting TCP/IP connections? (Connection: pgsql, Host: 127.0.0.1, Port: 5432, Database: auth_service, SQL: select count(*) as aggregate from "telescope_entries" where "type" = exception and "family_hash" = 8da4954c72a6ea8a3878fcf63f29d033) {"exception":"[object] (Illuminate\\Database\\QueryException(code: 7): SQLSTATE[08006] [7] connection to server at \"127.0.0.1\", port 5432 failed: Connection refused
\tIs the server running on that host and accepting TCP/IP connections? (Connection: pgsql, Host: 127.0.0.1, Port: 5432, Database: auth_service, SQL: select count(*) as aggregate from \"telescope_entries\" where \"type\" = exception and \"family_hash\" = 8da4954c72a6ea8a3878fcf63f29d033) at /tmp/abdoElHodaky/larvrevrstender/services/auth-service/vendor/laravel/framework/src/Illuminate/Database/Connection.php:838)
[stacktrace]
#0 /tmp/abdoElHodaky/larvrevrstender/services/auth-service/vendor/laravel/framework/src/Illuminate/Database/Connection.php(794): Illuminate\\Database\\Connection->runQueryCallback()
#1 /tmp/abdoElHodaky/larvrevrstender/services/auth-service/vendor/laravel/framework/src/Illuminate/Database/Connection.php(411): Illuminate\\Database\\Connection->run()
#2 /tmp/abdoElHodaky/larvrevrstender/services/auth-service/vendor/laravel/framework/src/Illuminate/Database/Query/Builder.php(3475): Illuminate\\Database\\Connection->select()
#3 /tmp/abdoElHodaky/larvrevrstender/services/auth-service/vendor/laravel/framework/src/Illuminate/Database/Query/Builder.php(3460): Illuminate\\Database\\Query\\Builder->runSelect()
#4 /tmp/abdoElHodaky/larvrevrstender/services/auth-service/vendor/laravel/framework/src/Illuminate/Database/Query/Builder.php(4050): Illuminate\\Database\\Query\\Builder->Illuminate\\Database\\Query\\{closure}()
#5 /tmp/abdoElHodaky/larvrevrstender/services/auth-service/vendor/laravel/framework/src/Illuminate/Database/Query/Builder.php(3459): Illuminate\\Database\\Query\\Builder->onceWithColumns()
#6 /tmp/abdoElHodaky/larvrevrstender/services/auth-service/vendor/laravel/framework/src/Illuminate/Database/Query/Builder.php(3974): Illuminate\\Database\\Query\\Builder->get()
#7 /tmp/abdoElHodaky/larvrevrstender/services/auth-service/vendor/laravel/framework/src/Illuminate/Database/Query/Builder.php(3902): Illuminate\\Database\\Query\\Builder->aggregate()
#8 /tmp/abdoElHodaky/larvrevrstender/services/auth-service/vendor/laravel/telescope/src/Storage/DatabaseEntriesRepository.php(123): Illuminate\\Database\\Query\\Builder->count()
#9 /tmp/abdoElHodaky/larvrevrstender/services/auth-service/vendor/laravel/telescope/src/Storage/DatabaseEntriesRepository.php(165): Laravel\\Telescope\\Storage\\DatabaseEntriesRepository->countExceptionOccurences()
#10 [internal function]: Laravel\\Telescope\\Storage\\DatabaseEntriesRepository->Laravel\\Telescope\\Storage\\{closure}()
#11 /tmp/abdoElHodaky/larvrevrstender/services/auth-service/vendor/laravel/framework/src/Illuminate/Collections/Arr.php(840): array_map()
#12 /tmp/abdoElHodaky/larvrevrstender/services/auth-service/vendor/laravel/framework/src/Illuminate/Collections/Collection.php(829): Illuminate\\Support\\Arr::map()
#13 /tmp/abdoElHodaky/larvrevrstender/services/auth-service/vendor/laravel/telescope/src/Storage/DatabaseEntriesRepository.php(164): Illuminate\\Support\\Collection->map()
#14 /tmp/abdoElHodaky/larvrevrstender/services/auth-service/vendor/laravel/framework/src/Illuminate/Collections/Traits/EnumeratesValues.php(275): Laravel\\Telescope\\Storage\\DatabaseEntriesRepository->Laravel\\Telescope\\Storage\\{closure}()
#15 /tmp/abdoElHodaky/larvrevrstender/services/auth-service/vendor/laravel/telescope/src/Storage/DatabaseEntriesRepository.php(163): Illuminate\\Support\\Collection->each()
#16 /tmp/abdoElHodaky/larvrevrstender/services/auth-service/vendor/laravel/telescope/src/Storage/DatabaseEntriesRepository.php(140): Laravel\\Telescope\\Storage\\DatabaseEntriesRepository->storeExceptions()
#17 /tmp/abdoElHodaky/larvrevrstender/services/auth-service/vendor/laravel/telescope/src/Telescope.php(664): Laravel\\Telescope\\Storage\\DatabaseEntriesRepository->store()
#18 [internal function]: Laravel\\Telescope\\Telescope::Laravel\\Telescope\\{closure}()
#19 /tmp/abdoElHodaky/larvrevrstender/services/auth-service/vendor/laravel/telescope/src/Telescope.php(289): call_user_func()
#20 /tmp/abdoElHodaky/larvrevrstender/services/auth-service/vendor/laravel/telescope/src/Telescope.php(656): Laravel\\Telescope\\Telescope::withoutRecording()
#21 /tmp/abdoElHodaky/larvrevrstender/services/auth-service/vendor/laravel/telescope/src/ListensForStorageOpportunities.php(65): Laravel\\Telescope\\Telescope::store()
#22 /tmp/abdoElHodaky/larvrevrstender/services/auth-service/vendor/laravel/framework/src/Illuminate/Container/BoundMethod.php(36): Laravel\\Telescope\\Telescope::Laravel\\Telescope\\{closure}()
#23 /tmp/abdoElHodaky/larvrevrstender/services/auth-service/vendor/laravel/framework/src/Illuminate/Container/Util.php(43): Illuminate\\Container\\BoundMethod::Illuminate\\Container\\{closure}()
#24 /tmp/abdoElHodaky/larvrevrstender/services/auth-service/vendor/laravel/framework/src/Illuminate/Container/BoundMethod.php(84): Illuminate\\Container\\Util::unwrapIfClosure()
#25 /tmp/abdoElHodaky/larvrevrstender/services/auth-service/vendor/laravel/framework/src/Illuminate/Container/BoundMethod.php(35): Illuminate\\Container\\BoundMethod::callBoundMethod()
#26 /tmp/abdoElHodaky/larvrevrstender/services/auth-service/vendor/laravel/framework/src/Illuminate/Container/Container.php(799): Illuminate\\Container\\BoundMethod::call()
#27 /tmp/abdoElHodaky/larvrevrstender/services/auth-service/vendor/laravel/framework/src/Illuminate/Foundation/Application.php(1466): Illuminate\\Container\\Container->call()
#28 /tmp/abdoElHodaky/larvrevrstender/services/auth-service/vendor/laravel/framework/src/Illuminate/Foundation/Console/Kernel.php(219): Illuminate\\Foundation\\Application->terminate()
#29 /tmp/abdoElHodaky/larvrevrstender/services/auth-service/artisan(51): Illuminate\\Foundation\\Console\\Kernel->terminate()
#30 {main}

[previous exception] [object] (PDOException(code: 7): SQLSTATE[08006] [7] connection to server at \"127.0.0.1\", port 5432 failed: Connection refused
\tIs the server running on that host and accepting TCP/IP connections? at /tmp/abdoElHodaky/larvrevrstender/services/auth-service/vendor/laravel/framework/src/Illuminate/Database/Connectors/Connector.php:66)
[stacktrace]
#0 /tmp/abdoElHodaky/larvrevrstender/services/auth-service/vendor/laravel/framework/src/Illuminate/Database/Connectors/Connector.php(66): PDO->__construct()
#1 /tmp/abdoElHodaky/larvrevrstender/services/auth-service/vendor/laravel/framework/src/Illuminate/Database/Connectors/Connector.php(44): Illuminate\\Database\\Connectors\\Connector->createPdoConnection()
#2 /tmp/abdoElHodaky/larvrevrstender/services/auth-service/vendor/laravel/framework/src/Illuminate/Database/Connectors/PostgresConnector.php(35): Illuminate\\Database\\Connectors\\Connector->createConnection()
#3 /tmp/abdoElHodaky/larvrevrstender/services/auth-service/vendor/laravel/framework/src/Illuminate/Database/Connectors/ConnectionFactory.php(186): Illuminate\\Database\\Connectors\\PostgresConnector->connect()
#4 [internal function]: Illuminate\\Database\\Connectors\\ConnectionFactory->Illuminate\\Database\\Connectors\\{closure}()
#5 /tmp/abdoElHodaky/larvrevrstender/services/auth-service/vendor/laravel/framework/src/Illuminate/Database/Connection.php(1257): call_user_func()
#6 /tmp/abdoElHodaky/larvrevrstender/services/auth-service/vendor/laravel/framework/src/Illuminate/Database/Connection.php(1295): Illuminate\\Database\\Connection->getPdo()
#7 /tmp/abdoElHodaky/larvrevrstender/services/auth-service/vendor/laravel/framework/src/Illuminate/Database/Connection.php(525): Illuminate\\Database\\Connection->getReadPdo()
#8 /tmp/abdoElHodaky/larvrevrstender/services/auth-service/vendor/laravel/framework/src/Illuminate/Database/Connection.php(420): Illuminate\\Database\\Connection->getPdoForSelect()
#9 /tmp/abdoElHodaky/larvrevrstender/services/auth-service/vendor/laravel/framework/src/Illuminate/Database/Connection.php(827): Illuminate\\Database\\Connection->Illuminate\\Database\\{closure}()
#10 /tmp/abdoElHodaky/larvrevrstender/services/auth-service/vendor/laravel/framework/src/Illuminate/Database/Connection.php(794): Illuminate\\Database\\Connection->runQueryCallback()
#11 /tmp/abdoElHodaky/larvrevrstender/services/auth-service/vendor/laravel/framework/src/Illuminate/Database/Connection.php(411): Illuminate\\Database\\Connection->run()
#12 /tmp/abdoElHodaky/larvrevrstender/services/auth-service/vendor/laravel/framework/src/Illuminate/Database/Query/Builder.php(3475): Illuminate\\Database\\Connection->select()
#13 /tmp/abdoElHodaky/larvrevrstender/services/auth-service/vendor/laravel/framework/src/Illuminate/Database/Query/Builder.php(3460): Illuminate\\Database\\Query\\Builder->runSelect()
#14 /tmp/abdoElHodaky/larvrevrstender/services/auth-service/vendor/laravel/framework/src/Illuminate/Database/Query/Builder.php(4050): Illuminate\\Database\\Query\\Builder->Illuminate\\Database\\Query\\{closure}()
#15 /tmp/abdoElHodaky/larvrevrstender/services/auth-service/vendor/laravel/framework/src/Illuminate/Database/Query/Builder.php(3459): Illuminate\\Database\\Query\\Builder->onceWithColumns()
#16 /tmp/abdoElHodaky/larvrevrstender/services/auth-service/vendor/laravel/framework/src/Illuminate/Database/Query/Builder.php(3974): Illuminate\\Database\\Query\\Builder->get()
#17 /tmp/abdoElHodaky/larvrevrstender/services/auth-service/vendor/laravel/framework/src/Illuminate/Database/Query/Builder.php(3902): Illuminate\\Database\\Query\\Builder->aggregate()
#18 /tmp/abdoElHodaky/larvrevrstender/services/auth-service/vendor/laravel/telescope/src/Storage/DatabaseEntriesRepository.php(123): Illuminate\\Database\\Query\\Builder->count()
#19 /tmp/abdoElHodaky/larvrevrstender/services/auth-service/vendor/laravel/telescope/src/Storage/DatabaseEntriesRepository.php(165): Laravel\\Telescope\\Storage\\DatabaseEntriesRepository->countExceptionOccurences()
#20 [internal function]: Laravel\\Telescope\\Storage\\DatabaseEntriesRepository->Laravel\\Telescope\\Storage\\{closure}()
#21 /tmp/abdoElHodaky/larvrevrstender/services/auth-service/vendor/laravel/framework/src/Illuminate/Collections/Arr.php(840): array_map()
#22 /tmp/abdoElHodaky/larvrevrstender/services/auth-service/vendor/laravel/framework/src/Illuminate/Collections/Collection.php(829): Illuminate\\Support\\Arr::map()
#23 /tmp/abdoElHodaky/larvrevrstender/services/auth-service/vendor/laravel/telescope/src/Storage/DatabaseEntriesRepository.php(164): Illuminate\\Support\\Collection->map()
#24 /tmp/abdoElHodaky/larvrevrstender/services/auth-service/vendor/laravel/framework/src/Illuminate/Collections/Traits/EnumeratesValues.php(275): Laravel\\Telescope\\Storage\\DatabaseEntriesRepository->Laravel\\Telescope\\Storage\\{closure}()
#25 /tmp/abdoElHodaky/larvrevrstender/services/auth-service/vendor/laravel/telescope/src/Storage/DatabaseEntriesRepository.php(163): Illuminate\\Support\\Collection->each()
#26 /tmp/abdoElHodaky/larvrevrstender/services/auth-service/vendor/laravel/telescope/src/Storage/DatabaseEntriesRepository.php(140): Laravel\\Telescope\\Storage\\DatabaseEntriesRepository->storeExceptions()
#27 /tmp/abdoElHodaky/larvrevrstender/services/auth-service/vendor/laravel/telescope/src/Telescope.php(664): Laravel\\Telescope\\Storage\\DatabaseEntriesRepository->store()
#28 [internal function]: Laravel\\Telescope\\Telescope::Laravel\\Telescope\\{closure}()
#29 /tmp/abdoElHodaky/larvrevrstender/services/auth-service/vendor/laravel/telescope/src/Telescope.php(289): call_user_func()
#30 /tmp/abdoElHodaky/larvrevrstender/services/auth-service/vendor/laravel/telescope/src/Telescope.php(656): Laravel\\Telescope\\Telescope::withoutRecording()
#31 /tmp/abdoElHodaky/larvrevrstender/services/auth-service/vendor/laravel/telescope/src/ListensForStorageOpportunities.php(65): Laravel\\Telescope\\Telescope::store()
#32 /tmp/abdoElHodaky/larvrevrstender/services/auth-service/vendor/laravel/framework/src/Illuminate/Container/BoundMethod.php(36): Laravel\\Telescope\\Telescope::Laravel\\Telescope\\{closure}()
#33 /tmp/abdoElHodaky/larvrevrstender/services/auth-service/vendor/laravel/framework/src/Illuminate/Container/Util.php(43): Illuminate\\Container\\BoundMethod::Illuminate\\Container\\{closure}()
#34 /tmp/abdoElHodaky/larvrevrstender/services/auth-service/vendor/laravel/framework/src/Illuminate/Container/BoundMethod.php(84): Illuminate\\Container\\Util::unwrapIfClosure()
#35 /tmp/abdoElHodaky/larvrevrstender/services/auth-service/vendor/laravel/framework/src/Illuminate/Container/BoundMethod.php(35): Illuminate\\Container\\BoundMethod::callBoundMethod()
#36 /tmp/abdoElHodaky/larvrevrstender/services/auth-service/vendor/laravel/framework/src/Illuminate/Container/Container.php(799): Illuminate\\Container\\BoundMethod::call()
#37 /tmp/abdoElHodaky/larvrevrstender/services/auth-service/vendor/laravel/framework/src/Illuminate/Foundation/Application.php(1466): Illuminate\\Container\\Container->call()
#38 /tmp/abdoElHodaky/larvrevrstender/services/auth-service/vendor/laravel/framework/src/Illuminate/Foundation/Console/Kernel.php(219): Illuminate\\Foundation\\Application->terminate()
#39 /tmp/abdoElHodaky/larvrevrstender/services/auth-service/artisan(51): Illuminate\\Foundation\\Console\\Kernel->terminate()
#40 {main}
"} 
[2026-03-08 13:23:26] local.INFO: Procedure registered {"name":"events","class":"Shared\\Procedures\\CrossServiceProcedure","type":"micro"} 
[2026-03-08 13:23:26] local.INFO: Procedure registered {"name":"cache","class":"Shared\\Procedures\\CrossServiceProcedure","type":"micro"} 
[2026-03-08 13:23:26] local.INFO: Procedure registered {"name":"notification","class":"Shared\\Procedures\\CrossServiceProcedure","type":"micro"} 
[2026-03-08 13:23:26] local.INFO: Procedure registered {"name":"validation","class":"Shared\\Procedures\\CrossServiceProcedure","type":"micro"} 
[2026-03-08 13:23:26] local.INFO: Procedure registered {"name":"security","class":"Shared\\Procedures\\CrossServiceProcedure","type":"micro"} 
[2026-03-08 13:23:26] local.INFO: Procedure registered {"name":"circuit_breaker","class":"Shared\\Procedures\\CrossServiceProcedure","type":"micro"} 
[2026-03-08 13:23:26] local.INFO: Procedure registered {"name":"queue_circuit_breaker","class":"Shared\\Procedures\\CrossServiceProcedure","type":"micro"} 
[2026-03-08 13:23:26] local.INFO: Procedure registered {"name":"third_party_integration","class":"Shared\\Procedures\\CrossServiceProcedure","type":"micro"} 
[2026-03-08 13:23:26] local.INFO: Procedure registered {"name":"workflow","class":"Shared\\Procedures\\CrossServiceProcedure","type":"macro"} 
[2026-03-08 13:23:27] local.ERROR: SQLSTATE[08006] [7] connection to server at "127.0.0.1", port 5432 failed: Connection refused
	Is the server running on that host and accepting TCP/IP connections? (Connection: pgsql, Host: 127.0.0.1, Port: 5432, Database: auth_service, SQL: insert into "telescope_entries" ("batch_id", "content", "created_at", "family_hash", "type", "uuid") values (a1401154-2db6-46b6-94ea-d06388d19b90, {"level":"info","message":"Procedure registered","context":{"name":"events","class":"Shared\\Procedures\\CrossServiceProcedure","type":"micro"},"hostname":"modal"}, 2026-03-08 13:23:26, ?, log, a1401153-df34-42f2-96d0-2bfb465143a1), (a1401154-2db6-46b6-94ea-d06388d19b90, {"level":"info","message":"Procedure registered","context":{"name":"cache","class":"Shared\\Procedures\\CrossServiceProcedure","type":"micro"},"hostname":"modal"}, 2026-03-08 13:23:26, ?, log, a1401153-e19a-4409-b1e6-e89654ec2232), (a1401154-2db6-46b6-94ea-d06388d19b90, {"level":"info","message":"Procedure registered","context":{"name":"notification","class":"Shared\\Procedures\\CrossServiceProcedure","type":"micro"},"hostname":"modal"}, 2026-03-08 13:23:26, ?, log, a1401153-e1eb-4768-af5a-9cae27af54ae), (a1401154-2db6-46b6-94ea-d06388d19b90, {"level":"info","message":"Procedure registered","context":{"name":"validation","class":"Shared\\Procedures\\CrossServiceProcedure","type":"micro"},"hostname":"modal"}, 2026-03-08 13:23:26, ?, log, a1401153-e23c-4e07-a722-dcf55c2d28da), (a1401154-2db6-46b6-94ea-d06388d19b90, {"level":"info","message":"Procedure registered","context":{"name":"security","class":"Shared\\Procedures\\CrossServiceProcedure","type":"micro"},"hostname":"modal"}, 2026-03-08 13:23:26, ?, log, a1401153-e285-487f-9b00-73dd3a458385), (a1401154-2db6-46b6-94ea-d06388d19b90, {"level":"info","message":"Procedure registered","context":{"name":"circuit_breaker","class":"Shared\\Procedures\\CrossServiceProcedure","type":"micro"},"hostname":"modal"}, 2026-03-08 13:23:26, ?, log, a1401153-e2cc-4942-968e-640fd6111c8c), (a1401154-2db6-46b6-94ea-d06388d19b90, {"level":"info","message":"Procedure registered","context":{"name":"queue_circuit_breaker","class":"Shared\\Procedures\\CrossServiceProcedure","type":"micro"},"hostname":"modal"}, 2026-03-08 13:23:26, ?, log, a1401153-e316-40fa-a45a-d1929bd552b2), (a1401154-2db6-46b6-94ea-d06388d19b90, {"level":"info","message":"Procedure registered","context":{"name":"third_party_integration","class":"Shared\\Procedures\\CrossServiceProcedure","type":"micro"},"hostname":"modal"}, 2026-03-08 13:23:26, ?, log, a1401153-e35d-4c2b-a597-d36d24bf0fca), (a1401154-2db6-46b6-94ea-d06388d19b90, {"level":"info","message":"Procedure registered","context":{"name":"workflow","class":"Shared\\Procedures\\CrossServiceProcedure","type":"macro"},"hostname":"modal"}, 2026-03-08 13:23:26, ?, log, a1401153-e3a2-44a3-9279-9b94c13c2c7d), (a1401154-2db6-46b6-94ea-d06388d19b90, {"command":"help","exit_code":0,"arguments":{"command":"rpc:generate-tokens","command_name":"help"},"options":{"format":"txt","raw":false,"help":true,"silent":false,"quiet":false,"verbose":false,"version":false,"ansi":null,"no-interaction":false,"env":null},"hostname":"modal"}, 2026-03-08 13:23:27, ?, command, a1401154-2cc0-4c88-8257-196bd4689ed3)) {"exception":"[object] (Illuminate\\Database\\QueryException(code: 7): SQLSTATE[08006] [7] connection to server at \"127.0.0.1\", port 5432 failed: Connection refused
\tIs the server running on that host and accepting TCP/IP connections? (Connection: pgsql, Host: 127.0.0.1, Port: 5432, Database: auth_service, SQL: insert into \"telescope_entries\" (\"batch_id\", \"content\", \"created_at\", \"family_hash\", \"type\", \"uuid\") values (a1401154-2db6-46b6-94ea-d06388d19b90, {\"level\":\"info\",\"message\":\"Procedure registered\",\"context\":{\"name\":\"events\",\"class\":\"Shared\\\\Procedures\\\\CrossServiceProcedure\",\"type\":\"micro\"},\"hostname\":\"modal\"}, 2026-03-08 13:23:26, ?, log, a1401153-df34-42f2-96d0-2bfb465143a1), (a1401154-2db6-46b6-94ea-d06388d19b90, {\"level\":\"info\",\"message\":\"Procedure registered\",\"context\":{\"name\":\"cache\",\"class\":\"Shared\\\\Procedures\\\\CrossServiceProcedure\",\"type\":\"micro\"},\"hostname\":\"modal\"}, 2026-03-08 13:23:26, ?, log, a1401153-e19a-4409-b1e6-e89654ec2232), (a1401154-2db6-46b6-94ea-d06388d19b90, {\"level\":\"info\",\"message\":\"Procedure registered\",\"context\":{\"name\":\"notification\",\"class\":\"Shared\\\\Procedures\\\\CrossServiceProcedure\",\"type\":\"micro\"},\"hostname\":\"modal\"}, 2026-03-08 13:23:26, ?, log, a1401153-e1eb-4768-af5a-9cae27af54ae), (a1401154-2db6-46b6-94ea-d06388d19b90, {\"level\":\"info\",\"message\":\"Procedure registered\",\"context\":{\"name\":\"validation\",\"class\":\"Shared\\\\Procedures\\\\CrossServiceProcedure\",\"type\":\"micro\"},\"hostname\":\"modal\"}, 2026-03-08 13:23:26, ?, log, a1401153-e23c-4e07-a722-dcf55c2d28da), (a1401154-2db6-46b6-94ea-d06388d19b90, {\"level\":\"info\",\"message\":\"Procedure registered\",\"context\":{\"name\":\"security\",\"class\":\"Shared\\\\Procedures\\\\CrossServiceProcedure\",\"type\":\"micro\"},\"hostname\":\"modal\"}, 2026-03-08 13:23:26, ?, log, a1401153-e285-487f-9b00-73dd3a458385), (a1401154-2db6-46b6-94ea-d06388d19b90, {\"level\":\"info\",\"message\":\"Procedure registered\",\"context\":{\"name\":\"circuit_breaker\",\"class\":\"Shared\\\\Procedures\\\\CrossServiceProcedure\",\"type\":\"micro\"},\"hostname\":\"modal\"}, 2026-03-08 13:23:26, ?, log, a1401153-e2cc-4942-968e-640fd6111c8c), (a1401154-2db6-46b6-94ea-d06388d19b90, {\"level\":\"info\",\"message\":\"Procedure registered\",\"context\":{\"name\":\"queue_circuit_breaker\",\"class\":\"Shared\\\\Procedures\\\\CrossServiceProcedure\",\"type\":\"micro\"},\"hostname\":\"modal\"}, 2026-03-08 13:23:26, ?, log, a1401153-e316-40fa-a45a-d1929bd552b2), (a1401154-2db6-46b6-94ea-d06388d19b90, {\"level\":\"info\",\"message\":\"Procedure registered\",\"context\":{\"name\":\"third_party_integration\",\"class\":\"Shared\\\\Procedures\\\\CrossServiceProcedure\",\"type\":\"micro\"},\"hostname\":\"modal\"}, 2026-03-08 13:23:26, ?, log, a1401153-e35d-4c2b-a597-d36d24bf0fca), (a1401154-2db6-46b6-94ea-d06388d19b90, {\"level\":\"info\",\"message\":\"Procedure registered\",\"context\":{\"name\":\"workflow\",\"class\":\"Shared\\\\Procedures\\\\CrossServiceProcedure\",\"type\":\"macro\"},\"hostname\":\"modal\"}, 2026-03-08 13:23:26, ?, log, a1401153-e3a2-44a3-9279-9b94c13c2c7d), (a1401154-2db6-46b6-94ea-d06388d19b90, {\"command\":\"help\",\"exit_code\":0,\"arguments\":{\"command\":\"rpc:generate-tokens\",\"command_name\":\"help\"},\"options\":{\"format\":\"txt\",\"raw\":false,\"help\":true,\"silent\":false,\"quiet\":false,\"verbose\":false,\"version\":false,\"ansi\":null,\"no-interaction\":false,\"env\":null},\"hostname\":\"modal\"}, 2026-03-08 13:23:27, ?, command, a1401154-2cc0-4c88-8257-196bd4689ed3)) at /tmp/abdoElHodaky/larvrevrstender/services/auth-service/vendor/laravel/framework/src/Illuminate/Database/Connection.php:838)
[stacktrace]
#0 /tmp/abdoElHodaky/larvrevrstender/services/auth-service/vendor/laravel/framework/src/Illuminate/Database/Connection.php(794): Illuminate\\Database\\Connection->runQueryCallback()
#1 /tmp/abdoElHodaky/larvrevrstender/services/auth-service/vendor/laravel/framework/src/Illuminate/Database/Connection.php(573): Illuminate\\Database\\Connection->run()
#2 /tmp/abdoElHodaky/larvrevrstender/services/auth-service/vendor/laravel/framework/src/Illuminate/Database/Connection.php(537): Illuminate\\Database\\Connection->statement()
#3 /tmp/abdoElHodaky/larvrevrstender/services/auth-service/vendor/laravel/framework/src/Illuminate/Database/Query/Builder.php(4091): Illuminate\\Database\\Connection->insert()
#4 /tmp/abdoElHodaky/larvrevrstender/services/auth-service/vendor/laravel/telescope/src/Storage/DatabaseEntriesRepository.php(145): Illuminate\\Database\\Query\\Builder->insert()
#5 /tmp/abdoElHodaky/larvrevrstender/services/auth-service/vendor/laravel/framework/src/Illuminate/Collections/Traits/EnumeratesValues.php(275): Laravel\\Telescope\\Storage\\DatabaseEntriesRepository->Laravel\\Telescope\\Storage\\{closure}()
#6 /tmp/abdoElHodaky/larvrevrstender/services/auth-service/vendor/laravel/telescope/src/Storage/DatabaseEntriesRepository.php(144): Illuminate\\Support\\Collection->each()
#7 /tmp/abdoElHodaky/larvrevrstender/services/auth-service/vendor/laravel/telescope/src/Telescope.php(664): Laravel\\Telescope\\Storage\\DatabaseEntriesRepository->store()
#8 [internal function]: Laravel\\Telescope\\Telescope::Laravel\\Telescope\\{closure}()
#9 /tmp/abdoElHodaky/larvrevrstender/services/auth-service/vendor/laravel/telescope/src/Telescope.php(289): call_user_func()
#10 /tmp/abdoElHodaky/larvrevrstender/services/auth-service/vendor/laravel/telescope/src/Telescope.php(656): Laravel\\Telescope\\Telescope::withoutRecording()
#11 /tmp/abdoElHodaky/larvrevrstender/services/auth-service/vendor/laravel/telescope/src/ListensForStorageOpportunities.php(65): Laravel\\Telescope\\Telescope::store()
#12 /tmp/abdoElHodaky/larvrevrstender/services/auth-service/vendor/laravel/framework/src/Illuminate/Container/BoundMethod.php(36): Laravel\\Telescope\\Telescope::Laravel\\Telescope\\{closure}()
#13 /tmp/abdoElHodaky/larvrevrstender/services/auth-service/vendor/laravel/framework/src/Illuminate/Container/Util.php(43): Illuminate\\Container\\BoundMethod::Illuminate\\Container\\{closure}()
#14 /tmp/abdoElHodaky/larvrevrstender/services/auth-service/vendor/laravel/framework/src/Illuminate/Container/BoundMethod.php(84): Illuminate\\Container\\Util::unwrapIfClosure()
#15 /tmp/abdoElHodaky/larvrevrstender/services/auth-service/vendor/laravel/framework/src/Illuminate/Container/BoundMethod.php(35): Illuminate\\Container\\BoundMethod::callBoundMethod()
#16 /tmp/abdoElHodaky/larvrevrstender/services/auth-service/vendor/laravel/framework/src/Illuminate/Container/Container.php(799): Illuminate\\Container\\BoundMethod::call()
#17 /tmp/abdoElHodaky/larvrevrstender/services/auth-service/vendor/laravel/framework/src/Illuminate/Foundation/Application.php(1466): Illuminate\\Container\\Container->call()
#18 /tmp/abdoElHodaky/larvrevrstender/services/auth-service/vendor/laravel/framework/src/Illuminate/Foundation/Console/Kernel.php(219): Illuminate\\Foundation\\Application->terminate()
#19 /tmp/abdoElHodaky/larvrevrstender/services/auth-service/artisan(51): Illuminate\\Foundation\\Console\\Kernel->terminate()
#20 {main}

[previous exception] [object] (PDOException(code: 7): SQLSTATE[08006] [7] connection to server at \"127.0.0.1\", port 5432 failed: Connection refused
\tIs the server running on that host and accepting TCP/IP connections? at /tmp/abdoElHodaky/larvrevrstender/services/auth-service/vendor/laravel/framework/src/Illuminate/Database/Connectors/Connector.php:66)
[stacktrace]
#0 /tmp/abdoElHodaky/larvrevrstender/services/auth-service/vendor/laravel/framework/src/Illuminate/Database/Connectors/Connector.php(66): PDO->__construct()
#1 /tmp/abdoElHodaky/larvrevrstender/services/auth-service/vendor/laravel/framework/src/Illuminate/Database/Connectors/Connector.php(44): Illuminate\\Database\\Connectors\\Connector->createPdoConnection()
#2 /tmp/abdoElHodaky/larvrevrstender/services/auth-service/vendor/laravel/framework/src/Illuminate/Database/Connectors/PostgresConnector.php(35): Illuminate\\Database\\Connectors\\Connector->createConnection()
#3 /tmp/abdoElHodaky/larvrevrstender/services/auth-service/vendor/laravel/framework/src/Illuminate/Database/Connectors/ConnectionFactory.php(186): Illuminate\\Database\\Connectors\\PostgresConnector->connect()
#4 [internal function]: Illuminate\\Database\\Connectors\\ConnectionFactory->Illuminate\\Database\\Connectors\\{closure}()
#5 /tmp/abdoElHodaky/larvrevrstender/services/auth-service/vendor/laravel/framework/src/Illuminate/Database/Connection.php(1257): call_user_func()
#6 /tmp/abdoElHodaky/larvrevrstender/services/auth-service/vendor/laravel/framework/src/Illuminate/Database/Connection.php(578): Illuminate\\Database\\Connection->getPdo()
#7 /tmp/abdoElHodaky/larvrevrstender/services/auth-service/vendor/laravel/framework/src/Illuminate/Database/Connection.php(827): Illuminate\\Database\\Connection->Illuminate\\Database\\{closure}()
#8 /tmp/abdoElHodaky/larvrevrstender/services/auth-service/vendor/laravel/framework/src/Illuminate/Database/Connection.php(794): Illuminate\\Database\\Connection->runQueryCallback()
#9 /tmp/abdoElHodaky/larvrevrstender/services/auth-service/vendor/laravel/framework/src/Illuminate/Database/Connection.php(573): Illuminate\\Database\\Connection->run()
#10 /tmp/abdoElHodaky/larvrevrstender/services/auth-service/vendor/laravel/framework/src/Illuminate/Database/Connection.php(537): Illuminate\\Database\\Connection->statement()
#11 /tmp/abdoElHodaky/larvrevrstender/services/auth-service/vendor/laravel/framework/src/Illuminate/Database/Query/Builder.php(4091): Illuminate\\Database\\Connection->insert()
#12 /tmp/abdoElHodaky/larvrevrstender/services/auth-service/vendor/laravel/telescope/src/Storage/DatabaseEntriesRepository.php(145): Illuminate\\Database\\Query\\Builder->insert()
#13 /tmp/abdoElHodaky/larvrevrstender/services/auth-service/vendor/laravel/framework/src/Illuminate/Collections/Traits/EnumeratesValues.php(275): Laravel\\Telescope\\Storage\\DatabaseEntriesRepository->Laravel\\Telescope\\Storage\\{closure}()
#14 /tmp/abdoElHodaky/larvrevrstender/services/auth-service/vendor/laravel/telescope/src/Storage/DatabaseEntriesRepository.php(144): Illuminate\\Support\\Collection->each()
#15 /tmp/abdoElHodaky/larvrevrstender/services/auth-service/vendor/laravel/telescope/src/Telescope.php(664): Laravel\\Telescope\\Storage\\DatabaseEntriesRepository->store()
#16 [internal function]: Laravel\\Telescope\\Telescope::Laravel\\Telescope\\{closure}()
#17 /tmp/abdoElHodaky/larvrevrstender/services/auth-service/vendor/laravel/telescope/src/Telescope.php(289): call_user_func()
#18 /tmp/abdoElHodaky/larvrevrstender/services/auth-service/vendor/laravel/telescope/src/Telescope.php(656): Laravel\\Telescope\\Telescope::withoutRecording()
#19 /tmp/abdoElHodaky/larvrevrstender/services/auth-service/vendor/laravel/telescope/src/ListensForStorageOpportunities.php(65): Laravel\\Telescope\\Telescope::store()
#20 /tmp/abdoElHodaky/larvrevrstender/services/auth-service/vendor/laravel/framework/src/Illuminate/Container/BoundMethod.php(36): Laravel\\Telescope\\Telescope::Laravel\\Telescope\\{closure}()
#21 /tmp/abdoElHodaky/larvrevrstender/services/auth-service/vendor/laravel/framework/src/Illuminate/Container/Util.php(43): Illuminate\\Container\\BoundMethod::Illuminate\\Container\\{closure}()
#22 /tmp/abdoElHodaky/larvrevrstender/services/auth-service/vendor/laravel/framework/src/Illuminate/Container/BoundMethod.php(84): Illuminate\\Container\\Util::unwrapIfClosure()
#23 /tmp/abdoElHodaky/larvrevrstender/services/auth-service/vendor/laravel/framework/src/Illuminate/Container/BoundMethod.php(35): Illuminate\\Container\\BoundMethod::callBoundMethod()
#24 /tmp/abdoElHodaky/larvrevrstender/services/auth-service/vendor/laravel/framework/src/Illuminate/Container/Container.php(799): Illuminate\\Container\\BoundMethod::call()
#25 /tmp/abdoElHodaky/larvrevrstender/services/auth-service/vendor/laravel/framework/src/Illuminate/Foundation/Application.php(1466): Illuminate\\Container\\Container->call()
#26 /tmp/abdoElHodaky/larvrevrstender/services/auth-service/vendor/laravel/framework/src/Illuminate/Foundation/Console/Kernel.php(219): Illuminate\\Foundation\\Application->terminate()
#27 /tmp/abdoElHodaky/larvrevrstender/services/auth-service/artisan(51): Illuminate\\Foundation\\Console\\Kernel->terminate()
#28 {main}
"} 
[2026-03-08 13:23:42] local.INFO: Procedure registered {"name":"events","class":"Shared\\Procedures\\CrossServiceProcedure","type":"micro"} 
[2026-03-08 13:23:42] local.INFO: Procedure registered {"name":"cache","class":"Shared\\Procedures\\CrossServiceProcedure","type":"micro"} 
[2026-03-08 13:23:42] local.INFO: Procedure registered {"name":"notification","class":"Shared\\Procedures\\CrossServiceProcedure","type":"micro"} 
[2026-03-08 13:23:42] local.INFO: Procedure registered {"name":"validation","class":"Shared\\Procedures\\CrossServiceProcedure","type":"micro"} 
[2026-03-08 13:23:42] local.INFO: Procedure registered {"name":"security","class":"Shared\\Procedures\\CrossServiceProcedure","type":"micro"} 
[2026-03-08 13:23:42] local.INFO: Procedure registered {"name":"circuit_breaker","class":"Shared\\Procedures\\CrossServiceProcedure","type":"micro"} 
[2026-03-08 13:23:42] local.INFO: Procedure registered {"name":"queue_circuit_breaker","class":"Shared\\Procedures\\CrossServiceProcedure","type":"micro"} 
[2026-03-08 13:23:42] local.INFO: Procedure registered {"name":"third_party_integration","class":"Shared\\Procedures\\CrossServiceProcedure","type":"micro"} 
[2026-03-08 13:23:42] local.INFO: Procedure registered {"name":"workflow","class":"Shared\\Procedures\\CrossServiceProcedure","type":"macro"} 
[2026-03-08 13:23:42] local.ERROR: SQLSTATE[08006] [7] connection to server at "127.0.0.1", port 5432 failed: Connection refused
	Is the server running on that host and accepting TCP/IP connections? (Connection: pgsql, Host: 127.0.0.1, Port: 5432, Database: auth_service, SQL: select exists (select 1 from pg_class c, pg_namespace n where n.nspname = current_schema() and c.relname = 'migrations' and c.relkind in ('r', 'p') and n.oid = c.relnamespace)) {"exception":"[object] (Illuminate\\Database\\QueryException(code: 7): SQLSTATE[08006] [7] connection to server at \"127.0.0.1\", port 5432 failed: Connection refused
\tIs the server running on that host and accepting TCP/IP connections? (Connection: pgsql, Host: 127.0.0.1, Port: 5432, Database: auth_service, SQL: select exists (select 1 from pg_class c, pg_namespace n where n.nspname = current_schema() and c.relname = 'migrations' and c.relkind in ('r', 'p') and n.oid = c.relnamespace)) at /tmp/abdoElHodaky/larvrevrstender/services/auth-service/vendor/laravel/framework/src/Illuminate/Database/Connection.php:838)
[stacktrace]
#0 /tmp/abdoElHodaky/larvrevrstender/services/auth-service/vendor/laravel/framework/src/Illuminate/Database/Connection.php(794): Illuminate\\Database\\Connection->runQueryCallback()
#1 /tmp/abdoElHodaky/larvrevrstender/services/auth-service/vendor/laravel/framework/src/Illuminate/Database/Connection.php(411): Illuminate\\Database\\Connection->run()
#2 /tmp/abdoElHodaky/larvrevrstender/services/auth-service/vendor/laravel/framework/src/Illuminate/Database/Connection.php(357): Illuminate\\Database\\Connection->select()
#3 /tmp/abdoElHodaky/larvrevrstender/services/auth-service/vendor/laravel/framework/src/Illuminate/Database/Connection.php(374): Illuminate\\Database\\Connection->selectOne()
#4 /tmp/abdoElHodaky/larvrevrstender/services/auth-service/vendor/laravel/framework/src/Illuminate/Database/Schema/Builder.php(176): Illuminate\\Database\\Connection->scalar()
#5 /tmp/abdoElHodaky/larvrevrstender/services/auth-service/vendor/laravel/framework/src/Illuminate/Database/Migrations/DatabaseMigrationRepository.php(185): Illuminate\\Database\\Schema\\Builder->hasTable()
#6 /tmp/abdoElHodaky/larvrevrstender/services/auth-service/vendor/laravel/framework/src/Illuminate/Database/Migrations/Migrator.php(758): Illuminate\\Database\\Migrations\\DatabaseMigrationRepository->repositoryExists()
#7 /tmp/abdoElHodaky/larvrevrstender/services/auth-service/vendor/laravel/framework/src/Illuminate/Database/Console/Migrations/StatusCommand.php(55): Illuminate\\Database\\Migrations\\Migrator->repositoryExists()
#8 /tmp/abdoElHodaky/larvrevrstender/services/auth-service/vendor/laravel/framework/src/Illuminate/Database/Migrations/Migrator.php(671): Illuminate\\Database\\Console\\Migrations\\StatusCommand->Illuminate\\Database\\Console\\Migrations\\{closure}()
#9 /tmp/abdoElHodaky/larvrevrstender/services/auth-service/vendor/laravel/framework/src/Illuminate/Database/Console/Migrations/StatusCommand.php(54): Illuminate\\Database\\Migrations\\Migrator->usingConnection()
#10 /tmp/abdoElHodaky/larvrevrstender/services/auth-service/vendor/laravel/framework/src/Illuminate/Container/BoundMethod.php(36): Illuminate\\Database\\Console\\Migrations\\StatusCommand->handle()
#11 /tmp/abdoElHodaky/larvrevrstender/services/auth-service/vendor/laravel/framework/src/Illuminate/Container/Util.php(43): Illuminate\\Container\\BoundMethod::Illuminate\\Container\\{closure}()
#12 /tmp/abdoElHodaky/larvrevrstender/services/auth-service/vendor/laravel/framework/src/Illuminate/Container/BoundMethod.php(96): Illuminate\\Container\\Util::unwrapIfClosure()
#13 /tmp/abdoElHodaky/larvrevrstender/services/auth-service/vendor/laravel/framework/src/Illuminate/Container/BoundMethod.php(35): Illuminate\\Container\\BoundMethod::callBoundMethod()
#14 /tmp/abdoElHodaky/larvrevrstender/services/auth-service/vendor/laravel/framework/src/Illuminate/Container/Container.php(799): Illuminate\\Container\\BoundMethod::call()
#15 /tmp/abdoElHodaky/larvrevrstender/services/auth-service/vendor/laravel/framework/src/Illuminate/Console/Command.php(211): Illuminate\\Container\\Container->call()
#16 /tmp/abdoElHodaky/larvrevrstender/services/auth-service/vendor/symfony/console/Command/Command.php(341): Illuminate\\Console\\Command->execute()
#17 /tmp/abdoElHodaky/larvrevrstender/services/auth-service/vendor/laravel/framework/src/Illuminate/Console/Command.php(180): Symfony\\Component\\Console\\Command\\Command->run()
#18 /tmp/abdoElHodaky/larvrevrstender/services/auth-service/vendor/symfony/console/Application.php(1117): Illuminate\\Console\\Command->run()
#19 /tmp/abdoElHodaky/larvrevrstender/services/auth-service/vendor/symfony/console/Application.php(356): Symfony\\Component\\Console\\Application->doRunCommand()
#20 /tmp/abdoElHodaky/larvrevrstender/services/auth-service/vendor/symfony/console/Application.php(195): Symfony\\Component\\Console\\Application->doRun()
#21 /tmp/abdoElHodaky/larvrevrstender/services/auth-service/vendor/laravel/framework/src/Illuminate/Foundation/Console/Kernel.php(198): Symfony\\Component\\Console\\Application->run()
#22 /tmp/abdoElHodaky/larvrevrstender/services/auth-service/artisan(35): Illuminate\\Foundation\\Console\\Kernel->handle()
#23 {main}

[previous exception] [object] (PDOException(code: 7): SQLSTATE[08006] [7] connection to server at \"127.0.0.1\", port 5432 failed: Connection refused
\tIs the server running on that host and accepting TCP/IP connections? at /tmp/abdoElHodaky/larvrevrstender/services/auth-service/vendor/laravel/framework/src/Illuminate/Database/Connectors/Connector.php:66)
[stacktrace]
#0 /tmp/abdoElHodaky/larvrevrstender/services/auth-service/vendor/laravel/framework/src/Illuminate/Database/Connectors/Connector.php(66): PDO->__construct()
#1 /tmp/abdoElHodaky/larvrevrstender/services/auth-service/vendor/laravel/framework/src/Illuminate/Database/Connectors/Connector.php(44): Illuminate\\Database\\Connectors\\Connector->createPdoConnection()
#2 /tmp/abdoElHodaky/larvrevrstender/services/auth-service/vendor/laravel/framework/src/Illuminate/Database/Connectors/PostgresConnector.php(35): Illuminate\\Database\\Connectors\\Connector->createConnection()
#3 /tmp/abdoElHodaky/larvrevrstender/services/auth-service/vendor/laravel/framework/src/Illuminate/Database/Connectors/ConnectionFactory.php(186): Illuminate\\Database\\Connectors\\PostgresConnector->connect()
#4 [internal function]: Illuminate\\Database\\Connectors\\ConnectionFactory->Illuminate\\Database\\Connectors\\{closure}()
#5 /tmp/abdoElHodaky/larvrevrstender/services/auth-service/vendor/laravel/framework/src/Illuminate/Database/Connection.php(1257): call_user_func()
#6 /tmp/abdoElHodaky/larvrevrstender/services/auth-service/vendor/laravel/framework/src/Illuminate/Database/Connection.php(1295): Illuminate\\Database\\Connection->getPdo()
#7 /tmp/abdoElHodaky/larvrevrstender/services/auth-service/vendor/laravel/framework/src/Illuminate/Database/Connection.php(525): Illuminate\\Database\\Connection->getReadPdo()
#8 /tmp/abdoElHodaky/larvrevrstender/services/auth-service/vendor/laravel/framework/src/Illuminate/Database/Connection.php(420): Illuminate\\Database\\Connection->getPdoForSelect()
#9 /tmp/abdoElHodaky/larvrevrstender/services/auth-service/vendor/laravel/framework/src/Illuminate/Database/Connection.php(827): Illuminate\\Database\\Connection->Illuminate\\Database\\{closure}()
#10 /tmp/abdoElHodaky/larvrevrstender/services/auth-service/vendor/laravel/framework/src/Illuminate/Database/Connection.php(794): Illuminate\\Database\\Connection->runQueryCallback()
#11 /tmp/abdoElHodaky/larvrevrstender/services/auth-service/vendor/laravel/framework/src/Illuminate/Database/Connection.php(411): Illuminate\\Database\\Connection->run()
#12 /tmp/abdoElHodaky/larvrevrstender/services/auth-service/vendor/laravel/framework/src/Illuminate/Database/Connection.php(357): Illuminate\\Database\\Connection->select()
#13 /tmp/abdoElHodaky/larvrevrstender/services/auth-service/vendor/laravel/framework/src/Illuminate/Database/Connection.php(374): Illuminate\\Database\\Connection->selectOne()
#14 /tmp/abdoElHodaky/larvrevrstender/services/auth-service/vendor/laravel/framework/src/Illuminate/Database/Schema/Builder.php(176): Illuminate\\Database\\Connection->scalar()
#15 /tmp/abdoElHodaky/larvrevrstender/services/auth-service/vendor/laravel/framework/src/Illuminate/Database/Migrations/DatabaseMigrationRepository.php(185): Illuminate\\Database\\Schema\\Builder->hasTable()
#16 /tmp/abdoElHodaky/larvrevrstender/services/auth-service/vendor/laravel/framework/src/Illuminate/Database/Migrations/Migrator.php(758): Illuminate\\Database\\Migrations\\DatabaseMigrationRepository->repositoryExists()
#17 /tmp/abdoElHodaky/larvrevrstender/services/auth-service/vendor/laravel/framework/src/Illuminate/Database/Console/Migrations/StatusCommand.php(55): Illuminate\\Database\\Migrations\\Migrator->repositoryExists()
#18 /tmp/abdoElHodaky/larvrevrstender/services/auth-service/vendor/laravel/framework/src/Illuminate/Database/Migrations/Migrator.php(671): Illuminate\\Database\\Console\\Migrations\\StatusCommand->Illuminate\\Database\\Console\\Migrations\\{closure}()
#19 /tmp/abdoElHodaky/larvrevrstender/services/auth-service/vendor/laravel/framework/src/Illuminate/Database/Console/Migrations/StatusCommand.php(54): Illuminate\\Database\\Migrations\\Migrator->usingConnection()
#20 /tmp/abdoElHodaky/larvrevrstender/services/auth-service/vendor/laravel/framework/src/Illuminate/Container/BoundMethod.php(36): Illuminate\\Database\\Console\\Migrations\\StatusCommand->handle()
#21 /tmp/abdoElHodaky/larvrevrstender/services/auth-service/vendor/laravel/framework/src/Illuminate/Container/Util.php(43): Illuminate\\Container\\BoundMethod::Illuminate\\Container\\{closure}()
#22 /tmp/abdoElHodaky/larvrevrstender/services/auth-service/vendor/laravel/framework/src/Illuminate/Container/BoundMethod.php(96): Illuminate\\Container\\Util::unwrapIfClosure()
#23 /tmp/abdoElHodaky/larvrevrstender/services/auth-service/vendor/laravel/framework/src/Illuminate/Container/BoundMethod.php(35): Illuminate\\Container\\BoundMethod::callBoundMethod()
#24 /tmp/abdoElHodaky/larvrevrstender/services/auth-service/vendor/laravel/framework/src/Illuminate/Container/Container.php(799): Illuminate\\Container\\BoundMethod::call()
#25 /tmp/abdoElHodaky/larvrevrstender/services/auth-service/vendor/laravel/framework/src/Illuminate/Console/Command.php(211): Illuminate\\Container\\Container->call()
#26 /tmp/abdoElHodaky/larvrevrstender/services/auth-service/vendor/symfony/console/Command/Command.php(341): Illuminate\\Console\\Command->execute()
#27 /tmp/abdoElHodaky/larvrevrstender/services/auth-service/vendor/laravel/framework/src/Illuminate/Console/Command.php(180): Symfony\\Component\\Console\\Command\\Command->run()
#28 /tmp/abdoElHodaky/larvrevrstender/services/auth-service/vendor/symfony/console/Application.php(1117): Illuminate\\Console\\Command->run()
#29 /tmp/abdoElHodaky/larvrevrstender/services/auth-service/vendor/symfony/console/Application.php(356): Symfony\\Component\\Console\\Application->doRunCommand()
#30 /tmp/abdoElHodaky/larvrevrstender/services/auth-service/vendor/symfony/console/Application.php(195): Symfony\\Component\\Console\\Application->doRun()
#31 /tmp/abdoElHodaky/larvrevrstender/services/auth-service/vendor/laravel/framework/src/Illuminate/Foundation/Console/Kernel.php(198): Symfony\\Component\\Console\\Application->run()
#32 /tmp/abdoElHodaky/larvrevrstender/services/auth-service/artisan(35): Illuminate\\Foundation\\Console\\Kernel->handle()
#33 {main}
"} 
[2026-03-08 13:23:42] local.ERROR: SQLSTATE[08006] [7] connection to server at "127.0.0.1", port 5432 failed: Connection refused
	Is the server running on that host and accepting TCP/IP connections? (Connection: pgsql, Host: 127.0.0.1, Port: 5432, Database: auth_service, SQL: select count(*) as aggregate from "telescope_entries" where "type" = exception and "family_hash" = ddead65a7144cfc474909106cfe155ba) {"exception":"[object] (Illuminate\\Database\\QueryException(code: 7): SQLSTATE[08006] [7] connection to server at \"127.0.0.1\", port 5432 failed: Connection refused
\tIs the server running on that host and accepting TCP/IP connections? (Connection: pgsql, Host: 127.0.0.1, Port: 5432, Database: auth_service, SQL: select count(*) as aggregate from \"telescope_entries\" where \"type\" = exception and \"family_hash\" = ddead65a7144cfc474909106cfe155ba) at /tmp/abdoElHodaky/larvrevrstender/services/auth-service/vendor/laravel/framework/src/Illuminate/Database/Connection.php:838)
[stacktrace]
#0 /tmp/abdoElHodaky/larvrevrstender/services/auth-service/vendor/laravel/framework/src/Illuminate/Database/Connection.php(794): Illuminate\\Database\\Connection->runQueryCallback()
#1 /tmp/abdoElHodaky/larvrevrstender/services/auth-service/vendor/laravel/framework/src/Illuminate/Database/Connection.php(411): Illuminate\\Database\\Connection->run()
#2 /tmp/abdoElHodaky/larvrevrstender/services/auth-service/vendor/laravel/framework/src/Illuminate/Database/Query/Builder.php(3475): Illuminate\\Database\\Connection->select()
#3 /tmp/abdoElHodaky/larvrevrstender/services/auth-service/vendor/laravel/framework/src/Illuminate/Database/Query/Builder.php(3460): Illuminate\\Database\\Query\\Builder->runSelect()
#4 /tmp/abdoElHodaky/larvrevrstender/services/auth-service/vendor/laravel/framework/src/Illuminate/Database/Query/Builder.php(4050): Illuminate\\Database\\Query\\Builder->Illuminate\\Database\\Query\\{closure}()
#5 /tmp/abdoElHodaky/larvrevrstender/services/auth-service/vendor/laravel/framework/src/Illuminate/Database/Query/Builder.php(3459): Illuminate\\Database\\Query\\Builder->onceWithColumns()
#6 /tmp/abdoElHodaky/larvrevrstender/services/auth-service/vendor/laravel/framework/src/Illuminate/Database/Query/Builder.php(3974): Illuminate\\Database\\Query\\Builder->get()
#7 /tmp/abdoElHodaky/larvrevrstender/services/auth-service/vendor/laravel/framework/src/Illuminate/Database/Query/Builder.php(3902): Illuminate\\Database\\Query\\Builder->aggregate()
#8 /tmp/abdoElHodaky/larvrevrstender/services/auth-service/vendor/laravel/telescope/src/Storage/DatabaseEntriesRepository.php(123): Illuminate\\Database\\Query\\Builder->count()
#9 /tmp/abdoElHodaky/larvrevrstender/services/auth-service/vendor/laravel/telescope/src/Storage/DatabaseEntriesRepository.php(165): Laravel\\Telescope\\Storage\\DatabaseEntriesRepository->countExceptionOccurences()
#10 [internal function]: Laravel\\Telescope\\Storage\\DatabaseEntriesRepository->Laravel\\Telescope\\Storage\\{closure}()
#11 /tmp/abdoElHodaky/larvrevrstender/services/auth-service/vendor/laravel/framework/src/Illuminate/Collections/Arr.php(840): array_map()
#12 /tmp/abdoElHodaky/larvrevrstender/services/auth-service/vendor/laravel/framework/src/Illuminate/Collections/Collection.php(829): Illuminate\\Support\\Arr::map()
#13 /tmp/abdoElHodaky/larvrevrstender/services/auth-service/vendor/laravel/telescope/src/Storage/DatabaseEntriesRepository.php(164): Illuminate\\Support\\Collection->map()
#14 /tmp/abdoElHodaky/larvrevrstender/services/auth-service/vendor/laravel/framework/src/Illuminate/Collections/Traits/EnumeratesValues.php(275): Laravel\\Telescope\\Storage\\DatabaseEntriesRepository->Laravel\\Telescope\\Storage\\{closure}()
#15 /tmp/abdoElHodaky/larvrevrstender/services/auth-service/vendor/laravel/telescope/src/Storage/DatabaseEntriesRepository.php(163): Illuminate\\Support\\Collection->each()
#16 /tmp/abdoElHodaky/larvrevrstender/services/auth-service/vendor/laravel/telescope/src/Storage/DatabaseEntriesRepository.php(140): Laravel\\Telescope\\Storage\\DatabaseEntriesRepository->storeExceptions()
#17 /tmp/abdoElHodaky/larvrevrstender/services/auth-service/vendor/laravel/telescope/src/Telescope.php(664): Laravel\\Telescope\\Storage\\DatabaseEntriesRepository->store()
#18 [internal function]: Laravel\\Telescope\\Telescope::Laravel\\Telescope\\{closure}()
#19 /tmp/abdoElHodaky/larvrevrstender/services/auth-service/vendor/laravel/telescope/src/Telescope.php(289): call_user_func()
#20 /tmp/abdoElHodaky/larvrevrstender/services/auth-service/vendor/laravel/telescope/src/Telescope.php(656): Laravel\\Telescope\\Telescope::withoutRecording()
#21 /tmp/abdoElHodaky/larvrevrstender/services/auth-service/vendor/laravel/telescope/src/ListensForStorageOpportunities.php(65): Laravel\\Telescope\\Telescope::store()
#22 /tmp/abdoElHodaky/larvrevrstender/services/auth-service/vendor/laravel/framework/src/Illuminate/Container/BoundMethod.php(36): Laravel\\Telescope\\Telescope::Laravel\\Telescope\\{closure}()
#23 /tmp/abdoElHodaky/larvrevrstender/services/auth-service/vendor/laravel/framework/src/Illuminate/Container/Util.php(43): Illuminate\\Container\\BoundMethod::Illuminate\\Container\\{closure}()
#24 /tmp/abdoElHodaky/larvrevrstender/services/auth-service/vendor/laravel/framework/src/Illuminate/Container/BoundMethod.php(84): Illuminate\\Container\\Util::unwrapIfClosure()
#25 /tmp/abdoElHodaky/larvrevrstender/services/auth-service/vendor/laravel/framework/src/Illuminate/Container/BoundMethod.php(35): Illuminate\\Container\\BoundMethod::callBoundMethod()
#26 /tmp/abdoElHodaky/larvrevrstender/services/auth-service/vendor/laravel/framework/src/Illuminate/Container/Container.php(799): Illuminate\\Container\\BoundMethod::call()
#27 /tmp/abdoElHodaky/larvrevrstender/services/auth-service/vendor/laravel/framework/src/Illuminate/Foundation/Application.php(1466): Illuminate\\Container\\Container->call()
#28 /tmp/abdoElHodaky/larvrevrstender/services/auth-service/vendor/laravel/framework/src/Illuminate/Foundation/Console/Kernel.php(219): Illuminate\\Foundation\\Application->terminate()
#29 /tmp/abdoElHodaky/larvrevrstender/services/auth-service/artisan(51): Illuminate\\Foundation\\Console\\Kernel->terminate()
#30 {main}

[previous exception] [object] (PDOException(code: 7): SQLSTATE[08006] [7] connection to server at \"127.0.0.1\", port 5432 failed: Connection refused
\tIs the server running on that host and accepting TCP/IP connections? at /tmp/abdoElHodaky/larvrevrstender/services/auth-service/vendor/laravel/framework/src/Illuminate/Database/Connectors/Connector.php:66)
[stacktrace]
#0 /tmp/abdoElHodaky/larvrevrstender/services/auth-service/vendor/laravel/framework/src/Illuminate/Database/Connectors/Connector.php(66): PDO->__construct()
#1 /tmp/abdoElHodaky/larvrevrstender/services/auth-service/vendor/laravel/framework/src/Illuminate/Database/Connectors/Connector.php(44): Illuminate\\Database\\Connectors\\Connector->createPdoConnection()
#2 /tmp/abdoElHodaky/larvrevrstender/services/auth-service/vendor/laravel/framework/src/Illuminate/Database/Connectors/PostgresConnector.php(35): Illuminate\\Database\\Connectors\\Connector->createConnection()
#3 /tmp/abdoElHodaky/larvrevrstender/services/auth-service/vendor/laravel/framework/src/Illuminate/Database/Connectors/ConnectionFactory.php(186): Illuminate\\Database\\Connectors\\PostgresConnector->connect()
#4 [internal function]: Illuminate\\Database\\Connectors\\ConnectionFactory->Illuminate\\Database\\Connectors\\{closure}()
#5 /tmp/abdoElHodaky/larvrevrstender/services/auth-service/vendor/laravel/framework/src/Illuminate/Database/Connection.php(1257): call_user_func()
#6 /tmp/abdoElHodaky/larvrevrstender/services/auth-service/vendor/laravel/framework/src/Illuminate/Database/Connection.php(1295): Illuminate\\Database\\Connection->getPdo()
#7 /tmp/abdoElHodaky/larvrevrstender/services/auth-service/vendor/laravel/framework/src/Illuminate/Database/Connection.php(525): Illuminate\\Database\\Connection->getReadPdo()
#8 /tmp/abdoElHodaky/larvrevrstender/services/auth-service/vendor/laravel/framework/src/Illuminate/Database/Connection.php(420): Illuminate\\Database\\Connection->getPdoForSelect()
#9 /tmp/abdoElHodaky/larvrevrstender/services/auth-service/vendor/laravel/framework/src/Illuminate/Database/Connection.php(827): Illuminate\\Database\\Connection->Illuminate\\Database\\{closure}()
#10 /tmp/abdoElHodaky/larvrevrstender/services/auth-service/vendor/laravel/framework/src/Illuminate/Database/Connection.php(794): Illuminate\\Database\\Connection->runQueryCallback()
#11 /tmp/abdoElHodaky/larvrevrstender/services/auth-service/vendor/laravel/framework/src/Illuminate/Database/Connection.php(411): Illuminate\\Database\\Connection->run()
#12 /tmp/abdoElHodaky/larvrevrstender/services/auth-service/vendor/laravel/framework/src/Illuminate/Database/Query/Builder.php(3475): Illuminate\\Database\\Connection->select()
#13 /tmp/abdoElHodaky/larvrevrstender/services/auth-service/vendor/laravel/framework/src/Illuminate/Database/Query/Builder.php(3460): Illuminate\\Database\\Query\\Builder->runSelect()
#14 /tmp/abdoElHodaky/larvrevrstender/services/auth-service/vendor/laravel/framework/src/Illuminate/Database/Query/Builder.php(4050): Illuminate\\Database\\Query\\Builder->Illuminate\\Database\\Query\\{closure}()
#15 /tmp/abdoElHodaky/larvrevrstender/services/auth-service/vendor/laravel/framework/src/Illuminate/Database/Query/Builder.php(3459): Illuminate\\Database\\Query\\Builder->onceWithColumns()
#16 /tmp/abdoElHodaky/larvrevrstender/services/auth-service/vendor/laravel/framework/src/Illuminate/Database/Query/Builder.php(3974): Illuminate\\Database\\Query\\Builder->get()
#17 /tmp/abdoElHodaky/larvrevrstender/services/auth-service/vendor/laravel/framework/src/Illuminate/Database/Query/Builder.php(3902): Illuminate\\Database\\Query\\Builder->aggregate()
#18 /tmp/abdoElHodaky/larvrevrstender/services/auth-service/vendor/laravel/telescope/src/Storage/DatabaseEntriesRepository.php(123): Illuminate\\Database\\Query\\Builder->count()
#19 /tmp/abdoElHodaky/larvrevrstender/services/auth-service/vendor/laravel/telescope/src/Storage/DatabaseEntriesRepository.php(165): Laravel\\Telescope\\Storage\\DatabaseEntriesRepository->countExceptionOccurences()
#20 [internal function]: Laravel\\Telescope\\Storage\\DatabaseEntriesRepository->Laravel\\Telescope\\Storage\\{closure}()
#21 /tmp/abdoElHodaky/larvrevrstender/services/auth-service/vendor/laravel/framework/src/Illuminate/Collections/Arr.php(840): array_map()
#22 /tmp/abdoElHodaky/larvrevrstender/services/auth-service/vendor/laravel/framework/src/Illuminate/Collections/Collection.php(829): Illuminate\\Support\\Arr::map()
#23 /tmp/abdoElHodaky/larvrevrstender/services/auth-service/vendor/laravel/telescope/src/Storage/DatabaseEntriesRepository.php(164): Illuminate\\Support\\Collection->map()
#24 /tmp/abdoElHodaky/larvrevrstender/services/auth-service/vendor/laravel/framework/src/Illuminate/Collections/Traits/EnumeratesValues.php(275): Laravel\\Telescope\\Storage\\DatabaseEntriesRepository->Laravel\\Telescope\\Storage\\{closure}()
#25 /tmp/abdoElHodaky/larvrevrstender/services/auth-service/vendor/laravel/telescope/src/Storage/DatabaseEntriesRepository.php(163): Illuminate\\Support\\Collection->each()
#26 /tmp/abdoElHodaky/larvrevrstender/services/auth-service/vendor/laravel/telescope/src/Storage/DatabaseEntriesRepository.php(140): Laravel\\Telescope\\Storage\\DatabaseEntriesRepository->storeExceptions()
#27 /tmp/abdoElHodaky/larvrevrstender/services/auth-service/vendor/laravel/telescope/src/Telescope.php(664): Laravel\\Telescope\\Storage\\DatabaseEntriesRepository->store()
#28 [internal function]: Laravel\\Telescope\\Telescope::Laravel\\Telescope\\{closure}()
#29 /tmp/abdoElHodaky/larvrevrstender/services/auth-service/vendor/laravel/telescope/src/Telescope.php(289): call_user_func()
#30 /tmp/abdoElHodaky/larvrevrstender/services/auth-service/vendor/laravel/telescope/src/Telescope.php(656): Laravel\\Telescope\\Telescope::withoutRecording()
#31 /tmp/abdoElHodaky/larvrevrstender/services/auth-service/vendor/laravel/telescope/src/ListensForStorageOpportunities.php(65): Laravel\\Telescope\\Telescope::store()
#32 /tmp/abdoElHodaky/larvrevrstender/services/auth-service/vendor/laravel/framework/src/Illuminate/Container/BoundMethod.php(36): Laravel\\Telescope\\Telescope::Laravel\\Telescope\\{closure}()
#33 /tmp/abdoElHodaky/larvrevrstender/services/auth-service/vendor/laravel/framework/src/Illuminate/Container/Util.php(43): Illuminate\\Container\\BoundMethod::Illuminate\\Container\\{closure}()
#34 /tmp/abdoElHodaky/larvrevrstender/services/auth-service/vendor/laravel/framework/src/Illuminate/Container/BoundMethod.php(84): Illuminate\\Container\\Util::unwrapIfClosure()
#35 /tmp/abdoElHodaky/larvrevrstender/services/auth-service/vendor/laravel/framework/src/Illuminate/Container/BoundMethod.php(35): Illuminate\\Container\\BoundMethod::callBoundMethod()
#36 /tmp/abdoElHodaky/larvrevrstender/services/auth-service/vendor/laravel/framework/src/Illuminate/Container/Container.php(799): Illuminate\\Container\\BoundMethod::call()
#37 /tmp/abdoElHodaky/larvrevrstender/services/auth-service/vendor/laravel/framework/src/Illuminate/Foundation/Application.php(1466): Illuminate\\Container\\Container->call()
#38 /tmp/abdoElHodaky/larvrevrstender/services/auth-service/vendor/laravel/framework/src/Illuminate/Foundation/Console/Kernel.php(219): Illuminate\\Foundation\\Application->terminate()
#39 /tmp/abdoElHodaky/larvrevrstender/services/auth-service/artisan(51): Illuminate\\Foundation\\Console\\Kernel->terminate()
#40 {main}
"} 
[2026-03-08 13:25:05] local.INFO: Procedure registered {"name":"events","class":"Shared\\Procedures\\CrossServiceProcedure","type":"micro"} 
[2026-03-08 13:25:05] local.INFO: Procedure registered {"name":"cache","class":"Shared\\Procedures\\CrossServiceProcedure","type":"micro"} 
[2026-03-08 13:25:05] local.INFO: Procedure registered {"name":"notification","class":"Shared\\Procedures\\CrossServiceProcedure","type":"micro"} 
[2026-03-08 13:25:05] local.INFO: Procedure registered {"name":"validation","class":"Shared\\Procedures\\CrossServiceProcedure","type":"micro"} 
[2026-03-08 13:25:05] local.INFO: Procedure registered {"name":"security","class":"Shared\\Procedures\\CrossServiceProcedure","type":"micro"} 
[2026-03-08 13:25:05] local.INFO: Procedure registered {"name":"circuit_breaker","class":"Shared\\Procedures\\CrossServiceProcedure","type":"micro"} 
[2026-03-08 13:25:05] local.INFO: Procedure registered {"name":"queue_circuit_breaker","class":"Shared\\Procedures\\CrossServiceProcedure","type":"micro"} 
[2026-03-08 13:25:05] local.INFO: Procedure registered {"name":"third_party_integration","class":"Shared\\Procedures\\CrossServiceProcedure","type":"micro"} 
[2026-03-08 13:25:05] local.INFO: Procedure registered {"name":"workflow","class":"Shared\\Procedures\\CrossServiceProcedure","type":"macro"} 
[2026-03-08 13:25:05] local.ERROR: Carbon\Carbon::rawAddUnit(): Argument #3 ($value) must be of type int|float, string given, called in /tmp/abdoElHodaky/larvrevrstender/services/auth-service/vendor/nesbot/carbon/src/Carbon/Traits/Units.php on line 356 {"exception":"[object] (TypeError(code: 0): Carbon\\Carbon::rawAddUnit(): Argument #3 ($value) must be of type int|float, string given, called in /tmp/abdoElHodaky/larvrevrstender/services/auth-service/vendor/nesbot/carbon/src/Carbon/Traits/Units.php on line 356 at /tmp/abdoElHodaky/larvrevrstender/services/auth-service/vendor/nesbot/carbon/src/Carbon/Traits/Units.php:458)
[stacktrace]
#0 /tmp/abdoElHodaky/larvrevrstender/services/auth-service/vendor/nesbot/carbon/src/Carbon/Traits/Units.php(356): Carbon\\Carbon::rawAddUnit()
#1 /tmp/abdoElHodaky/larvrevrstender/services/auth-service/vendor/nesbot/carbon/src/Carbon/Traits/Date.php(2905): Carbon\\Carbon->addUnit()
#2 /tmp/abdoElHodaky/larvrevrstender/services/auth-service/vendor/nesbot/carbon/src/Carbon/Traits/Date.php(2596): Carbon\\Carbon->callModifierMethod()
#3 /tmp/abdoElHodaky/larvrevrstender/services/auth-service/app/Console/Commands/GenerateRpcTokensCommand.php(62): Carbon\\Carbon->__call()
#4 /tmp/abdoElHodaky/larvrevrstender/services/auth-service/vendor/laravel/framework/src/Illuminate/Container/BoundMethod.php(36): App\\Console\\Commands\\GenerateRpcTokensCommand->handle()
#5 /tmp/abdoElHodaky/larvrevrstender/services/auth-service/vendor/laravel/framework/src/Illuminate/Container/Util.php(43): Illuminate\\Container\\BoundMethod::Illuminate\\Container\\{closure}()
#6 /tmp/abdoElHodaky/larvrevrstender/services/auth-service/vendor/laravel/framework/src/Illuminate/Container/BoundMethod.php(96): Illuminate\\Container\\Util::unwrapIfClosure()
#7 /tmp/abdoElHodaky/larvrevrstender/services/auth-service/vendor/laravel/framework/src/Illuminate/Container/BoundMethod.php(35): Illuminate\\Container\\BoundMethod::callBoundMethod()
#8 /tmp/abdoElHodaky/larvrevrstender/services/auth-service/vendor/laravel/framework/src/Illuminate/Container/Container.php(799): Illuminate\\Container\\BoundMethod::call()
#9 /tmp/abdoElHodaky/larvrevrstender/services/auth-service/vendor/laravel/framework/src/Illuminate/Console/Command.php(211): Illuminate\\Container\\Container->call()
#10 /tmp/abdoElHodaky/larvrevrstender/services/auth-service/vendor/symfony/console/Command/Command.php(341): Illuminate\\Console\\Command->execute()
#11 /tmp/abdoElHodaky/larvrevrstender/services/auth-service/vendor/laravel/framework/src/Illuminate/Console/Command.php(180): Symfony\\Component\\Console\\Command\\Command->run()
#12 /tmp/abdoElHodaky/larvrevrstender/services/auth-service/vendor/symfony/console/Application.php(1117): Illuminate\\Console\\Command->run()
#13 /tmp/abdoElHodaky/larvrevrstender/services/auth-service/vendor/symfony/console/Application.php(356): Symfony\\Component\\Console\\Application->doRunCommand()
#14 /tmp/abdoElHodaky/larvrevrstender/services/auth-service/vendor/symfony/console/Application.php(195): Symfony\\Component\\Console\\Application->doRun()
#15 /tmp/abdoElHodaky/larvrevrstender/services/auth-service/vendor/laravel/framework/src/Illuminate/Foundation/Console/Kernel.php(198): Symfony\\Component\\Console\\Application->run()
#16 /tmp/abdoElHodaky/larvrevrstender/services/auth-service/artisan(35): Illuminate\\Foundation\\Console\\Kernel->handle()
#17 {main}
"} 
[2026-03-08 13:25:05] local.ERROR: SQLSTATE[08006] [7] connection to server at "127.0.0.1", port 5432 failed: Connection refused
	Is the server running on that host and accepting TCP/IP connections? (Connection: pgsql, Host: 127.0.0.1, Port: 5432, Database: auth_service, SQL: select count(*) as aggregate from "telescope_entries" where "type" = exception and "family_hash" = 040c92af220620b5581ece7633a548ad) {"exception":"[object] (Illuminate\\Database\\QueryException(code: 7): SQLSTATE[08006] [7] connection to server at \"127.0.0.1\", port 5432 failed: Connection refused
\tIs the server running on that host and accepting TCP/IP connections? (Connection: pgsql, Host: 127.0.0.1, Port: 5432, Database: auth_service, SQL: select count(*) as aggregate from \"telescope_entries\" where \"type\" = exception and \"family_hash\" = 040c92af220620b5581ece7633a548ad) at /tmp/abdoElHodaky/larvrevrstender/services/auth-service/vendor/laravel/framework/src/Illuminate/Database/Connection.php:838)
[stacktrace]
#0 /tmp/abdoElHodaky/larvrevrstender/services/auth-service/vendor/laravel/framework/src/Illuminate/Database/Connection.php(794): Illuminate\\Database\\Connection->runQueryCallback()
#1 /tmp/abdoElHodaky/larvrevrstender/services/auth-service/vendor/laravel/framework/src/Illuminate/Database/Connection.php(411): Illuminate\\Database\\Connection->run()
#2 /tmp/abdoElHodaky/larvrevrstender/services/auth-service/vendor/laravel/framework/src/Illuminate/Database/Query/Builder.php(3475): Illuminate\\Database\\Connection->select()
#3 /tmp/abdoElHodaky/larvrevrstender/services/auth-service/vendor/laravel/framework/src/Illuminate/Database/Query/Builder.php(3460): Illuminate\\Database\\Query\\Builder->runSelect()
#4 /tmp/abdoElHodaky/larvrevrstender/services/auth-service/vendor/laravel/framework/src/Illuminate/Database/Query/Builder.php(4050): Illuminate\\Database\\Query\\Builder->Illuminate\\Database\\Query\\{closure}()
#5 /tmp/abdoElHodaky/larvrevrstender/services/auth-service/vendor/laravel/framework/src/Illuminate/Database/Query/Builder.php(3459): Illuminate\\Database\\Query\\Builder->onceWithColumns()
#6 /tmp/abdoElHodaky/larvrevrstender/services/auth-service/vendor/laravel/framework/src/Illuminate/Database/Query/Builder.php(3974): Illuminate\\Database\\Query\\Builder->get()
#7 /tmp/abdoElHodaky/larvrevrstender/services/auth-service/vendor/laravel/framework/src/Illuminate/Database/Query/Builder.php(3902): Illuminate\\Database\\Query\\Builder->aggregate()
#8 /tmp/abdoElHodaky/larvrevrstender/services/auth-service/vendor/laravel/telescope/src/Storage/DatabaseEntriesRepository.php(123): Illuminate\\Database\\Query\\Builder->count()
#9 /tmp/abdoElHodaky/larvrevrstender/services/auth-service/vendor/laravel/telescope/src/Storage/DatabaseEntriesRepository.php(165): Laravel\\Telescope\\Storage\\DatabaseEntriesRepository->countExceptionOccurences()
#10 [internal function]: Laravel\\Telescope\\Storage\\DatabaseEntriesRepository->Laravel\\Telescope\\Storage\\{closure}()
#11 /tmp/abdoElHodaky/larvrevrstender/services/auth-service/vendor/laravel/framework/src/Illuminate/Collections/Arr.php(840): array_map()
#12 /tmp/abdoElHodaky/larvrevrstender/services/auth-service/vendor/laravel/framework/src/Illuminate/Collections/Collection.php(829): Illuminate\\Support\\Arr::map()
#13 /tmp/abdoElHodaky/larvrevrstender/services/auth-service/vendor/laravel/telescope/src/Storage/DatabaseEntriesRepository.php(164): Illuminate\\Support\\Collection->map()
#14 /tmp/abdoElHodaky/larvrevrstender/services/auth-service/vendor/laravel/framework/src/Illuminate/Collections/Traits/EnumeratesValues.php(275): Laravel\\Telescope\\Storage\\DatabaseEntriesRepository->Laravel\\Telescope\\Storage\\{closure}()
#15 /tmp/abdoElHodaky/larvrevrstender/services/auth-service/vendor/laravel/telescope/src/Storage/DatabaseEntriesRepository.php(163): Illuminate\\Support\\Collection->each()
#16 /tmp/abdoElHodaky/larvrevrstender/services/auth-service/vendor/laravel/telescope/src/Storage/DatabaseEntriesRepository.php(140): Laravel\\Telescope\\Storage\\DatabaseEntriesRepository->storeExceptions()
#17 /tmp/abdoElHodaky/larvrevrstender/services/auth-service/vendor/laravel/telescope/src/Telescope.php(664): Laravel\\Telescope\\Storage\\DatabaseEntriesRepository->store()
#18 [internal function]: Laravel\\Telescope\\Telescope::Laravel\\Telescope\\{closure}()
#19 /tmp/abdoElHodaky/larvrevrstender/services/auth-service/vendor/laravel/telescope/src/Telescope.php(289): call_user_func()
#20 /tmp/abdoElHodaky/larvrevrstender/services/auth-service/vendor/laravel/telescope/src/Telescope.php(656): Laravel\\Telescope\\Telescope::withoutRecording()
#21 /tmp/abdoElHodaky/larvrevrstender/services/auth-service/vendor/laravel/telescope/src/ListensForStorageOpportunities.php(65): Laravel\\Telescope\\Telescope::store()
#22 /tmp/abdoElHodaky/larvrevrstender/services/auth-service/vendor/laravel/framework/src/Illuminate/Container/BoundMethod.php(36): Laravel\\Telescope\\Telescope::Laravel\\Telescope\\{closure}()
#23 /tmp/abdoElHodaky/larvrevrstender/services/auth-service/vendor/laravel/framework/src/Illuminate/Container/Util.php(43): Illuminate\\Container\\BoundMethod::Illuminate\\Container\\{closure}()
#24 /tmp/abdoElHodaky/larvrevrstender/services/auth-service/vendor/laravel/framework/src/Illuminate/Container/BoundMethod.php(84): Illuminate\\Container\\Util::unwrapIfClosure()
#25 /tmp/abdoElHodaky/larvrevrstender/services/auth-service/vendor/laravel/framework/src/Illuminate/Container/BoundMethod.php(35): Illuminate\\Container\\BoundMethod::callBoundMethod()
#26 /tmp/abdoElHodaky/larvrevrstender/services/auth-service/vendor/laravel/framework/src/Illuminate/Container/Container.php(799): Illuminate\\Container\\BoundMethod::call()
#27 /tmp/abdoElHodaky/larvrevrstender/services/auth-service/vendor/laravel/framework/src/Illuminate/Foundation/Application.php(1466): Illuminate\\Container\\Container->call()
#28 /tmp/abdoElHodaky/larvrevrstender/services/auth-service/vendor/laravel/framework/src/Illuminate/Foundation/Console/Kernel.php(219): Illuminate\\Foundation\\Application->terminate()
#29 /tmp/abdoElHodaky/larvrevrstender/services/auth-service/artisan(51): Illuminate\\Foundation\\Console\\Kernel->terminate()
#30 {main}

[previous exception] [object] (PDOException(code: 7): SQLSTATE[08006] [7] connection to server at \"127.0.0.1\", port 5432 failed: Connection refused
\tIs the server running on that host and accepting TCP/IP connections? at /tmp/abdoElHodaky/larvrevrstender/services/auth-service/vendor/laravel/framework/src/Illuminate/Database/Connectors/Connector.php:66)
[stacktrace]
#0 /tmp/abdoElHodaky/larvrevrstender/services/auth-service/vendor/laravel/framework/src/Illuminate/Database/Connectors/Connector.php(66): PDO->__construct()
#1 /tmp/abdoElHodaky/larvrevrstender/services/auth-service/vendor/laravel/framework/src/Illuminate/Database/Connectors/Connector.php(44): Illuminate\\Database\\Connectors\\Connector->createPdoConnection()
#2 /tmp/abdoElHodaky/larvrevrstender/services/auth-service/vendor/laravel/framework/src/Illuminate/Database/Connectors/PostgresConnector.php(35): Illuminate\\Database\\Connectors\\Connector->createConnection()
#3 /tmp/abdoElHodaky/larvrevrstender/services/auth-service/vendor/laravel/framework/src/Illuminate/Database/Connectors/ConnectionFactory.php(186): Illuminate\\Database\\Connectors\\PostgresConnector->connect()
#4 [internal function]: Illuminate\\Database\\Connectors\\ConnectionFactory->Illuminate\\Database\\Connectors\\{closure}()
#5 /tmp/abdoElHodaky/larvrevrstender/services/auth-service/vendor/laravel/framework/src/Illuminate/Database/Connection.php(1257): call_user_func()
#6 /tmp/abdoElHodaky/larvrevrstender/services/auth-service/vendor/laravel/framework/src/Illuminate/Database/Connection.php(1295): Illuminate\\Database\\Connection->getPdo()
#7 /tmp/abdoElHodaky/larvrevrstender/services/auth-service/vendor/laravel/framework/src/Illuminate/Database/Connection.php(525): Illuminate\\Database\\Connection->getReadPdo()
#8 /tmp/abdoElHodaky/larvrevrstender/services/auth-service/vendor/laravel/framework/src/Illuminate/Database/Connection.php(420): Illuminate\\Database\\Connection->getPdoForSelect()
#9 /tmp/abdoElHodaky/larvrevrstender/services/auth-service/vendor/laravel/framework/src/Illuminate/Database/Connection.php(827): Illuminate\\Database\\Connection->Illuminate\\Database\\{closure}()
#10 /tmp/abdoElHodaky/larvrevrstender/services/auth-service/vendor/laravel/framework/src/Illuminate/Database/Connection.php(794): Illuminate\\Database\\Connection->runQueryCallback()
#11 /tmp/abdoElHodaky/larvrevrstender/services/auth-service/vendor/laravel/framework/src/Illuminate/Database/Connection.php(411): Illuminate\\Database\\Connection->run()
#12 /tmp/abdoElHodaky/larvrevrstender/services/auth-service/vendor/laravel/framework/src/Illuminate/Database/Query/Builder.php(3475): Illuminate\\Database\\Connection->select()
#13 /tmp/abdoElHodaky/larvrevrstender/services/auth-service/vendor/laravel/framework/src/Illuminate/Database/Query/Builder.php(3460): Illuminate\\Database\\Query\\Builder->runSelect()
#14 /tmp/abdoElHodaky/larvrevrstender/services/auth-service/vendor/laravel/framework/src/Illuminate/Database/Query/Builder.php(4050): Illuminate\\Database\\Query\\Builder->Illuminate\\Database\\Query\\{closure}()
#15 /tmp/abdoElHodaky/larvrevrstender/services/auth-service/vendor/laravel/framework/src/Illuminate/Database/Query/Builder.php(3459): Illuminate\\Database\\Query\\Builder->onceWithColumns()
#16 /tmp/abdoElHodaky/larvrevrstender/services/auth-service/vendor/laravel/framework/src/Illuminate/Database/Query/Builder.php(3974): Illuminate\\Database\\Query\\Builder->get()
#17 /tmp/abdoElHodaky/larvrevrstender/services/auth-service/vendor/laravel/framework/src/Illuminate/Database/Query/Builder.php(3902): Illuminate\\Database\\Query\\Builder->aggregate()
#18 /tmp/abdoElHodaky/larvrevrstender/services/auth-service/vendor/laravel/telescope/src/Storage/DatabaseEntriesRepository.php(123): Illuminate\\Database\\Query\\Builder->count()
#19 /tmp/abdoElHodaky/larvrevrstender/services/auth-service/vendor/laravel/telescope/src/Storage/DatabaseEntriesRepository.php(165): Laravel\\Telescope\\Storage\\DatabaseEntriesRepository->countExceptionOccurences()
#20 [internal function]: Laravel\\Telescope\\Storage\\DatabaseEntriesRepository->Laravel\\Telescope\\Storage\\{closure}()
#21 /tmp/abdoElHodaky/larvrevrstender/services/auth-service/vendor/laravel/framework/src/Illuminate/Collections/Arr.php(840): array_map()
#22 /tmp/abdoElHodaky/larvrevrstender/services/auth-service/vendor/laravel/framework/src/Illuminate/Collections/Collection.php(829): Illuminate\\Support\\Arr::map()
#23 /tmp/abdoElHodaky/larvrevrstender/services/auth-service/vendor/laravel/telescope/src/Storage/DatabaseEntriesRepository.php(164): Illuminate\\Support\\Collection->map()
#24 /tmp/abdoElHodaky/larvrevrstender/services/auth-service/vendor/laravel/framework/src/Illuminate/Collections/Traits/EnumeratesValues.php(275): Laravel\\Telescope\\Storage\\DatabaseEntriesRepository->Laravel\\Telescope\\Storage\\{closure}()
#25 /tmp/abdoElHodaky/larvrevrstender/services/auth-service/vendor/laravel/telescope/src/Storage/DatabaseEntriesRepository.php(163): Illuminate\\Support\\Collection->each()
#26 /tmp/abdoElHodaky/larvrevrstender/services/auth-service/vendor/laravel/telescope/src/Storage/DatabaseEntriesRepository.php(140): Laravel\\Telescope\\Storage\\DatabaseEntriesRepository->storeExceptions()
#27 /tmp/abdoElHodaky/larvrevrstender/services/auth-service/vendor/laravel/telescope/src/Telescope.php(664): Laravel\\Telescope\\Storage\\DatabaseEntriesRepository->store()
#28 [internal function]: Laravel\\Telescope\\Telescope::Laravel\\Telescope\\{closure}()
#29 /tmp/abdoElHodaky/larvrevrstender/services/auth-service/vendor/laravel/telescope/src/Telescope.php(289): call_user_func()
#30 /tmp/abdoElHodaky/larvrevrstender/services/auth-service/vendor/laravel/telescope/src/Telescope.php(656): Laravel\\Telescope\\Telescope::withoutRecording()
#31 /tmp/abdoElHodaky/larvrevrstender/services/auth-service/vendor/laravel/telescope/src/ListensForStorageOpportunities.php(65): Laravel\\Telescope\\Telescope::store()
#32 /tmp/abdoElHodaky/larvrevrstender/services/auth-service/vendor/laravel/framework/src/Illuminate/Container/BoundMethod.php(36): Laravel\\Telescope\\Telescope::Laravel\\Telescope\\{closure}()
#33 /tmp/abdoElHodaky/larvrevrstender/services/auth-service/vendor/laravel/framework/src/Illuminate/Container/Util.php(43): Illuminate\\Container\\BoundMethod::Illuminate\\Container\\{closure}()
#34 /tmp/abdoElHodaky/larvrevrstender/services/auth-service/vendor/laravel/framework/src/Illuminate/Container/BoundMethod.php(84): Illuminate\\Container\\Util::unwrapIfClosure()
#35 /tmp/abdoElHodaky/larvrevrstender/services/auth-service/vendor/laravel/framework/src/Illuminate/Container/BoundMethod.php(35): Illuminate\\Container\\BoundMethod::callBoundMethod()
#36 /tmp/abdoElHodaky/larvrevrstender/services/auth-service/vendor/laravel/framework/src/Illuminate/Container/Container.php(799): Illuminate\\Container\\BoundMethod::call()
#37 /tmp/abdoElHodaky/larvrevrstender/services/auth-service/vendor/laravel/framework/src/Illuminate/Foundation/Application.php(1466): Illuminate\\Container\\Container->call()
#38 /tmp/abdoElHodaky/larvrevrstender/services/auth-service/vendor/laravel/framework/src/Illuminate/Foundation/Console/Kernel.php(219): Illuminate\\Foundation\\Application->terminate()
#39 /tmp/abdoElHodaky/larvrevrstender/services/auth-service/artisan(51): Illuminate\\Foundation\\Console\\Kernel->terminate()
#40 {main}
"} 
[2026-03-08 13:26:47] local.INFO: Procedure registered {"name":"events","class":"Shared\\Procedures\\CrossServiceProcedure","type":"micro"} 
[2026-03-08 13:26:47] local.INFO: Procedure registered {"name":"cache","class":"Shared\\Procedures\\CrossServiceProcedure","type":"micro"} 
[2026-03-08 13:26:47] local.INFO: Procedure registered {"name":"notification","class":"Shared\\Procedures\\CrossServiceProcedure","type":"micro"} 
[2026-03-08 13:26:47] local.INFO: Procedure registered {"name":"validation","class":"Shared\\Procedures\\CrossServiceProcedure","type":"micro"} 
[2026-03-08 13:26:47] local.INFO: Procedure registered {"name":"security","class":"Shared\\Procedures\\CrossServiceProcedure","type":"micro"} 
[2026-03-08 13:26:47] local.INFO: Procedure registered {"name":"circuit_breaker","class":"Shared\\Procedures\\CrossServiceProcedure","type":"micro"} 
[2026-03-08 13:26:47] local.INFO: Procedure registered {"name":"queue_circuit_breaker","class":"Shared\\Procedures\\CrossServiceProcedure","type":"micro"} 
[2026-03-08 13:26:47] local.INFO: Procedure registered {"name":"third_party_integration","class":"Shared\\Procedures\\CrossServiceProcedure","type":"micro"} 
[2026-03-08 13:26:47] local.INFO: Procedure registered {"name":"workflow","class":"Shared\\Procedures\\CrossServiceProcedure","type":"macro"} 
[2026-03-08 13:26:48] local.ERROR: SQLSTATE[08006] [7] connection to server at "127.0.0.1", port 5432 failed: Connection refused
	Is the server running on that host and accepting TCP/IP connections? (Connection: pgsql, Host: 127.0.0.1, Port: 5432, Database: auth_service, SQL: insert into "telescope_entries" ("batch_id", "content", "created_at", "family_hash", "type", "uuid") values (a1401286-c5a0-4aa0-b1fc-d779fdfe32f5, {"level":"info","message":"Procedure registered","context":{"name":"events","class":"Shared\\Procedures\\CrossServiceProcedure","type":"micro"},"hostname":"modal"}, 2026-03-08 13:26:47, ?, log, a1401286-54cf-45e8-a798-d2526f7a8c94), (a1401286-c5a0-4aa0-b1fc-d779fdfe32f5, {"level":"info","message":"Procedure registered","context":{"name":"cache","class":"Shared\\Procedures\\CrossServiceProcedure","type":"micro"},"hostname":"modal"}, 2026-03-08 13:26:47, ?, log, a1401286-5741-40bb-9de2-5908e38c3f39), (a1401286-c5a0-4aa0-b1fc-d779fdfe32f5, {"level":"info","message":"Procedure registered","context":{"name":"notification","class":"Shared\\Procedures\\CrossServiceProcedure","type":"micro"},"hostname":"modal"}, 2026-03-08 13:26:47, ?, log, a1401286-5790-47dd-8e73-991a53f4979d), (a1401286-c5a0-4aa0-b1fc-d779fdfe32f5, {"level":"info","message":"Procedure registered","context":{"name":"validation","class":"Shared\\Procedures\\CrossServiceProcedure","type":"micro"},"hostname":"modal"}, 2026-03-08 13:26:47, ?, log, a1401286-57dc-4c06-9f51-227425831385), (a1401286-c5a0-4aa0-b1fc-d779fdfe32f5, {"level":"info","message":"Procedure registered","context":{"name":"security","class":"Shared\\Procedures\\CrossServiceProcedure","type":"micro"},"hostname":"modal"}, 2026-03-08 13:26:47, ?, log, a1401286-5829-4e75-90d8-55bfb238e024), (a1401286-c5a0-4aa0-b1fc-d779fdfe32f5, {"level":"info","message":"Procedure registered","context":{"name":"circuit_breaker","class":"Shared\\Procedures\\CrossServiceProcedure","type":"micro"},"hostname":"modal"}, 2026-03-08 13:26:47, ?, log, a1401286-5879-459d-a849-48536e418692), (a1401286-c5a0-4aa0-b1fc-d779fdfe32f5, {"level":"info","message":"Procedure registered","context":{"name":"queue_circuit_breaker","class":"Shared\\Procedures\\CrossServiceProcedure","type":"micro"},"hostname":"modal"}, 2026-03-08 13:26:47, ?, log, a1401286-58f8-4072-aa05-8d174318548a), (a1401286-c5a0-4aa0-b1fc-d779fdfe32f5, {"level":"info","message":"Procedure registered","context":{"name":"third_party_integration","class":"Shared\\Procedures\\CrossServiceProcedure","type":"micro"},"hostname":"modal"}, 2026-03-08 13:26:47, ?, log, a1401286-594a-49b8-8735-24a9d515ddd9), (a1401286-c5a0-4aa0-b1fc-d779fdfe32f5, {"level":"info","message":"Procedure registered","context":{"name":"workflow","class":"Shared\\Procedures\\CrossServiceProcedure","type":"macro"},"hostname":"modal"}, 2026-03-08 13:26:47, ?, log, a1401286-5990-46bf-bacb-d9667fe89699), (a1401286-c5a0-4aa0-b1fc-d779fdfe32f5, {"command":"rpc:generate-tokens","exit_code":0,"arguments":{"command":"rpc:generate-tokens"},"options":{"regenerate":false,"service":null,"expires-in":"8760","help":false,"silent":false,"quiet":false,"verbose":false,"version":false,"ansi":null,"no-interaction":false,"env":null},"hostname":"modal"}, 2026-03-08 13:26:48, ?, command, a1401286-c4e0-4515-a5da-c6009a727833)) {"exception":"[object] (Illuminate\\Database\\QueryException(code: 7): SQLSTATE[08006] [7] connection to server at \"127.0.0.1\", port 5432 failed: Connection refused
\tIs the server running on that host and accepting TCP/IP connections? (Connection: pgsql, Host: 127.0.0.1, Port: 5432, Database: auth_service, SQL: insert into \"telescope_entries\" (\"batch_id\", \"content\", \"created_at\", \"family_hash\", \"type\", \"uuid\") values (a1401286-c5a0-4aa0-b1fc-d779fdfe32f5, {\"level\":\"info\",\"message\":\"Procedure registered\",\"context\":{\"name\":\"events\",\"class\":\"Shared\\\\Procedures\\\\CrossServiceProcedure\",\"type\":\"micro\"},\"hostname\":\"modal\"}, 2026-03-08 13:26:47, ?, log, a1401286-54cf-45e8-a798-d2526f7a8c94), (a1401286-c5a0-4aa0-b1fc-d779fdfe32f5, {\"level\":\"info\",\"message\":\"Procedure registered\",\"context\":{\"name\":\"cache\",\"class\":\"Shared\\\\Procedures\\\\CrossServiceProcedure\",\"type\":\"micro\"},\"hostname\":\"modal\"}, 2026-03-08 13:26:47, ?, log, a1401286-5741-40bb-9de2-5908e38c3f39), (a1401286-c5a0-4aa0-b1fc-d779fdfe32f5, {\"level\":\"info\",\"message\":\"Procedure registered\",\"context\":{\"name\":\"notification\",\"class\":\"Shared\\\\Procedures\\\\CrossServiceProcedure\",\"type\":\"micro\"},\"hostname\":\"modal\"}, 2026-03-08 13:26:47, ?, log, a1401286-5790-47dd-8e73-991a53f4979d), (a1401286-c5a0-4aa0-b1fc-d779fdfe32f5, {\"level\":\"info\",\"message\":\"Procedure registered\",\"context\":{\"name\":\"validation\",\"class\":\"Shared\\\\Procedures\\\\CrossServiceProcedure\",\"type\":\"micro\"},\"hostname\":\"modal\"}, 2026-03-08 13:26:47, ?, log, a1401286-57dc-4c06-9f51-227425831385), (a1401286-c5a0-4aa0-b1fc-d779fdfe32f5, {\"level\":\"info\",\"message\":\"Procedure registered\",\"context\":{\"name\":\"security\",\"class\":\"Shared\\\\Procedures\\\\CrossServiceProcedure\",\"type\":\"micro\"},\"hostname\":\"modal\"}, 2026-03-08 13:26:47, ?, log, a1401286-5829-4e75-90d8-55bfb238e024), (a1401286-c5a0-4aa0-b1fc-d779fdfe32f5, {\"level\":\"info\",\"message\":\"Procedure registered\",\"context\":{\"name\":\"circuit_breaker\",\"class\":\"Shared\\\\Procedures\\\\CrossServiceProcedure\",\"type\":\"micro\"},\"hostname\":\"modal\"}, 2026-03-08 13:26:47, ?, log, a1401286-5879-459d-a849-48536e418692), (a1401286-c5a0-4aa0-b1fc-d779fdfe32f5, {\"level\":\"info\",\"message\":\"Procedure registered\",\"context\":{\"name\":\"queue_circuit_breaker\",\"class\":\"Shared\\\\Procedures\\\\CrossServiceProcedure\",\"type\":\"micro\"},\"hostname\":\"modal\"}, 2026-03-08 13:26:47, ?, log, a1401286-58f8-4072-aa05-8d174318548a), (a1401286-c5a0-4aa0-b1fc-d779fdfe32f5, {\"level\":\"info\",\"message\":\"Procedure registered\",\"context\":{\"name\":\"third_party_integration\",\"class\":\"Shared\\\\Procedures\\\\CrossServiceProcedure\",\"type\":\"micro\"},\"hostname\":\"modal\"}, 2026-03-08 13:26:47, ?, log, a1401286-594a-49b8-8735-24a9d515ddd9), (a1401286-c5a0-4aa0-b1fc-d779fdfe32f5, {\"level\":\"info\",\"message\":\"Procedure registered\",\"context\":{\"name\":\"workflow\",\"class\":\"Shared\\\\Procedures\\\\CrossServiceProcedure\",\"type\":\"macro\"},\"hostname\":\"modal\"}, 2026-03-08 13:26:47, ?, log, a1401286-5990-46bf-bacb-d9667fe89699), (a1401286-c5a0-4aa0-b1fc-d779fdfe32f5, {\"command\":\"rpc:generate-tokens\",\"exit_code\":0,\"arguments\":{\"command\":\"rpc:generate-tokens\"},\"options\":{\"regenerate\":false,\"service\":null,\"expires-in\":\"8760\",\"help\":false,\"silent\":false,\"quiet\":false,\"verbose\":false,\"version\":false,\"ansi\":null,\"no-interaction\":false,\"env\":null},\"hostname\":\"modal\"}, 2026-03-08 13:26:48, ?, command, a1401286-c4e0-4515-a5da-c6009a727833)) at /tmp/abdoElHodaky/larvrevrstender/services/auth-service/vendor/laravel/framework/src/Illuminate/Database/Connection.php:838)
[stacktrace]
#0 /tmp/abdoElHodaky/larvrevrstender/services/auth-service/vendor/laravel/framework/src/Illuminate/Database/Connection.php(794): Illuminate\\Database\\Connection->runQueryCallback()
#1 /tmp/abdoElHodaky/larvrevrstender/services/auth-service/vendor/laravel/framework/src/Illuminate/Database/Connection.php(573): Illuminate\\Database\\Connection->run()
#2 /tmp/abdoElHodaky/larvrevrstender/services/auth-service/vendor/laravel/framework/src/Illuminate/Database/Connection.php(537): Illuminate\\Database\\Connection->statement()
#3 /tmp/abdoElHodaky/larvrevrstender/services/auth-service/vendor/laravel/framework/src/Illuminate/Database/Query/Builder.php(4091): Illuminate\\Database\\Connection->insert()
#4 /tmp/abdoElHodaky/larvrevrstender/services/auth-service/vendor/laravel/telescope/src/Storage/DatabaseEntriesRepository.php(145): Illuminate\\Database\\Query\\Builder->insert()
#5 /tmp/abdoElHodaky/larvrevrstender/services/auth-service/vendor/laravel/framework/src/Illuminate/Collections/Traits/EnumeratesValues.php(275): Laravel\\Telescope\\Storage\\DatabaseEntriesRepository->Laravel\\Telescope\\Storage\\{closure}()
#6 /tmp/abdoElHodaky/larvrevrstender/services/auth-service/vendor/laravel/telescope/src/Storage/DatabaseEntriesRepository.php(144): Illuminate\\Support\\Collection->each()
#7 /tmp/abdoElHodaky/larvrevrstender/services/auth-service/vendor/laravel/telescope/src/Telescope.php(664): Laravel\\Telescope\\Storage\\DatabaseEntriesRepository->store()
#8 [internal function]: Laravel\\Telescope\\Telescope::Laravel\\Telescope\\{closure}()
#9 /tmp/abdoElHodaky/larvrevrstender/services/auth-service/vendor/laravel/telescope/src/Telescope.php(289): call_user_func()
#10 /tmp/abdoElHodaky/larvrevrstender/services/auth-service/vendor/laravel/telescope/src/Telescope.php(656): Laravel\\Telescope\\Telescope::withoutRecording()
#11 /tmp/abdoElHodaky/larvrevrstender/services/auth-service/vendor/laravel/telescope/src/ListensForStorageOpportunities.php(65): Laravel\\Telescope\\Telescope::store()
#12 /tmp/abdoElHodaky/larvrevrstender/services/auth-service/vendor/laravel/framework/src/Illuminate/Container/BoundMethod.php(36): Laravel\\Telescope\\Telescope::Laravel\\Telescope\\{closure}()
#13 /tmp/abdoElHodaky/larvrevrstender/services/auth-service/vendor/laravel/framework/src/Illuminate/Container/Util.php(43): Illuminate\\Container\\BoundMethod::Illuminate\\Container\\{closure}()
#14 /tmp/abdoElHodaky/larvrevrstender/services/auth-service/vendor/laravel/framework/src/Illuminate/Container/BoundMethod.php(84): Illuminate\\Container\\Util::unwrapIfClosure()
#15 /tmp/abdoElHodaky/larvrevrstender/services/auth-service/vendor/laravel/framework/src/Illuminate/Container/BoundMethod.php(35): Illuminate\\Container\\BoundMethod::callBoundMethod()
#16 /tmp/abdoElHodaky/larvrevrstender/services/auth-service/vendor/laravel/framework/src/Illuminate/Container/Container.php(799): Illuminate\\Container\\BoundMethod::call()
#17 /tmp/abdoElHodaky/larvrevrstender/services/auth-service/vendor/laravel/framework/src/Illuminate/Foundation/Application.php(1466): Illuminate\\Container\\Container->call()
#18 /tmp/abdoElHodaky/larvrevrstender/services/auth-service/vendor/laravel/framework/src/Illuminate/Foundation/Console/Kernel.php(219): Illuminate\\Foundation\\Application->terminate()
#19 /tmp/abdoElHodaky/larvrevrstender/services/auth-service/artisan(51): Illuminate\\Foundation\\Console\\Kernel->terminate()
#20 {main}

[previous exception] [object] (PDOException(code: 7): SQLSTATE[08006] [7] connection to server at \"127.0.0.1\", port 5432 failed: Connection refused
\tIs the server running on that host and accepting TCP/IP connections? at /tmp/abdoElHodaky/larvrevrstender/services/auth-service/vendor/laravel/framework/src/Illuminate/Database/Connectors/Connector.php:66)
[stacktrace]
#0 /tmp/abdoElHodaky/larvrevrstender/services/auth-service/vendor/laravel/framework/src/Illuminate/Database/Connectors/Connector.php(66): PDO->__construct()
#1 /tmp/abdoElHodaky/larvrevrstender/services/auth-service/vendor/laravel/framework/src/Illuminate/Database/Connectors/Connector.php(44): Illuminate\\Database\\Connectors\\Connector->createPdoConnection()
#2 /tmp/abdoElHodaky/larvrevrstender/services/auth-service/vendor/laravel/framework/src/Illuminate/Database/Connectors/PostgresConnector.php(35): Illuminate\\Database\\Connectors\\Connector->createConnection()
#3 /tmp/abdoElHodaky/larvrevrstender/services/auth-service/vendor/laravel/framework/src/Illuminate/Database/Connectors/ConnectionFactory.php(186): Illuminate\\Database\\Connectors\\PostgresConnector->connect()
#4 [internal function]: Illuminate\\Database\\Connectors\\ConnectionFactory->Illuminate\\Database\\Connectors\\{closure}()
#5 /tmp/abdoElHodaky/larvrevrstender/services/auth-service/vendor/laravel/framework/src/Illuminate/Database/Connection.php(1257): call_user_func()
#6 /tmp/abdoElHodaky/larvrevrstender/services/auth-service/vendor/laravel/framework/src/Illuminate/Database/Connection.php(578): Illuminate\\Database\\Connection->getPdo()
#7 /tmp/abdoElHodaky/larvrevrstender/services/auth-service/vendor/laravel/framework/src/Illuminate/Database/Connection.php(827): Illuminate\\Database\\Connection->Illuminate\\Database\\{closure}()
#8 /tmp/abdoElHodaky/larvrevrstender/services/auth-service/vendor/laravel/framework/src/Illuminate/Database/Connection.php(794): Illuminate\\Database\\Connection->runQueryCallback()
#9 /tmp/abdoElHodaky/larvrevrstender/services/auth-service/vendor/laravel/framework/src/Illuminate/Database/Connection.php(573): Illuminate\\Database\\Connection->run()
#10 /tmp/abdoElHodaky/larvrevrstender/services/auth-service/vendor/laravel/framework/src/Illuminate/Database/Connection.php(537): Illuminate\\Database\\Connection->statement()
#11 /tmp/abdoElHodaky/larvrevrstender/services/auth-service/vendor/laravel/framework/src/Illuminate/Database/Query/Builder.php(4091): Illuminate\\Database\\Connection->insert()
#12 /tmp/abdoElHodaky/larvrevrstender/services/auth-service/vendor/laravel/telescope/src/Storage/DatabaseEntriesRepository.php(145): Illuminate\\Database\\Query\\Builder->insert()
#13 /tmp/abdoElHodaky/larvrevrstender/services/auth-service/vendor/laravel/framework/src/Illuminate/Collections/Traits/EnumeratesValues.php(275): Laravel\\Telescope\\Storage\\DatabaseEntriesRepository->Laravel\\Telescope\\Storage\\{closure}()
#14 /tmp/abdoElHodaky/larvrevrstender/services/auth-service/vendor/laravel/telescope/src/Storage/DatabaseEntriesRepository.php(144): Illuminate\\Support\\Collection->each()
#15 /tmp/abdoElHodaky/larvrevrstender/services/auth-service/vendor/laravel/telescope/src/Telescope.php(664): Laravel\\Telescope\\Storage\\DatabaseEntriesRepository->store()
#16 [internal function]: Laravel\\Telescope\\Telescope::Laravel\\Telescope\\{closure}()
#17 /tmp/abdoElHodaky/larvrevrstender/services/auth-service/vendor/laravel/telescope/src/Telescope.php(289): call_user_func()
#18 /tmp/abdoElHodaky/larvrevrstender/services/auth-service/vendor/laravel/telescope/src/Telescope.php(656): Laravel\\Telescope\\Telescope::withoutRecording()
#19 /tmp/abdoElHodaky/larvrevrstender/services/auth-service/vendor/laravel/telescope/src/ListensForStorageOpportunities.php(65): Laravel\\Telescope\\Telescope::store()
#20 /tmp/abdoElHodaky/larvrevrstender/services/auth-service/vendor/laravel/framework/src/Illuminate/Container/BoundMethod.php(36): Laravel\\Telescope\\Telescope::Laravel\\Telescope\\{closure}()
#21 /tmp/abdoElHodaky/larvrevrstender/services/auth-service/vendor/laravel/framework/src/Illuminate/Container/Util.php(43): Illuminate\\Container\\BoundMethod::Illuminate\\Container\\{closure}()
#22 /tmp/abdoElHodaky/larvrevrstender/services/auth-service/vendor/laravel/framework/src/Illuminate/Container/BoundMethod.php(84): Illuminate\\Container\\Util::unwrapIfClosure()
#23 /tmp/abdoElHodaky/larvrevrstender/services/auth-service/vendor/laravel/framework/src/Illuminate/Container/BoundMethod.php(35): Illuminate\\Container\\BoundMethod::callBoundMethod()
#24 /tmp/abdoElHodaky/larvrevrstender/services/auth-service/vendor/laravel/framework/src/Illuminate/Container/Container.php(799): Illuminate\\Container\\BoundMethod::call()
#25 /tmp/abdoElHodaky/larvrevrstender/services/auth-service/vendor/laravel/framework/src/Illuminate/Foundation/Application.php(1466): Illuminate\\Container\\Container->call()
#26 /tmp/abdoElHodaky/larvrevrstender/services/auth-service/vendor/laravel/framework/src/Illuminate/Foundation/Console/Kernel.php(219): Illuminate\\Foundation\\Application->terminate()
#27 /tmp/abdoElHodaky/larvrevrstender/services/auth-service/artisan(51): Illuminate\\Foundation\\Console\\Kernel->terminate()
#28 {main}
"} 
[2026-03-08 13:28:34] local.INFO: Procedure registered {"name":"events","class":"Shared\\Procedures\\CrossServiceProcedure","type":"micro"} 
[2026-03-08 13:28:34] local.INFO: Procedure registered {"name":"cache","class":"Shared\\Procedures\\CrossServiceProcedure","type":"micro"} 
[2026-03-08 13:28:34] local.INFO: Procedure registered {"name":"notification","class":"Shared\\Procedures\\CrossServiceProcedure","type":"micro"} 
[2026-03-08 13:28:34] local.INFO: Procedure registered {"name":"validation","class":"Shared\\Procedures\\CrossServiceProcedure","type":"micro"} 
[2026-03-08 13:28:34] local.INFO: Procedure registered {"name":"security","class":"Shared\\Procedures\\CrossServiceProcedure","type":"micro"} 
[2026-03-08 13:28:34] local.INFO: Procedure registered {"name":"circuit_breaker","class":"Shared\\Procedures\\CrossServiceProcedure","type":"micro"} 
[2026-03-08 13:28:34] local.INFO: Procedure registered {"name":"queue_circuit_breaker","class":"Shared\\Procedures\\CrossServiceProcedure","type":"micro"} 
[2026-03-08 13:28:34] local.INFO: Procedure registered {"name":"third_party_integration","class":"Shared\\Procedures\\CrossServiceProcedure","type":"micro"} 
[2026-03-08 13:28:34] local.INFO: Procedure registered {"name":"workflow","class":"Shared\\Procedures\\CrossServiceProcedure","type":"macro"} 
[2026-03-08 13:28:34] local.ERROR: SQLSTATE[08006] [7] connection to server at "127.0.0.1", port 5432 failed: Connection refused
	Is the server running on that host and accepting TCP/IP connections? (Connection: pgsql, Host: 127.0.0.1, Port: 5432, Database: auth_service, SQL: insert into "telescope_entries" ("batch_id", "content", "created_at", "family_hash", "type", "uuid") values (a1401329-99af-4354-8be3-d508b8aea2cd, {"level":"info","message":"Procedure registered","context":{"name":"events","class":"Shared\\Procedures\\CrossServiceProcedure","type":"micro"},"hostname":"modal"}, 2026-03-08 13:28:34, ?, log, a1401329-275f-45f9-9e87-33673ffab2f7), (a1401329-99af-4354-8be3-d508b8aea2cd, {"level":"info","message":"Procedure registered","context":{"name":"cache","class":"Shared\\Procedures\\CrossServiceProcedure","type":"micro"},"hostname":"modal"}, 2026-03-08 13:28:34, ?, log, a1401329-296f-48ae-8702-1cbc84963d91), (a1401329-99af-4354-8be3-d508b8aea2cd, {"level":"info","message":"Procedure registered","context":{"name":"notification","class":"Shared\\Procedures\\CrossServiceProcedure","type":"micro"},"hostname":"modal"}, 2026-03-08 13:28:34, ?, log, a1401329-29bc-4bb8-9a37-2846163847cd), (a1401329-99af-4354-8be3-d508b8aea2cd, {"level":"info","message":"Procedure registered","context":{"name":"validation","class":"Shared\\Procedures\\CrossServiceProcedure","type":"micro"},"hostname":"modal"}, 2026-03-08 13:28:34, ?, log, a1401329-2a0d-4efb-99d8-b40d65342cd9), (a1401329-99af-4354-8be3-d508b8aea2cd, {"level":"info","message":"Procedure registered","context":{"name":"security","class":"Shared\\Procedures\\CrossServiceProcedure","type":"micro"},"hostname":"modal"}, 2026-03-08 13:28:34, ?, log, a1401329-2a5b-4471-bd30-5f4bafef0e79), (a1401329-99af-4354-8be3-d508b8aea2cd, {"level":"info","message":"Procedure registered","context":{"name":"circuit_breaker","class":"Shared\\Procedures\\CrossServiceProcedure","type":"micro"},"hostname":"modal"}, 2026-03-08 13:28:34, ?, log, a1401329-2aa9-4311-bdeb-9c305433d1f7), (a1401329-99af-4354-8be3-d508b8aea2cd, {"level":"info","message":"Procedure registered","context":{"name":"queue_circuit_breaker","class":"Shared\\Procedures\\CrossServiceProcedure","type":"micro"},"hostname":"modal"}, 2026-03-08 13:28:34, ?, log, a1401329-2af7-45bf-8697-0f7e9c4834ad), (a1401329-99af-4354-8be3-d508b8aea2cd, {"level":"info","message":"Procedure registered","context":{"name":"third_party_integration","class":"Shared\\Procedures\\CrossServiceProcedure","type":"micro"},"hostname":"modal"}, 2026-03-08 13:28:34, ?, log, a1401329-2b48-40f0-914b-19876854a76f), (a1401329-99af-4354-8be3-d508b8aea2cd, {"level":"info","message":"Procedure registered","context":{"name":"workflow","class":"Shared\\Procedures\\CrossServiceProcedure","type":"macro"},"hostname":"modal"}, 2026-03-08 13:28:34, ?, log, a1401329-2b96-4f61-be70-1f3c5ed222f0), (a1401329-99af-4354-8be3-d508b8aea2cd, {"command":"rpc:generate-tokens","exit_code":0,"arguments":{"command":"rpc:generate-tokens"},"options":{"regenerate":false,"service":null,"expires-in":"8760","help":false,"silent":false,"quiet":false,"verbose":false,"version":false,"ansi":null,"no-interaction":false,"env":null},"hostname":"modal"}, 2026-03-08 13:28:34, ?, command, a1401329-98e8-4d67-a857-c7824d854adf)) {"exception":"[object] (Illuminate\\Database\\QueryException(code: 7): SQLSTATE[08006] [7] connection to server at \"127.0.0.1\", port 5432 failed: Connection refused
\tIs the server running on that host and accepting TCP/IP connections? (Connection: pgsql, Host: 127.0.0.1, Port: 5432, Database: auth_service, SQL: insert into \"telescope_entries\" (\"batch_id\", \"content\", \"created_at\", \"family_hash\", \"type\", \"uuid\") values (a1401329-99af-4354-8be3-d508b8aea2cd, {\"level\":\"info\",\"message\":\"Procedure registered\",\"context\":{\"name\":\"events\",\"class\":\"Shared\\\\Procedures\\\\CrossServiceProcedure\",\"type\":\"micro\"},\"hostname\":\"modal\"}, 2026-03-08 13:28:34, ?, log, a1401329-275f-45f9-9e87-33673ffab2f7), (a1401329-99af-4354-8be3-d508b8aea2cd, {\"level\":\"info\",\"message\":\"Procedure registered\",\"context\":{\"name\":\"cache\",\"class\":\"Shared\\\\Procedures\\\\CrossServiceProcedure\",\"type\":\"micro\"},\"hostname\":\"modal\"}, 2026-03-08 13:28:34, ?, log, a1401329-296f-48ae-8702-1cbc84963d91), (a1401329-99af-4354-8be3-d508b8aea2cd, {\"level\":\"info\",\"message\":\"Procedure registered\",\"context\":{\"name\":\"notification\",\"class\":\"Shared\\\\Procedures\\\\CrossServiceProcedure\",\"type\":\"micro\"},\"hostname\":\"modal\"}, 2026-03-08 13:28:34, ?, log, a1401329-29bc-4bb8-9a37-2846163847cd), (a1401329-99af-4354-8be3-d508b8aea2cd, {\"level\":\"info\",\"message\":\"Procedure registered\",\"context\":{\"name\":\"validation\",\"class\":\"Shared\\\\Procedures\\\\CrossServiceProcedure\",\"type\":\"micro\"},\"hostname\":\"modal\"}, 2026-03-08 13:28:34, ?, log, a1401329-2a0d-4efb-99d8-b40d65342cd9), (a1401329-99af-4354-8be3-d508b8aea2cd, {\"level\":\"info\",\"message\":\"Procedure registered\",\"context\":{\"name\":\"security\",\"class\":\"Shared\\\\Procedures\\\\CrossServiceProcedure\",\"type\":\"micro\"},\"hostname\":\"modal\"}, 2026-03-08 13:28:34, ?, log, a1401329-2a5b-4471-bd30-5f4bafef0e79), (a1401329-99af-4354-8be3-d508b8aea2cd, {\"level\":\"info\",\"message\":\"Procedure registered\",\"context\":{\"name\":\"circuit_breaker\",\"class\":\"Shared\\\\Procedures\\\\CrossServiceProcedure\",\"type\":\"micro\"},\"hostname\":\"modal\"}, 2026-03-08 13:28:34, ?, log, a1401329-2aa9-4311-bdeb-9c305433d1f7), (a1401329-99af-4354-8be3-d508b8aea2cd, {\"level\":\"info\",\"message\":\"Procedure registered\",\"context\":{\"name\":\"queue_circuit_breaker\",\"class\":\"Shared\\\\Procedures\\\\CrossServiceProcedure\",\"type\":\"micro\"},\"hostname\":\"modal\"}, 2026-03-08 13:28:34, ?, log, a1401329-2af7-45bf-8697-0f7e9c4834ad), (a1401329-99af-4354-8be3-d508b8aea2cd, {\"level\":\"info\",\"message\":\"Procedure registered\",\"context\":{\"name\":\"third_party_integration\",\"class\":\"Shared\\\\Procedures\\\\CrossServiceProcedure\",\"type\":\"micro\"},\"hostname\":\"modal\"}, 2026-03-08 13:28:34, ?, log, a1401329-2b48-40f0-914b-19876854a76f), (a1401329-99af-4354-8be3-d508b8aea2cd, {\"level\":\"info\",\"message\":\"Procedure registered\",\"context\":{\"name\":\"workflow\",\"class\":\"Shared\\\\Procedures\\\\CrossServiceProcedure\",\"type\":\"macro\"},\"hostname\":\"modal\"}, 2026-03-08 13:28:34, ?, log, a1401329-2b96-4f61-be70-1f3c5ed222f0), (a1401329-99af-4354-8be3-d508b8aea2cd, {\"command\":\"rpc:generate-tokens\",\"exit_code\":0,\"arguments\":{\"command\":\"rpc:generate-tokens\"},\"options\":{\"regenerate\":false,\"service\":null,\"expires-in\":\"8760\",\"help\":false,\"silent\":false,\"quiet\":false,\"verbose\":false,\"version\":false,\"ansi\":null,\"no-interaction\":false,\"env\":null},\"hostname\":\"modal\"}, 2026-03-08 13:28:34, ?, command, a1401329-98e8-4d67-a857-c7824d854adf)) at /tmp/abdoElHodaky/larvrevrstender/services/auth-service/vendor/laravel/framework/src/Illuminate/Database/Connection.php:838)
[stacktrace]
#0 /tmp/abdoElHodaky/larvrevrstender/services/auth-service/vendor/laravel/framework/src/Illuminate/Database/Connection.php(794): Illuminate\\Database\\Connection->runQueryCallback()
#1 /tmp/abdoElHodaky/larvrevrstender/services/auth-service/vendor/laravel/framework/src/Illuminate/Database/Connection.php(573): Illuminate\\Database\\Connection->run()
#2 /tmp/abdoElHodaky/larvrevrstender/services/auth-service/vendor/laravel/framework/src/Illuminate/Database/Connection.php(537): Illuminate\\Database\\Connection->statement()
#3 /tmp/abdoElHodaky/larvrevrstender/services/auth-service/vendor/laravel/framework/src/Illuminate/Database/Query/Builder.php(4091): Illuminate\\Database\\Connection->insert()
#4 /tmp/abdoElHodaky/larvrevrstender/services/auth-service/vendor/laravel/telescope/src/Storage/DatabaseEntriesRepository.php(145): Illuminate\\Database\\Query\\Builder->insert()
#5 /tmp/abdoElHodaky/larvrevrstender/services/auth-service/vendor/laravel/framework/src/Illuminate/Collections/Traits/EnumeratesValues.php(275): Laravel\\Telescope\\Storage\\DatabaseEntriesRepository->Laravel\\Telescope\\Storage\\{closure}()
#6 /tmp/abdoElHodaky/larvrevrstender/services/auth-service/vendor/laravel/telescope/src/Storage/DatabaseEntriesRepository.php(144): Illuminate\\Support\\Collection->each()
#7 /tmp/abdoElHodaky/larvrevrstender/services/auth-service/vendor/laravel/telescope/src/Telescope.php(664): Laravel\\Telescope\\Storage\\DatabaseEntriesRepository->store()
#8 [internal function]: Laravel\\Telescope\\Telescope::Laravel\\Telescope\\{closure}()
#9 /tmp/abdoElHodaky/larvrevrstender/services/auth-service/vendor/laravel/telescope/src/Telescope.php(289): call_user_func()
#10 /tmp/abdoElHodaky/larvrevrstender/services/auth-service/vendor/laravel/telescope/src/Telescope.php(656): Laravel\\Telescope\\Telescope::withoutRecording()
#11 /tmp/abdoElHodaky/larvrevrstender/services/auth-service/vendor/laravel/telescope/src/ListensForStorageOpportunities.php(65): Laravel\\Telescope\\Telescope::store()
#12 /tmp/abdoElHodaky/larvrevrstender/services/auth-service/vendor/laravel/framework/src/Illuminate/Container/BoundMethod.php(36): Laravel\\Telescope\\Telescope::Laravel\\Telescope\\{closure}()
#13 /tmp/abdoElHodaky/larvrevrstender/services/auth-service/vendor/laravel/framework/src/Illuminate/Container/Util.php(43): Illuminate\\Container\\BoundMethod::Illuminate\\Container\\{closure}()
#14 /tmp/abdoElHodaky/larvrevrstender/services/auth-service/vendor/laravel/framework/src/Illuminate/Container/BoundMethod.php(84): Illuminate\\Container\\Util::unwrapIfClosure()
#15 /tmp/abdoElHodaky/larvrevrstender/services/auth-service/vendor/laravel/framework/src/Illuminate/Container/BoundMethod.php(35): Illuminate\\Container\\BoundMethod::callBoundMethod()
#16 /tmp/abdoElHodaky/larvrevrstender/services/auth-service/vendor/laravel/framework/src/Illuminate/Container/Container.php(799): Illuminate\\Container\\BoundMethod::call()
#17 /tmp/abdoElHodaky/larvrevrstender/services/auth-service/vendor/laravel/framework/src/Illuminate/Foundation/Application.php(1466): Illuminate\\Container\\Container->call()
#18 /tmp/abdoElHodaky/larvrevrstender/services/auth-service/vendor/laravel/framework/src/Illuminate/Foundation/Console/Kernel.php(219): Illuminate\\Foundation\\Application->terminate()
#19 /tmp/abdoElHodaky/larvrevrstender/services/auth-service/artisan(51): Illuminate\\Foundation\\Console\\Kernel->terminate()
#20 {main}

[previous exception] [object] (PDOException(code: 7): SQLSTATE[08006] [7] connection to server at \"127.0.0.1\", port 5432 failed: Connection refused
\tIs the server running on that host and accepting TCP/IP connections? at /tmp/abdoElHodaky/larvrevrstender/services/auth-service/vendor/laravel/framework/src/Illuminate/Database/Connectors/Connector.php:66)
[stacktrace]
#0 /tmp/abdoElHodaky/larvrevrstender/services/auth-service/vendor/laravel/framework/src/Illuminate/Database/Connectors/Connector.php(66): PDO->__construct()
#1 /tmp/abdoElHodaky/larvrevrstender/services/auth-service/vendor/laravel/framework/src/Illuminate/Database/Connectors/Connector.php(44): Illuminate\\Database\\Connectors\\Connector->createPdoConnection()
#2 /tmp/abdoElHodaky/larvrevrstender/services/auth-service/vendor/laravel/framework/src/Illuminate/Database/Connectors/PostgresConnector.php(35): Illuminate\\Database\\Connectors\\Connector->createConnection()
#3 /tmp/abdoElHodaky/larvrevrstender/services/auth-service/vendor/laravel/framework/src/Illuminate/Database/Connectors/ConnectionFactory.php(186): Illuminate\\Database\\Connectors\\PostgresConnector->connect()
#4 [internal function]: Illuminate\\Database\\Connectors\\ConnectionFactory->Illuminate\\Database\\Connectors\\{closure}()
#5 /tmp/abdoElHodaky/larvrevrstender/services/auth-service/vendor/laravel/framework/src/Illuminate/Database/Connection.php(1257): call_user_func()
#6 /tmp/abdoElHodaky/larvrevrstender/services/auth-service/vendor/laravel/framework/src/Illuminate/Database/Connection.php(578): Illuminate\\Database\\Connection->getPdo()
#7 /tmp/abdoElHodaky/larvrevrstender/services/auth-service/vendor/laravel/framework/src/Illuminate/Database/Connection.php(827): Illuminate\\Database\\Connection->Illuminate\\Database\\{closure}()
#8 /tmp/abdoElHodaky/larvrevrstender/services/auth-service/vendor/laravel/framework/src/Illuminate/Database/Connection.php(794): Illuminate\\Database\\Connection->runQueryCallback()
#9 /tmp/abdoElHodaky/larvrevrstender/services/auth-service/vendor/laravel/framework/src/Illuminate/Database/Connection.php(573): Illuminate\\Database\\Connection->run()
#10 /tmp/abdoElHodaky/larvrevrstender/services/auth-service/vendor/laravel/framework/src/Illuminate/Database/Connection.php(537): Illuminate\\Database\\Connection->statement()
#11 /tmp/abdoElHodaky/larvrevrstender/services/auth-service/vendor/laravel/framework/src/Illuminate/Database/Query/Builder.php(4091): Illuminate\\Database\\Connection->insert()
#12 /tmp/abdoElHodaky/larvrevrstender/services/auth-service/vendor/laravel/telescope/src/Storage/DatabaseEntriesRepository.php(145): Illuminate\\Database\\Query\\Builder->insert()
#13 /tmp/abdoElHodaky/larvrevrstender/services/auth-service/vendor/laravel/framework/src/Illuminate/Collections/Traits/EnumeratesValues.php(275): Laravel\\Telescope\\Storage\\DatabaseEntriesRepository->Laravel\\Telescope\\Storage\\{closure}()
#14 /tmp/abdoElHodaky/larvrevrstender/services/auth-service/vendor/laravel/telescope/src/Storage/DatabaseEntriesRepository.php(144): Illuminate\\Support\\Collection->each()
#15 /tmp/abdoElHodaky/larvrevrstender/services/auth-service/vendor/laravel/telescope/src/Telescope.php(664): Laravel\\Telescope\\Storage\\DatabaseEntriesRepository->store()
#16 [internal function]: Laravel\\Telescope\\Telescope::Laravel\\Telescope\\{closure}()
#17 /tmp/abdoElHodaky/larvrevrstender/services/auth-service/vendor/laravel/telescope/src/Telescope.php(289): call_user_func()
#18 /tmp/abdoElHodaky/larvrevrstender/services/auth-service/vendor/laravel/telescope/src/Telescope.php(656): Laravel\\Telescope\\Telescope::withoutRecording()
#19 /tmp/abdoElHodaky/larvrevrstender/services/auth-service/vendor/laravel/telescope/src/ListensForStorageOpportunities.php(65): Laravel\\Telescope\\Telescope::store()
#20 /tmp/abdoElHodaky/larvrevrstender/services/auth-service/vendor/laravel/framework/src/Illuminate/Container/BoundMethod.php(36): Laravel\\Telescope\\Telescope::Laravel\\Telescope\\{closure}()
#21 /tmp/abdoElHodaky/larvrevrstender/services/auth-service/vendor/laravel/framework/src/Illuminate/Container/Util.php(43): Illuminate\\Container\\BoundMethod::Illuminate\\Container\\{closure}()
#22 /tmp/abdoElHodaky/larvrevrstender/services/auth-service/vendor/laravel/framework/src/Illuminate/Container/BoundMethod.php(84): Illuminate\\Container\\Util::unwrapIfClosure()
#23 /tmp/abdoElHodaky/larvrevrstender/services/auth-service/vendor/laravel/framework/src/Illuminate/Container/BoundMethod.php(35): Illuminate\\Container\\BoundMethod::callBoundMethod()
#24 /tmp/abdoElHodaky/larvrevrstender/services/auth-service/vendor/laravel/framework/src/Illuminate/Container/Container.php(799): Illuminate\\Container\\BoundMethod::call()
#25 /tmp/abdoElHodaky/larvrevrstender/services/auth-service/vendor/laravel/framework/src/Illuminate/Foundation/Application.php(1466): Illuminate\\Container\\Container->call()
#26 /tmp/abdoElHodaky/larvrevrstender/services/auth-service/vendor/laravel/framework/src/Illuminate/Foundation/Console/Kernel.php(219): Illuminate\\Foundation\\Application->terminate()
#27 /tmp/abdoElHodaky/larvrevrstender/services/auth-service/artisan(51): Illuminate\\Foundation\\Console\\Kernel->terminate()
#28 {main}
"} 
[2026-03-08 13:47:29] local.INFO: Procedure registered {"name":"events","class":"Shared\\Procedures\\CrossServiceProcedure","type":"micro"} 
[2026-03-08 13:47:29] local.INFO: Procedure registered {"name":"cache","class":"Shared\\Procedures\\CrossServiceProcedure","type":"micro"} 
[2026-03-08 13:47:29] local.INFO: Procedure registered {"name":"notification","class":"Shared\\Procedures\\CrossServiceProcedure","type":"micro"} 
[2026-03-08 13:47:29] local.INFO: Procedure registered {"name":"validation","class":"Shared\\Procedures\\CrossServiceProcedure","type":"micro"} 
[2026-03-08 13:47:29] local.INFO: Procedure registered {"name":"security","class":"Shared\\Procedures\\CrossServiceProcedure","type":"micro"} 
[2026-03-08 13:47:29] local.INFO: Procedure registered {"name":"circuit_breaker","class":"Shared\\Procedures\\CrossServiceProcedure","type":"micro"} 
[2026-03-08 13:47:29] local.INFO: Procedure registered {"name":"queue_circuit_breaker","class":"Shared\\Procedures\\CrossServiceProcedure","type":"micro"} 
[2026-03-08 13:47:29] local.INFO: Procedure registered {"name":"third_party_integration","class":"Shared\\Procedures\\CrossServiceProcedure","type":"micro"} 
[2026-03-08 13:47:29] local.INFO: Procedure registered {"name":"workflow","class":"Shared\\Procedures\\CrossServiceProcedure","type":"macro"} 
[2026-03-08 13:47:29] local.ERROR: SQLSTATE[08006] [7] connection to server at "127.0.0.1", port 5432 failed: Connection refused
	Is the server running on that host and accepting TCP/IP connections? (Connection: pgsql, Host: 127.0.0.1, Port: 5432, Database: auth_service, SQL: insert into "telescope_entries" ("batch_id", "content", "created_at", "family_hash", "type", "uuid") values (a14019ed-b505-4063-858b-39d4058bfa43, {"level":"info","message":"Procedure registered","context":{"name":"events","class":"Shared\\Procedures\\CrossServiceProcedure","type":"micro"},"hostname":"modal"}, 2026-03-08 13:47:29, ?, log, a14019ed-5fe4-4742-8f51-2aad9d59f08c), (a14019ed-b505-4063-858b-39d4058bfa43, {"level":"info","message":"Procedure registered","context":{"name":"cache","class":"Shared\\Procedures\\CrossServiceProcedure","type":"micro"},"hostname":"modal"}, 2026-03-08 13:47:29, ?, log, a14019ed-62f4-4b98-bf89-dfe86d2a58bc), (a14019ed-b505-4063-858b-39d4058bfa43, {"level":"info","message":"Procedure registered","context":{"name":"notification","class":"Shared\\Procedures\\CrossServiceProcedure","type":"micro"},"hostname":"modal"}, 2026-03-08 13:47:29, ?, log, a14019ed-6339-4a87-a186-90a4970e5416), (a14019ed-b505-4063-858b-39d4058bfa43, {"level":"info","message":"Procedure registered","context":{"name":"validation","class":"Shared\\Procedures\\CrossServiceProcedure","type":"micro"},"hostname":"modal"}, 2026-03-08 13:47:29, ?, log, a14019ed-6375-4c57-a7cd-380756aabb72), (a14019ed-b505-4063-858b-39d4058bfa43, {"level":"info","message":"Procedure registered","context":{"name":"security","class":"Shared\\Procedures\\CrossServiceProcedure","type":"micro"},"hostname":"modal"}, 2026-03-08 13:47:29, ?, log, a14019ed-63b0-493a-a5b4-7148f656d9da), (a14019ed-b505-4063-858b-39d4058bfa43, {"level":"info","message":"Procedure registered","context":{"name":"circuit_breaker","class":"Shared\\Procedures\\CrossServiceProcedure","type":"micro"},"hostname":"modal"}, 2026-03-08 13:47:29, ?, log, a14019ed-63e8-415b-897c-c8b107de0116), (a14019ed-b505-4063-858b-39d4058bfa43, {"level":"info","message":"Procedure registered","context":{"name":"queue_circuit_breaker","class":"Shared\\Procedures\\CrossServiceProcedure","type":"micro"},"hostname":"modal"}, 2026-03-08 13:47:29, ?, log, a14019ed-6433-41ad-a14c-228550ae1329), (a14019ed-b505-4063-858b-39d4058bfa43, {"level":"info","message":"Procedure registered","context":{"name":"third_party_integration","class":"Shared\\Procedures\\CrossServiceProcedure","type":"micro"},"hostname":"modal"}, 2026-03-08 13:47:29, ?, log, a14019ed-6477-4102-b8e5-37cc48506977), (a14019ed-b505-4063-858b-39d4058bfa43, {"level":"info","message":"Procedure registered","context":{"name":"workflow","class":"Shared\\Procedures\\CrossServiceProcedure","type":"macro"},"hostname":"modal"}, 2026-03-08 13:47:29, ?, log, a14019ed-64b2-465d-88a8-1d52c987949e), (a14019ed-b505-4063-858b-39d4058bfa43, {"command":"rpc:test-authentication","exit_code":1,"arguments":{"command":"rpc:test-authentication"},"options":{"service":"user-service","timeout":"5","help":false,"silent":false,"quiet":false,"verbose":false,"version":false,"ansi":null,"no-interaction":false,"env":null},"hostname":"modal"}, 2026-03-08 13:47:29, ?, command, a14019ed-b418-44a7-a426-fc9d8299544b)) {"exception":"[object] (Illuminate\\Database\\QueryException(code: 7): SQLSTATE[08006] [7] connection to server at \"127.0.0.1\", port 5432 failed: Connection refused
\tIs the server running on that host and accepting TCP/IP connections? (Connection: pgsql, Host: 127.0.0.1, Port: 5432, Database: auth_service, SQL: insert into \"telescope_entries\" (\"batch_id\", \"content\", \"created_at\", \"family_hash\", \"type\", \"uuid\") values (a14019ed-b505-4063-858b-39d4058bfa43, {\"level\":\"info\",\"message\":\"Procedure registered\",\"context\":{\"name\":\"events\",\"class\":\"Shared\\\\Procedures\\\\CrossServiceProcedure\",\"type\":\"micro\"},\"hostname\":\"modal\"}, 2026-03-08 13:47:29, ?, log, a14019ed-5fe4-4742-8f51-2aad9d59f08c), (a14019ed-b505-4063-858b-39d4058bfa43, {\"level\":\"info\",\"message\":\"Procedure registered\",\"context\":{\"name\":\"cache\",\"class\":\"Shared\\\\Procedures\\\\CrossServiceProcedure\",\"type\":\"micro\"},\"hostname\":\"modal\"}, 2026-03-08 13:47:29, ?, log, a14019ed-62f4-4b98-bf89-dfe86d2a58bc), (a14019ed-b505-4063-858b-39d4058bfa43, {\"level\":\"info\",\"message\":\"Procedure registered\",\"context\":{\"name\":\"notification\",\"class\":\"Shared\\\\Procedures\\\\CrossServiceProcedure\",\"type\":\"micro\"},\"hostname\":\"modal\"}, 2026-03-08 13:47:29, ?, log, a14019ed-6339-4a87-a186-90a4970e5416), (a14019ed-b505-4063-858b-39d4058bfa43, {\"level\":\"info\",\"message\":\"Procedure registered\",\"context\":{\"name\":\"validation\",\"class\":\"Shared\\\\Procedures\\\\CrossServiceProcedure\",\"type\":\"micro\"},\"hostname\":\"modal\"}, 2026-03-08 13:47:29, ?, log, a14019ed-6375-4c57-a7cd-380756aabb72), (a14019ed-b505-4063-858b-39d4058bfa43, {\"level\":\"info\",\"message\":\"Procedure registered\",\"context\":{\"name\":\"security\",\"class\":\"Shared\\\\Procedures\\\\CrossServiceProcedure\",\"type\":\"micro\"},\"hostname\":\"modal\"}, 2026-03-08 13:47:29, ?, log, a14019ed-63b0-493a-a5b4-7148f656d9da), (a14019ed-b505-4063-858b-39d4058bfa43, {\"level\":\"info\",\"message\":\"Procedure registered\",\"context\":{\"name\":\"circuit_breaker\",\"class\":\"Shared\\\\Procedures\\\\CrossServiceProcedure\",\"type\":\"micro\"},\"hostname\":\"modal\"}, 2026-03-08 13:47:29, ?, log, a14019ed-63e8-415b-897c-c8b107de0116), (a14019ed-b505-4063-858b-39d4058bfa43, {\"level\":\"info\",\"message\":\"Procedure registered\",\"context\":{\"name\":\"queue_circuit_breaker\",\"class\":\"Shared\\\\Procedures\\\\CrossServiceProcedure\",\"type\":\"micro\"},\"hostname\":\"modal\"}, 2026-03-08 13:47:29, ?, log, a14019ed-6433-41ad-a14c-228550ae1329), (a14019ed-b505-4063-858b-39d4058bfa43, {\"level\":\"info\",\"message\":\"Procedure registered\",\"context\":{\"name\":\"third_party_integration\",\"class\":\"Shared\\\\Procedures\\\\CrossServiceProcedure\",\"type\":\"micro\"},\"hostname\":\"modal\"}, 2026-03-08 13:47:29, ?, log, a14019ed-6477-4102-b8e5-37cc48506977), (a14019ed-b505-4063-858b-39d4058bfa43, {\"level\":\"info\",\"message\":\"Procedure registered\",\"context\":{\"name\":\"workflow\",\"class\":\"Shared\\\\Procedures\\\\CrossServiceProcedure\",\"type\":\"macro\"},\"hostname\":\"modal\"}, 2026-03-08 13:47:29, ?, log, a14019ed-64b2-465d-88a8-1d52c987949e), (a14019ed-b505-4063-858b-39d4058bfa43, {\"command\":\"rpc:test-authentication\",\"exit_code\":1,\"arguments\":{\"command\":\"rpc:test-authentication\"},\"options\":{\"service\":\"user-service\",\"timeout\":\"5\",\"help\":false,\"silent\":false,\"quiet\":false,\"verbose\":false,\"version\":false,\"ansi\":null,\"no-interaction\":false,\"env\":null},\"hostname\":\"modal\"}, 2026-03-08 13:47:29, ?, command, a14019ed-b418-44a7-a426-fc9d8299544b)) at /tmp/abdoElHodaky/larvrevrstender/services/auth-service/vendor/laravel/framework/src/Illuminate/Database/Connection.php:838)
[stacktrace]
#0 /tmp/abdoElHodaky/larvrevrstender/services/auth-service/vendor/laravel/framework/src/Illuminate/Database/Connection.php(794): Illuminate\\Database\\Connection->runQueryCallback()
#1 /tmp/abdoElHodaky/larvrevrstender/services/auth-service/vendor/laravel/framework/src/Illuminate/Database/Connection.php(573): Illuminate\\Database\\Connection->run()
#2 /tmp/abdoElHodaky/larvrevrstender/services/auth-service/vendor/laravel/framework/src/Illuminate/Database/Connection.php(537): Illuminate\\Database\\Connection->statement()
#3 /tmp/abdoElHodaky/larvrevrstender/services/auth-service/vendor/laravel/framework/src/Illuminate/Database/Query/Builder.php(4091): Illuminate\\Database\\Connection->insert()
#4 /tmp/abdoElHodaky/larvrevrstender/services/auth-service/vendor/laravel/telescope/src/Storage/DatabaseEntriesRepository.php(145): Illuminate\\Database\\Query\\Builder->insert()
#5 /tmp/abdoElHodaky/larvrevrstender/services/auth-service/vendor/laravel/framework/src/Illuminate/Collections/Traits/EnumeratesValues.php(275): Laravel\\Telescope\\Storage\\DatabaseEntriesRepository->Laravel\\Telescope\\Storage\\{closure}()
#6 /tmp/abdoElHodaky/larvrevrstender/services/auth-service/vendor/laravel/telescope/src/Storage/DatabaseEntriesRepository.php(144): Illuminate\\Support\\Collection->each()
#7 /tmp/abdoElHodaky/larvrevrstender/services/auth-service/vendor/laravel/telescope/src/Telescope.php(664): Laravel\\Telescope\\Storage\\DatabaseEntriesRepository->store()
#8 [internal function]: Laravel\\Telescope\\Telescope::Laravel\\Telescope\\{closure}()
#9 /tmp/abdoElHodaky/larvrevrstender/services/auth-service/vendor/laravel/telescope/src/Telescope.php(289): call_user_func()
#10 /tmp/abdoElHodaky/larvrevrstender/services/auth-service/vendor/laravel/telescope/src/Telescope.php(656): Laravel\\Telescope\\Telescope::withoutRecording()
#11 /tmp/abdoElHodaky/larvrevrstender/services/auth-service/vendor/laravel/telescope/src/ListensForStorageOpportunities.php(65): Laravel\\Telescope\\Telescope::store()
#12 /tmp/abdoElHodaky/larvrevrstender/services/auth-service/vendor/laravel/framework/src/Illuminate/Container/BoundMethod.php(36): Laravel\\Telescope\\Telescope::Laravel\\Telescope\\{closure}()
#13 /tmp/abdoElHodaky/larvrevrstender/services/auth-service/vendor/laravel/framework/src/Illuminate/Container/Util.php(43): Illuminate\\Container\\BoundMethod::Illuminate\\Container\\{closure}()
#14 /tmp/abdoElHodaky/larvrevrstender/services/auth-service/vendor/laravel/framework/src/Illuminate/Container/BoundMethod.php(84): Illuminate\\Container\\Util::unwrapIfClosure()
#15 /tmp/abdoElHodaky/larvrevrstender/services/auth-service/vendor/laravel/framework/src/Illuminate/Container/BoundMethod.php(35): Illuminate\\Container\\BoundMethod::callBoundMethod()
#16 /tmp/abdoElHodaky/larvrevrstender/services/auth-service/vendor/laravel/framework/src/Illuminate/Container/Container.php(799): Illuminate\\Container\\BoundMethod::call()
#17 /tmp/abdoElHodaky/larvrevrstender/services/auth-service/vendor/laravel/framework/src/Illuminate/Foundation/Application.php(1466): Illuminate\\Container\\Container->call()
#18 /tmp/abdoElHodaky/larvrevrstender/services/auth-service/vendor/laravel/framework/src/Illuminate/Foundation/Console/Kernel.php(219): Illuminate\\Foundation\\Application->terminate()
#19 /tmp/abdoElHodaky/larvrevrstender/services/auth-service/artisan(51): Illuminate\\Foundation\\Console\\Kernel->terminate()
#20 {main}

[previous exception] [object] (PDOException(code: 7): SQLSTATE[08006] [7] connection to server at \"127.0.0.1\", port 5432 failed: Connection refused
\tIs the server running on that host and accepting TCP/IP connections? at /tmp/abdoElHodaky/larvrevrstender/services/auth-service/vendor/laravel/framework/src/Illuminate/Database/Connectors/Connector.php:66)
[stacktrace]
#0 /tmp/abdoElHodaky/larvrevrstender/services/auth-service/vendor/laravel/framework/src/Illuminate/Database/Connectors/Connector.php(66): PDO->__construct()
#1 /tmp/abdoElHodaky/larvrevrstender/services/auth-service/vendor/laravel/framework/src/Illuminate/Database/Connectors/Connector.php(44): Illuminate\\Database\\Connectors\\Connector->createPdoConnection()
#2 /tmp/abdoElHodaky/larvrevrstender/services/auth-service/vendor/laravel/framework/src/Illuminate/Database/Connectors/PostgresConnector.php(35): Illuminate\\Database\\Connectors\\Connector->createConnection()
#3 /tmp/abdoElHodaky/larvrevrstender/services/auth-service/vendor/laravel/framework/src/Illuminate/Database/Connectors/ConnectionFactory.php(186): Illuminate\\Database\\Connectors\\PostgresConnector->connect()
#4 [internal function]: Illuminate\\Database\\Connectors\\ConnectionFactory->Illuminate\\Database\\Connectors\\{closure}()
#5 /tmp/abdoElHodaky/larvrevrstender/services/auth-service/vendor/laravel/framework/src/Illuminate/Database/Connection.php(1257): call_user_func()
#6 /tmp/abdoElHodaky/larvrevrstender/services/auth-service/vendor/laravel/framework/src/Illuminate/Database/Connection.php(578): Illuminate\\Database\\Connection->getPdo()
#7 /tmp/abdoElHodaky/larvrevrstender/services/auth-service/vendor/laravel/framework/src/Illuminate/Database/Connection.php(827): Illuminate\\Database\\Connection->Illuminate\\Database\\{closure}()
#8 /tmp/abdoElHodaky/larvrevrstender/services/auth-service/vendor/laravel/framework/src/Illuminate/Database/Connection.php(794): Illuminate\\Database\\Connection->runQueryCallback()
#9 /tmp/abdoElHodaky/larvrevrstender/services/auth-service/vendor/laravel/framework/src/Illuminate/Database/Connection.php(573): Illuminate\\Database\\Connection->run()
#10 /tmp/abdoElHodaky/larvrevrstender/services/auth-service/vendor/laravel/framework/src/Illuminate/Database/Connection.php(537): Illuminate\\Database\\Connection->statement()
#11 /tmp/abdoElHodaky/larvrevrstender/services/auth-service/vendor/laravel/framework/src/Illuminate/Database/Query/Builder.php(4091): Illuminate\\Database\\Connection->insert()
#12 /tmp/abdoElHodaky/larvrevrstender/services/auth-service/vendor/laravel/telescope/src/Storage/DatabaseEntriesRepository.php(145): Illuminate\\Database\\Query\\Builder->insert()
#13 /tmp/abdoElHodaky/larvrevrstender/services/auth-service/vendor/laravel/framework/src/Illuminate/Collections/Traits/EnumeratesValues.php(275): Laravel\\Telescope\\Storage\\DatabaseEntriesRepository->Laravel\\Telescope\\Storage\\{closure}()
#14 /tmp/abdoElHodaky/larvrevrstender/services/auth-service/vendor/laravel/telescope/src/Storage/DatabaseEntriesRepository.php(144): Illuminate\\Support\\Collection->each()
#15 /tmp/abdoElHodaky/larvrevrstender/services/auth-service/vendor/laravel/telescope/src/Telescope.php(664): Laravel\\Telescope\\Storage\\DatabaseEntriesRepository->store()
#16 [internal function]: Laravel\\Telescope\\Telescope::Laravel\\Telescope\\{closure}()
#17 /tmp/abdoElHodaky/larvrevrstender/services/auth-service/vendor/laravel/telescope/src/Telescope.php(289): call_user_func()
#18 /tmp/abdoElHodaky/larvrevrstender/services/auth-service/vendor/laravel/telescope/src/Telescope.php(656): Laravel\\Telescope\\Telescope::withoutRecording()
#19 /tmp/abdoElHodaky/larvrevrstender/services/auth-service/vendor/laravel/telescope/src/ListensForStorageOpportunities.php(65): Laravel\\Telescope\\Telescope::store()
#20 /tmp/abdoElHodaky/larvrevrstender/services/auth-service/vendor/laravel/framework/src/Illuminate/Container/BoundMethod.php(36): Laravel\\Telescope\\Telescope::Laravel\\Telescope\\{closure}()
#21 /tmp/abdoElHodaky/larvrevrstender/services/auth-service/vendor/laravel/framework/src/Illuminate/Container/Util.php(43): Illuminate\\Container\\BoundMethod::Illuminate\\Container\\{closure}()
#22 /tmp/abdoElHodaky/larvrevrstender/services/auth-service/vendor/laravel/framework/src/Illuminate/Container/BoundMethod.php(84): Illuminate\\Container\\Util::unwrapIfClosure()
#23 /tmp/abdoElHodaky/larvrevrstender/services/auth-service/vendor/laravel/framework/src/Illuminate/Container/BoundMethod.php(35): Illuminate\\Container\\BoundMethod::callBoundMethod()
#24 /tmp/abdoElHodaky/larvrevrstender/services/auth-service/vendor/laravel/framework/src/Illuminate/Container/Container.php(799): Illuminate\\Container\\BoundMethod::call()
#25 /tmp/abdoElHodaky/larvrevrstender/services/auth-service/vendor/laravel/framework/src/Illuminate/Foundation/Application.php(1466): Illuminate\\Container\\Container->call()
#26 /tmp/abdoElHodaky/larvrevrstender/services/auth-service/vendor/laravel/framework/src/Illuminate/Foundation/Console/Kernel.php(219): Illuminate\\Foundation\\Application->terminate()
#27 /tmp/abdoElHodaky/larvrevrstender/services/auth-service/artisan(51): Illuminate\\Foundation\\Console\\Kernel->terminate()
#28 {main}
"} 
[2026-03-08 13:47:45] local.INFO: Procedure registered {"name":"events","class":"Shared\\Procedures\\CrossServiceProcedure","type":"micro"} 
[2026-03-08 13:47:45] local.INFO: Procedure registered {"name":"cache","class":"Shared\\Procedures\\CrossServiceProcedure","type":"micro"} 
[2026-03-08 13:47:45] local.INFO: Procedure registered {"name":"notification","class":"Shared\\Procedures\\CrossServiceProcedure","type":"micro"} 
[2026-03-08 13:47:45] local.INFO: Procedure registered {"name":"validation","class":"Shared\\Procedures\\CrossServiceProcedure","type":"micro"} 
[2026-03-08 13:47:45] local.INFO: Procedure registered {"name":"security","class":"Shared\\Procedures\\CrossServiceProcedure","type":"micro"} 
[2026-03-08 13:47:45] local.INFO: Procedure registered {"name":"circuit_breaker","class":"Shared\\Procedures\\CrossServiceProcedure","type":"micro"} 
[2026-03-08 13:47:45] local.INFO: Procedure registered {"name":"queue_circuit_breaker","class":"Shared\\Procedures\\CrossServiceProcedure","type":"micro"} 
[2026-03-08 13:47:45] local.INFO: Procedure registered {"name":"third_party_integration","class":"Shared\\Procedures\\CrossServiceProcedure","type":"micro"} 
[2026-03-08 13:47:45] local.INFO: Procedure registered {"name":"workflow","class":"Shared\\Procedures\\CrossServiceProcedure","type":"macro"} 
[2026-03-08 13:47:45] local.ERROR: SQLSTATE[08006] [7] connection to server at "127.0.0.1", port 5432 failed: Connection refused
	Is the server running on that host and accepting TCP/IP connections? (Connection: pgsql, Host: 127.0.0.1, Port: 5432, Database: auth_service, SQL: insert into "telescope_entries" ("batch_id", "content", "created_at", "family_hash", "type", "uuid") values (a1401a05-6622-4cb8-9c4c-2ff1caf03e56, {"level":"info","message":"Procedure registered","context":{"name":"events","class":"Shared\\Procedures\\CrossServiceProcedure","type":"micro"},"hostname":"modal"}, 2026-03-08 13:47:45, ?, log, a1401a05-3630-489f-968c-bece63fd5f13), (a1401a05-6622-4cb8-9c4c-2ff1caf03e56, {"level":"info","message":"Procedure registered","context":{"name":"cache","class":"Shared\\Procedures\\CrossServiceProcedure","type":"micro"},"hostname":"modal"}, 2026-03-08 13:47:45, ?, log, a1401a05-37e9-46e2-8178-b5f2c5e05e97), (a1401a05-6622-4cb8-9c4c-2ff1caf03e56, {"level":"info","message":"Procedure registered","context":{"name":"notification","class":"Shared\\Procedures\\CrossServiceProcedure","type":"micro"},"hostname":"modal"}, 2026-03-08 13:47:45, ?, log, a1401a05-382c-43e0-9254-b9992f956923), (a1401a05-6622-4cb8-9c4c-2ff1caf03e56, {"level":"info","message":"Procedure registered","context":{"name":"validation","class":"Shared\\Procedures\\CrossServiceProcedure","type":"micro"},"hostname":"modal"}, 2026-03-08 13:47:45, ?, log, a1401a05-3867-447c-9ae3-e123c8b9f6df), (a1401a05-6622-4cb8-9c4c-2ff1caf03e56, {"level":"info","message":"Procedure registered","context":{"name":"security","class":"Shared\\Procedures\\CrossServiceProcedure","type":"micro"},"hostname":"modal"}, 2026-03-08 13:47:45, ?, log, a1401a05-389e-4699-bee9-13b7ed465b32), (a1401a05-6622-4cb8-9c4c-2ff1caf03e56, {"level":"info","message":"Procedure registered","context":{"name":"circuit_breaker","class":"Shared\\Procedures\\CrossServiceProcedure","type":"micro"},"hostname":"modal"}, 2026-03-08 13:47:45, ?, log, a1401a05-38d6-4048-878f-93b0fec3c2c0), (a1401a05-6622-4cb8-9c4c-2ff1caf03e56, {"level":"info","message":"Procedure registered","context":{"name":"queue_circuit_breaker","class":"Shared\\Procedures\\CrossServiceProcedure","type":"micro"},"hostname":"modal"}, 2026-03-08 13:47:45, ?, log, a1401a05-390c-43f3-bac4-b7a28717cae6), (a1401a05-6622-4cb8-9c4c-2ff1caf03e56, {"level":"info","message":"Procedure registered","context":{"name":"third_party_integration","class":"Shared\\Procedures\\CrossServiceProcedure","type":"micro"},"hostname":"modal"}, 2026-03-08 13:47:45, ?, log, a1401a05-3945-4ddd-8feb-de3e33d4fb1d), (a1401a05-6622-4cb8-9c4c-2ff1caf03e56, {"level":"info","message":"Procedure registered","context":{"name":"workflow","class":"Shared\\Procedures\\CrossServiceProcedure","type":"macro"},"hostname":"modal"}, 2026-03-08 13:47:45, ?, log, a1401a05-397c-40b3-9c2d-a6aa7e534249), (a1401a05-6622-4cb8-9c4c-2ff1caf03e56, {"command":"list","exit_code":0,"arguments":{"command":"list","namespace":null},"options":{"raw":false,"format":"txt","short":false,"help":false,"silent":false,"quiet":false,"verbose":false,"version":false,"ansi":null,"no-interaction":false,"env":null},"hostname":"modal"}, 2026-03-08 13:47:45, ?, command, a1401a05-6571-4d99-951f-4990561d1164)) {"exception":"[object] (Illuminate\\Database\\QueryException(code: 7): SQLSTATE[08006] [7] connection to server at \"127.0.0.1\", port 5432 failed: Connection refused
\tIs the server running on that host and accepting TCP/IP connections? (Connection: pgsql, Host: 127.0.0.1, Port: 5432, Database: auth_service, SQL: insert into \"telescope_entries\" (\"batch_id\", \"content\", \"created_at\", \"family_hash\", \"type\", \"uuid\") values (a1401a05-6622-4cb8-9c4c-2ff1caf03e56, {\"level\":\"info\",\"message\":\"Procedure registered\",\"context\":{\"name\":\"events\",\"class\":\"Shared\\\\Procedures\\\\CrossServiceProcedure\",\"type\":\"micro\"},\"hostname\":\"modal\"}, 2026-03-08 13:47:45, ?, log, a1401a05-3630-489f-968c-bece63fd5f13), (a1401a05-6622-4cb8-9c4c-2ff1caf03e56, {\"level\":\"info\",\"message\":\"Procedure registered\",\"context\":{\"name\":\"cache\",\"class\":\"Shared\\\\Procedures\\\\CrossServiceProcedure\",\"type\":\"micro\"},\"hostname\":\"modal\"}, 2026-03-08 13:47:45, ?, log, a1401a05-37e9-46e2-8178-b5f2c5e05e97), (a1401a05-6622-4cb8-9c4c-2ff1caf03e56, {\"level\":\"info\",\"message\":\"Procedure registered\",\"context\":{\"name\":\"notification\",\"class\":\"Shared\\\\Procedures\\\\CrossServiceProcedure\",\"type\":\"micro\"},\"hostname\":\"modal\"}, 2026-03-08 13:47:45, ?, log, a1401a05-382c-43e0-9254-b9992f956923), (a1401a05-6622-4cb8-9c4c-2ff1caf03e56, {\"level\":\"info\",\"message\":\"Procedure registered\",\"context\":{\"name\":\"validation\",\"class\":\"Shared\\\\Procedures\\\\CrossServiceProcedure\",\"type\":\"micro\"},\"hostname\":\"modal\"}, 2026-03-08 13:47:45, ?, log, a1401a05-3867-447c-9ae3-e123c8b9f6df), (a1401a05-6622-4cb8-9c4c-2ff1caf03e56, {\"level\":\"info\",\"message\":\"Procedure registered\",\"context\":{\"name\":\"security\",\"class\":\"Shared\\\\Procedures\\\\CrossServiceProcedure\",\"type\":\"micro\"},\"hostname\":\"modal\"}, 2026-03-08 13:47:45, ?, log, a1401a05-389e-4699-bee9-13b7ed465b32), (a1401a05-6622-4cb8-9c4c-2ff1caf03e56, {\"level\":\"info\",\"message\":\"Procedure registered\",\"context\":{\"name\":\"circuit_breaker\",\"class\":\"Shared\\\\Procedures\\\\CrossServiceProcedure\",\"type\":\"micro\"},\"hostname\":\"modal\"}, 2026-03-08 13:47:45, ?, log, a1401a05-38d6-4048-878f-93b0fec3c2c0), (a1401a05-6622-4cb8-9c4c-2ff1caf03e56, {\"level\":\"info\",\"message\":\"Procedure registered\",\"context\":{\"name\":\"queue_circuit_breaker\",\"class\":\"Shared\\\\Procedures\\\\CrossServiceProcedure\",\"type\":\"micro\"},\"hostname\":\"modal\"}, 2026-03-08 13:47:45, ?, log, a1401a05-390c-43f3-bac4-b7a28717cae6), (a1401a05-6622-4cb8-9c4c-2ff1caf03e56, {\"level\":\"info\",\"message\":\"Procedure registered\",\"context\":{\"name\":\"third_party_integration\",\"class\":\"Shared\\\\Procedures\\\\CrossServiceProcedure\",\"type\":\"micro\"},\"hostname\":\"modal\"}, 2026-03-08 13:47:45, ?, log, a1401a05-3945-4ddd-8feb-de3e33d4fb1d), (a1401a05-6622-4cb8-9c4c-2ff1caf03e56, {\"level\":\"info\",\"message\":\"Procedure registered\",\"context\":{\"name\":\"workflow\",\"class\":\"Shared\\\\Procedures\\\\CrossServiceProcedure\",\"type\":\"macro\"},\"hostname\":\"modal\"}, 2026-03-08 13:47:45, ?, log, a1401a05-397c-40b3-9c2d-a6aa7e534249), (a1401a05-6622-4cb8-9c4c-2ff1caf03e56, {\"command\":\"list\",\"exit_code\":0,\"arguments\":{\"command\":\"list\",\"namespace\":null},\"options\":{\"raw\":false,\"format\":\"txt\",\"short\":false,\"help\":false,\"silent\":false,\"quiet\":false,\"verbose\":false,\"version\":false,\"ansi\":null,\"no-interaction\":false,\"env\":null},\"hostname\":\"modal\"}, 2026-03-08 13:47:45, ?, command, a1401a05-6571-4d99-951f-4990561d1164)) at /tmp/abdoElHodaky/larvrevrstender/services/auth-service/vendor/laravel/framework/src/Illuminate/Database/Connection.php:838)
[stacktrace]
#0 /tmp/abdoElHodaky/larvrevrstender/services/auth-service/vendor/laravel/framework/src/Illuminate/Database/Connection.php(794): Illuminate\\Database\\Connection->runQueryCallback()
#1 /tmp/abdoElHodaky/larvrevrstender/services/auth-service/vendor/laravel/framework/src/Illuminate/Database/Connection.php(573): Illuminate\\Database\\Connection->run()
#2 /tmp/abdoElHodaky/larvrevrstender/services/auth-service/vendor/laravel/framework/src/Illuminate/Database/Connection.php(537): Illuminate\\Database\\Connection->statement()
#3 /tmp/abdoElHodaky/larvrevrstender/services/auth-service/vendor/laravel/framework/src/Illuminate/Database/Query/Builder.php(4091): Illuminate\\Database\\Connection->insert()
#4 /tmp/abdoElHodaky/larvrevrstender/services/auth-service/vendor/laravel/telescope/src/Storage/DatabaseEntriesRepository.php(145): Illuminate\\Database\\Query\\Builder->insert()
#5 /tmp/abdoElHodaky/larvrevrstender/services/auth-service/vendor/laravel/framework/src/Illuminate/Collections/Traits/EnumeratesValues.php(275): Laravel\\Telescope\\Storage\\DatabaseEntriesRepository->Laravel\\Telescope\\Storage\\{closure}()
#6 /tmp/abdoElHodaky/larvrevrstender/services/auth-service/vendor/laravel/telescope/src/Storage/DatabaseEntriesRepository.php(144): Illuminate\\Support\\Collection->each()
#7 /tmp/abdoElHodaky/larvrevrstender/services/auth-service/vendor/laravel/telescope/src/Telescope.php(664): Laravel\\Telescope\\Storage\\DatabaseEntriesRepository->store()
#8 [internal function]: Laravel\\Telescope\\Telescope::Laravel\\Telescope\\{closure}()
#9 /tmp/abdoElHodaky/larvrevrstender/services/auth-service/vendor/laravel/telescope/src/Telescope.php(289): call_user_func()
#10 /tmp/abdoElHodaky/larvrevrstender/services/auth-service/vendor/laravel/telescope/src/Telescope.php(656): Laravel\\Telescope\\Telescope::withoutRecording()
#11 /tmp/abdoElHodaky/larvrevrstender/services/auth-service/vendor/laravel/telescope/src/ListensForStorageOpportunities.php(65): Laravel\\Telescope\\Telescope::store()
#12 /tmp/abdoElHodaky/larvrevrstender/services/auth-service/vendor/laravel/framework/src/Illuminate/Container/BoundMethod.php(36): Laravel\\Telescope\\Telescope::Laravel\\Telescope\\{closure}()
#13 /tmp/abdoElHodaky/larvrevrstender/services/auth-service/vendor/laravel/framework/src/Illuminate/Container/Util.php(43): Illuminate\\Container\\BoundMethod::Illuminate\\Container\\{closure}()
#14 /tmp/abdoElHodaky/larvrevrstender/services/auth-service/vendor/laravel/framework/src/Illuminate/Container/BoundMethod.php(84): Illuminate\\Container\\Util::unwrapIfClosure()
#15 /tmp/abdoElHodaky/larvrevrstender/services/auth-service/vendor/laravel/framework/src/Illuminate/Container/BoundMethod.php(35): Illuminate\\Container\\BoundMethod::callBoundMethod()
#16 /tmp/abdoElHodaky/larvrevrstender/services/auth-service/vendor/laravel/framework/src/Illuminate/Container/Container.php(799): Illuminate\\Container\\BoundMethod::call()
#17 /tmp/abdoElHodaky/larvrevrstender/services/auth-service/vendor/laravel/framework/src/Illuminate/Foundation/Application.php(1466): Illuminate\\Container\\Container->call()
#18 /tmp/abdoElHodaky/larvrevrstender/services/auth-service/vendor/laravel/framework/src/Illuminate/Foundation/Console/Kernel.php(219): Illuminate\\Foundation\\Application->terminate()
#19 /tmp/abdoElHodaky/larvrevrstender/services/auth-service/artisan(51): Illuminate\\Foundation\\Console\\Kernel->terminate()
#20 {main}

[previous exception] [object] (PDOException(code: 7): SQLSTATE[08006] [7] connection to server at \"127.0.0.1\", port 5432 failed: Connection refused
\tIs the server running on that host and accepting TCP/IP connections? at /tmp/abdoElHodaky/larvrevrstender/services/auth-service/vendor/laravel/framework/src/Illuminate/Database/Connectors/Connector.php:66)
[stacktrace]
#0 /tmp/abdoElHodaky/larvrevrstender/services/auth-service/vendor/laravel/framework/src/Illuminate/Database/Connectors/Connector.php(66): PDO->__construct()
#1 /tmp/abdoElHodaky/larvrevrstender/services/auth-service/vendor/laravel/framework/src/Illuminate/Database/Connectors/Connector.php(44): Illuminate\\Database\\Connectors\\Connector->createPdoConnection()
#2 /tmp/abdoElHodaky/larvrevrstender/services/auth-service/vendor/laravel/framework/src/Illuminate/Database/Connectors/PostgresConnector.php(35): Illuminate\\Database\\Connectors\\Connector->createConnection()
#3 /tmp/abdoElHodaky/larvrevrstender/services/auth-service/vendor/laravel/framework/src/Illuminate/Database/Connectors/ConnectionFactory.php(186): Illuminate\\Database\\Connectors\\PostgresConnector->connect()
#4 [internal function]: Illuminate\\Database\\Connectors\\ConnectionFactory->Illuminate\\Database\\Connectors\\{closure}()
#5 /tmp/abdoElHodaky/larvrevrstender/services/auth-service/vendor/laravel/framework/src/Illuminate/Database/Connection.php(1257): call_user_func()
#6 /tmp/abdoElHodaky/larvrevrstender/services/auth-service/vendor/laravel/framework/src/Illuminate/Database/Connection.php(578): Illuminate\\Database\\Connection->getPdo()
#7 /tmp/abdoElHodaky/larvrevrstender/services/auth-service/vendor/laravel/framework/src/Illuminate/Database/Connection.php(827): Illuminate\\Database\\Connection->Illuminate\\Database\\{closure}()
#8 /tmp/abdoElHodaky/larvrevrstender/services/auth-service/vendor/laravel/framework/src/Illuminate/Database/Connection.php(794): Illuminate\\Database\\Connection->runQueryCallback()
#9 /tmp/abdoElHodaky/larvrevrstender/services/auth-service/vendor/laravel/framework/src/Illuminate/Database/Connection.php(573): Illuminate\\Database\\Connection->run()
#10 /tmp/abdoElHodaky/larvrevrstender/services/auth-service/vendor/laravel/framework/src/Illuminate/Database/Connection.php(537): Illuminate\\Database\\Connection->statement()
#11 /tmp/abdoElHodaky/larvrevrstender/services/auth-service/vendor/laravel/framework/src/Illuminate/Database/Query/Builder.php(4091): Illuminate\\Database\\Connection->insert()
#12 /tmp/abdoElHodaky/larvrevrstender/services/auth-service/vendor/laravel/telescope/src/Storage/DatabaseEntriesRepository.php(145): Illuminate\\Database\\Query\\Builder->insert()
#13 /tmp/abdoElHodaky/larvrevrstender/services/auth-service/vendor/laravel/framework/src/Illuminate/Collections/Traits/EnumeratesValues.php(275): Laravel\\Telescope\\Storage\\DatabaseEntriesRepository->Laravel\\Telescope\\Storage\\{closure}()
#14 /tmp/abdoElHodaky/larvrevrstender/services/auth-service/vendor/laravel/telescope/src/Storage/DatabaseEntriesRepository.php(144): Illuminate\\Support\\Collection->each()
#15 /tmp/abdoElHodaky/larvrevrstender/services/auth-service/vendor/laravel/telescope/src/Telescope.php(664): Laravel\\Telescope\\Storage\\DatabaseEntriesRepository->store()
#16 [internal function]: Laravel\\Telescope\\Telescope::Laravel\\Telescope\\{closure}()
#17 /tmp/abdoElHodaky/larvrevrstender/services/auth-service/vendor/laravel/telescope/src/Telescope.php(289): call_user_func()
#18 /tmp/abdoElHodaky/larvrevrstender/services/auth-service/vendor/laravel/telescope/src/Telescope.php(656): Laravel\\Telescope\\Telescope::withoutRecording()
#19 /tmp/abdoElHodaky/larvrevrstender/services/auth-service/vendor/laravel/telescope/src/ListensForStorageOpportunities.php(65): Laravel\\Telescope\\Telescope::store()
#20 /tmp/abdoElHodaky/larvrevrstender/services/auth-service/vendor/laravel/framework/src/Illuminate/Container/BoundMethod.php(36): Laravel\\Telescope\\Telescope::Laravel\\Telescope\\{closure}()
#21 /tmp/abdoElHodaky/larvrevrstender/services/auth-service/vendor/laravel/framework/src/Illuminate/Container/Util.php(43): Illuminate\\Container\\BoundMethod::Illuminate\\Container\\{closure}()
#22 /tmp/abdoElHodaky/larvrevrstender/services/auth-service/vendor/laravel/framework/src/Illuminate/Container/BoundMethod.php(84): Illuminate\\Container\\Util::unwrapIfClosure()
#23 /tmp/abdoElHodaky/larvrevrstender/services/auth-service/vendor/laravel/framework/src/Illuminate/Container/BoundMethod.php(35): Illuminate\\Container\\BoundMethod::callBoundMethod()
#24 /tmp/abdoElHodaky/larvrevrstender/services/auth-service/vendor/laravel/framework/src/Illuminate/Container/Container.php(799): Illuminate\\Container\\BoundMethod::call()
#25 /tmp/abdoElHodaky/larvrevrstender/services/auth-service/vendor/laravel/framework/src/Illuminate/Foundation/Application.php(1466): Illuminate\\Container\\Container->call()
#26 /tmp/abdoElHodaky/larvrevrstender/services/auth-service/vendor/laravel/framework/src/Illuminate/Foundation/Console/Kernel.php(219): Illuminate\\Foundation\\Application->terminate()
#27 /tmp/abdoElHodaky/larvrevrstender/services/auth-service/artisan(51): Illuminate\\Foundation\\Console\\Kernel->terminate()
#28 {main}
"} 
[2026-03-08 13:47:59] local.INFO: Procedure registered {"name":"events","class":"Shared\\Procedures\\CrossServiceProcedure","type":"micro"} 
[2026-03-08 13:47:59] local.INFO: Procedure registered {"name":"cache","class":"Shared\\Procedures\\CrossServiceProcedure","type":"micro"} 
[2026-03-08 13:47:59] local.INFO: Procedure registered {"name":"notification","class":"Shared\\Procedures\\CrossServiceProcedure","type":"micro"} 
[2026-03-08 13:47:59] local.INFO: Procedure registered {"name":"validation","class":"Shared\\Procedures\\CrossServiceProcedure","type":"micro"} 
[2026-03-08 13:47:59] local.INFO: Procedure registered {"name":"security","class":"Shared\\Procedures\\CrossServiceProcedure","type":"micro"} 
[2026-03-08 13:47:59] local.INFO: Procedure registered {"name":"circuit_breaker","class":"Shared\\Procedures\\CrossServiceProcedure","type":"micro"} 
[2026-03-08 13:47:59] local.INFO: Procedure registered {"name":"queue_circuit_breaker","class":"Shared\\Procedures\\CrossServiceProcedure","type":"micro"} 
[2026-03-08 13:47:59] local.INFO: Procedure registered {"name":"third_party_integration","class":"Shared\\Procedures\\CrossServiceProcedure","type":"micro"} 
[2026-03-08 13:47:59] local.INFO: Procedure registered {"name":"workflow","class":"Shared\\Procedures\\CrossServiceProcedure","type":"macro"} 
[2026-03-08 13:47:59] local.ERROR: SQLSTATE[08006] [7] connection to server at "127.0.0.1", port 5432 failed: Connection refused
	Is the server running on that host and accepting TCP/IP connections? (Connection: pgsql, Host: 127.0.0.1, Port: 5432, Database: auth_service, SQL: insert into "telescope_entries" ("batch_id", "content", "created_at", "family_hash", "type", "uuid") values (a1401a1a-9728-4021-84df-72887ccaf059, {"level":"info","message":"Procedure registered","context":{"name":"events","class":"Shared\\Procedures\\CrossServiceProcedure","type":"micro"},"hostname":"modal"}, 2026-03-08 13:47:59, ?, log, a1401a1a-639d-41d2-8c17-7407b433be7c), (a1401a1a-9728-4021-84df-72887ccaf059, {"level":"info","message":"Procedure registered","context":{"name":"cache","class":"Shared\\Procedures\\CrossServiceProcedure","type":"micro"},"hostname":"modal"}, 2026-03-08 13:47:59, ?, log, a1401a1a-657a-4ca0-8f08-d5ca7a5c3465), (a1401a1a-9728-4021-84df-72887ccaf059, {"level":"info","message":"Procedure registered","context":{"name":"notification","class":"Shared\\Procedures\\CrossServiceProcedure","type":"micro"},"hostname":"modal"}, 2026-03-08 13:47:59, ?, log, a1401a1a-65bb-497f-8e33-4377d62ac52f), (a1401a1a-9728-4021-84df-72887ccaf059, {"level":"info","message":"Procedure registered","context":{"name":"validation","class":"Shared\\Procedures\\CrossServiceProcedure","type":"micro"},"hostname":"modal"}, 2026-03-08 13:47:59, ?, log, a1401a1a-65f8-45f8-89fe-2b504dabb94a), (a1401a1a-9728-4021-84df-72887ccaf059, {"level":"info","message":"Procedure registered","context":{"name":"security","class":"Shared\\Procedures\\CrossServiceProcedure","type":"micro"},"hostname":"modal"}, 2026-03-08 13:47:59, ?, log, a1401a1a-6631-4e05-97bb-398d621b8bac), (a1401a1a-9728-4021-84df-72887ccaf059, {"level":"info","message":"Procedure registered","context":{"name":"circuit_breaker","class":"Shared\\Procedures\\CrossServiceProcedure","type":"micro"},"hostname":"modal"}, 2026-03-08 13:47:59, ?, log, a1401a1a-666c-475d-9c1f-342d45afcde0), (a1401a1a-9728-4021-84df-72887ccaf059, {"level":"info","message":"Procedure registered","context":{"name":"queue_circuit_breaker","class":"Shared\\Procedures\\CrossServiceProcedure","type":"micro"},"hostname":"modal"}, 2026-03-08 13:47:59, ?, log, a1401a1a-66a5-4167-96d9-1d8c219b5384), (a1401a1a-9728-4021-84df-72887ccaf059, {"level":"info","message":"Procedure registered","context":{"name":"third_party_integration","class":"Shared\\Procedures\\CrossServiceProcedure","type":"micro"},"hostname":"modal"}, 2026-03-08 13:47:59, ?, log, a1401a1a-66e0-4174-b468-51abc780a2b5), (a1401a1a-9728-4021-84df-72887ccaf059, {"level":"info","message":"Procedure registered","context":{"name":"workflow","class":"Shared\\Procedures\\CrossServiceProcedure","type":"macro"},"hostname":"modal"}, 2026-03-08 13:47:59, ?, log, a1401a1a-671d-4ab9-ae9f-328113636c1d), (a1401a1a-9728-4021-84df-72887ccaf059, {"command":"rpc:test-authentication","exit_code":1,"arguments":{"command":"rpc:test-authentication"},"options":{"service":"user-service","timeout":"2","help":false,"silent":false,"quiet":false,"verbose":false,"version":false,"ansi":null,"no-interaction":false,"env":null},"hostname":"modal"}, 2026-03-08 13:47:59, ?, command, a1401a1a-967f-42f6-852d-ae5f37caaa4a)) {"exception":"[object] (Illuminate\\Database\\QueryException(code: 7): SQLSTATE[08006] [7] connection to server at \"127.0.0.1\", port 5432 failed: Connection refused
\tIs the server running on that host and accepting TCP/IP connections? (Connection: pgsql, Host: 127.0.0.1, Port: 5432, Database: auth_service, SQL: insert into \"telescope_entries\" (\"batch_id\", \"content\", \"created_at\", \"family_hash\", \"type\", \"uuid\") values (a1401a1a-9728-4021-84df-72887ccaf059, {\"level\":\"info\",\"message\":\"Procedure registered\",\"context\":{\"name\":\"events\",\"class\":\"Shared\\\\Procedures\\\\CrossServiceProcedure\",\"type\":\"micro\"},\"hostname\":\"modal\"}, 2026-03-08 13:47:59, ?, log, a1401a1a-639d-41d2-8c17-7407b433be7c), (a1401a1a-9728-4021-84df-72887ccaf059, {\"level\":\"info\",\"message\":\"Procedure registered\",\"context\":{\"name\":\"cache\",\"class\":\"Shared\\\\Procedures\\\\CrossServiceProcedure\",\"type\":\"micro\"},\"hostname\":\"modal\"}, 2026-03-08 13:47:59, ?, log, a1401a1a-657a-4ca0-8f08-d5ca7a5c3465), (a1401a1a-9728-4021-84df-72887ccaf059, {\"level\":\"info\",\"message\":\"Procedure registered\",\"context\":{\"name\":\"notification\",\"class\":\"Shared\\\\Procedures\\\\CrossServiceProcedure\",\"type\":\"micro\"},\"hostname\":\"modal\"}, 2026-03-08 13:47:59, ?, log, a1401a1a-65bb-497f-8e33-4377d62ac52f), (a1401a1a-9728-4021-84df-72887ccaf059, {\"level\":\"info\",\"message\":\"Procedure registered\",\"context\":{\"name\":\"validation\",\"class\":\"Shared\\\\Procedures\\\\CrossServiceProcedure\",\"type\":\"micro\"},\"hostname\":\"modal\"}, 2026-03-08 13:47:59, ?, log, a1401a1a-65f8-45f8-89fe-2b504dabb94a), (a1401a1a-9728-4021-84df-72887ccaf059, {\"level\":\"info\",\"message\":\"Procedure registered\",\"context\":{\"name\":\"security\",\"class\":\"Shared\\\\Procedures\\\\CrossServiceProcedure\",\"type\":\"micro\"},\"hostname\":\"modal\"}, 2026-03-08 13:47:59, ?, log, a1401a1a-6631-4e05-97bb-398d621b8bac), (a1401a1a-9728-4021-84df-72887ccaf059, {\"level\":\"info\",\"message\":\"Procedure registered\",\"context\":{\"name\":\"circuit_breaker\",\"class\":\"Shared\\\\Procedures\\\\CrossServiceProcedure\",\"type\":\"micro\"},\"hostname\":\"modal\"}, 2026-03-08 13:47:59, ?, log, a1401a1a-666c-475d-9c1f-342d45afcde0), (a1401a1a-9728-4021-84df-72887ccaf059, {\"level\":\"info\",\"message\":\"Procedure registered\",\"context\":{\"name\":\"queue_circuit_breaker\",\"class\":\"Shared\\\\Procedures\\\\CrossServiceProcedure\",\"type\":\"micro\"},\"hostname\":\"modal\"}, 2026-03-08 13:47:59, ?, log, a1401a1a-66a5-4167-96d9-1d8c219b5384), (a1401a1a-9728-4021-84df-72887ccaf059, {\"level\":\"info\",\"message\":\"Procedure registered\",\"context\":{\"name\":\"third_party_integration\",\"class\":\"Shared\\\\Procedures\\\\CrossServiceProcedure\",\"type\":\"micro\"},\"hostname\":\"modal\"}, 2026-03-08 13:47:59, ?, log, a1401a1a-66e0-4174-b468-51abc780a2b5), (a1401a1a-9728-4021-84df-72887ccaf059, {\"level\":\"info\",\"message\":\"Procedure registered\",\"context\":{\"name\":\"workflow\",\"class\":\"Shared\\\\Procedures\\\\CrossServiceProcedure\",\"type\":\"macro\"},\"hostname\":\"modal\"}, 2026-03-08 13:47:59, ?, log, a1401a1a-671d-4ab9-ae9f-328113636c1d), (a1401a1a-9728-4021-84df-72887ccaf059, {\"command\":\"rpc:test-authentication\",\"exit_code\":1,\"arguments\":{\"command\":\"rpc:test-authentication\"},\"options\":{\"service\":\"user-service\",\"timeout\":\"2\",\"help\":false,\"silent\":false,\"quiet\":false,\"verbose\":false,\"version\":false,\"ansi\":null,\"no-interaction\":false,\"env\":null},\"hostname\":\"modal\"}, 2026-03-08 13:47:59, ?, command, a1401a1a-967f-42f6-852d-ae5f37caaa4a)) at /tmp/abdoElHodaky/larvrevrstender/services/auth-service/vendor/laravel/framework/src/Illuminate/Database/Connection.php:838)
[stacktrace]
#0 /tmp/abdoElHodaky/larvrevrstender/services/auth-service/vendor/laravel/framework/src/Illuminate/Database/Connection.php(794): Illuminate\\Database\\Connection->runQueryCallback()
#1 /tmp/abdoElHodaky/larvrevrstender/services/auth-service/vendor/laravel/framework/src/Illuminate/Database/Connection.php(573): Illuminate\\Database\\Connection->run()
#2 /tmp/abdoElHodaky/larvrevrstender/services/auth-service/vendor/laravel/framework/src/Illuminate/Database/Connection.php(537): Illuminate\\Database\\Connection->statement()
#3 /tmp/abdoElHodaky/larvrevrstender/services/auth-service/vendor/laravel/framework/src/Illuminate/Database/Query/Builder.php(4091): Illuminate\\Database\\Connection->insert()
#4 /tmp/abdoElHodaky/larvrevrstender/services/auth-service/vendor/laravel/telescope/src/Storage/DatabaseEntriesRepository.php(145): Illuminate\\Database\\Query\\Builder->insert()
#5 /tmp/abdoElHodaky/larvrevrstender/services/auth-service/vendor/laravel/framework/src/Illuminate/Collections/Traits/EnumeratesValues.php(275): Laravel\\Telescope\\Storage\\DatabaseEntriesRepository->Laravel\\Telescope\\Storage\\{closure}()
#6 /tmp/abdoElHodaky/larvrevrstender/services/auth-service/vendor/laravel/telescope/src/Storage/DatabaseEntriesRepository.php(144): Illuminate\\Support\\Collection->each()
#7 /tmp/abdoElHodaky/larvrevrstender/services/auth-service/vendor/laravel/telescope/src/Telescope.php(664): Laravel\\Telescope\\Storage\\DatabaseEntriesRepository->store()
#8 [internal function]: Laravel\\Telescope\\Telescope::Laravel\\Telescope\\{closure}()
#9 /tmp/abdoElHodaky/larvrevrstender/services/auth-service/vendor/laravel/telescope/src/Telescope.php(289): call_user_func()
#10 /tmp/abdoElHodaky/larvrevrstender/services/auth-service/vendor/laravel/telescope/src/Telescope.php(656): Laravel\\Telescope\\Telescope::withoutRecording()
#11 /tmp/abdoElHodaky/larvrevrstender/services/auth-service/vendor/laravel/telescope/src/ListensForStorageOpportunities.php(65): Laravel\\Telescope\\Telescope::store()
#12 /tmp/abdoElHodaky/larvrevrstender/services/auth-service/vendor/laravel/framework/src/Illuminate/Container/BoundMethod.php(36): Laravel\\Telescope\\Telescope::Laravel\\Telescope\\{closure}()
#13 /tmp/abdoElHodaky/larvrevrstender/services/auth-service/vendor/laravel/framework/src/Illuminate/Container/Util.php(43): Illuminate\\Container\\BoundMethod::Illuminate\\Container\\{closure}()
#14 /tmp/abdoElHodaky/larvrevrstender/services/auth-service/vendor/laravel/framework/src/Illuminate/Container/BoundMethod.php(84): Illuminate\\Container\\Util::unwrapIfClosure()
#15 /tmp/abdoElHodaky/larvrevrstender/services/auth-service/vendor/laravel/framework/src/Illuminate/Container/BoundMethod.php(35): Illuminate\\Container\\BoundMethod::callBoundMethod()
#16 /tmp/abdoElHodaky/larvrevrstender/services/auth-service/vendor/laravel/framework/src/Illuminate/Container/Container.php(799): Illuminate\\Container\\BoundMethod::call()
#17 /tmp/abdoElHodaky/larvrevrstender/services/auth-service/vendor/laravel/framework/src/Illuminate/Foundation/Application.php(1466): Illuminate\\Container\\Container->call()
#18 /tmp/abdoElHodaky/larvrevrstender/services/auth-service/vendor/laravel/framework/src/Illuminate/Foundation/Console/Kernel.php(219): Illuminate\\Foundation\\Application->terminate()
#19 /tmp/abdoElHodaky/larvrevrstender/services/auth-service/artisan(51): Illuminate\\Foundation\\Console\\Kernel->terminate()
#20 {main}

[previous exception] [object] (PDOException(code: 7): SQLSTATE[08006] [7] connection to server at \"127.0.0.1\", port 5432 failed: Connection refused
\tIs the server running on that host and accepting TCP/IP connections? at /tmp/abdoElHodaky/larvrevrstender/services/auth-service/vendor/laravel/framework/src/Illuminate/Database/Connectors/Connector.php:66)
[stacktrace]
#0 /tmp/abdoElHodaky/larvrevrstender/services/auth-service/vendor/laravel/framework/src/Illuminate/Database/Connectors/Connector.php(66): PDO->__construct()
#1 /tmp/abdoElHodaky/larvrevrstender/services/auth-service/vendor/laravel/framework/src/Illuminate/Database/Connectors/Connector.php(44): Illuminate\\Database\\Connectors\\Connector->createPdoConnection()
#2 /tmp/abdoElHodaky/larvrevrstender/services/auth-service/vendor/laravel/framework/src/Illuminate/Database/Connectors/PostgresConnector.php(35): Illuminate\\Database\\Connectors\\Connector->createConnection()
#3 /tmp/abdoElHodaky/larvrevrstender/services/auth-service/vendor/laravel/framework/src/Illuminate/Database/Connectors/ConnectionFactory.php(186): Illuminate\\Database\\Connectors\\PostgresConnector->connect()
#4 [internal function]: Illuminate\\Database\\Connectors\\ConnectionFactory->Illuminate\\Database\\Connectors\\{closure}()
#5 /tmp/abdoElHodaky/larvrevrstender/services/auth-service/vendor/laravel/framework/src/Illuminate/Database/Connection.php(1257): call_user_func()
#6 /tmp/abdoElHodaky/larvrevrstender/services/auth-service/vendor/laravel/framework/src/Illuminate/Database/Connection.php(578): Illuminate\\Database\\Connection->getPdo()
#7 /tmp/abdoElHodaky/larvrevrstender/services/auth-service/vendor/laravel/framework/src/Illuminate/Database/Connection.php(827): Illuminate\\Database\\Connection->Illuminate\\Database\\{closure}()
#8 /tmp/abdoElHodaky/larvrevrstender/services/auth-service/vendor/laravel/framework/src/Illuminate/Database/Connection.php(794): Illuminate\\Database\\Connection->runQueryCallback()
#9 /tmp/abdoElHodaky/larvrevrstender/services/auth-service/vendor/laravel/framework/src/Illuminate/Database/Connection.php(573): Illuminate\\Database\\Connection->run()
#10 /tmp/abdoElHodaky/larvrevrstender/services/auth-service/vendor/laravel/framework/src/Illuminate/Database/Connection.php(537): Illuminate\\Database\\Connection->statement()
#11 /tmp/abdoElHodaky/larvrevrstender/services/auth-service/vendor/laravel/framework/src/Illuminate/Database/Query/Builder.php(4091): Illuminate\\Database\\Connection->insert()
#12 /tmp/abdoElHodaky/larvrevrstender/services/auth-service/vendor/laravel/telescope/src/Storage/DatabaseEntriesRepository.php(145): Illuminate\\Database\\Query\\Builder->insert()
#13 /tmp/abdoElHodaky/larvrevrstender/services/auth-service/vendor/laravel/framework/src/Illuminate/Collections/Traits/EnumeratesValues.php(275): Laravel\\Telescope\\Storage\\DatabaseEntriesRepository->Laravel\\Telescope\\Storage\\{closure}()
#14 /tmp/abdoElHodaky/larvrevrstender/services/auth-service/vendor/laravel/telescope/src/Storage/DatabaseEntriesRepository.php(144): Illuminate\\Support\\Collection->each()
#15 /tmp/abdoElHodaky/larvrevrstender/services/auth-service/vendor/laravel/telescope/src/Telescope.php(664): Laravel\\Telescope\\Storage\\DatabaseEntriesRepository->store()
#16 [internal function]: Laravel\\Telescope\\Telescope::Laravel\\Telescope\\{closure}()
#17 /tmp/abdoElHodaky/larvrevrstender/services/auth-service/vendor/laravel/telescope/src/Telescope.php(289): call_user_func()
#18 /tmp/abdoElHodaky/larvrevrstender/services/auth-service/vendor/laravel/telescope/src/Telescope.php(656): Laravel\\Telescope\\Telescope::withoutRecording()
#19 /tmp/abdoElHodaky/larvrevrstender/services/auth-service/vendor/laravel/telescope/src/ListensForStorageOpportunities.php(65): Laravel\\Telescope\\Telescope::store()
#20 /tmp/abdoElHodaky/larvrevrstender/services/auth-service/vendor/laravel/framework/src/Illuminate/Container/BoundMethod.php(36): Laravel\\Telescope\\Telescope::Laravel\\Telescope\\{closure}()
#21 /tmp/abdoElHodaky/larvrevrstender/services/auth-service/vendor/laravel/framework/src/Illuminate/Container/Util.php(43): Illuminate\\Container\\BoundMethod::Illuminate\\Container\\{closure}()
#22 /tmp/abdoElHodaky/larvrevrstender/services/auth-service/vendor/laravel/framework/src/Illuminate/Container/BoundMethod.php(84): Illuminate\\Container\\Util::unwrapIfClosure()
#23 /tmp/abdoElHodaky/larvrevrstender/services/auth-service/vendor/laravel/framework/src/Illuminate/Container/BoundMethod.php(35): Illuminate\\Container\\BoundMethod::callBoundMethod()
#24 /tmp/abdoElHodaky/larvrevrstender/services/auth-service/vendor/laravel/framework/src/Illuminate/Container/Container.php(799): Illuminate\\Container\\BoundMethod::call()
#25 /tmp/abdoElHodaky/larvrevrstender/services/auth-service/vendor/laravel/framework/src/Illuminate/Foundation/Application.php(1466): Illuminate\\Container\\Container->call()
#26 /tmp/abdoElHodaky/larvrevrstender/services/auth-service/vendor/laravel/framework/src/Illuminate/Foundation/Console/Kernel.php(219): Illuminate\\Foundation\\Application->terminate()
#27 /tmp/abdoElHodaky/larvrevrstender/services/auth-service/artisan(51): Illuminate\\Foundation\\Console\\Kernel->terminate()
#28 {main}
"} 
[2026-03-08 13:47:59] local.INFO: Procedure registered {"name":"events","class":"Shared\\Procedures\\CrossServiceProcedure","type":"micro"} 
[2026-03-08 13:47:59] local.INFO: Procedure registered {"name":"cache","class":"Shared\\Procedures\\CrossServiceProcedure","type":"micro"} 
[2026-03-08 13:47:59] local.INFO: Procedure registered {"name":"notification","class":"Shared\\Procedures\\CrossServiceProcedure","type":"micro"} 
[2026-03-08 13:47:59] local.INFO: Procedure registered {"name":"validation","class":"Shared\\Procedures\\CrossServiceProcedure","type":"micro"} 
[2026-03-08 13:47:59] local.INFO: Procedure registered {"name":"security","class":"Shared\\Procedures\\CrossServiceProcedure","type":"micro"} 
[2026-03-08 13:47:59] local.INFO: Procedure registered {"name":"circuit_breaker","class":"Shared\\Procedures\\CrossServiceProcedure","type":"micro"} 
[2026-03-08 13:47:59] local.INFO: Procedure registered {"name":"queue_circuit_breaker","class":"Shared\\Procedures\\CrossServiceProcedure","type":"micro"} 
[2026-03-08 13:47:59] local.INFO: Procedure registered {"name":"third_party_integration","class":"Shared\\Procedures\\CrossServiceProcedure","type":"micro"} 
[2026-03-08 13:47:59] local.INFO: Procedure registered {"name":"workflow","class":"Shared\\Procedures\\CrossServiceProcedure","type":"macro"} 
[2026-03-08 13:47:59] local.ERROR: SQLSTATE[08006] [7] connection to server at "127.0.0.1", port 5432 failed: Connection refused
	Is the server running on that host and accepting TCP/IP connections? (Connection: pgsql, Host: 127.0.0.1, Port: 5432, Database: auth_service, SQL: insert into "telescope_entries" ("batch_id", "content", "created_at", "family_hash", "type", "uuid") values (a1401a1b-449d-4615-aaea-f14600610d03, {"level":"info","message":"Procedure registered","context":{"name":"events","class":"Shared\\Procedures\\CrossServiceProcedure","type":"micro"},"hostname":"modal"}, 2026-03-08 13:47:59, ?, log, a1401a1b-14d2-48d0-8669-4c0d408b9d55), (a1401a1b-449d-4615-aaea-f14600610d03, {"level":"info","message":"Procedure registered","context":{"name":"cache","class":"Shared\\Procedures\\CrossServiceProcedure","type":"micro"},"hostname":"modal"}, 2026-03-08 13:47:59, ?, log, a1401a1b-16f1-4d28-99e5-8a9f327c605f), (a1401a1b-449d-4615-aaea-f14600610d03, {"level":"info","message":"Procedure registered","context":{"name":"notification","class":"Shared\\Procedures\\CrossServiceProcedure","type":"micro"},"hostname":"modal"}, 2026-03-08 13:47:59, ?, log, a1401a1b-1750-4fcf-8d34-ebc789602a5e), (a1401a1b-449d-4615-aaea-f14600610d03, {"level":"info","message":"Procedure registered","context":{"name":"validation","class":"Shared\\Procedures\\CrossServiceProcedure","type":"micro"},"hostname":"modal"}, 2026-03-08 13:47:59, ?, log, a1401a1b-17a1-49e8-aeb5-0dea0e23180b), (a1401a1b-449d-4615-aaea-f14600610d03, {"level":"info","message":"Procedure registered","context":{"name":"security","class":"Shared\\Procedures\\CrossServiceProcedure","type":"micro"},"hostname":"modal"}, 2026-03-08 13:47:59, ?, log, a1401a1b-17e7-493d-82bc-516451197cad), (a1401a1b-449d-4615-aaea-f14600610d03, {"level":"info","message":"Procedure registered","context":{"name":"circuit_breaker","class":"Shared\\Procedures\\CrossServiceProcedure","type":"micro"},"hostname":"modal"}, 2026-03-08 13:47:59, ?, log, a1401a1b-183e-4ee4-9f35-43042ea2b73b), (a1401a1b-449d-4615-aaea-f14600610d03, {"level":"info","message":"Procedure registered","context":{"name":"queue_circuit_breaker","class":"Shared\\Procedures\\CrossServiceProcedure","type":"micro"},"hostname":"modal"}, 2026-03-08 13:47:59, ?, log, a1401a1b-188c-4fe3-98e0-fc452c97c13f), (a1401a1b-449d-4615-aaea-f14600610d03, {"level":"info","message":"Procedure registered","context":{"name":"third_party_integration","class":"Shared\\Procedures\\CrossServiceProcedure","type":"micro"},"hostname":"modal"}, 2026-03-08 13:47:59, ?, log, a1401a1b-18d0-416f-a13c-11d3248dac84), (a1401a1b-449d-4615-aaea-f14600610d03, {"level":"info","message":"Procedure registered","context":{"name":"workflow","class":"Shared\\Procedures\\CrossServiceProcedure","type":"macro"},"hostname":"modal"}, 2026-03-08 13:47:59, ?, log, a1401a1b-1921-4435-a2c9-3dd14bf3de67), (a1401a1b-449d-4615-aaea-f14600610d03, {"command":"rpc:test-authentication","exit_code":1,"arguments":{"command":"rpc:test-authentication"},"options":{"service":"auction-service","timeout":"2","help":false,"silent":false,"quiet":false,"verbose":false,"version":false,"ansi":null,"no-interaction":false,"env":null},"hostname":"modal"}, 2026-03-08 13:47:59, ?, command, a1401a1b-43e7-471c-98a2-205a7bd6ec45)) {"exception":"[object] (Illuminate\\Database\\QueryException(code: 7): SQLSTATE[08006] [7] connection to server at \"127.0.0.1\", port 5432 failed: Connection refused
\tIs the server running on that host and accepting TCP/IP connections? (Connection: pgsql, Host: 127.0.0.1, Port: 5432, Database: auth_service, SQL: insert into \"telescope_entries\" (\"batch_id\", \"content\", \"created_at\", \"family_hash\", \"type\", \"uuid\") values (a1401a1b-449d-4615-aaea-f14600610d03, {\"level\":\"info\",\"message\":\"Procedure registered\",\"context\":{\"name\":\"events\",\"class\":\"Shared\\\\Procedures\\\\CrossServiceProcedure\",\"type\":\"micro\"},\"hostname\":\"modal\"}, 2026-03-08 13:47:59, ?, log, a1401a1b-14d2-48d0-8669-4c0d408b9d55), (a1401a1b-449d-4615-aaea-f14600610d03, {\"level\":\"info\",\"message\":\"Procedure registered\",\"context\":{\"name\":\"cache\",\"class\":\"Shared\\\\Procedures\\\\CrossServiceProcedure\",\"type\":\"micro\"},\"hostname\":\"modal\"}, 2026-03-08 13:47:59, ?, log, a1401a1b-16f1-4d28-99e5-8a9f327c605f), (a1401a1b-449d-4615-aaea-f14600610d03, {\"level\":\"info\",\"message\":\"Procedure registered\",\"context\":{\"name\":\"notification\",\"class\":\"Shared\\\\Procedures\\\\CrossServiceProcedure\",\"type\":\"micro\"},\"hostname\":\"modal\"}, 2026-03-08 13:47:59, ?, log, a1401a1b-1750-4fcf-8d34-ebc789602a5e), (a1401a1b-449d-4615-aaea-f14600610d03, {\"level\":\"info\",\"message\":\"Procedure registered\",\"context\":{\"name\":\"validation\",\"class\":\"Shared\\\\Procedures\\\\CrossServiceProcedure\",\"type\":\"micro\"},\"hostname\":\"modal\"}, 2026-03-08 13:47:59, ?, log, a1401a1b-17a1-49e8-aeb5-0dea0e23180b), (a1401a1b-449d-4615-aaea-f14600610d03, {\"level\":\"info\",\"message\":\"Procedure registered\",\"context\":{\"name\":\"security\",\"class\":\"Shared\\\\Procedures\\\\CrossServiceProcedure\",\"type\":\"micro\"},\"hostname\":\"modal\"}, 2026-03-08 13:47:59, ?, log, a1401a1b-17e7-493d-82bc-516451197cad), (a1401a1b-449d-4615-aaea-f14600610d03, {\"level\":\"info\",\"message\":\"Procedure registered\",\"context\":{\"name\":\"circuit_breaker\",\"class\":\"Shared\\\\Procedures\\\\CrossServiceProcedure\",\"type\":\"micro\"},\"hostname\":\"modal\"}, 2026-03-08 13:47:59, ?, log, a1401a1b-183e-4ee4-9f35-43042ea2b73b), (a1401a1b-449d-4615-aaea-f14600610d03, {\"level\":\"info\",\"message\":\"Procedure registered\",\"context\":{\"name\":\"queue_circuit_breaker\",\"class\":\"Shared\\\\Procedures\\\\CrossServiceProcedure\",\"type\":\"micro\"},\"hostname\":\"modal\"}, 2026-03-08 13:47:59, ?, log, a1401a1b-188c-4fe3-98e0-fc452c97c13f), (a1401a1b-449d-4615-aaea-f14600610d03, {\"level\":\"info\",\"message\":\"Procedure registered\",\"context\":{\"name\":\"third_party_integration\",\"class\":\"Shared\\\\Procedures\\\\CrossServiceProcedure\",\"type\":\"micro\"},\"hostname\":\"modal\"}, 2026-03-08 13:47:59, ?, log, a1401a1b-18d0-416f-a13c-11d3248dac84), (a1401a1b-449d-4615-aaea-f14600610d03, {\"level\":\"info\",\"message\":\"Procedure registered\",\"context\":{\"name\":\"workflow\",\"class\":\"Shared\\\\Procedures\\\\CrossServiceProcedure\",\"type\":\"macro\"},\"hostname\":\"modal\"}, 2026-03-08 13:47:59, ?, log, a1401a1b-1921-4435-a2c9-3dd14bf3de67), (a1401a1b-449d-4615-aaea-f14600610d03, {\"command\":\"rpc:test-authentication\",\"exit_code\":1,\"arguments\":{\"command\":\"rpc:test-authentication\"},\"options\":{\"service\":\"auction-service\",\"timeout\":\"2\",\"help\":false,\"silent\":false,\"quiet\":false,\"verbose\":false,\"version\":false,\"ansi\":null,\"no-interaction\":false,\"env\":null},\"hostname\":\"modal\"}, 2026-03-08 13:47:59, ?, command, a1401a1b-43e7-471c-98a2-205a7bd6ec45)) at /tmp/abdoElHodaky/larvrevrstender/services/auth-service/vendor/laravel/framework/src/Illuminate/Database/Connection.php:838)
[stacktrace]
#0 /tmp/abdoElHodaky/larvrevrstender/services/auth-service/vendor/laravel/framework/src/Illuminate/Database/Connection.php(794): Illuminate\\Database\\Connection->runQueryCallback()
#1 /tmp/abdoElHodaky/larvrevrstender/services/auth-service/vendor/laravel/framework/src/Illuminate/Database/Connection.php(573): Illuminate\\Database\\Connection->run()
#2 /tmp/abdoElHodaky/larvrevrstender/services/auth-service/vendor/laravel/framework/src/Illuminate/Database/Connection.php(537): Illuminate\\Database\\Connection->statement()
#3 /tmp/abdoElHodaky/larvrevrstender/services/auth-service/vendor/laravel/framework/src/Illuminate/Database/Query/Builder.php(4091): Illuminate\\Database\\Connection->insert()
#4 /tmp/abdoElHodaky/larvrevrstender/services/auth-service/vendor/laravel/telescope/src/Storage/DatabaseEntriesRepository.php(145): Illuminate\\Database\\Query\\Builder->insert()
#5 /tmp/abdoElHodaky/larvrevrstender/services/auth-service/vendor/laravel/framework/src/Illuminate/Collections/Traits/EnumeratesValues.php(275): Laravel\\Telescope\\Storage\\DatabaseEntriesRepository->Laravel\\Telescope\\Storage\\{closure}()
#6 /tmp/abdoElHodaky/larvrevrstender/services/auth-service/vendor/laravel/telescope/src/Storage/DatabaseEntriesRepository.php(144): Illuminate\\Support\\Collection->each()
#7 /tmp/abdoElHodaky/larvrevrstender/services/auth-service/vendor/laravel/telescope/src/Telescope.php(664): Laravel\\Telescope\\Storage\\DatabaseEntriesRepository->store()
#8 [internal function]: Laravel\\Telescope\\Telescope::Laravel\\Telescope\\{closure}()
#9 /tmp/abdoElHodaky/larvrevrstender/services/auth-service/vendor/laravel/telescope/src/Telescope.php(289): call_user_func()
#10 /tmp/abdoElHodaky/larvrevrstender/services/auth-service/vendor/laravel/telescope/src/Telescope.php(656): Laravel\\Telescope\\Telescope::withoutRecording()
#11 /tmp/abdoElHodaky/larvrevrstender/services/auth-service/vendor/laravel/telescope/src/ListensForStorageOpportunities.php(65): Laravel\\Telescope\\Telescope::store()
#12 /tmp/abdoElHodaky/larvrevrstender/services/auth-service/vendor/laravel/framework/src/Illuminate/Container/BoundMethod.php(36): Laravel\\Telescope\\Telescope::Laravel\\Telescope\\{closure}()
#13 /tmp/abdoElHodaky/larvrevrstender/services/auth-service/vendor/laravel/framework/src/Illuminate/Container/Util.php(43): Illuminate\\Container\\BoundMethod::Illuminate\\Container\\{closure}()
#14 /tmp/abdoElHodaky/larvrevrstender/services/auth-service/vendor/laravel/framework/src/Illuminate/Container/BoundMethod.php(84): Illuminate\\Container\\Util::unwrapIfClosure()
#15 /tmp/abdoElHodaky/larvrevrstender/services/auth-service/vendor/laravel/framework/src/Illuminate/Container/BoundMethod.php(35): Illuminate\\Container\\BoundMethod::callBoundMethod()
#16 /tmp/abdoElHodaky/larvrevrstender/services/auth-service/vendor/laravel/framework/src/Illuminate/Container/Container.php(799): Illuminate\\Container\\BoundMethod::call()
#17 /tmp/abdoElHodaky/larvrevrstender/services/auth-service/vendor/laravel/framework/src/Illuminate/Foundation/Application.php(1466): Illuminate\\Container\\Container->call()
#18 /tmp/abdoElHodaky/larvrevrstender/services/auth-service/vendor/laravel/framework/src/Illuminate/Foundation/Console/Kernel.php(219): Illuminate\\Foundation\\Application->terminate()
#19 /tmp/abdoElHodaky/larvrevrstender/services/auth-service/artisan(51): Illuminate\\Foundation\\Console\\Kernel->terminate()
#20 {main}

[previous exception] [object] (PDOException(code: 7): SQLSTATE[08006] [7] connection to server at \"127.0.0.1\", port 5432 failed: Connection refused
\tIs the server running on that host and accepting TCP/IP connections? at /tmp/abdoElHodaky/larvrevrstender/services/auth-service/vendor/laravel/framework/src/Illuminate/Database/Connectors/Connector.php:66)
[stacktrace]
#0 /tmp/abdoElHodaky/larvrevrstender/services/auth-service/vendor/laravel/framework/src/Illuminate/Database/Connectors/Connector.php(66): PDO->__construct()
#1 /tmp/abdoElHodaky/larvrevrstender/services/auth-service/vendor/laravel/framework/src/Illuminate/Database/Connectors/Connector.php(44): Illuminate\\Database\\Connectors\\Connector->createPdoConnection()
#2 /tmp/abdoElHodaky/larvrevrstender/services/auth-service/vendor/laravel/framework/src/Illuminate/Database/Connectors/PostgresConnector.php(35): Illuminate\\Database\\Connectors\\Connector->createConnection()
#3 /tmp/abdoElHodaky/larvrevrstender/services/auth-service/vendor/laravel/framework/src/Illuminate/Database/Connectors/ConnectionFactory.php(186): Illuminate\\Database\\Connectors\\PostgresConnector->connect()
#4 [internal function]: Illuminate\\Database\\Connectors\\ConnectionFactory->Illuminate\\Database\\Connectors\\{closure}()
#5 /tmp/abdoElHodaky/larvrevrstender/services/auth-service/vendor/laravel/framework/src/Illuminate/Database/Connection.php(1257): call_user_func()
#6 /tmp/abdoElHodaky/larvrevrstender/services/auth-service/vendor/laravel/framework/src/Illuminate/Database/Connection.php(578): Illuminate\\Database\\Connection->getPdo()
#7 /tmp/abdoElHodaky/larvrevrstender/services/auth-service/vendor/laravel/framework/src/Illuminate/Database/Connection.php(827): Illuminate\\Database\\Connection->Illuminate\\Database\\{closure}()
#8 /tmp/abdoElHodaky/larvrevrstender/services/auth-service/vendor/laravel/framework/src/Illuminate/Database/Connection.php(794): Illuminate\\Database\\Connection->runQueryCallback()
#9 /tmp/abdoElHodaky/larvrevrstender/services/auth-service/vendor/laravel/framework/src/Illuminate/Database/Connection.php(573): Illuminate\\Database\\Connection->run()
#10 /tmp/abdoElHodaky/larvrevrstender/services/auth-service/vendor/laravel/framework/src/Illuminate/Database/Connection.php(537): Illuminate\\Database\\Connection->statement()
#11 /tmp/abdoElHodaky/larvrevrstender/services/auth-service/vendor/laravel/framework/src/Illuminate/Database/Query/Builder.php(4091): Illuminate\\Database\\Connection->insert()
#12 /tmp/abdoElHodaky/larvrevrstender/services/auth-service/vendor/laravel/telescope/src/Storage/DatabaseEntriesRepository.php(145): Illuminate\\Database\\Query\\Builder->insert()
#13 /tmp/abdoElHodaky/larvrevrstender/services/auth-service/vendor/laravel/framework/src/Illuminate/Collections/Traits/EnumeratesValues.php(275): Laravel\\Telescope\\Storage\\DatabaseEntriesRepository->Laravel\\Telescope\\Storage\\{closure}()
#14 /tmp/abdoElHodaky/larvrevrstender/services/auth-service/vendor/laravel/telescope/src/Storage/DatabaseEntriesRepository.php(144): Illuminate\\Support\\Collection->each()
#15 /tmp/abdoElHodaky/larvrevrstender/services/auth-service/vendor/laravel/telescope/src/Telescope.php(664): Laravel\\Telescope\\Storage\\DatabaseEntriesRepository->store()
#16 [internal function]: Laravel\\Telescope\\Telescope::Laravel\\Telescope\\{closure}()
#17 /tmp/abdoElHodaky/larvrevrstender/services/auth-service/vendor/laravel/telescope/src/Telescope.php(289): call_user_func()
#18 /tmp/abdoElHodaky/larvrevrstender/services/auth-service/vendor/laravel/telescope/src/Telescope.php(656): Laravel\\Telescope\\Telescope::withoutRecording()
#19 /tmp/abdoElHodaky/larvrevrstender/services/auth-service/vendor/laravel/telescope/src/ListensForStorageOpportunities.php(65): Laravel\\Telescope\\Telescope::store()
#20 /tmp/abdoElHodaky/larvrevrstender/services/auth-service/vendor/laravel/framework/src/Illuminate/Container/BoundMethod.php(36): Laravel\\Telescope\\Telescope::Laravel\\Telescope\\{closure}()
#21 /tmp/abdoElHodaky/larvrevrstender/services/auth-service/vendor/laravel/framework/src/Illuminate/Container/Util.php(43): Illuminate\\Container\\BoundMethod::Illuminate\\Container\\{closure}()
#22 /tmp/abdoElHodaky/larvrevrstender/services/auth-service/vendor/laravel/framework/src/Illuminate/Container/BoundMethod.php(84): Illuminate\\Container\\Util::unwrapIfClosure()
#23 /tmp/abdoElHodaky/larvrevrstender/services/auth-service/vendor/laravel/framework/src/Illuminate/Container/BoundMethod.php(35): Illuminate\\Container\\BoundMethod::callBoundMethod()
#24 /tmp/abdoElHodaky/larvrevrstender/services/auth-service/vendor/laravel/framework/src/Illuminate/Container/Container.php(799): Illuminate\\Container\\BoundMethod::call()
#25 /tmp/abdoElHodaky/larvrevrstender/services/auth-service/vendor/laravel/framework/src/Illuminate/Foundation/Application.php(1466): Illuminate\\Container\\Container->call()
#26 /tmp/abdoElHodaky/larvrevrstender/services/auth-service/vendor/laravel/framework/src/Illuminate/Foundation/Console/Kernel.php(219): Illuminate\\Foundation\\Application->terminate()
#27 /tmp/abdoElHodaky/larvrevrstender/services/auth-service/artisan(51): Illuminate\\Foundation\\Console\\Kernel->terminate()
#28 {main}
"} 
[2026-03-08 13:48:00] local.INFO: Procedure registered {"name":"events","class":"Shared\\Procedures\\CrossServiceProcedure","type":"micro"} 
[2026-03-08 13:48:00] local.INFO: Procedure registered {"name":"cache","class":"Shared\\Procedures\\CrossServiceProcedure","type":"micro"} 
[2026-03-08 13:48:00] local.INFO: Procedure registered {"name":"notification","class":"Shared\\Procedures\\CrossServiceProcedure","type":"micro"} 
[2026-03-08 13:48:00] local.INFO: Procedure registered {"name":"validation","class":"Shared\\Procedures\\CrossServiceProcedure","type":"micro"} 
[2026-03-08 13:48:00] local.INFO: Procedure registered {"name":"security","class":"Shared\\Procedures\\CrossServiceProcedure","type":"micro"} 
[2026-03-08 13:48:00] local.INFO: Procedure registered {"name":"circuit_breaker","class":"Shared\\Procedures\\CrossServiceProcedure","type":"micro"} 
[2026-03-08 13:48:00] local.INFO: Procedure registered {"name":"queue_circuit_breaker","class":"Shared\\Procedures\\CrossServiceProcedure","type":"micro"} 
[2026-03-08 13:48:00] local.INFO: Procedure registered {"name":"third_party_integration","class":"Shared\\Procedures\\CrossServiceProcedure","type":"micro"} 
[2026-03-08 13:48:00] local.INFO: Procedure registered {"name":"workflow","class":"Shared\\Procedures\\CrossServiceProcedure","type":"macro"} 
[2026-03-08 13:48:00] local.ERROR: SQLSTATE[08006] [7] connection to server at "127.0.0.1", port 5432 failed: Connection refused
	Is the server running on that host and accepting TCP/IP connections? (Connection: pgsql, Host: 127.0.0.1, Port: 5432, Database: auth_service, SQL: insert into "telescope_entries" ("batch_id", "content", "created_at", "family_hash", "type", "uuid") values (a1401a1b-e401-4f9d-953f-6ab712c097de, {"level":"info","message":"Procedure registered","context":{"name":"events","class":"Shared\\Procedures\\CrossServiceProcedure","type":"micro"},"hostname":"modal"}, 2026-03-08 13:48:00, ?, log, a1401a1b-bbbb-4ae7-9eee-7d72576efc89), (a1401a1b-e401-4f9d-953f-6ab712c097de, {"level":"info","message":"Procedure registered","context":{"name":"cache","class":"Shared\\Procedures\\CrossServiceProcedure","type":"micro"},"hostname":"modal"}, 2026-03-08 13:48:00, ?, log, a1401a1b-bd7f-47e5-b9b9-cb535028941d), (a1401a1b-e401-4f9d-953f-6ab712c097de, {"level":"info","message":"Procedure registered","context":{"name":"notification","class":"Shared\\Procedures\\CrossServiceProcedure","type":"micro"},"hostname":"modal"}, 2026-03-08 13:48:00, ?, log, a1401a1b-bdc2-4919-873f-f0c9fd67fd32), (a1401a1b-e401-4f9d-953f-6ab712c097de, {"level":"info","message":"Procedure registered","context":{"name":"validation","class":"Shared\\Procedures\\CrossServiceProcedure","type":"micro"},"hostname":"modal"}, 2026-03-08 13:48:00, ?, log, a1401a1b-bdfe-4793-8804-58449c21b15e), (a1401a1b-e401-4f9d-953f-6ab712c097de, {"level":"info","message":"Procedure registered","context":{"name":"security","class":"Shared\\Procedures\\CrossServiceProcedure","type":"micro"},"hostname":"modal"}, 2026-03-08 13:48:00, ?, log, a1401a1b-be37-4948-aeb5-a42cc36ca8b9), (a1401a1b-e401-4f9d-953f-6ab712c097de, {"level":"info","message":"Procedure registered","context":{"name":"circuit_breaker","class":"Shared\\Procedures\\CrossServiceProcedure","type":"micro"},"hostname":"modal"}, 2026-03-08 13:48:00, ?, log, a1401a1b-be71-4c12-96a1-3d60030fa029), (a1401a1b-e401-4f9d-953f-6ab712c097de, {"level":"info","message":"Procedure registered","context":{"name":"queue_circuit_breaker","class":"Shared\\Procedures\\CrossServiceProcedure","type":"micro"},"hostname":"modal"}, 2026-03-08 13:48:00, ?, log, a1401a1b-beab-43a8-8513-7492dc7a9fe2), (a1401a1b-e401-4f9d-953f-6ab712c097de, {"level":"info","message":"Procedure registered","context":{"name":"third_party_integration","class":"Shared\\Procedures\\CrossServiceProcedure","type":"micro"},"hostname":"modal"}, 2026-03-08 13:48:00, ?, log, a1401a1b-bee5-4386-90f4-50f41d4dc585), (a1401a1b-e401-4f9d-953f-6ab712c097de, {"level":"info","message":"Procedure registered","context":{"name":"workflow","class":"Shared\\Procedures\\CrossServiceProcedure","type":"macro"},"hostname":"modal"}, 2026-03-08 13:48:00, ?, log, a1401a1b-bf1c-4170-b81a-7d0bdb6bf494), (a1401a1b-e401-4f9d-953f-6ab712c097de, {"command":"rpc:test-authentication","exit_code":1,"arguments":{"command":"rpc:test-authentication"},"options":{"service":"gateway-service","timeout":"2","help":false,"silent":false,"quiet":false,"verbose":false,"version":false,"ansi":null,"no-interaction":false,"env":null},"hostname":"modal"}, 2026-03-08 13:48:00, ?, command, a1401a1b-e361-40cd-9cc0-c929aaf1219b)) {"exception":"[object] (Illuminate\\Database\\QueryException(code: 7): SQLSTATE[08006] [7] connection to server at \"127.0.0.1\", port 5432 failed: Connection refused
\tIs the server running on that host and accepting TCP/IP connections? (Connection: pgsql, Host: 127.0.0.1, Port: 5432, Database: auth_service, SQL: insert into \"telescope_entries\" (\"batch_id\", \"content\", \"created_at\", \"family_hash\", \"type\", \"uuid\") values (a1401a1b-e401-4f9d-953f-6ab712c097de, {\"level\":\"info\",\"message\":\"Procedure registered\",\"context\":{\"name\":\"events\",\"class\":\"Shared\\\\Procedures\\\\CrossServiceProcedure\",\"type\":\"micro\"},\"hostname\":\"modal\"}, 2026-03-08 13:48:00, ?, log, a1401a1b-bbbb-4ae7-9eee-7d72576efc89), (a1401a1b-e401-4f9d-953f-6ab712c097de, {\"level\":\"info\",\"message\":\"Procedure registered\",\"context\":{\"name\":\"cache\",\"class\":\"Shared\\\\Procedures\\\\CrossServiceProcedure\",\"type\":\"micro\"},\"hostname\":\"modal\"}, 2026-03-08 13:48:00, ?, log, a1401a1b-bd7f-47e5-b9b9-cb535028941d), (a1401a1b-e401-4f9d-953f-6ab712c097de, {\"level\":\"info\",\"message\":\"Procedure registered\",\"context\":{\"name\":\"notification\",\"class\":\"Shared\\\\Procedures\\\\CrossServiceProcedure\",\"type\":\"micro\"},\"hostname\":\"modal\"}, 2026-03-08 13:48:00, ?, log, a1401a1b-bdc2-4919-873f-f0c9fd67fd32), (a1401a1b-e401-4f9d-953f-6ab712c097de, {\"level\":\"info\",\"message\":\"Procedure registered\",\"context\":{\"name\":\"validation\",\"class\":\"Shared\\\\Procedures\\\\CrossServiceProcedure\",\"type\":\"micro\"},\"hostname\":\"modal\"}, 2026-03-08 13:48:00, ?, log, a1401a1b-bdfe-4793-8804-58449c21b15e), (a1401a1b-e401-4f9d-953f-6ab712c097de, {\"level\":\"info\",\"message\":\"Procedure registered\",\"context\":{\"name\":\"security\",\"class\":\"Shared\\\\Procedures\\\\CrossServiceProcedure\",\"type\":\"micro\"},\"hostname\":\"modal\"}, 2026-03-08 13:48:00, ?, log, a1401a1b-be37-4948-aeb5-a42cc36ca8b9), (a1401a1b-e401-4f9d-953f-6ab712c097de, {\"level\":\"info\",\"message\":\"Procedure registered\",\"context\":{\"name\":\"circuit_breaker\",\"class\":\"Shared\\\\Procedures\\\\CrossServiceProcedure\",\"type\":\"micro\"},\"hostname\":\"modal\"}, 2026-03-08 13:48:00, ?, log, a1401a1b-be71-4c12-96a1-3d60030fa029), (a1401a1b-e401-4f9d-953f-6ab712c097de, {\"level\":\"info\",\"message\":\"Procedure registered\",\"context\":{\"name\":\"queue_circuit_breaker\",\"class\":\"Shared\\\\Procedures\\\\CrossServiceProcedure\",\"type\":\"micro\"},\"hostname\":\"modal\"}, 2026-03-08 13:48:00, ?, log, a1401a1b-beab-43a8-8513-7492dc7a9fe2), (a1401a1b-e401-4f9d-953f-6ab712c097de, {\"level\":\"info\",\"message\":\"Procedure registered\",\"context\":{\"name\":\"third_party_integration\",\"class\":\"Shared\\\\Procedures\\\\CrossServiceProcedure\",\"type\":\"micro\"},\"hostname\":\"modal\"}, 2026-03-08 13:48:00, ?, log, a1401a1b-bee5-4386-90f4-50f41d4dc585), (a1401a1b-e401-4f9d-953f-6ab712c097de, {\"level\":\"info\",\"message\":\"Procedure registered\",\"context\":{\"name\":\"workflow\",\"class\":\"Shared\\\\Procedures\\\\CrossServiceProcedure\",\"type\":\"macro\"},\"hostname\":\"modal\"}, 2026-03-08 13:48:00, ?, log, a1401a1b-bf1c-4170-b81a-7d0bdb6bf494), (a1401a1b-e401-4f9d-953f-6ab712c097de, {\"command\":\"rpc:test-authentication\",\"exit_code\":1,\"arguments\":{\"command\":\"rpc:test-authentication\"},\"options\":{\"service\":\"gateway-service\",\"timeout\":\"2\",\"help\":false,\"silent\":false,\"quiet\":false,\"verbose\":false,\"version\":false,\"ansi\":null,\"no-interaction\":false,\"env\":null},\"hostname\":\"modal\"}, 2026-03-08 13:48:00, ?, command, a1401a1b-e361-40cd-9cc0-c929aaf1219b)) at /tmp/abdoElHodaky/larvrevrstender/services/auth-service/vendor/laravel/framework/src/Illuminate/Database/Connection.php:838)
[stacktrace]
#0 /tmp/abdoElHodaky/larvrevrstender/services/auth-service/vendor/laravel/framework/src/Illuminate/Database/Connection.php(794): Illuminate\\Database\\Connection->runQueryCallback()
#1 /tmp/abdoElHodaky/larvrevrstender/services/auth-service/vendor/laravel/framework/src/Illuminate/Database/Connection.php(573): Illuminate\\Database\\Connection->run()
#2 /tmp/abdoElHodaky/larvrevrstender/services/auth-service/vendor/laravel/framework/src/Illuminate/Database/Connection.php(537): Illuminate\\Database\\Connection->statement()
#3 /tmp/abdoElHodaky/larvrevrstender/services/auth-service/vendor/laravel/framework/src/Illuminate/Database/Query/Builder.php(4091): Illuminate\\Database\\Connection->insert()
#4 /tmp/abdoElHodaky/larvrevrstender/services/auth-service/vendor/laravel/telescope/src/Storage/DatabaseEntriesRepository.php(145): Illuminate\\Database\\Query\\Builder->insert()
#5 /tmp/abdoElHodaky/larvrevrstender/services/auth-service/vendor/laravel/framework/src/Illuminate/Collections/Traits/EnumeratesValues.php(275): Laravel\\Telescope\\Storage\\DatabaseEntriesRepository->Laravel\\Telescope\\Storage\\{closure}()
#6 /tmp/abdoElHodaky/larvrevrstender/services/auth-service/vendor/laravel/telescope/src/Storage/DatabaseEntriesRepository.php(144): Illuminate\\Support\\Collection->each()
#7 /tmp/abdoElHodaky/larvrevrstender/services/auth-service/vendor/laravel/telescope/src/Telescope.php(664): Laravel\\Telescope\\Storage\\DatabaseEntriesRepository->store()
#8 [internal function]: Laravel\\Telescope\\Telescope::Laravel\\Telescope\\{closure}()
#9 /tmp/abdoElHodaky/larvrevrstender/services/auth-service/vendor/laravel/telescope/src/Telescope.php(289): call_user_func()
#10 /tmp/abdoElHodaky/larvrevrstender/services/auth-service/vendor/laravel/telescope/src/Telescope.php(656): Laravel\\Telescope\\Telescope::withoutRecording()
#11 /tmp/abdoElHodaky/larvrevrstender/services/auth-service/vendor/laravel/telescope/src/ListensForStorageOpportunities.php(65): Laravel\\Telescope\\Telescope::store()
#12 /tmp/abdoElHodaky/larvrevrstender/services/auth-service/vendor/laravel/framework/src/Illuminate/Container/BoundMethod.php(36): Laravel\\Telescope\\Telescope::Laravel\\Telescope\\{closure}()
#13 /tmp/abdoElHodaky/larvrevrstender/services/auth-service/vendor/laravel/framework/src/Illuminate/Container/Util.php(43): Illuminate\\Container\\BoundMethod::Illuminate\\Container\\{closure}()
#14 /tmp/abdoElHodaky/larvrevrstender/services/auth-service/vendor/laravel/framework/src/Illuminate/Container/BoundMethod.php(84): Illuminate\\Container\\Util::unwrapIfClosure()
#15 /tmp/abdoElHodaky/larvrevrstender/services/auth-service/vendor/laravel/framework/src/Illuminate/Container/BoundMethod.php(35): Illuminate\\Container\\BoundMethod::callBoundMethod()
#16 /tmp/abdoElHodaky/larvrevrstender/services/auth-service/vendor/laravel/framework/src/Illuminate/Container/Container.php(799): Illuminate\\Container\\BoundMethod::call()
#17 /tmp/abdoElHodaky/larvrevrstender/services/auth-service/vendor/laravel/framework/src/Illuminate/Foundation/Application.php(1466): Illuminate\\Container\\Container->call()
#18 /tmp/abdoElHodaky/larvrevrstender/services/auth-service/vendor/laravel/framework/src/Illuminate/Foundation/Console/Kernel.php(219): Illuminate\\Foundation\\Application->terminate()
#19 /tmp/abdoElHodaky/larvrevrstender/services/auth-service/artisan(51): Illuminate\\Foundation\\Console\\Kernel->terminate()
#20 {main}

[previous exception] [object] (PDOException(code: 7): SQLSTATE[08006] [7] connection to server at \"127.0.0.1\", port 5432 failed: Connection refused
\tIs the server running on that host and accepting TCP/IP connections? at /tmp/abdoElHodaky/larvrevrstender/services/auth-service/vendor/laravel/framework/src/Illuminate/Database/Connectors/Connector.php:66)
[stacktrace]
#0 /tmp/abdoElHodaky/larvrevrstender/services/auth-service/vendor/laravel/framework/src/Illuminate/Database/Connectors/Connector.php(66): PDO->__construct()
#1 /tmp/abdoElHodaky/larvrevrstender/services/auth-service/vendor/laravel/framework/src/Illuminate/Database/Connectors/Connector.php(44): Illuminate\\Database\\Connectors\\Connector->createPdoConnection()
#2 /tmp/abdoElHodaky/larvrevrstender/services/auth-service/vendor/laravel/framework/src/Illuminate/Database/Connectors/PostgresConnector.php(35): Illuminate\\Database\\Connectors\\Connector->createConnection()
#3 /tmp/abdoElHodaky/larvrevrstender/services/auth-service/vendor/laravel/framework/src/Illuminate/Database/Connectors/ConnectionFactory.php(186): Illuminate\\Database\\Connectors\\PostgresConnector->connect()
#4 [internal function]: Illuminate\\Database\\Connectors\\ConnectionFactory->Illuminate\\Database\\Connectors\\{closure}()
#5 /tmp/abdoElHodaky/larvrevrstender/services/auth-service/vendor/laravel/framework/src/Illuminate/Database/Connection.php(1257): call_user_func()
#6 /tmp/abdoElHodaky/larvrevrstender/services/auth-service/vendor/laravel/framework/src/Illuminate/Database/Connection.php(578): Illuminate\\Database\\Connection->getPdo()
#7 /tmp/abdoElHodaky/larvrevrstender/services/auth-service/vendor/laravel/framework/src/Illuminate/Database/Connection.php(827): Illuminate\\Database\\Connection->Illuminate\\Database\\{closure}()
#8 /tmp/abdoElHodaky/larvrevrstender/services/auth-service/vendor/laravel/framework/src/Illuminate/Database/Connection.php(794): Illuminate\\Database\\Connection->runQueryCallback()
#9 /tmp/abdoElHodaky/larvrevrstender/services/auth-service/vendor/laravel/framework/src/Illuminate/Database/Connection.php(573): Illuminate\\Database\\Connection->run()
#10 /tmp/abdoElHodaky/larvrevrstender/services/auth-service/vendor/laravel/framework/src/Illuminate/Database/Connection.php(537): Illuminate\\Database\\Connection->statement()
#11 /tmp/abdoElHodaky/larvrevrstender/services/auth-service/vendor/laravel/framework/src/Illuminate/Database/Query/Builder.php(4091): Illuminate\\Database\\Connection->insert()
#12 /tmp/abdoElHodaky/larvrevrstender/services/auth-service/vendor/laravel/telescope/src/Storage/DatabaseEntriesRepository.php(145): Illuminate\\Database\\Query\\Builder->insert()
#13 /tmp/abdoElHodaky/larvrevrstender/services/auth-service/vendor/laravel/framework/src/Illuminate/Collections/Traits/EnumeratesValues.php(275): Laravel\\Telescope\\Storage\\DatabaseEntriesRepository->Laravel\\Telescope\\Storage\\{closure}()
#14 /tmp/abdoElHodaky/larvrevrstender/services/auth-service/vendor/laravel/telescope/src/Storage/DatabaseEntriesRepository.php(144): Illuminate\\Support\\Collection->each()
#15 /tmp/abdoElHodaky/larvrevrstender/services/auth-service/vendor/laravel/telescope/src/Telescope.php(664): Laravel\\Telescope\\Storage\\DatabaseEntriesRepository->store()
#16 [internal function]: Laravel\\Telescope\\Telescope::Laravel\\Telescope\\{closure}()
#17 /tmp/abdoElHodaky/larvrevrstender/services/auth-service/vendor/laravel/telescope/src/Telescope.php(289): call_user_func()
#18 /tmp/abdoElHodaky/larvrevrstender/services/auth-service/vendor/laravel/telescope/src/Telescope.php(656): Laravel\\Telescope\\Telescope::withoutRecording()
#19 /tmp/abdoElHodaky/larvrevrstender/services/auth-service/vendor/laravel/telescope/src/ListensForStorageOpportunities.php(65): Laravel\\Telescope\\Telescope::store()
#20 /tmp/abdoElHodaky/larvrevrstender/services/auth-service/vendor/laravel/framework/src/Illuminate/Container/BoundMethod.php(36): Laravel\\Telescope\\Telescope::Laravel\\Telescope\\{closure}()
#21 /tmp/abdoElHodaky/larvrevrstender/services/auth-service/vendor/laravel/framework/src/Illuminate/Container/Util.php(43): Illuminate\\Container\\BoundMethod::Illuminate\\Container\\{closure}()
#22 /tmp/abdoElHodaky/larvrevrstender/services/auth-service/vendor/laravel/framework/src/Illuminate/Container/BoundMethod.php(84): Illuminate\\Container\\Util::unwrapIfClosure()
#23 /tmp/abdoElHodaky/larvrevrstender/services/auth-service/vendor/laravel/framework/src/Illuminate/Container/BoundMethod.php(35): Illuminate\\Container\\BoundMethod::callBoundMethod()
#24 /tmp/abdoElHodaky/larvrevrstender/services/auth-service/vendor/laravel/framework/src/Illuminate/Container/Container.php(799): Illuminate\\Container\\BoundMethod::call()
#25 /tmp/abdoElHodaky/larvrevrstender/services/auth-service/vendor/laravel/framework/src/Illuminate/Foundation/Application.php(1466): Illuminate\\Container\\Container->call()
#26 /tmp/abdoElHodaky/larvrevrstender/services/auth-service/vendor/laravel/framework/src/Illuminate/Foundation/Console/Kernel.php(219): Illuminate\\Foundation\\Application->terminate()
#27 /tmp/abdoElHodaky/larvrevrstender/services/auth-service/artisan(51): Illuminate\\Foundation\\Console\\Kernel->terminate()
#28 {main}
"} 
[2026-03-08 13:49:31] local.INFO: Procedure registered {"name":"events","class":"Shared\\Procedures\\CrossServiceProcedure","type":"micro"} 
[2026-03-08 13:49:31] local.INFO: Procedure registered {"name":"cache","class":"Shared\\Procedures\\CrossServiceProcedure","type":"micro"} 
[2026-03-08 13:49:31] local.INFO: Procedure registered {"name":"notification","class":"Shared\\Procedures\\CrossServiceProcedure","type":"micro"} 
[2026-03-08 13:49:31] local.INFO: Procedure registered {"name":"validation","class":"Shared\\Procedures\\CrossServiceProcedure","type":"micro"} 
[2026-03-08 13:49:31] local.INFO: Procedure registered {"name":"security","class":"Shared\\Procedures\\CrossServiceProcedure","type":"micro"} 
[2026-03-08 13:49:31] local.INFO: Procedure registered {"name":"circuit_breaker","class":"Shared\\Procedures\\CrossServiceProcedure","type":"micro"} 
[2026-03-08 13:49:31] local.INFO: Procedure registered {"name":"queue_circuit_breaker","class":"Shared\\Procedures\\CrossServiceProcedure","type":"micro"} 
[2026-03-08 13:49:31] local.INFO: Procedure registered {"name":"third_party_integration","class":"Shared\\Procedures\\CrossServiceProcedure","type":"micro"} 
[2026-03-08 13:49:31] local.INFO: Procedure registered {"name":"workflow","class":"Shared\\Procedures\\CrossServiceProcedure","type":"macro"} 
[2026-03-08 13:49:31] local.ERROR: SQLSTATE[08006] [7] connection to server at "127.0.0.1", port 5432 failed: Connection refused
	Is the server running on that host and accepting TCP/IP connections? (Connection: pgsql, Host: 127.0.0.1, Port: 5432, Database: auth_service, SQL: insert into "telescope_entries" ("batch_id", "content", "created_at", "family_hash", "type", "uuid") values (a1401aa7-8467-4e66-a053-9b808881e379, {"level":"info","message":"Procedure registered","context":{"name":"events","class":"Shared\\Procedures\\CrossServiceProcedure","type":"micro"},"hostname":"modal"}, 2026-03-08 13:49:31, ?, log, a1401aa7-5411-4d20-bdb4-edc573d86d73), (a1401aa7-8467-4e66-a053-9b808881e379, {"level":"info","message":"Procedure registered","context":{"name":"cache","class":"Shared\\Procedures\\CrossServiceProcedure","type":"micro"},"hostname":"modal"}, 2026-03-08 13:49:31, ?, log, a1401aa7-583e-4e73-a521-89fe0cc06df7), (a1401aa7-8467-4e66-a053-9b808881e379, {"level":"info","message":"Procedure registered","context":{"name":"notification","class":"Shared\\Procedures\\CrossServiceProcedure","type":"micro"},"hostname":"modal"}, 2026-03-08 13:49:31, ?, log, a1401aa7-5891-41f8-9c41-4c2664179e57), (a1401aa7-8467-4e66-a053-9b808881e379, {"level":"info","message":"Procedure registered","context":{"name":"validation","class":"Shared\\Procedures\\CrossServiceProcedure","type":"micro"},"hostname":"modal"}, 2026-03-08 13:49:31, ?, log, a1401aa7-58cf-4d96-9d48-4e979eb53cad), (a1401aa7-8467-4e66-a053-9b808881e379, {"level":"info","message":"Procedure registered","context":{"name":"security","class":"Shared\\Procedures\\CrossServiceProcedure","type":"micro"},"hostname":"modal"}, 2026-03-08 13:49:31, ?, log, a1401aa7-5909-40ee-9ee1-8bdcae0046ee), (a1401aa7-8467-4e66-a053-9b808881e379, {"level":"info","message":"Procedure registered","context":{"name":"circuit_breaker","class":"Shared\\Procedures\\CrossServiceProcedure","type":"micro"},"hostname":"modal"}, 2026-03-08 13:49:31, ?, log, a1401aa7-5941-4dad-b0e8-067fe775d827), (a1401aa7-8467-4e66-a053-9b808881e379, {"level":"info","message":"Procedure registered","context":{"name":"queue_circuit_breaker","class":"Shared\\Procedures\\CrossServiceProcedure","type":"micro"},"hostname":"modal"}, 2026-03-08 13:49:31, ?, log, a1401aa7-597a-4bd1-a41a-d3b241a3c623), (a1401aa7-8467-4e66-a053-9b808881e379, {"level":"info","message":"Procedure registered","context":{"name":"third_party_integration","class":"Shared\\Procedures\\CrossServiceProcedure","type":"micro"},"hostname":"modal"}, 2026-03-08 13:49:31, ?, log, a1401aa7-59b4-4e53-ab55-53ecce1472e0), (a1401aa7-8467-4e66-a053-9b808881e379, {"level":"info","message":"Procedure registered","context":{"name":"workflow","class":"Shared\\Procedures\\CrossServiceProcedure","type":"macro"},"hostname":"modal"}, 2026-03-08 13:49:31, ?, log, a1401aa7-59ed-40e9-bd1f-f9e6ffc3c487), (a1401aa7-8467-4e66-a053-9b808881e379, {"command":"rpc:rotate-tokens","exit_code":0,"arguments":{"command":"rpc:rotate-tokens"},"options":{"dry-run":true,"force":false,"service":"user-service","expires-in":"8760","backup":false,"help":false,"silent":false,"quiet":false,"verbose":false,"version":false,"ansi":null,"no-interaction":false,"env":null},"hostname":"modal"}, 2026-03-08 13:49:31, ?, command, a1401aa7-83a8-4c03-a8ac-33bba1b50011)) {"exception":"[object] (Illuminate\\Database\\QueryException(code: 7): SQLSTATE[08006] [7] connection to server at \"127.0.0.1\", port 5432 failed: Connection refused
\tIs the server running on that host and accepting TCP/IP connections? (Connection: pgsql, Host: 127.0.0.1, Port: 5432, Database: auth_service, SQL: insert into \"telescope_entries\" (\"batch_id\", \"content\", \"created_at\", \"family_hash\", \"type\", \"uuid\") values (a1401aa7-8467-4e66-a053-9b808881e379, {\"level\":\"info\",\"message\":\"Procedure registered\",\"context\":{\"name\":\"events\",\"class\":\"Shared\\\\Procedures\\\\CrossServiceProcedure\",\"type\":\"micro\"},\"hostname\":\"modal\"}, 2026-03-08 13:49:31, ?, log, a1401aa7-5411-4d20-bdb4-edc573d86d73), (a1401aa7-8467-4e66-a053-9b808881e379, {\"level\":\"info\",\"message\":\"Procedure registered\",\"context\":{\"name\":\"cache\",\"class\":\"Shared\\\\Procedures\\\\CrossServiceProcedure\",\"type\":\"micro\"},\"hostname\":\"modal\"}, 2026-03-08 13:49:31, ?, log, a1401aa7-583e-4e73-a521-89fe0cc06df7), (a1401aa7-8467-4e66-a053-9b808881e379, {\"level\":\"info\",\"message\":\"Procedure registered\",\"context\":{\"name\":\"notification\",\"class\":\"Shared\\\\Procedures\\\\CrossServiceProcedure\",\"type\":\"micro\"},\"hostname\":\"modal\"}, 2026-03-08 13:49:31, ?, log, a1401aa7-5891-41f8-9c41-4c2664179e57), (a1401aa7-8467-4e66-a053-9b808881e379, {\"level\":\"info\",\"message\":\"Procedure registered\",\"context\":{\"name\":\"validation\",\"class\":\"Shared\\\\Procedures\\\\CrossServiceProcedure\",\"type\":\"micro\"},\"hostname\":\"modal\"}, 2026-03-08 13:49:31, ?, log, a1401aa7-58cf-4d96-9d48-4e979eb53cad), (a1401aa7-8467-4e66-a053-9b808881e379, {\"level\":\"info\",\"message\":\"Procedure registered\",\"context\":{\"name\":\"security\",\"class\":\"Shared\\\\Procedures\\\\CrossServiceProcedure\",\"type\":\"micro\"},\"hostname\":\"modal\"}, 2026-03-08 13:49:31, ?, log, a1401aa7-5909-40ee-9ee1-8bdcae0046ee), (a1401aa7-8467-4e66-a053-9b808881e379, {\"level\":\"info\",\"message\":\"Procedure registered\",\"context\":{\"name\":\"circuit_breaker\",\"class\":\"Shared\\\\Procedures\\\\CrossServiceProcedure\",\"type\":\"micro\"},\"hostname\":\"modal\"}, 2026-03-08 13:49:31, ?, log, a1401aa7-5941-4dad-b0e8-067fe775d827), (a1401aa7-8467-4e66-a053-9b808881e379, {\"level\":\"info\",\"message\":\"Procedure registered\",\"context\":{\"name\":\"queue_circuit_breaker\",\"class\":\"Shared\\\\Procedures\\\\CrossServiceProcedure\",\"type\":\"micro\"},\"hostname\":\"modal\"}, 2026-03-08 13:49:31, ?, log, a1401aa7-597a-4bd1-a41a-d3b241a3c623), (a1401aa7-8467-4e66-a053-9b808881e379, {\"level\":\"info\",\"message\":\"Procedure registered\",\"context\":{\"name\":\"third_party_integration\",\"class\":\"Shared\\\\Procedures\\\\CrossServiceProcedure\",\"type\":\"micro\"},\"hostname\":\"modal\"}, 2026-03-08 13:49:31, ?, log, a1401aa7-59b4-4e53-ab55-53ecce1472e0), (a1401aa7-8467-4e66-a053-9b808881e379, {\"level\":\"info\",\"message\":\"Procedure registered\",\"context\":{\"name\":\"workflow\",\"class\":\"Shared\\\\Procedures\\\\CrossServiceProcedure\",\"type\":\"macro\"},\"hostname\":\"modal\"}, 2026-03-08 13:49:31, ?, log, a1401aa7-59ed-40e9-bd1f-f9e6ffc3c487), (a1401aa7-8467-4e66-a053-9b808881e379, {\"command\":\"rpc:rotate-tokens\",\"exit_code\":0,\"arguments\":{\"command\":\"rpc:rotate-tokens\"},\"options\":{\"dry-run\":true,\"force\":false,\"service\":\"user-service\",\"expires-in\":\"8760\",\"backup\":false,\"help\":false,\"silent\":false,\"quiet\":false,\"verbose\":false,\"version\":false,\"ansi\":null,\"no-interaction\":false,\"env\":null},\"hostname\":\"modal\"}, 2026-03-08 13:49:31, ?, command, a1401aa7-83a8-4c03-a8ac-33bba1b50011)) at /tmp/abdoElHodaky/larvrevrstender/services/auth-service/vendor/laravel/framework/src/Illuminate/Database/Connection.php:838)
[stacktrace]
#0 /tmp/abdoElHodaky/larvrevrstender/services/auth-service/vendor/laravel/framework/src/Illuminate/Database/Connection.php(794): Illuminate\\Database\\Connection->runQueryCallback()
#1 /tmp/abdoElHodaky/larvrevrstender/services/auth-service/vendor/laravel/framework/src/Illuminate/Database/Connection.php(573): Illuminate\\Database\\Connection->run()
#2 /tmp/abdoElHodaky/larvrevrstender/services/auth-service/vendor/laravel/framework/src/Illuminate/Database/Connection.php(537): Illuminate\\Database\\Connection->statement()
#3 /tmp/abdoElHodaky/larvrevrstender/services/auth-service/vendor/laravel/framework/src/Illuminate/Database/Query/Builder.php(4091): Illuminate\\Database\\Connection->insert()
#4 /tmp/abdoElHodaky/larvrevrstender/services/auth-service/vendor/laravel/telescope/src/Storage/DatabaseEntriesRepository.php(145): Illuminate\\Database\\Query\\Builder->insert()
#5 /tmp/abdoElHodaky/larvrevrstender/services/auth-service/vendor/laravel/framework/src/Illuminate/Collections/Traits/EnumeratesValues.php(275): Laravel\\Telescope\\Storage\\DatabaseEntriesRepository->Laravel\\Telescope\\Storage\\{closure}()
#6 /tmp/abdoElHodaky/larvrevrstender/services/auth-service/vendor/laravel/telescope/src/Storage/DatabaseEntriesRepository.php(144): Illuminate\\Support\\Collection->each()
#7 /tmp/abdoElHodaky/larvrevrstender/services/auth-service/vendor/laravel/telescope/src/Telescope.php(664): Laravel\\Telescope\\Storage\\DatabaseEntriesRepository->store()
#8 [internal function]: Laravel\\Telescope\\Telescope::Laravel\\Telescope\\{closure}()
#9 /tmp/abdoElHodaky/larvrevrstender/services/auth-service/vendor/laravel/telescope/src/Telescope.php(289): call_user_func()
#10 /tmp/abdoElHodaky/larvrevrstender/services/auth-service/vendor/laravel/telescope/src/Telescope.php(656): Laravel\\Telescope\\Telescope::withoutRecording()
#11 /tmp/abdoElHodaky/larvrevrstender/services/auth-service/vendor/laravel/telescope/src/ListensForStorageOpportunities.php(65): Laravel\\Telescope\\Telescope::store()
#12 /tmp/abdoElHodaky/larvrevrstender/services/auth-service/vendor/laravel/framework/src/Illuminate/Container/BoundMethod.php(36): Laravel\\Telescope\\Telescope::Laravel\\Telescope\\{closure}()
#13 /tmp/abdoElHodaky/larvrevrstender/services/auth-service/vendor/laravel/framework/src/Illuminate/Container/Util.php(43): Illuminate\\Container\\BoundMethod::Illuminate\\Container\\{closure}()
#14 /tmp/abdoElHodaky/larvrevrstender/services/auth-service/vendor/laravel/framework/src/Illuminate/Container/BoundMethod.php(84): Illuminate\\Container\\Util::unwrapIfClosure()
#15 /tmp/abdoElHodaky/larvrevrstender/services/auth-service/vendor/laravel/framework/src/Illuminate/Container/BoundMethod.php(35): Illuminate\\Container\\BoundMethod::callBoundMethod()
#16 /tmp/abdoElHodaky/larvrevrstender/services/auth-service/vendor/laravel/framework/src/Illuminate/Container/Container.php(799): Illuminate\\Container\\BoundMethod::call()
#17 /tmp/abdoElHodaky/larvrevrstender/services/auth-service/vendor/laravel/framework/src/Illuminate/Foundation/Application.php(1466): Illuminate\\Container\\Container->call()
#18 /tmp/abdoElHodaky/larvrevrstender/services/auth-service/vendor/laravel/framework/src/Illuminate/Foundation/Console/Kernel.php(219): Illuminate\\Foundation\\Application->terminate()
#19 /tmp/abdoElHodaky/larvrevrstender/services/auth-service/artisan(51): Illuminate\\Foundation\\Console\\Kernel->terminate()
#20 {main}

[previous exception] [object] (PDOException(code: 7): SQLSTATE[08006] [7] connection to server at \"127.0.0.1\", port 5432 failed: Connection refused
\tIs the server running on that host and accepting TCP/IP connections? at /tmp/abdoElHodaky/larvrevrstender/services/auth-service/vendor/laravel/framework/src/Illuminate/Database/Connectors/Connector.php:66)
[stacktrace]
#0 /tmp/abdoElHodaky/larvrevrstender/services/auth-service/vendor/laravel/framework/src/Illuminate/Database/Connectors/Connector.php(66): PDO->__construct()
#1 /tmp/abdoElHodaky/larvrevrstender/services/auth-service/vendor/laravel/framework/src/Illuminate/Database/Connectors/Connector.php(44): Illuminate\\Database\\Connectors\\Connector->createPdoConnection()
#2 /tmp/abdoElHodaky/larvrevrstender/services/auth-service/vendor/laravel/framework/src/Illuminate/Database/Connectors/PostgresConnector.php(35): Illuminate\\Database\\Connectors\\Connector->createConnection()
#3 /tmp/abdoElHodaky/larvrevrstender/services/auth-service/vendor/laravel/framework/src/Illuminate/Database/Connectors/ConnectionFactory.php(186): Illuminate\\Database\\Connectors\\PostgresConnector->connect()
#4 [internal function]: Illuminate\\Database\\Connectors\\ConnectionFactory->Illuminate\\Database\\Connectors\\{closure}()
#5 /tmp/abdoElHodaky/larvrevrstender/services/auth-service/vendor/laravel/framework/src/Illuminate/Database/Connection.php(1257): call_user_func()
#6 /tmp/abdoElHodaky/larvrevrstender/services/auth-service/vendor/laravel/framework/src/Illuminate/Database/Connection.php(578): Illuminate\\Database\\Connection->getPdo()
#7 /tmp/abdoElHodaky/larvrevrstender/services/auth-service/vendor/laravel/framework/src/Illuminate/Database/Connection.php(827): Illuminate\\Database\\Connection->Illuminate\\Database\\{closure}()
#8 /tmp/abdoElHodaky/larvrevrstender/services/auth-service/vendor/laravel/framework/src/Illuminate/Database/Connection.php(794): Illuminate\\Database\\Connection->runQueryCallback()
#9 /tmp/abdoElHodaky/larvrevrstender/services/auth-service/vendor/laravel/framework/src/Illuminate/Database/Connection.php(573): Illuminate\\Database\\Connection->run()
#10 /tmp/abdoElHodaky/larvrevrstender/services/auth-service/vendor/laravel/framework/src/Illuminate/Database/Connection.php(537): Illuminate\\Database\\Connection->statement()
#11 /tmp/abdoElHodaky/larvrevrstender/services/auth-service/vendor/laravel/framework/src/Illuminate/Database/Query/Builder.php(4091): Illuminate\\Database\\Connection->insert()
#12 /tmp/abdoElHodaky/larvrevrstender/services/auth-service/vendor/laravel/telescope/src/Storage/DatabaseEntriesRepository.php(145): Illuminate\\Database\\Query\\Builder->insert()
#13 /tmp/abdoElHodaky/larvrevrstender/services/auth-service/vendor/laravel/framework/src/Illuminate/Collections/Traits/EnumeratesValues.php(275): Laravel\\Telescope\\Storage\\DatabaseEntriesRepository->Laravel\\Telescope\\Storage\\{closure}()
#14 /tmp/abdoElHodaky/larvrevrstender/services/auth-service/vendor/laravel/telescope/src/Storage/DatabaseEntriesRepository.php(144): Illuminate\\Support\\Collection->each()
#15 /tmp/abdoElHodaky/larvrevrstender/services/auth-service/vendor/laravel/telescope/src/Telescope.php(664): Laravel\\Telescope\\Storage\\DatabaseEntriesRepository->store()
#16 [internal function]: Laravel\\Telescope\\Telescope::Laravel\\Telescope\\{closure}()
#17 /tmp/abdoElHodaky/larvrevrstender/services/auth-service/vendor/laravel/telescope/src/Telescope.php(289): call_user_func()
#18 /tmp/abdoElHodaky/larvrevrstender/services/auth-service/vendor/laravel/telescope/src/Telescope.php(656): Laravel\\Telescope\\Telescope::withoutRecording()
#19 /tmp/abdoElHodaky/larvrevrstender/services/auth-service/vendor/laravel/telescope/src/ListensForStorageOpportunities.php(65): Laravel\\Telescope\\Telescope::store()
#20 /tmp/abdoElHodaky/larvrevrstender/services/auth-service/vendor/laravel/framework/src/Illuminate/Container/BoundMethod.php(36): Laravel\\Telescope\\Telescope::Laravel\\Telescope\\{closure}()
#21 /tmp/abdoElHodaky/larvrevrstender/services/auth-service/vendor/laravel/framework/src/Illuminate/Container/Util.php(43): Illuminate\\Container\\BoundMethod::Illuminate\\Container\\{closure}()
#22 /tmp/abdoElHodaky/larvrevrstender/services/auth-service/vendor/laravel/framework/src/Illuminate/Container/BoundMethod.php(84): Illuminate\\Container\\Util::unwrapIfClosure()
#23 /tmp/abdoElHodaky/larvrevrstender/services/auth-service/vendor/laravel/framework/src/Illuminate/Container/BoundMethod.php(35): Illuminate\\Container\\BoundMethod::callBoundMethod()
#24 /tmp/abdoElHodaky/larvrevrstender/services/auth-service/vendor/laravel/framework/src/Illuminate/Container/Container.php(799): Illuminate\\Container\\BoundMethod::call()
#25 /tmp/abdoElHodaky/larvrevrstender/services/auth-service/vendor/laravel/framework/src/Illuminate/Foundation/Application.php(1466): Illuminate\\Container\\Container->call()
#26 /tmp/abdoElHodaky/larvrevrstender/services/auth-service/vendor/laravel/framework/src/Illuminate/Foundation/Console/Kernel.php(219): Illuminate\\Foundation\\Application->terminate()
#27 /tmp/abdoElHodaky/larvrevrstender/services/auth-service/artisan(51): Illuminate\\Foundation\\Console\\Kernel->terminate()
#28 {main}
"} 
[2026-03-08 13:49:45] local.INFO: Procedure registered {"name":"events","class":"Shared\\Procedures\\CrossServiceProcedure","type":"micro"} 
[2026-03-08 13:49:45] local.INFO: Procedure registered {"name":"cache","class":"Shared\\Procedures\\CrossServiceProcedure","type":"micro"} 
[2026-03-08 13:49:45] local.INFO: Procedure registered {"name":"notification","class":"Shared\\Procedures\\CrossServiceProcedure","type":"micro"} 
[2026-03-08 13:49:45] local.INFO: Procedure registered {"name":"validation","class":"Shared\\Procedures\\CrossServiceProcedure","type":"micro"} 
[2026-03-08 13:49:45] local.INFO: Procedure registered {"name":"security","class":"Shared\\Procedures\\CrossServiceProcedure","type":"micro"} 
[2026-03-08 13:49:45] local.INFO: Procedure registered {"name":"circuit_breaker","class":"Shared\\Procedures\\CrossServiceProcedure","type":"micro"} 
[2026-03-08 13:49:45] local.INFO: Procedure registered {"name":"queue_circuit_breaker","class":"Shared\\Procedures\\CrossServiceProcedure","type":"micro"} 
[2026-03-08 13:49:45] local.INFO: Procedure registered {"name":"third_party_integration","class":"Shared\\Procedures\\CrossServiceProcedure","type":"micro"} 
[2026-03-08 13:49:45] local.INFO: Procedure registered {"name":"workflow","class":"Shared\\Procedures\\CrossServiceProcedure","type":"macro"} 
[2026-03-08 13:49:45] local.ERROR: SQLSTATE[08006] [7] connection to server at "127.0.0.1", port 5432 failed: Connection refused
	Is the server running on that host and accepting TCP/IP connections? (Connection: pgsql, Host: 127.0.0.1, Port: 5432, Database: auth_service, SQL: insert into "telescope_entries" ("batch_id", "content", "created_at", "family_hash", "type", "uuid") values (a1401abc-58b6-4be8-bc79-29a699b68f5f, {"level":"info","message":"Procedure registered","context":{"name":"events","class":"Shared\\Procedures\\CrossServiceProcedure","type":"micro"},"hostname":"modal"}, 2026-03-08 13:49:45, ?, log, a1401abc-32d3-4f39-b464-55b789806faa), (a1401abc-58b6-4be8-bc79-29a699b68f5f, {"level":"info","message":"Procedure registered","context":{"name":"cache","class":"Shared\\Procedures\\CrossServiceProcedure","type":"micro"},"hostname":"modal"}, 2026-03-08 13:49:45, ?, log, a1401abc-3498-4906-b3c5-74e2aa24dea7), (a1401abc-58b6-4be8-bc79-29a699b68f5f, {"level":"info","message":"Procedure registered","context":{"name":"notification","class":"Shared\\Procedures\\CrossServiceProcedure","type":"micro"},"hostname":"modal"}, 2026-03-08 13:49:45, ?, log, a1401abc-34d9-4f38-be2e-4f6709746fdd), (a1401abc-58b6-4be8-bc79-29a699b68f5f, {"level":"info","message":"Procedure registered","context":{"name":"validation","class":"Shared\\Procedures\\CrossServiceProcedure","type":"micro"},"hostname":"modal"}, 2026-03-08 13:49:45, ?, log, a1401abc-3517-4fa2-a299-1309e6d7c4aa), (a1401abc-58b6-4be8-bc79-29a699b68f5f, {"level":"info","message":"Procedure registered","context":{"name":"security","class":"Shared\\Procedures\\CrossServiceProcedure","type":"micro"},"hostname":"modal"}, 2026-03-08 13:49:45, ?, log, a1401abc-3551-4fa8-b854-f6292826a470), (a1401abc-58b6-4be8-bc79-29a699b68f5f, {"level":"info","message":"Procedure registered","context":{"name":"circuit_breaker","class":"Shared\\Procedures\\CrossServiceProcedure","type":"micro"},"hostname":"modal"}, 2026-03-08 13:49:45, ?, log, a1401abc-3589-4267-9460-bfde0c3208b1), (a1401abc-58b6-4be8-bc79-29a699b68f5f, {"level":"info","message":"Procedure registered","context":{"name":"queue_circuit_breaker","class":"Shared\\Procedures\\CrossServiceProcedure","type":"micro"},"hostname":"modal"}, 2026-03-08 13:49:45, ?, log, a1401abc-35c1-42e7-9d79-0d710d7e3131), (a1401abc-58b6-4be8-bc79-29a699b68f5f, {"level":"info","message":"Procedure registered","context":{"name":"third_party_integration","class":"Shared\\Procedures\\CrossServiceProcedure","type":"micro"},"hostname":"modal"}, 2026-03-08 13:49:45, ?, log, a1401abc-35fa-4bd6-8041-0e764a8e875a), (a1401abc-58b6-4be8-bc79-29a699b68f5f, {"level":"info","message":"Procedure registered","context":{"name":"workflow","class":"Shared\\Procedures\\CrossServiceProcedure","type":"macro"},"hostname":"modal"}, 2026-03-08 13:49:45, ?, log, a1401abc-3632-4fec-8d7b-094386547582), (a1401abc-58b6-4be8-bc79-29a699b68f5f, {"command":"rpc:rotate-tokens","exit_code":0,"arguments":{"command":"rpc:rotate-tokens"},"options":{"dry-run":true,"force":true,"service":"user-service","expires-in":"8760","backup":false,"help":false,"silent":false,"quiet":false,"verbose":false,"version":false,"ansi":null,"no-interaction":false,"env":null},"hostname":"modal"}, 2026-03-08 13:49:45, ?, command, a1401abc-5813-4b4c-affd-c52062fa31e4)) {"exception":"[object] (Illuminate\\Database\\QueryException(code: 7): SQLSTATE[08006] [7] connection to server at \"127.0.0.1\", port 5432 failed: Connection refused
\tIs the server running on that host and accepting TCP/IP connections? (Connection: pgsql, Host: 127.0.0.1, Port: 5432, Database: auth_service, SQL: insert into \"telescope_entries\" (\"batch_id\", \"content\", \"created_at\", \"family_hash\", \"type\", \"uuid\") values (a1401abc-58b6-4be8-bc79-29a699b68f5f, {\"level\":\"info\",\"message\":\"Procedure registered\",\"context\":{\"name\":\"events\",\"class\":\"Shared\\\\Procedures\\\\CrossServiceProcedure\",\"type\":\"micro\"},\"hostname\":\"modal\"}, 2026-03-08 13:49:45, ?, log, a1401abc-32d3-4f39-b464-55b789806faa), (a1401abc-58b6-4be8-bc79-29a699b68f5f, {\"level\":\"info\",\"message\":\"Procedure registered\",\"context\":{\"name\":\"cache\",\"class\":\"Shared\\\\Procedures\\\\CrossServiceProcedure\",\"type\":\"micro\"},\"hostname\":\"modal\"}, 2026-03-08 13:49:45, ?, log, a1401abc-3498-4906-b3c5-74e2aa24dea7), (a1401abc-58b6-4be8-bc79-29a699b68f5f, {\"level\":\"info\",\"message\":\"Procedure registered\",\"context\":{\"name\":\"notification\",\"class\":\"Shared\\\\Procedures\\\\CrossServiceProcedure\",\"type\":\"micro\"},\"hostname\":\"modal\"}, 2026-03-08 13:49:45, ?, log, a1401abc-34d9-4f38-be2e-4f6709746fdd), (a1401abc-58b6-4be8-bc79-29a699b68f5f, {\"level\":\"info\",\"message\":\"Procedure registered\",\"context\":{\"name\":\"validation\",\"class\":\"Shared\\\\Procedures\\\\CrossServiceProcedure\",\"type\":\"micro\"},\"hostname\":\"modal\"}, 2026-03-08 13:49:45, ?, log, a1401abc-3517-4fa2-a299-1309e6d7c4aa), (a1401abc-58b6-4be8-bc79-29a699b68f5f, {\"level\":\"info\",\"message\":\"Procedure registered\",\"context\":{\"name\":\"security\",\"class\":\"Shared\\\\Procedures\\\\CrossServiceProcedure\",\"type\":\"micro\"},\"hostname\":\"modal\"}, 2026-03-08 13:49:45, ?, log, a1401abc-3551-4fa8-b854-f6292826a470), (a1401abc-58b6-4be8-bc79-29a699b68f5f, {\"level\":\"info\",\"message\":\"Procedure registered\",\"context\":{\"name\":\"circuit_breaker\",\"class\":\"Shared\\\\Procedures\\\\CrossServiceProcedure\",\"type\":\"micro\"},\"hostname\":\"modal\"}, 2026-03-08 13:49:45, ?, log, a1401abc-3589-4267-9460-bfde0c3208b1), (a1401abc-58b6-4be8-bc79-29a699b68f5f, {\"level\":\"info\",\"message\":\"Procedure registered\",\"context\":{\"name\":\"queue_circuit_breaker\",\"class\":\"Shared\\\\Procedures\\\\CrossServiceProcedure\",\"type\":\"micro\"},\"hostname\":\"modal\"}, 2026-03-08 13:49:45, ?, log, a1401abc-35c1-42e7-9d79-0d710d7e3131), (a1401abc-58b6-4be8-bc79-29a699b68f5f, {\"level\":\"info\",\"message\":\"Procedure registered\",\"context\":{\"name\":\"third_party_integration\",\"class\":\"Shared\\\\Procedures\\\\CrossServiceProcedure\",\"type\":\"micro\"},\"hostname\":\"modal\"}, 2026-03-08 13:49:45, ?, log, a1401abc-35fa-4bd6-8041-0e764a8e875a), (a1401abc-58b6-4be8-bc79-29a699b68f5f, {\"level\":\"info\",\"message\":\"Procedure registered\",\"context\":{\"name\":\"workflow\",\"class\":\"Shared\\\\Procedures\\\\CrossServiceProcedure\",\"type\":\"macro\"},\"hostname\":\"modal\"}, 2026-03-08 13:49:45, ?, log, a1401abc-3632-4fec-8d7b-094386547582), (a1401abc-58b6-4be8-bc79-29a699b68f5f, {\"command\":\"rpc:rotate-tokens\",\"exit_code\":0,\"arguments\":{\"command\":\"rpc:rotate-tokens\"},\"options\":{\"dry-run\":true,\"force\":true,\"service\":\"user-service\",\"expires-in\":\"8760\",\"backup\":false,\"help\":false,\"silent\":false,\"quiet\":false,\"verbose\":false,\"version\":false,\"ansi\":null,\"no-interaction\":false,\"env\":null},\"hostname\":\"modal\"}, 2026-03-08 13:49:45, ?, command, a1401abc-5813-4b4c-affd-c52062fa31e4)) at /tmp/abdoElHodaky/larvrevrstender/services/auth-service/vendor/laravel/framework/src/Illuminate/Database/Connection.php:838)
[stacktrace]
#0 /tmp/abdoElHodaky/larvrevrstender/services/auth-service/vendor/laravel/framework/src/Illuminate/Database/Connection.php(794): Illuminate\\Database\\Connection->runQueryCallback()
#1 /tmp/abdoElHodaky/larvrevrstender/services/auth-service/vendor/laravel/framework/src/Illuminate/Database/Connection.php(573): Illuminate\\Database\\Connection->run()
#2 /tmp/abdoElHodaky/larvrevrstender/services/auth-service/vendor/laravel/framework/src/Illuminate/Database/Connection.php(537): Illuminate\\Database\\Connection->statement()
#3 /tmp/abdoElHodaky/larvrevrstender/services/auth-service/vendor/laravel/framework/src/Illuminate/Database/Query/Builder.php(4091): Illuminate\\Database\\Connection->insert()
#4 /tmp/abdoElHodaky/larvrevrstender/services/auth-service/vendor/laravel/telescope/src/Storage/DatabaseEntriesRepository.php(145): Illuminate\\Database\\Query\\Builder->insert()
#5 /tmp/abdoElHodaky/larvrevrstender/services/auth-service/vendor/laravel/framework/src/Illuminate/Collections/Traits/EnumeratesValues.php(275): Laravel\\Telescope\\Storage\\DatabaseEntriesRepository->Laravel\\Telescope\\Storage\\{closure}()
#6 /tmp/abdoElHodaky/larvrevrstender/services/auth-service/vendor/laravel/telescope/src/Storage/DatabaseEntriesRepository.php(144): Illuminate\\Support\\Collection->each()
#7 /tmp/abdoElHodaky/larvrevrstender/services/auth-service/vendor/laravel/telescope/src/Telescope.php(664): Laravel\\Telescope\\Storage\\DatabaseEntriesRepository->store()
#8 [internal function]: Laravel\\Telescope\\Telescope::Laravel\\Telescope\\{closure}()
#9 /tmp/abdoElHodaky/larvrevrstender/services/auth-service/vendor/laravel/telescope/src/Telescope.php(289): call_user_func()
#10 /tmp/abdoElHodaky/larvrevrstender/services/auth-service/vendor/laravel/telescope/src/Telescope.php(656): Laravel\\Telescope\\Telescope::withoutRecording()
#11 /tmp/abdoElHodaky/larvrevrstender/services/auth-service/vendor/laravel/telescope/src/ListensForStorageOpportunities.php(65): Laravel\\Telescope\\Telescope::store()
#12 /tmp/abdoElHodaky/larvrevrstender/services/auth-service/vendor/laravel/framework/src/Illuminate/Container/BoundMethod.php(36): Laravel\\Telescope\\Telescope::Laravel\\Telescope\\{closure}()
#13 /tmp/abdoElHodaky/larvrevrstender/services/auth-service/vendor/laravel/framework/src/Illuminate/Container/Util.php(43): Illuminate\\Container\\BoundMethod::Illuminate\\Container\\{closure}()
#14 /tmp/abdoElHodaky/larvrevrstender/services/auth-service/vendor/laravel/framework/src/Illuminate/Container/BoundMethod.php(84): Illuminate\\Container\\Util::unwrapIfClosure()
#15 /tmp/abdoElHodaky/larvrevrstender/services/auth-service/vendor/laravel/framework/src/Illuminate/Container/BoundMethod.php(35): Illuminate\\Container\\BoundMethod::callBoundMethod()
#16 /tmp/abdoElHodaky/larvrevrstender/services/auth-service/vendor/laravel/framework/src/Illuminate/Container/Container.php(799): Illuminate\\Container\\BoundMethod::call()
#17 /tmp/abdoElHodaky/larvrevrstender/services/auth-service/vendor/laravel/framework/src/Illuminate/Foundation/Application.php(1466): Illuminate\\Container\\Container->call()
#18 /tmp/abdoElHodaky/larvrevrstender/services/auth-service/vendor/laravel/framework/src/Illuminate/Foundation/Console/Kernel.php(219): Illuminate\\Foundation\\Application->terminate()
#19 /tmp/abdoElHodaky/larvrevrstender/services/auth-service/artisan(51): Illuminate\\Foundation\\Console\\Kernel->terminate()
#20 {main}

[previous exception] [object] (PDOException(code: 7): SQLSTATE[08006] [7] connection to server at \"127.0.0.1\", port 5432 failed: Connection refused
\tIs the server running on that host and accepting TCP/IP connections? at /tmp/abdoElHodaky/larvrevrstender/services/auth-service/vendor/laravel/framework/src/Illuminate/Database/Connectors/Connector.php:66)
[stacktrace]
#0 /tmp/abdoElHodaky/larvrevrstender/services/auth-service/vendor/laravel/framework/src/Illuminate/Database/Connectors/Connector.php(66): PDO->__construct()
#1 /tmp/abdoElHodaky/larvrevrstender/services/auth-service/vendor/laravel/framework/src/Illuminate/Database/Connectors/Connector.php(44): Illuminate\\Database\\Connectors\\Connector->createPdoConnection()
#2 /tmp/abdoElHodaky/larvrevrstender/services/auth-service/vendor/laravel/framework/src/Illuminate/Database/Connectors/PostgresConnector.php(35): Illuminate\\Database\\Connectors\\Connector->createConnection()
#3 /tmp/abdoElHodaky/larvrevrstender/services/auth-service/vendor/laravel/framework/src/Illuminate/Database/Connectors/ConnectionFactory.php(186): Illuminate\\Database\\Connectors\\PostgresConnector->connect()
#4 [internal function]: Illuminate\\Database\\Connectors\\ConnectionFactory->Illuminate\\Database\\Connectors\\{closure}()
#5 /tmp/abdoElHodaky/larvrevrstender/services/auth-service/vendor/laravel/framework/src/Illuminate/Database/Connection.php(1257): call_user_func()
#6 /tmp/abdoElHodaky/larvrevrstender/services/auth-service/vendor/laravel/framework/src/Illuminate/Database/Connection.php(578): Illuminate\\Database\\Connection->getPdo()
#7 /tmp/abdoElHodaky/larvrevrstender/services/auth-service/vendor/laravel/framework/src/Illuminate/Database/Connection.php(827): Illuminate\\Database\\Connection->Illuminate\\Database\\{closure}()
#8 /tmp/abdoElHodaky/larvrevrstender/services/auth-service/vendor/laravel/framework/src/Illuminate/Database/Connection.php(794): Illuminate\\Database\\Connection->runQueryCallback()
#9 /tmp/abdoElHodaky/larvrevrstender/services/auth-service/vendor/laravel/framework/src/Illuminate/Database/Connection.php(573): Illuminate\\Database\\Connection->run()
#10 /tmp/abdoElHodaky/larvrevrstender/services/auth-service/vendor/laravel/framework/src/Illuminate/Database/Connection.php(537): Illuminate\\Database\\Connection->statement()
#11 /tmp/abdoElHodaky/larvrevrstender/services/auth-service/vendor/laravel/framework/src/Illuminate/Database/Query/Builder.php(4091): Illuminate\\Database\\Connection->insert()
#12 /tmp/abdoElHodaky/larvrevrstender/services/auth-service/vendor/laravel/telescope/src/Storage/DatabaseEntriesRepository.php(145): Illuminate\\Database\\Query\\Builder->insert()
#13 /tmp/abdoElHodaky/larvrevrstender/services/auth-service/vendor/laravel/framework/src/Illuminate/Collections/Traits/EnumeratesValues.php(275): Laravel\\Telescope\\Storage\\DatabaseEntriesRepository->Laravel\\Telescope\\Storage\\{closure}()
#14 /tmp/abdoElHodaky/larvrevrstender/services/auth-service/vendor/laravel/telescope/src/Storage/DatabaseEntriesRepository.php(144): Illuminate\\Support\\Collection->each()
#15 /tmp/abdoElHodaky/larvrevrstender/services/auth-service/vendor/laravel/telescope/src/Telescope.php(664): Laravel\\Telescope\\Storage\\DatabaseEntriesRepository->store()
#16 [internal function]: Laravel\\Telescope\\Telescope::Laravel\\Telescope\\{closure}()
#17 /tmp/abdoElHodaky/larvrevrstender/services/auth-service/vendor/laravel/telescope/src/Telescope.php(289): call_user_func()
#18 /tmp/abdoElHodaky/larvrevrstender/services/auth-service/vendor/laravel/telescope/src/Telescope.php(656): Laravel\\Telescope\\Telescope::withoutRecording()
#19 /tmp/abdoElHodaky/larvrevrstender/services/auth-service/vendor/laravel/telescope/src/ListensForStorageOpportunities.php(65): Laravel\\Telescope\\Telescope::store()
#20 /tmp/abdoElHodaky/larvrevrstender/services/auth-service/vendor/laravel/framework/src/Illuminate/Container/BoundMethod.php(36): Laravel\\Telescope\\Telescope::Laravel\\Telescope\\{closure}()
#21 /tmp/abdoElHodaky/larvrevrstender/services/auth-service/vendor/laravel/framework/src/Illuminate/Container/Util.php(43): Illuminate\\Container\\BoundMethod::Illuminate\\Container\\{closure}()
#22 /tmp/abdoElHodaky/larvrevrstender/services/auth-service/vendor/laravel/framework/src/Illuminate/Container/BoundMethod.php(84): Illuminate\\Container\\Util::unwrapIfClosure()
#23 /tmp/abdoElHodaky/larvrevrstender/services/auth-service/vendor/laravel/framework/src/Illuminate/Container/BoundMethod.php(35): Illuminate\\Container\\BoundMethod::callBoundMethod()
#24 /tmp/abdoElHodaky/larvrevrstender/services/auth-service/vendor/laravel/framework/src/Illuminate/Container/Container.php(799): Illuminate\\Container\\BoundMethod::call()
#25 /tmp/abdoElHodaky/larvrevrstender/services/auth-service/vendor/laravel/framework/src/Illuminate/Foundation/Application.php(1466): Illuminate\\Container\\Container->call()
#26 /tmp/abdoElHodaky/larvrevrstender/services/auth-service/vendor/laravel/framework/src/Illuminate/Foundation/Console/Kernel.php(219): Illuminate\\Foundation\\Application->terminate()
#27 /tmp/abdoElHodaky/larvrevrstender/services/auth-service/artisan(51): Illuminate\\Foundation\\Console\\Kernel->terminate()
#28 {main}
"} 
[2026-03-08 13:52:23] local.INFO: Procedure registered {"name":"events","class":"Shared\\Procedures\\CrossServiceProcedure","type":"micro"} 
[2026-03-08 13:52:23] local.INFO: Procedure registered {"name":"cache","class":"Shared\\Procedures\\CrossServiceProcedure","type":"micro"} 
[2026-03-08 13:52:23] local.INFO: Procedure registered {"name":"notification","class":"Shared\\Procedures\\CrossServiceProcedure","type":"micro"} 
[2026-03-08 13:52:23] local.INFO: Procedure registered {"name":"validation","class":"Shared\\Procedures\\CrossServiceProcedure","type":"micro"} 
[2026-03-08 13:52:23] local.INFO: Procedure registered {"name":"security","class":"Shared\\Procedures\\CrossServiceProcedure","type":"micro"} 
[2026-03-08 13:52:23] local.INFO: Procedure registered {"name":"circuit_breaker","class":"Shared\\Procedures\\CrossServiceProcedure","type":"micro"} 
[2026-03-08 13:52:23] local.INFO: Procedure registered {"name":"queue_circuit_breaker","class":"Shared\\Procedures\\CrossServiceProcedure","type":"micro"} 
[2026-03-08 13:52:23] local.INFO: Procedure registered {"name":"third_party_integration","class":"Shared\\Procedures\\CrossServiceProcedure","type":"micro"} 
[2026-03-08 13:52:23] local.INFO: Procedure registered {"name":"workflow","class":"Shared\\Procedures\\CrossServiceProcedure","type":"macro"} 
[2026-03-08 13:52:24] local.ERROR: SQLSTATE[08006] [7] connection to server at "127.0.0.1", port 5432 failed: Connection refused
	Is the server running on that host and accepting TCP/IP connections? (Connection: pgsql, Host: 127.0.0.1, Port: 5432, Database: auth_service, SQL: insert into "telescope_entries" ("batch_id", "content", "created_at", "family_hash", "type", "uuid") values (a1401bae-a203-4bb1-8372-f9fbece7b39d, {"level":"info","message":"Procedure registered","context":{"name":"events","class":"Shared\\Procedures\\CrossServiceProcedure","type":"micro"},"hostname":"modal"}, 2026-03-08 13:52:23, ?, log, a1401bae-76d9-4126-a486-79132eb7db4a), (a1401bae-a203-4bb1-8372-f9fbece7b39d, {"level":"info","message":"Procedure registered","context":{"name":"cache","class":"Shared\\Procedures\\CrossServiceProcedure","type":"micro"},"hostname":"modal"}, 2026-03-08 13:52:23, ?, log, a1401bae-787e-4f91-bcdd-213918e31e17), (a1401bae-a203-4bb1-8372-f9fbece7b39d, {"level":"info","message":"Procedure registered","context":{"name":"notification","class":"Shared\\Procedures\\CrossServiceProcedure","type":"micro"},"hostname":"modal"}, 2026-03-08 13:52:23, ?, log, a1401bae-78bd-42bd-ae19-6720b6435702), (a1401bae-a203-4bb1-8372-f9fbece7b39d, {"level":"info","message":"Procedure registered","context":{"name":"validation","class":"Shared\\Procedures\\CrossServiceProcedure","type":"micro"},"hostname":"modal"}, 2026-03-08 13:52:23, ?, log, a1401bae-78f9-49cc-8029-163c15ef2a46), (a1401bae-a203-4bb1-8372-f9fbece7b39d, {"level":"info","message":"Procedure registered","context":{"name":"security","class":"Shared\\Procedures\\CrossServiceProcedure","type":"micro"},"hostname":"modal"}, 2026-03-08 13:52:23, ?, log, a1401bae-7932-4446-a1d8-aced3fc126cf), (a1401bae-a203-4bb1-8372-f9fbece7b39d, {"level":"info","message":"Procedure registered","context":{"name":"circuit_breaker","class":"Shared\\Procedures\\CrossServiceProcedure","type":"micro"},"hostname":"modal"}, 2026-03-08 13:52:23, ?, log, a1401bae-796b-41e0-b568-b94091441d29), (a1401bae-a203-4bb1-8372-f9fbece7b39d, {"level":"info","message":"Procedure registered","context":{"name":"queue_circuit_breaker","class":"Shared\\Procedures\\CrossServiceProcedure","type":"micro"},"hostname":"modal"}, 2026-03-08 13:52:23, ?, log, a1401bae-79a4-4896-a71d-269a9ef9a305), (a1401bae-a203-4bb1-8372-f9fbece7b39d, {"level":"info","message":"Procedure registered","context":{"name":"third_party_integration","class":"Shared\\Procedures\\CrossServiceProcedure","type":"micro"},"hostname":"modal"}, 2026-03-08 13:52:23, ?, log, a1401bae-79dd-4792-b0bd-76b798a3d0ff), (a1401bae-a203-4bb1-8372-f9fbece7b39d, {"level":"info","message":"Procedure registered","context":{"name":"workflow","class":"Shared\\Procedures\\CrossServiceProcedure","type":"macro"},"hostname":"modal"}, 2026-03-08 13:52:23, ?, log, a1401bae-7a15-4719-9489-8c787774a068), (a1401bae-a203-4bb1-8372-f9fbece7b39d, {"command":"list","exit_code":0,"arguments":{"command":"list","namespace":null},"options":{"raw":false,"format":"txt","short":false,"help":false,"silent":false,"quiet":false,"verbose":false,"version":false,"ansi":null,"no-interaction":false,"env":null},"hostname":"modal"}, 2026-03-08 13:52:24, ?, command, a1401bae-a165-438b-8c78-a4dd72ae59f9)) {"exception":"[object] (Illuminate\\Database\\QueryException(code: 7): SQLSTATE[08006] [7] connection to server at \"127.0.0.1\", port 5432 failed: Connection refused
\tIs the server running on that host and accepting TCP/IP connections? (Connection: pgsql, Host: 127.0.0.1, Port: 5432, Database: auth_service, SQL: insert into \"telescope_entries\" (\"batch_id\", \"content\", \"created_at\", \"family_hash\", \"type\", \"uuid\") values (a1401bae-a203-4bb1-8372-f9fbece7b39d, {\"level\":\"info\",\"message\":\"Procedure registered\",\"context\":{\"name\":\"events\",\"class\":\"Shared\\\\Procedures\\\\CrossServiceProcedure\",\"type\":\"micro\"},\"hostname\":\"modal\"}, 2026-03-08 13:52:23, ?, log, a1401bae-76d9-4126-a486-79132eb7db4a), (a1401bae-a203-4bb1-8372-f9fbece7b39d, {\"level\":\"info\",\"message\":\"Procedure registered\",\"context\":{\"name\":\"cache\",\"class\":\"Shared\\\\Procedures\\\\CrossServiceProcedure\",\"type\":\"micro\"},\"hostname\":\"modal\"}, 2026-03-08 13:52:23, ?, log, a1401bae-787e-4f91-bcdd-213918e31e17), (a1401bae-a203-4bb1-8372-f9fbece7b39d, {\"level\":\"info\",\"message\":\"Procedure registered\",\"context\":{\"name\":\"notification\",\"class\":\"Shared\\\\Procedures\\\\CrossServiceProcedure\",\"type\":\"micro\"},\"hostname\":\"modal\"}, 2026-03-08 13:52:23, ?, log, a1401bae-78bd-42bd-ae19-6720b6435702), (a1401bae-a203-4bb1-8372-f9fbece7b39d, {\"level\":\"info\",\"message\":\"Procedure registered\",\"context\":{\"name\":\"validation\",\"class\":\"Shared\\\\Procedures\\\\CrossServiceProcedure\",\"type\":\"micro\"},\"hostname\":\"modal\"}, 2026-03-08 13:52:23, ?, log, a1401bae-78f9-49cc-8029-163c15ef2a46), (a1401bae-a203-4bb1-8372-f9fbece7b39d, {\"level\":\"info\",\"message\":\"Procedure registered\",\"context\":{\"name\":\"security\",\"class\":\"Shared\\\\Procedures\\\\CrossServiceProcedure\",\"type\":\"micro\"},\"hostname\":\"modal\"}, 2026-03-08 13:52:23, ?, log, a1401bae-7932-4446-a1d8-aced3fc126cf), (a1401bae-a203-4bb1-8372-f9fbece7b39d, {\"level\":\"info\",\"message\":\"Procedure registered\",\"context\":{\"name\":\"circuit_breaker\",\"class\":\"Shared\\\\Procedures\\\\CrossServiceProcedure\",\"type\":\"micro\"},\"hostname\":\"modal\"}, 2026-03-08 13:52:23, ?, log, a1401bae-796b-41e0-b568-b94091441d29), (a1401bae-a203-4bb1-8372-f9fbece7b39d, {\"level\":\"info\",\"message\":\"Procedure registered\",\"context\":{\"name\":\"queue_circuit_breaker\",\"class\":\"Shared\\\\Procedures\\\\CrossServiceProcedure\",\"type\":\"micro\"},\"hostname\":\"modal\"}, 2026-03-08 13:52:23, ?, log, a1401bae-79a4-4896-a71d-269a9ef9a305), (a1401bae-a203-4bb1-8372-f9fbece7b39d, {\"level\":\"info\",\"message\":\"Procedure registered\",\"context\":{\"name\":\"third_party_integration\",\"class\":\"Shared\\\\Procedures\\\\CrossServiceProcedure\",\"type\":\"micro\"},\"hostname\":\"modal\"}, 2026-03-08 13:52:23, ?, log, a1401bae-79dd-4792-b0bd-76b798a3d0ff), (a1401bae-a203-4bb1-8372-f9fbece7b39d, {\"level\":\"info\",\"message\":\"Procedure registered\",\"context\":{\"name\":\"workflow\",\"class\":\"Shared\\\\Procedures\\\\CrossServiceProcedure\",\"type\":\"macro\"},\"hostname\":\"modal\"}, 2026-03-08 13:52:23, ?, log, a1401bae-7a15-4719-9489-8c787774a068), (a1401bae-a203-4bb1-8372-f9fbece7b39d, {\"command\":\"list\",\"exit_code\":0,\"arguments\":{\"command\":\"list\",\"namespace\":null},\"options\":{\"raw\":false,\"format\":\"txt\",\"short\":false,\"help\":false,\"silent\":false,\"quiet\":false,\"verbose\":false,\"version\":false,\"ansi\":null,\"no-interaction\":false,\"env\":null},\"hostname\":\"modal\"}, 2026-03-08 13:52:24, ?, command, a1401bae-a165-438b-8c78-a4dd72ae59f9)) at /tmp/abdoElHodaky/larvrevrstender/services/auth-service/vendor/laravel/framework/src/Illuminate/Database/Connection.php:838)
[stacktrace]
#0 /tmp/abdoElHodaky/larvrevrstender/services/auth-service/vendor/laravel/framework/src/Illuminate/Database/Connection.php(794): Illuminate\\Database\\Connection->runQueryCallback()
#1 /tmp/abdoElHodaky/larvrevrstender/services/auth-service/vendor/laravel/framework/src/Illuminate/Database/Connection.php(573): Illuminate\\Database\\Connection->run()
#2 /tmp/abdoElHodaky/larvrevrstender/services/auth-service/vendor/laravel/framework/src/Illuminate/Database/Connection.php(537): Illuminate\\Database\\Connection->statement()
#3 /tmp/abdoElHodaky/larvrevrstender/services/auth-service/vendor/laravel/framework/src/Illuminate/Database/Query/Builder.php(4091): Illuminate\\Database\\Connection->insert()
#4 /tmp/abdoElHodaky/larvrevrstender/services/auth-service/vendor/laravel/telescope/src/Storage/DatabaseEntriesRepository.php(145): Illuminate\\Database\\Query\\Builder->insert()
#5 /tmp/abdoElHodaky/larvrevrstender/services/auth-service/vendor/laravel/framework/src/Illuminate/Collections/Traits/EnumeratesValues.php(275): Laravel\\Telescope\\Storage\\DatabaseEntriesRepository->Laravel\\Telescope\\Storage\\{closure}()
#6 /tmp/abdoElHodaky/larvrevrstender/services/auth-service/vendor/laravel/telescope/src/Storage/DatabaseEntriesRepository.php(144): Illuminate\\Support\\Collection->each()
#7 /tmp/abdoElHodaky/larvrevrstender/services/auth-service/vendor/laravel/telescope/src/Telescope.php(664): Laravel\\Telescope\\Storage\\DatabaseEntriesRepository->store()
#8 [internal function]: Laravel\\Telescope\\Telescope::Laravel\\Telescope\\{closure}()
#9 /tmp/abdoElHodaky/larvrevrstender/services/auth-service/vendor/laravel/telescope/src/Telescope.php(289): call_user_func()
#10 /tmp/abdoElHodaky/larvrevrstender/services/auth-service/vendor/laravel/telescope/src/Telescope.php(656): Laravel\\Telescope\\Telescope::withoutRecording()
#11 /tmp/abdoElHodaky/larvrevrstender/services/auth-service/vendor/laravel/telescope/src/ListensForStorageOpportunities.php(65): Laravel\\Telescope\\Telescope::store()
#12 /tmp/abdoElHodaky/larvrevrstender/services/auth-service/vendor/laravel/framework/src/Illuminate/Container/BoundMethod.php(36): Laravel\\Telescope\\Telescope::Laravel\\Telescope\\{closure}()
#13 /tmp/abdoElHodaky/larvrevrstender/services/auth-service/vendor/laravel/framework/src/Illuminate/Container/Util.php(43): Illuminate\\Container\\BoundMethod::Illuminate\\Container\\{closure}()
#14 /tmp/abdoElHodaky/larvrevrstender/services/auth-service/vendor/laravel/framework/src/Illuminate/Container/BoundMethod.php(84): Illuminate\\Container\\Util::unwrapIfClosure()
#15 /tmp/abdoElHodaky/larvrevrstender/services/auth-service/vendor/laravel/framework/src/Illuminate/Container/BoundMethod.php(35): Illuminate\\Container\\BoundMethod::callBoundMethod()
#16 /tmp/abdoElHodaky/larvrevrstender/services/auth-service/vendor/laravel/framework/src/Illuminate/Container/Container.php(799): Illuminate\\Container\\BoundMethod::call()
#17 /tmp/abdoElHodaky/larvrevrstender/services/auth-service/vendor/laravel/framework/src/Illuminate/Foundation/Application.php(1466): Illuminate\\Container\\Container->call()
#18 /tmp/abdoElHodaky/larvrevrstender/services/auth-service/vendor/laravel/framework/src/Illuminate/Foundation/Console/Kernel.php(219): Illuminate\\Foundation\\Application->terminate()
#19 /tmp/abdoElHodaky/larvrevrstender/services/auth-service/artisan(51): Illuminate\\Foundation\\Console\\Kernel->terminate()
#20 {main}

[previous exception] [object] (PDOException(code: 7): SQLSTATE[08006] [7] connection to server at \"127.0.0.1\", port 5432 failed: Connection refused
\tIs the server running on that host and accepting TCP/IP connections? at /tmp/abdoElHodaky/larvrevrstender/services/auth-service/vendor/laravel/framework/src/Illuminate/Database/Connectors/Connector.php:66)
[stacktrace]
#0 /tmp/abdoElHodaky/larvrevrstender/services/auth-service/vendor/laravel/framework/src/Illuminate/Database/Connectors/Connector.php(66): PDO->__construct()
#1 /tmp/abdoElHodaky/larvrevrstender/services/auth-service/vendor/laravel/framework/src/Illuminate/Database/Connectors/Connector.php(44): Illuminate\\Database\\Connectors\\Connector->createPdoConnection()
#2 /tmp/abdoElHodaky/larvrevrstender/services/auth-service/vendor/laravel/framework/src/Illuminate/Database/Connectors/PostgresConnector.php(35): Illuminate\\Database\\Connectors\\Connector->createConnection()
#3 /tmp/abdoElHodaky/larvrevrstender/services/auth-service/vendor/laravel/framework/src/Illuminate/Database/Connectors/ConnectionFactory.php(186): Illuminate\\Database\\Connectors\\PostgresConnector->connect()
#4 [internal function]: Illuminate\\Database\\Connectors\\ConnectionFactory->Illuminate\\Database\\Connectors\\{closure}()
#5 /tmp/abdoElHodaky/larvrevrstender/services/auth-service/vendor/laravel/framework/src/Illuminate/Database/Connection.php(1257): call_user_func()
#6 /tmp/abdoElHodaky/larvrevrstender/services/auth-service/vendor/laravel/framework/src/Illuminate/Database/Connection.php(578): Illuminate\\Database\\Connection->getPdo()
#7 /tmp/abdoElHodaky/larvrevrstender/services/auth-service/vendor/laravel/framework/src/Illuminate/Database/Connection.php(827): Illuminate\\Database\\Connection->Illuminate\\Database\\{closure}()
#8 /tmp/abdoElHodaky/larvrevrstender/services/auth-service/vendor/laravel/framework/src/Illuminate/Database/Connection.php(794): Illuminate\\Database\\Connection->runQueryCallback()
#9 /tmp/abdoElHodaky/larvrevrstender/services/auth-service/vendor/laravel/framework/src/Illuminate/Database/Connection.php(573): Illuminate\\Database\\Connection->run()
#10 /tmp/abdoElHodaky/larvrevrstender/services/auth-service/vendor/laravel/framework/src/Illuminate/Database/Connection.php(537): Illuminate\\Database\\Connection->statement()
#11 /tmp/abdoElHodaky/larvrevrstender/services/auth-service/vendor/laravel/framework/src/Illuminate/Database/Query/Builder.php(4091): Illuminate\\Database\\Connection->insert()
#12 /tmp/abdoElHodaky/larvrevrstender/services/auth-service/vendor/laravel/telescope/src/Storage/DatabaseEntriesRepository.php(145): Illuminate\\Database\\Query\\Builder->insert()
#13 /tmp/abdoElHodaky/larvrevrstender/services/auth-service/vendor/laravel/framework/src/Illuminate/Collections/Traits/EnumeratesValues.php(275): Laravel\\Telescope\\Storage\\DatabaseEntriesRepository->Laravel\\Telescope\\Storage\\{closure}()
#14 /tmp/abdoElHodaky/larvrevrstender/services/auth-service/vendor/laravel/telescope/src/Storage/DatabaseEntriesRepository.php(144): Illuminate\\Support\\Collection->each()
#15 /tmp/abdoElHodaky/larvrevrstender/services/auth-service/vendor/laravel/telescope/src/Telescope.php(664): Laravel\\Telescope\\Storage\\DatabaseEntriesRepository->store()
#16 [internal function]: Laravel\\Telescope\\Telescope::Laravel\\Telescope\\{closure}()
#17 /tmp/abdoElHodaky/larvrevrstender/services/auth-service/vendor/laravel/telescope/src/Telescope.php(289): call_user_func()
#18 /tmp/abdoElHodaky/larvrevrstender/services/auth-service/vendor/laravel/telescope/src/Telescope.php(656): Laravel\\Telescope\\Telescope::withoutRecording()
#19 /tmp/abdoElHodaky/larvrevrstender/services/auth-service/vendor/laravel/telescope/src/ListensForStorageOpportunities.php(65): Laravel\\Telescope\\Telescope::store()
#20 /tmp/abdoElHodaky/larvrevrstender/services/auth-service/vendor/laravel/framework/src/Illuminate/Container/BoundMethod.php(36): Laravel\\Telescope\\Telescope::Laravel\\Telescope\\{closure}()
#21 /tmp/abdoElHodaky/larvrevrstender/services/auth-service/vendor/laravel/framework/src/Illuminate/Container/Util.php(43): Illuminate\\Container\\BoundMethod::Illuminate\\Container\\{closure}()
#22 /tmp/abdoElHodaky/larvrevrstender/services/auth-service/vendor/laravel/framework/src/Illuminate/Container/BoundMethod.php(84): Illuminate\\Container\\Util::unwrapIfClosure()
#23 /tmp/abdoElHodaky/larvrevrstender/services/auth-service/vendor/laravel/framework/src/Illuminate/Container/BoundMethod.php(35): Illuminate\\Container\\BoundMethod::callBoundMethod()
#24 /tmp/abdoElHodaky/larvrevrstender/services/auth-service/vendor/laravel/framework/src/Illuminate/Container/Container.php(799): Illuminate\\Container\\BoundMethod::call()
#25 /tmp/abdoElHodaky/larvrevrstender/services/auth-service/vendor/laravel/framework/src/Illuminate/Foundation/Application.php(1466): Illuminate\\Container\\Container->call()
#26 /tmp/abdoElHodaky/larvrevrstender/services/auth-service/vendor/laravel/framework/src/Illuminate/Foundation/Console/Kernel.php(219): Illuminate\\Foundation\\Application->terminate()
#27 /tmp/abdoElHodaky/larvrevrstender/services/auth-service/artisan(51): Illuminate\\Foundation\\Console\\Kernel->terminate()
#28 {main}
"} 
[2026-03-08 20:05:37] local.INFO: Procedure registered {"name":"events","class":"Shared\\Procedures\\CrossServiceProcedure","type":"micro"} 
[2026-03-08 20:05:37] local.INFO: Procedure registered {"name":"cache","class":"Shared\\Procedures\\CrossServiceProcedure","type":"micro"} 
[2026-03-08 20:05:37] local.INFO: Procedure registered {"name":"notification","class":"Shared\\Procedures\\CrossServiceProcedure","type":"micro"} 
[2026-03-08 20:05:37] local.INFO: Procedure registered {"name":"validation","class":"Shared\\Procedures\\CrossServiceProcedure","type":"micro"} 
[2026-03-08 20:05:37] local.INFO: Procedure registered {"name":"security","class":"Shared\\Procedures\\CrossServiceProcedure","type":"micro"} 
[2026-03-08 20:05:37] local.INFO: Procedure registered {"name":"circuit_breaker","class":"Shared\\Procedures\\CrossServiceProcedure","type":"micro"} 
[2026-03-08 20:05:37] local.INFO: Procedure registered {"name":"queue_circuit_breaker","class":"Shared\\Procedures\\CrossServiceProcedure","type":"micro"} 
[2026-03-08 20:05:37] local.INFO: Procedure registered {"name":"third_party_integration","class":"Shared\\Procedures\\CrossServiceProcedure","type":"micro"} 
[2026-03-08 20:05:37] local.INFO: Procedure registered {"name":"workflow","class":"Shared\\Procedures\\CrossServiceProcedure","type":"macro"} 
[2026-03-08 20:05:37] local.ERROR: SQLSTATE[08006] [7] connection to server at "127.0.0.1", port 5432 failed: Connection refused
	Is the server running on that host and accepting TCP/IP connections? (Connection: pgsql, Host: 127.0.0.1, Port: 5432, Database: auth_service, SQL: insert into "telescope_entries" ("batch_id", "content", "created_at", "family_hash", "type", "uuid") values (a140a128-a15e-4ab9-88a5-164c4bf19469, {"level":"info","message":"Procedure registered","context":{"name":"events","class":"Shared\\Procedures\\CrossServiceProcedure","type":"micro"},"hostname":"modal"}, 2026-03-08 20:05:37, ?, log, a140a128-70f4-4409-bdb6-88735ceb9644), (a140a128-a15e-4ab9-88a5-164c4bf19469, {"level":"info","message":"Procedure registered","context":{"name":"cache","class":"Shared\\Procedures\\CrossServiceProcedure","type":"micro"},"hostname":"modal"}, 2026-03-08 20:05:37, ?, log, a140a128-7301-4b8a-acea-23772bb5f423), (a140a128-a15e-4ab9-88a5-164c4bf19469, {"level":"info","message":"Procedure registered","context":{"name":"notification","class":"Shared\\Procedures\\CrossServiceProcedure","type":"micro"},"hostname":"modal"}, 2026-03-08 20:05:37, ?, log, a140a128-733e-4de0-ac69-7949563e82e4), (a140a128-a15e-4ab9-88a5-164c4bf19469, {"level":"info","message":"Procedure registered","context":{"name":"validation","class":"Shared\\Procedures\\CrossServiceProcedure","type":"micro"},"hostname":"modal"}, 2026-03-08 20:05:37, ?, log, a140a128-7375-4611-9545-ddaefc839538), (a140a128-a15e-4ab9-88a5-164c4bf19469, {"level":"info","message":"Procedure registered","context":{"name":"security","class":"Shared\\Procedures\\CrossServiceProcedure","type":"micro"},"hostname":"modal"}, 2026-03-08 20:05:37, ?, log, a140a128-73ad-4f30-b6ce-cf7061bfdcfb), (a140a128-a15e-4ab9-88a5-164c4bf19469, {"level":"info","message":"Procedure registered","context":{"name":"circuit_breaker","class":"Shared\\Procedures\\CrossServiceProcedure","type":"micro"},"hostname":"modal"}, 2026-03-08 20:05:37, ?, log, a140a128-73e4-4916-8f16-dedc381f528b), (a140a128-a15e-4ab9-88a5-164c4bf19469, {"level":"info","message":"Procedure registered","context":{"name":"queue_circuit_breaker","class":"Shared\\Procedures\\CrossServiceProcedure","type":"micro"},"hostname":"modal"}, 2026-03-08 20:05:37, ?, log, a140a128-741c-4f02-9ad6-bf66674e325d), (a140a128-a15e-4ab9-88a5-164c4bf19469, {"level":"info","message":"Procedure registered","context":{"name":"third_party_integration","class":"Shared\\Procedures\\CrossServiceProcedure","type":"micro"},"hostname":"modal"}, 2026-03-08 20:05:37, ?, log, a140a128-7451-4896-9295-1ad833c4a8a5), (a140a128-a15e-4ab9-88a5-164c4bf19469, {"level":"info","message":"Procedure registered","context":{"name":"workflow","class":"Shared\\Procedures\\CrossServiceProcedure","type":"macro"},"hostname":"modal"}, 2026-03-08 20:05:37, ?, log, a140a128-7485-4689-9265-214afef586e7), (a140a128-a15e-4ab9-88a5-164c4bf19469, {"command":"list","exit_code":0,"arguments":{"command":"list","namespace":null},"options":{"raw":false,"format":"txt","short":false,"help":false,"silent":false,"quiet":false,"verbose":false,"version":false,"ansi":null,"no-interaction":false,"env":null},"hostname":"modal"}, 2026-03-08 20:05:37, ?, command, a140a128-a09a-4b4f-bc01-4bc6f8a3680d)) {"exception":"[object] (Illuminate\\Database\\QueryException(code: 7): SQLSTATE[08006] [7] connection to server at \"127.0.0.1\", port 5432 failed: Connection refused
\tIs the server running on that host and accepting TCP/IP connections? (Connection: pgsql, Host: 127.0.0.1, Port: 5432, Database: auth_service, SQL: insert into \"telescope_entries\" (\"batch_id\", \"content\", \"created_at\", \"family_hash\", \"type\", \"uuid\") values (a140a128-a15e-4ab9-88a5-164c4bf19469, {\"level\":\"info\",\"message\":\"Procedure registered\",\"context\":{\"name\":\"events\",\"class\":\"Shared\\\\Procedures\\\\CrossServiceProcedure\",\"type\":\"micro\"},\"hostname\":\"modal\"}, 2026-03-08 20:05:37, ?, log, a140a128-70f4-4409-bdb6-88735ceb9644), (a140a128-a15e-4ab9-88a5-164c4bf19469, {\"level\":\"info\",\"message\":\"Procedure registered\",\"context\":{\"name\":\"cache\",\"class\":\"Shared\\\\Procedures\\\\CrossServiceProcedure\",\"type\":\"micro\"},\"hostname\":\"modal\"}, 2026-03-08 20:05:37, ?, log, a140a128-7301-4b8a-acea-23772bb5f423), (a140a128-a15e-4ab9-88a5-164c4bf19469, {\"level\":\"info\",\"message\":\"Procedure registered\",\"context\":{\"name\":\"notification\",\"class\":\"Shared\\\\Procedures\\\\CrossServiceProcedure\",\"type\":\"micro\"},\"hostname\":\"modal\"}, 2026-03-08 20:05:37, ?, log, a140a128-733e-4de0-ac69-7949563e82e4), (a140a128-a15e-4ab9-88a5-164c4bf19469, {\"level\":\"info\",\"message\":\"Procedure registered\",\"context\":{\"name\":\"validation\",\"class\":\"Shared\\\\Procedures\\\\CrossServiceProcedure\",\"type\":\"micro\"},\"hostname\":\"modal\"}, 2026-03-08 20:05:37, ?, log, a140a128-7375-4611-9545-ddaefc839538), (a140a128-a15e-4ab9-88a5-164c4bf19469, {\"level\":\"info\",\"message\":\"Procedure registered\",\"context\":{\"name\":\"security\",\"class\":\"Shared\\\\Procedures\\\\CrossServiceProcedure\",\"type\":\"micro\"},\"hostname\":\"modal\"}, 2026-03-08 20:05:37, ?, log, a140a128-73ad-4f30-b6ce-cf7061bfdcfb), (a140a128-a15e-4ab9-88a5-164c4bf19469, {\"level\":\"info\",\"message\":\"Procedure registered\",\"context\":{\"name\":\"circuit_breaker\",\"class\":\"Shared\\\\Procedures\\\\CrossServiceProcedure\",\"type\":\"micro\"},\"hostname\":\"modal\"}, 2026-03-08 20:05:37, ?, log, a140a128-73e4-4916-8f16-dedc381f528b), (a140a128-a15e-4ab9-88a5-164c4bf19469, {\"level\":\"info\",\"message\":\"Procedure registered\",\"context\":{\"name\":\"queue_circuit_breaker\",\"class\":\"Shared\\\\Procedures\\\\CrossServiceProcedure\",\"type\":\"micro\"},\"hostname\":\"modal\"}, 2026-03-08 20:05:37, ?, log, a140a128-741c-4f02-9ad6-bf66674e325d), (a140a128-a15e-4ab9-88a5-164c4bf19469, {\"level\":\"info\",\"message\":\"Procedure registered\",\"context\":{\"name\":\"third_party_integration\",\"class\":\"Shared\\\\Procedures\\\\CrossServiceProcedure\",\"type\":\"micro\"},\"hostname\":\"modal\"}, 2026-03-08 20:05:37, ?, log, a140a128-7451-4896-9295-1ad833c4a8a5), (a140a128-a15e-4ab9-88a5-164c4bf19469, {\"level\":\"info\",\"message\":\"Procedure registered\",\"context\":{\"name\":\"workflow\",\"class\":\"Shared\\\\Procedures\\\\CrossServiceProcedure\",\"type\":\"macro\"},\"hostname\":\"modal\"}, 2026-03-08 20:05:37, ?, log, a140a128-7485-4689-9265-214afef586e7), (a140a128-a15e-4ab9-88a5-164c4bf19469, {\"command\":\"list\",\"exit_code\":0,\"arguments\":{\"command\":\"list\",\"namespace\":null},\"options\":{\"raw\":false,\"format\":\"txt\",\"short\":false,\"help\":false,\"silent\":false,\"quiet\":false,\"verbose\":false,\"version\":false,\"ansi\":null,\"no-interaction\":false,\"env\":null},\"hostname\":\"modal\"}, 2026-03-08 20:05:37, ?, command, a140a128-a09a-4b4f-bc01-4bc6f8a3680d)) at /tmp/abdoElHodaky/larvrevrstender/services/auth-service/vendor/laravel/framework/src/Illuminate/Database/Connection.php:838)
[stacktrace]
#0 /tmp/abdoElHodaky/larvrevrstender/services/auth-service/vendor/laravel/framework/src/Illuminate/Database/Connection.php(794): Illuminate\\Database\\Connection->runQueryCallback()
#1 /tmp/abdoElHodaky/larvrevrstender/services/auth-service/vendor/laravel/framework/src/Illuminate/Database/Connection.php(573): Illuminate\\Database\\Connection->run()
#2 /tmp/abdoElHodaky/larvrevrstender/services/auth-service/vendor/laravel/framework/src/Illuminate/Database/Connection.php(537): Illuminate\\Database\\Connection->statement()
#3 /tmp/abdoElHodaky/larvrevrstender/services/auth-service/vendor/laravel/framework/src/Illuminate/Database/Query/Builder.php(4091): Illuminate\\Database\\Connection->insert()
#4 /tmp/abdoElHodaky/larvrevrstender/services/auth-service/vendor/laravel/telescope/src/Storage/DatabaseEntriesRepository.php(145): Illuminate\\Database\\Query\\Builder->insert()
#5 /tmp/abdoElHodaky/larvrevrstender/services/auth-service/vendor/laravel/framework/src/Illuminate/Collections/Traits/EnumeratesValues.php(275): Laravel\\Telescope\\Storage\\DatabaseEntriesRepository->Laravel\\Telescope\\Storage\\{closure}()
#6 /tmp/abdoElHodaky/larvrevrstender/services/auth-service/vendor/laravel/telescope/src/Storage/DatabaseEntriesRepository.php(144): Illuminate\\Support\\Collection->each()
#7 /tmp/abdoElHodaky/larvrevrstender/services/auth-service/vendor/laravel/telescope/src/Telescope.php(664): Laravel\\Telescope\\Storage\\DatabaseEntriesRepository->store()
#8 [internal function]: Laravel\\Telescope\\Telescope::Laravel\\Telescope\\{closure}()
#9 /tmp/abdoElHodaky/larvrevrstender/services/auth-service/vendor/laravel/telescope/src/Telescope.php(289): call_user_func()
#10 /tmp/abdoElHodaky/larvrevrstender/services/auth-service/vendor/laravel/telescope/src/Telescope.php(656): Laravel\\Telescope\\Telescope::withoutRecording()
#11 /tmp/abdoElHodaky/larvrevrstender/services/auth-service/vendor/laravel/telescope/src/ListensForStorageOpportunities.php(65): Laravel\\Telescope\\Telescope::store()
#12 /tmp/abdoElHodaky/larvrevrstender/services/auth-service/vendor/laravel/framework/src/Illuminate/Container/BoundMethod.php(36): Laravel\\Telescope\\Telescope::Laravel\\Telescope\\{closure}()
#13 /tmp/abdoElHodaky/larvrevrstender/services/auth-service/vendor/laravel/framework/src/Illuminate/Container/Util.php(43): Illuminate\\Container\\BoundMethod::Illuminate\\Container\\{closure}()
#14 /tmp/abdoElHodaky/larvrevrstender/services/auth-service/vendor/laravel/framework/src/Illuminate/Container/BoundMethod.php(84): Illuminate\\Container\\Util::unwrapIfClosure()
#15 /tmp/abdoElHodaky/larvrevrstender/services/auth-service/vendor/laravel/framework/src/Illuminate/Container/BoundMethod.php(35): Illuminate\\Container\\BoundMethod::callBoundMethod()
#16 /tmp/abdoElHodaky/larvrevrstender/services/auth-service/vendor/laravel/framework/src/Illuminate/Container/Container.php(799): Illuminate\\Container\\BoundMethod::call()
#17 /tmp/abdoElHodaky/larvrevrstender/services/auth-service/vendor/laravel/framework/src/Illuminate/Foundation/Application.php(1466): Illuminate\\Container\\Container->call()
#18 /tmp/abdoElHodaky/larvrevrstender/services/auth-service/vendor/laravel/framework/src/Illuminate/Foundation/Console/Kernel.php(219): Illuminate\\Foundation\\Application->terminate()
#19 /tmp/abdoElHodaky/larvrevrstender/services/auth-service/artisan(51): Illuminate\\Foundation\\Console\\Kernel->terminate()
#20 {main}

[previous exception] [object] (PDOException(code: 7): SQLSTATE[08006] [7] connection to server at \"127.0.0.1\", port 5432 failed: Connection refused
\tIs the server running on that host and accepting TCP/IP connections? at /tmp/abdoElHodaky/larvrevrstender/services/auth-service/vendor/laravel/framework/src/Illuminate/Database/Connectors/Connector.php:66)
[stacktrace]
#0 /tmp/abdoElHodaky/larvrevrstender/services/auth-service/vendor/laravel/framework/src/Illuminate/Database/Connectors/Connector.php(66): PDO->__construct()
#1 /tmp/abdoElHodaky/larvrevrstender/services/auth-service/vendor/laravel/framework/src/Illuminate/Database/Connectors/Connector.php(44): Illuminate\\Database\\Connectors\\Connector->createPdoConnection()
#2 /tmp/abdoElHodaky/larvrevrstender/services/auth-service/vendor/laravel/framework/src/Illuminate/Database/Connectors/PostgresConnector.php(35): Illuminate\\Database\\Connectors\\Connector->createConnection()
#3 /tmp/abdoElHodaky/larvrevrstender/services/auth-service/vendor/laravel/framework/src/Illuminate/Database/Connectors/ConnectionFactory.php(186): Illuminate\\Database\\Connectors\\PostgresConnector->connect()
#4 [internal function]: Illuminate\\Database\\Connectors\\ConnectionFactory->Illuminate\\Database\\Connectors\\{closure}()
#5 /tmp/abdoElHodaky/larvrevrstender/services/auth-service/vendor/laravel/framework/src/Illuminate/Database/Connection.php(1257): call_user_func()
#6 /tmp/abdoElHodaky/larvrevrstender/services/auth-service/vendor/laravel/framework/src/Illuminate/Database/Connection.php(578): Illuminate\\Database\\Connection->getPdo()
#7 /tmp/abdoElHodaky/larvrevrstender/services/auth-service/vendor/laravel/framework/src/Illuminate/Database/Connection.php(827): Illuminate\\Database\\Connection->Illuminate\\Database\\{closure}()
#8 /tmp/abdoElHodaky/larvrevrstender/services/auth-service/vendor/laravel/framework/src/Illuminate/Database/Connection.php(794): Illuminate\\Database\\Connection->runQueryCallback()
#9 /tmp/abdoElHodaky/larvrevrstender/services/auth-service/vendor/laravel/framework/src/Illuminate/Database/Connection.php(573): Illuminate\\Database\\Connection->run()
#10 /tmp/abdoElHodaky/larvrevrstender/services/auth-service/vendor/laravel/framework/src/Illuminate/Database/Connection.php(537): Illuminate\\Database\\Connection->statement()
#11 /tmp/abdoElHodaky/larvrevrstender/services/auth-service/vendor/laravel/framework/src/Illuminate/Database/Query/Builder.php(4091): Illuminate\\Database\\Connection->insert()
#12 /tmp/abdoElHodaky/larvrevrstender/services/auth-service/vendor/laravel/telescope/src/Storage/DatabaseEntriesRepository.php(145): Illuminate\\Database\\Query\\Builder->insert()
#13 /tmp/abdoElHodaky/larvrevrstender/services/auth-service/vendor/laravel/framework/src/Illuminate/Collections/Traits/EnumeratesValues.php(275): Laravel\\Telescope\\Storage\\DatabaseEntriesRepository->Laravel\\Telescope\\Storage\\{closure}()
#14 /tmp/abdoElHodaky/larvrevrstender/services/auth-service/vendor/laravel/telescope/src/Storage/DatabaseEntriesRepository.php(144): Illuminate\\Support\\Collection->each()
#15 /tmp/abdoElHodaky/larvrevrstender/services/auth-service/vendor/laravel/telescope/src/Telescope.php(664): Laravel\\Telescope\\Storage\\DatabaseEntriesRepository->store()
#16 [internal function]: Laravel\\Telescope\\Telescope::Laravel\\Telescope\\{closure}()
#17 /tmp/abdoElHodaky/larvrevrstender/services/auth-service/vendor/laravel/telescope/src/Telescope.php(289): call_user_func()
#18 /tmp/abdoElHodaky/larvrevrstender/services/auth-service/vendor/laravel/telescope/src/Telescope.php(656): Laravel\\Telescope\\Telescope::withoutRecording()
#19 /tmp/abdoElHodaky/larvrevrstender/services/auth-service/vendor/laravel/telescope/src/ListensForStorageOpportunities.php(65): Laravel\\Telescope\\Telescope::store()
#20 /tmp/abdoElHodaky/larvrevrstender/services/auth-service/vendor/laravel/framework/src/Illuminate/Container/BoundMethod.php(36): Laravel\\Telescope\\Telescope::Laravel\\Telescope\\{closure}()
#21 /tmp/abdoElHodaky/larvrevrstender/services/auth-service/vendor/laravel/framework/src/Illuminate/Container/Util.php(43): Illuminate\\Container\\BoundMethod::Illuminate\\Container\\{closure}()
#22 /tmp/abdoElHodaky/larvrevrstender/services/auth-service/vendor/laravel/framework/src/Illuminate/Container/BoundMethod.php(84): Illuminate\\Container\\Util::unwrapIfClosure()
#23 /tmp/abdoElHodaky/larvrevrstender/services/auth-service/vendor/laravel/framework/src/Illuminate/Container/BoundMethod.php(35): Illuminate\\Container\\BoundMethod::callBoundMethod()
#24 /tmp/abdoElHodaky/larvrevrstender/services/auth-service/vendor/laravel/framework/src/Illuminate/Container/Container.php(799): Illuminate\\Container\\BoundMethod::call()
#25 /tmp/abdoElHodaky/larvrevrstender/services/auth-service/vendor/laravel/framework/src/Illuminate/Foundation/Application.php(1466): Illuminate\\Container\\Container->call()
#26 /tmp/abdoElHodaky/larvrevrstender/services/auth-service/vendor/laravel/framework/src/Illuminate/Foundation/Console/Kernel.php(219): Illuminate\\Foundation\\Application->terminate()
#27 /tmp/abdoElHodaky/larvrevrstender/services/auth-service/artisan(51): Illuminate\\Foundation\\Console\\Kernel->terminate()
#28 {main}
"} 
[2026-03-08 20:05:42] local.INFO: Procedure registered {"name":"events","class":"Shared\\Procedures\\CrossServiceProcedure","type":"micro"} 
[2026-03-08 20:05:42] local.INFO: Procedure registered {"name":"cache","class":"Shared\\Procedures\\CrossServiceProcedure","type":"micro"} 
[2026-03-08 20:05:42] local.INFO: Procedure registered {"name":"notification","class":"Shared\\Procedures\\CrossServiceProcedure","type":"micro"} 
[2026-03-08 20:05:42] local.INFO: Procedure registered {"name":"validation","class":"Shared\\Procedures\\CrossServiceProcedure","type":"micro"} 
[2026-03-08 20:05:42] local.INFO: Procedure registered {"name":"security","class":"Shared\\Procedures\\CrossServiceProcedure","type":"micro"} 
[2026-03-08 20:05:42] local.INFO: Procedure registered {"name":"circuit_breaker","class":"Shared\\Procedures\\CrossServiceProcedure","type":"micro"} 
[2026-03-08 20:05:42] local.INFO: Procedure registered {"name":"queue_circuit_breaker","class":"Shared\\Procedures\\CrossServiceProcedure","type":"micro"} 
[2026-03-08 20:05:42] local.INFO: Procedure registered {"name":"third_party_integration","class":"Shared\\Procedures\\CrossServiceProcedure","type":"micro"} 
[2026-03-08 20:05:42] local.INFO: Procedure registered {"name":"workflow","class":"Shared\\Procedures\\CrossServiceProcedure","type":"macro"} 
[2026-03-08 20:05:42] local.ERROR: SQLSTATE[08006] [7] connection to server at "127.0.0.1", port 5432 failed: Connection refused
	Is the server running on that host and accepting TCP/IP connections? (Connection: pgsql, Host: 127.0.0.1, Port: 5432, Database: auth_service, SQL: insert into "telescope_entries" ("batch_id", "content", "created_at", "family_hash", "type", "uuid") values (a140a130-5c6b-4ecf-b56e-a2e578f71c81, {"level":"info","message":"Procedure registered","context":{"name":"events","class":"Shared\\Procedures\\CrossServiceProcedure","type":"micro"},"hostname":"modal"}, 2026-03-08 20:05:42, ?, log, a140a130-3ee0-4c83-95a7-ac078d837d2c), (a140a130-5c6b-4ecf-b56e-a2e578f71c81, {"level":"info","message":"Procedure registered","context":{"name":"cache","class":"Shared\\Procedures\\CrossServiceProcedure","type":"micro"},"hostname":"modal"}, 2026-03-08 20:05:42, ?, log, a140a130-4073-4a31-9ae7-f79edb9dbafc), (a140a130-5c6b-4ecf-b56e-a2e578f71c81, {"level":"info","message":"Procedure registered","context":{"name":"notification","class":"Shared\\Procedures\\CrossServiceProcedure","type":"micro"},"hostname":"modal"}, 2026-03-08 20:05:42, ?, log, a140a130-40b0-46bb-a93a-be984e14d2aa), (a140a130-5c6b-4ecf-b56e-a2e578f71c81, {"level":"info","message":"Procedure registered","context":{"name":"validation","class":"Shared\\Procedures\\CrossServiceProcedure","type":"micro"},"hostname":"modal"}, 2026-03-08 20:05:42, ?, log, a140a130-40e8-4c4e-86ea-0b5fd9553a6e), (a140a130-5c6b-4ecf-b56e-a2e578f71c81, {"level":"info","message":"Procedure registered","context":{"name":"security","class":"Shared\\Procedures\\CrossServiceProcedure","type":"micro"},"hostname":"modal"}, 2026-03-08 20:05:42, ?, log, a140a130-411e-4869-9bd0-a45203bd6942), (a140a130-5c6b-4ecf-b56e-a2e578f71c81, {"level":"info","message":"Procedure registered","context":{"name":"circuit_breaker","class":"Shared\\Procedures\\CrossServiceProcedure","type":"micro"},"hostname":"modal"}, 2026-03-08 20:05:42, ?, log, a140a130-4158-41cd-9f48-5c8df8659893), (a140a130-5c6b-4ecf-b56e-a2e578f71c81, {"level":"info","message":"Procedure registered","context":{"name":"queue_circuit_breaker","class":"Shared\\Procedures\\CrossServiceProcedure","type":"micro"},"hostname":"modal"}, 2026-03-08 20:05:42, ?, log, a140a130-418d-464a-900e-12600c74477d), (a140a130-5c6b-4ecf-b56e-a2e578f71c81, {"level":"info","message":"Procedure registered","context":{"name":"third_party_integration","class":"Shared\\Procedures\\CrossServiceProcedure","type":"micro"},"hostname":"modal"}, 2026-03-08 20:05:42, ?, log, a140a130-41c3-430c-b70e-419d028d21c8), (a140a130-5c6b-4ecf-b56e-a2e578f71c81, {"level":"info","message":"Procedure registered","context":{"name":"workflow","class":"Shared\\Procedures\\CrossServiceProcedure","type":"macro"},"hostname":"modal"}, 2026-03-08 20:05:42, ?, log, a140a130-41fa-4b88-9515-2bc218051827), (a140a130-5c6b-4ecf-b56e-a2e578f71c81, {"command":"help","exit_code":0,"arguments":{"command":"rpc:generate-tokens","command_name":"help"},"options":{"format":"txt","raw":false,"help":true,"silent":false,"quiet":false,"verbose":false,"version":false,"ansi":null,"no-interaction":false,"env":null},"hostname":"modal"}, 2026-03-08 20:05:42, ?, command, a140a130-5bd9-4430-9ae7-cca3fc9ae391)) {"exception":"[object] (Illuminate\\Database\\QueryException(code: 7): SQLSTATE[08006] [7] connection to server at \"127.0.0.1\", port 5432 failed: Connection refused
\tIs the server running on that host and accepting TCP/IP connections? (Connection: pgsql, Host: 127.0.0.1, Port: 5432, Database: auth_service, SQL: insert into \"telescope_entries\" (\"batch_id\", \"content\", \"created_at\", \"family_hash\", \"type\", \"uuid\") values (a140a130-5c6b-4ecf-b56e-a2e578f71c81, {\"level\":\"info\",\"message\":\"Procedure registered\",\"context\":{\"name\":\"events\",\"class\":\"Shared\\\\Procedures\\\\CrossServiceProcedure\",\"type\":\"micro\"},\"hostname\":\"modal\"}, 2026-03-08 20:05:42, ?, log, a140a130-3ee0-4c83-95a7-ac078d837d2c), (a140a130-5c6b-4ecf-b56e-a2e578f71c81, {\"level\":\"info\",\"message\":\"Procedure registered\",\"context\":{\"name\":\"cache\",\"class\":\"Shared\\\\Procedures\\\\CrossServiceProcedure\",\"type\":\"micro\"},\"hostname\":\"modal\"}, 2026-03-08 20:05:42, ?, log, a140a130-4073-4a31-9ae7-f79edb9dbafc), (a140a130-5c6b-4ecf-b56e-a2e578f71c81, {\"level\":\"info\",\"message\":\"Procedure registered\",\"context\":{\"name\":\"notification\",\"class\":\"Shared\\\\Procedures\\\\CrossServiceProcedure\",\"type\":\"micro\"},\"hostname\":\"modal\"}, 2026-03-08 20:05:42, ?, log, a140a130-40b0-46bb-a93a-be984e14d2aa), (a140a130-5c6b-4ecf-b56e-a2e578f71c81, {\"level\":\"info\",\"message\":\"Procedure registered\",\"context\":{\"name\":\"validation\",\"class\":\"Shared\\\\Procedures\\\\CrossServiceProcedure\",\"type\":\"micro\"},\"hostname\":\"modal\"}, 2026-03-08 20:05:42, ?, log, a140a130-40e8-4c4e-86ea-0b5fd9553a6e), (a140a130-5c6b-4ecf-b56e-a2e578f71c81, {\"level\":\"info\",\"message\":\"Procedure registered\",\"context\":{\"name\":\"security\",\"class\":\"Shared\\\\Procedures\\\\CrossServiceProcedure\",\"type\":\"micro\"},\"hostname\":\"modal\"}, 2026-03-08 20:05:42, ?, log, a140a130-411e-4869-9bd0-a45203bd6942), (a140a130-5c6b-4ecf-b56e-a2e578f71c81, {\"level\":\"info\",\"message\":\"Procedure registered\",\"context\":{\"name\":\"circuit_breaker\",\"class\":\"Shared\\\\Procedures\\\\CrossServiceProcedure\",\"type\":\"micro\"},\"hostname\":\"modal\"}, 2026-03-08 20:05:42, ?, log, a140a130-4158-41cd-9f48-5c8df8659893), (a140a130-5c6b-4ecf-b56e-a2e578f71c81, {\"level\":\"info\",\"message\":\"Procedure registered\",\"context\":{\"name\":\"queue_circuit_breaker\",\"class\":\"Shared\\\\Procedures\\\\CrossServiceProcedure\",\"type\":\"micro\"},\"hostname\":\"modal\"}, 2026-03-08 20:05:42, ?, log, a140a130-418d-464a-900e-12600c74477d), (a140a130-5c6b-4ecf-b56e-a2e578f71c81, {\"level\":\"info\",\"message\":\"Procedure registered\",\"context\":{\"name\":\"third_party_integration\",\"class\":\"Shared\\\\Procedures\\\\CrossServiceProcedure\",\"type\":\"micro\"},\"hostname\":\"modal\"}, 2026-03-08 20:05:42, ?, log, a140a130-41c3-430c-b70e-419d028d21c8), (a140a130-5c6b-4ecf-b56e-a2e578f71c81, {\"level\":\"info\",\"message\":\"Procedure registered\",\"context\":{\"name\":\"workflow\",\"class\":\"Shared\\\\Procedures\\\\CrossServiceProcedure\",\"type\":\"macro\"},\"hostname\":\"modal\"}, 2026-03-08 20:05:42, ?, log, a140a130-41fa-4b88-9515-2bc218051827), (a140a130-5c6b-4ecf-b56e-a2e578f71c81, {\"command\":\"help\",\"exit_code\":0,\"arguments\":{\"command\":\"rpc:generate-tokens\",\"command_name\":\"help\"},\"options\":{\"format\":\"txt\",\"raw\":false,\"help\":true,\"silent\":false,\"quiet\":false,\"verbose\":false,\"version\":false,\"ansi\":null,\"no-interaction\":false,\"env\":null},\"hostname\":\"modal\"}, 2026-03-08 20:05:42, ?, command, a140a130-5bd9-4430-9ae7-cca3fc9ae391)) at /tmp/abdoElHodaky/larvrevrstender/services/auth-service/vendor/laravel/framework/src/Illuminate/Database/Connection.php:838)
[stacktrace]
#0 /tmp/abdoElHodaky/larvrevrstender/services/auth-service/vendor/laravel/framework/src/Illuminate/Database/Connection.php(794): Illuminate\\Database\\Connection->runQueryCallback()
#1 /tmp/abdoElHodaky/larvrevrstender/services/auth-service/vendor/laravel/framework/src/Illuminate/Database/Connection.php(573): Illuminate\\Database\\Connection->run()
#2 /tmp/abdoElHodaky/larvrevrstender/services/auth-service/vendor/laravel/framework/src/Illuminate/Database/Connection.php(537): Illuminate\\Database\\Connection->statement()
#3 /tmp/abdoElHodaky/larvrevrstender/services/auth-service/vendor/laravel/framework/src/Illuminate/Database/Query/Builder.php(4091): Illuminate\\Database\\Connection->insert()
#4 /tmp/abdoElHodaky/larvrevrstender/services/auth-service/vendor/laravel/telescope/src/Storage/DatabaseEntriesRepository.php(145): Illuminate\\Database\\Query\\Builder->insert()
#5 /tmp/abdoElHodaky/larvrevrstender/services/auth-service/vendor/laravel/framework/src/Illuminate/Collections/Traits/EnumeratesValues.php(275): Laravel\\Telescope\\Storage\\DatabaseEntriesRepository->Laravel\\Telescope\\Storage\\{closure}()
#6 /tmp/abdoElHodaky/larvrevrstender/services/auth-service/vendor/laravel/telescope/src/Storage/DatabaseEntriesRepository.php(144): Illuminate\\Support\\Collection->each()
#7 /tmp/abdoElHodaky/larvrevrstender/services/auth-service/vendor/laravel/telescope/src/Telescope.php(664): Laravel\\Telescope\\Storage\\DatabaseEntriesRepository->store()
#8 [internal function]: Laravel\\Telescope\\Telescope::Laravel\\Telescope\\{closure}()
#9 /tmp/abdoElHodaky/larvrevrstender/services/auth-service/vendor/laravel/telescope/src/Telescope.php(289): call_user_func()
#10 /tmp/abdoElHodaky/larvrevrstender/services/auth-service/vendor/laravel/telescope/src/Telescope.php(656): Laravel\\Telescope\\Telescope::withoutRecording()
#11 /tmp/abdoElHodaky/larvrevrstender/services/auth-service/vendor/laravel/telescope/src/ListensForStorageOpportunities.php(65): Laravel\\Telescope\\Telescope::store()
#12 /tmp/abdoElHodaky/larvrevrstender/services/auth-service/vendor/laravel/framework/src/Illuminate/Container/BoundMethod.php(36): Laravel\\Telescope\\Telescope::Laravel\\Telescope\\{closure}()
#13 /tmp/abdoElHodaky/larvrevrstender/services/auth-service/vendor/laravel/framework/src/Illuminate/Container/Util.php(43): Illuminate\\Container\\BoundMethod::Illuminate\\Container\\{closure}()
#14 /tmp/abdoElHodaky/larvrevrstender/services/auth-service/vendor/laravel/framework/src/Illuminate/Container/BoundMethod.php(84): Illuminate\\Container\\Util::unwrapIfClosure()
#15 /tmp/abdoElHodaky/larvrevrstender/services/auth-service/vendor/laravel/framework/src/Illuminate/Container/BoundMethod.php(35): Illuminate\\Container\\BoundMethod::callBoundMethod()
#16 /tmp/abdoElHodaky/larvrevrstender/services/auth-service/vendor/laravel/framework/src/Illuminate/Container/Container.php(799): Illuminate\\Container\\BoundMethod::call()
#17 /tmp/abdoElHodaky/larvrevrstender/services/auth-service/vendor/laravel/framework/src/Illuminate/Foundation/Application.php(1466): Illuminate\\Container\\Container->call()
#18 /tmp/abdoElHodaky/larvrevrstender/services/auth-service/vendor/laravel/framework/src/Illuminate/Foundation/Console/Kernel.php(219): Illuminate\\Foundation\\Application->terminate()
#19 /tmp/abdoElHodaky/larvrevrstender/services/auth-service/artisan(51): Illuminate\\Foundation\\Console\\Kernel->terminate()
#20 {main}

[previous exception] [object] (PDOException(code: 7): SQLSTATE[08006] [7] connection to server at \"127.0.0.1\", port 5432 failed: Connection refused
\tIs the server running on that host and accepting TCP/IP connections? at /tmp/abdoElHodaky/larvrevrstender/services/auth-service/vendor/laravel/framework/src/Illuminate/Database/Connectors/Connector.php:66)
[stacktrace]
#0 /tmp/abdoElHodaky/larvrevrstender/services/auth-service/vendor/laravel/framework/src/Illuminate/Database/Connectors/Connector.php(66): PDO->__construct()
#1 /tmp/abdoElHodaky/larvrevrstender/services/auth-service/vendor/laravel/framework/src/Illuminate/Database/Connectors/Connector.php(44): Illuminate\\Database\\Connectors\\Connector->createPdoConnection()
#2 /tmp/abdoElHodaky/larvrevrstender/services/auth-service/vendor/laravel/framework/src/Illuminate/Database/Connectors/PostgresConnector.php(35): Illuminate\\Database\\Connectors\\Connector->createConnection()
#3 /tmp/abdoElHodaky/larvrevrstender/services/auth-service/vendor/laravel/framework/src/Illuminate/Database/Connectors/ConnectionFactory.php(186): Illuminate\\Database\\Connectors\\PostgresConnector->connect()
#4 [internal function]: Illuminate\\Database\\Connectors\\ConnectionFactory->Illuminate\\Database\\Connectors\\{closure}()
#5 /tmp/abdoElHodaky/larvrevrstender/services/auth-service/vendor/laravel/framework/src/Illuminate/Database/Connection.php(1257): call_user_func()
#6 /tmp/abdoElHodaky/larvrevrstender/services/auth-service/vendor/laravel/framework/src/Illuminate/Database/Connection.php(578): Illuminate\\Database\\Connection->getPdo()
#7 /tmp/abdoElHodaky/larvrevrstender/services/auth-service/vendor/laravel/framework/src/Illuminate/Database/Connection.php(827): Illuminate\\Database\\Connection->Illuminate\\Database\\{closure}()
#8 /tmp/abdoElHodaky/larvrevrstender/services/auth-service/vendor/laravel/framework/src/Illuminate/Database/Connection.php(794): Illuminate\\Database\\Connection->runQueryCallback()
#9 /tmp/abdoElHodaky/larvrevrstender/services/auth-service/vendor/laravel/framework/src/Illuminate/Database/Connection.php(573): Illuminate\\Database\\Connection->run()
#10 /tmp/abdoElHodaky/larvrevrstender/services/auth-service/vendor/laravel/framework/src/Illuminate/Database/Connection.php(537): Illuminate\\Database\\Connection->statement()
#11 /tmp/abdoElHodaky/larvrevrstender/services/auth-service/vendor/laravel/framework/src/Illuminate/Database/Query/Builder.php(4091): Illuminate\\Database\\Connection->insert()
#12 /tmp/abdoElHodaky/larvrevrstender/services/auth-service/vendor/laravel/telescope/src/Storage/DatabaseEntriesRepository.php(145): Illuminate\\Database\\Query\\Builder->insert()
#13 /tmp/abdoElHodaky/larvrevrstender/services/auth-service/vendor/laravel/framework/src/Illuminate/Collections/Traits/EnumeratesValues.php(275): Laravel\\Telescope\\Storage\\DatabaseEntriesRepository->Laravel\\Telescope\\Storage\\{closure}()
#14 /tmp/abdoElHodaky/larvrevrstender/services/auth-service/vendor/laravel/telescope/src/Storage/DatabaseEntriesRepository.php(144): Illuminate\\Support\\Collection->each()
#15 /tmp/abdoElHodaky/larvrevrstender/services/auth-service/vendor/laravel/telescope/src/Telescope.php(664): Laravel\\Telescope\\Storage\\DatabaseEntriesRepository->store()
#16 [internal function]: Laravel\\Telescope\\Telescope::Laravel\\Telescope\\{closure}()
#17 /tmp/abdoElHodaky/larvrevrstender/services/auth-service/vendor/laravel/telescope/src/Telescope.php(289): call_user_func()
#18 /tmp/abdoElHodaky/larvrevrstender/services/auth-service/vendor/laravel/telescope/src/Telescope.php(656): Laravel\\Telescope\\Telescope::withoutRecording()
#19 /tmp/abdoElHodaky/larvrevrstender/services/auth-service/vendor/laravel/telescope/src/ListensForStorageOpportunities.php(65): Laravel\\Telescope\\Telescope::store()
#20 /tmp/abdoElHodaky/larvrevrstender/services/auth-service/vendor/laravel/framework/src/Illuminate/Container/BoundMethod.php(36): Laravel\\Telescope\\Telescope::Laravel\\Telescope\\{closure}()
#21 /tmp/abdoElHodaky/larvrevrstender/services/auth-service/vendor/laravel/framework/src/Illuminate/Container/Util.php(43): Illuminate\\Container\\BoundMethod::Illuminate\\Container\\{closure}()
#22 /tmp/abdoElHodaky/larvrevrstender/services/auth-service/vendor/laravel/framework/src/Illuminate/Container/BoundMethod.php(84): Illuminate\\Container\\Util::unwrapIfClosure()
#23 /tmp/abdoElHodaky/larvrevrstender/services/auth-service/vendor/laravel/framework/src/Illuminate/Container/BoundMethod.php(35): Illuminate\\Container\\BoundMethod::callBoundMethod()
#24 /tmp/abdoElHodaky/larvrevrstender/services/auth-service/vendor/laravel/framework/src/Illuminate/Container/Container.php(799): Illuminate\\Container\\BoundMethod::call()
#25 /tmp/abdoElHodaky/larvrevrstender/services/auth-service/vendor/laravel/framework/src/Illuminate/Foundation/Application.php(1466): Illuminate\\Container\\Container->call()
#26 /tmp/abdoElHodaky/larvrevrstender/services/auth-service/vendor/laravel/framework/src/Illuminate/Foundation/Console/Kernel.php(219): Illuminate\\Foundation\\Application->terminate()
#27 /tmp/abdoElHodaky/larvrevrstender/services/auth-service/artisan(51): Illuminate\\Foundation\\Console\\Kernel->terminate()
#28 {main}
"} 
[2026-03-08 20:05:47] local.INFO: Procedure registered {"name":"events","class":"Shared\\Procedures\\CrossServiceProcedure","type":"micro"} 
[2026-03-08 20:05:47] local.INFO: Procedure registered {"name":"cache","class":"Shared\\Procedures\\CrossServiceProcedure","type":"micro"} 
[2026-03-08 20:05:47] local.INFO: Procedure registered {"name":"notification","class":"Shared\\Procedures\\CrossServiceProcedure","type":"micro"} 
[2026-03-08 20:05:47] local.INFO: Procedure registered {"name":"validation","class":"Shared\\Procedures\\CrossServiceProcedure","type":"micro"} 
[2026-03-08 20:05:47] local.INFO: Procedure registered {"name":"security","class":"Shared\\Procedures\\CrossServiceProcedure","type":"micro"} 
[2026-03-08 20:05:47] local.INFO: Procedure registered {"name":"circuit_breaker","class":"Shared\\Procedures\\CrossServiceProcedure","type":"micro"} 
[2026-03-08 20:05:47] local.INFO: Procedure registered {"name":"queue_circuit_breaker","class":"Shared\\Procedures\\CrossServiceProcedure","type":"micro"} 
[2026-03-08 20:05:47] local.INFO: Procedure registered {"name":"third_party_integration","class":"Shared\\Procedures\\CrossServiceProcedure","type":"micro"} 
[2026-03-08 20:05:47] local.INFO: Procedure registered {"name":"workflow","class":"Shared\\Procedures\\CrossServiceProcedure","type":"macro"} 
[2026-03-08 20:05:47] local.ERROR: SQLSTATE[08006] [7] connection to server at "127.0.0.1", port 5432 failed: Connection refused
	Is the server running on that host and accepting TCP/IP connections? (Connection: pgsql, Host: 127.0.0.1, Port: 5432, Database: auth_service, SQL: insert into "telescope_entries" ("batch_id", "content", "created_at", "family_hash", "type", "uuid") values (a140a137-186a-4acd-bcef-0ba52f371884, {"level":"info","message":"Procedure registered","context":{"name":"events","class":"Shared\\Procedures\\CrossServiceProcedure","type":"micro"},"hostname":"modal"}, 2026-03-08 20:05:47, ?, log, a140a136-fa3d-4c97-a138-6476c07fdd57), (a140a137-186a-4acd-bcef-0ba52f371884, {"level":"info","message":"Procedure registered","context":{"name":"cache","class":"Shared\\Procedures\\CrossServiceProcedure","type":"micro"},"hostname":"modal"}, 2026-03-08 20:05:47, ?, log, a140a136-fbda-42ff-a11d-07c370961a3f), (a140a137-186a-4acd-bcef-0ba52f371884, {"level":"info","message":"Procedure registered","context":{"name":"notification","class":"Shared\\Procedures\\CrossServiceProcedure","type":"micro"},"hostname":"modal"}, 2026-03-08 20:05:47, ?, log, a140a136-fc19-4f5b-8a72-52226551a453), (a140a137-186a-4acd-bcef-0ba52f371884, {"level":"info","message":"Procedure registered","context":{"name":"validation","class":"Shared\\Procedures\\CrossServiceProcedure","type":"micro"},"hostname":"modal"}, 2026-03-08 20:05:47, ?, log, a140a136-fc4f-49b2-8546-cb9cd3002645), (a140a137-186a-4acd-bcef-0ba52f371884, {"level":"info","message":"Procedure registered","context":{"name":"security","class":"Shared\\Procedures\\CrossServiceProcedure","type":"micro"},"hostname":"modal"}, 2026-03-08 20:05:47, ?, log, a140a136-fc85-4802-b472-0e29b6da43e7), (a140a137-186a-4acd-bcef-0ba52f371884, {"level":"info","message":"Procedure registered","context":{"name":"circuit_breaker","class":"Shared\\Procedures\\CrossServiceProcedure","type":"micro"},"hostname":"modal"}, 2026-03-08 20:05:47, ?, log, a140a136-fcbb-4aea-9116-4d40069bc8d9), (a140a137-186a-4acd-bcef-0ba52f371884, {"level":"info","message":"Procedure registered","context":{"name":"queue_circuit_breaker","class":"Shared\\Procedures\\CrossServiceProcedure","type":"micro"},"hostname":"modal"}, 2026-03-08 20:05:47, ?, log, a140a136-fcf1-4693-9055-59cf697a3f63), (a140a137-186a-4acd-bcef-0ba52f371884, {"level":"info","message":"Procedure registered","context":{"name":"third_party_integration","class":"Shared\\Procedures\\CrossServiceProcedure","type":"micro"},"hostname":"modal"}, 2026-03-08 20:05:47, ?, log, a140a136-fd26-4388-b3e7-a4cf8ecd8566), (a140a137-186a-4acd-bcef-0ba52f371884, {"level":"info","message":"Procedure registered","context":{"name":"workflow","class":"Shared\\Procedures\\CrossServiceProcedure","type":"macro"},"hostname":"modal"}, 2026-03-08 20:05:47, ?, log, a140a136-fd5a-463a-b2d8-a9d01290f86f), (a140a137-186a-4acd-bcef-0ba52f371884, {"command":"help","exit_code":0,"arguments":{"command":"rpc:test-authentication","command_name":"help"},"options":{"format":"txt","raw":false,"help":true,"silent":false,"quiet":false,"verbose":false,"version":false,"ansi":null,"no-interaction":false,"env":null},"hostname":"modal"}, 2026-03-08 20:05:47, ?, command, a140a137-17d6-4155-97dd-e8a9c6f4b00a)) {"exception":"[object] (Illuminate\\Database\\QueryException(code: 7): SQLSTATE[08006] [7] connection to server at \"127.0.0.1\", port 5432 failed: Connection refused
\tIs the server running on that host and accepting TCP/IP connections? (Connection: pgsql, Host: 127.0.0.1, Port: 5432, Database: auth_service, SQL: insert into \"telescope_entries\" (\"batch_id\", \"content\", \"created_at\", \"family_hash\", \"type\", \"uuid\") values (a140a137-186a-4acd-bcef-0ba52f371884, {\"level\":\"info\",\"message\":\"Procedure registered\",\"context\":{\"name\":\"events\",\"class\":\"Shared\\\\Procedures\\\\CrossServiceProcedure\",\"type\":\"micro\"},\"hostname\":\"modal\"}, 2026-03-08 20:05:47, ?, log, a140a136-fa3d-4c97-a138-6476c07fdd57), (a140a137-186a-4acd-bcef-0ba52f371884, {\"level\":\"info\",\"message\":\"Procedure registered\",\"context\":{\"name\":\"cache\",\"class\":\"Shared\\\\Procedures\\\\CrossServiceProcedure\",\"type\":\"micro\"},\"hostname\":\"modal\"}, 2026-03-08 20:05:47, ?, log, a140a136-fbda-42ff-a11d-07c370961a3f), (a140a137-186a-4acd-bcef-0ba52f371884, {\"level\":\"info\",\"message\":\"Procedure registered\",\"context\":{\"name\":\"notification\",\"class\":\"Shared\\\\Procedures\\\\CrossServiceProcedure\",\"type\":\"micro\"},\"hostname\":\"modal\"}, 2026-03-08 20:05:47, ?, log, a140a136-fc19-4f5b-8a72-52226551a453), (a140a137-186a-4acd-bcef-0ba52f371884, {\"level\":\"info\",\"message\":\"Procedure registered\",\"context\":{\"name\":\"validation\",\"class\":\"Shared\\\\Procedures\\\\CrossServiceProcedure\",\"type\":\"micro\"},\"hostname\":\"modal\"}, 2026-03-08 20:05:47, ?, log, a140a136-fc4f-49b2-8546-cb9cd3002645), (a140a137-186a-4acd-bcef-0ba52f371884, {\"level\":\"info\",\"message\":\"Procedure registered\",\"context\":{\"name\":\"security\",\"class\":\"Shared\\\\Procedures\\\\CrossServiceProcedure\",\"type\":\"micro\"},\"hostname\":\"modal\"}, 2026-03-08 20:05:47, ?, log, a140a136-fc85-4802-b472-0e29b6da43e7), (a140a137-186a-4acd-bcef-0ba52f371884, {\"level\":\"info\",\"message\":\"Procedure registered\",\"context\":{\"name\":\"circuit_breaker\",\"class\":\"Shared\\\\Procedures\\\\CrossServiceProcedure\",\"type\":\"micro\"},\"hostname\":\"modal\"}, 2026-03-08 20:05:47, ?, log, a140a136-fcbb-4aea-9116-4d40069bc8d9), (a140a137-186a-4acd-bcef-0ba52f371884, {\"level\":\"info\",\"message\":\"Procedure registered\",\"context\":{\"name\":\"queue_circuit_breaker\",\"class\":\"Shared\\\\Procedures\\\\CrossServiceProcedure\",\"type\":\"micro\"},\"hostname\":\"modal\"}, 2026-03-08 20:05:47, ?, log, a140a136-fcf1-4693-9055-59cf697a3f63), (a140a137-186a-4acd-bcef-0ba52f371884, {\"level\":\"info\",\"message\":\"Procedure registered\",\"context\":{\"name\":\"third_party_integration\",\"class\":\"Shared\\\\Procedures\\\\CrossServiceProcedure\",\"type\":\"micro\"},\"hostname\":\"modal\"}, 2026-03-08 20:05:47, ?, log, a140a136-fd26-4388-b3e7-a4cf8ecd8566), (a140a137-186a-4acd-bcef-0ba52f371884, {\"level\":\"info\",\"message\":\"Procedure registered\",\"context\":{\"name\":\"workflow\",\"class\":\"Shared\\\\Procedures\\\\CrossServiceProcedure\",\"type\":\"macro\"},\"hostname\":\"modal\"}, 2026-03-08 20:05:47, ?, log, a140a136-fd5a-463a-b2d8-a9d01290f86f), (a140a137-186a-4acd-bcef-0ba52f371884, {\"command\":\"help\",\"exit_code\":0,\"arguments\":{\"command\":\"rpc:test-authentication\",\"command_name\":\"help\"},\"options\":{\"format\":\"txt\",\"raw\":false,\"help\":true,\"silent\":false,\"quiet\":false,\"verbose\":false,\"version\":false,\"ansi\":null,\"no-interaction\":false,\"env\":null},\"hostname\":\"modal\"}, 2026-03-08 20:05:47, ?, command, a140a137-17d6-4155-97dd-e8a9c6f4b00a)) at /tmp/abdoElHodaky/larvrevrstender/services/auth-service/vendor/laravel/framework/src/Illuminate/Database/Connection.php:838)
[stacktrace]
#0 /tmp/abdoElHodaky/larvrevrstender/services/auth-service/vendor/laravel/framework/src/Illuminate/Database/Connection.php(794): Illuminate\\Database\\Connection->runQueryCallback()
#1 /tmp/abdoElHodaky/larvrevrstender/services/auth-service/vendor/laravel/framework/src/Illuminate/Database/Connection.php(573): Illuminate\\Database\\Connection->run()
#2 /tmp/abdoElHodaky/larvrevrstender/services/auth-service/vendor/laravel/framework/src/Illuminate/Database/Connection.php(537): Illuminate\\Database\\Connection->statement()
#3 /tmp/abdoElHodaky/larvrevrstender/services/auth-service/vendor/laravel/framework/src/Illuminate/Database/Query/Builder.php(4091): Illuminate\\Database\\Connection->insert()
#4 /tmp/abdoElHodaky/larvrevrstender/services/auth-service/vendor/laravel/telescope/src/Storage/DatabaseEntriesRepository.php(145): Illuminate\\Database\\Query\\Builder->insert()
#5 /tmp/abdoElHodaky/larvrevrstender/services/auth-service/vendor/laravel/framework/src/Illuminate/Collections/Traits/EnumeratesValues.php(275): Laravel\\Telescope\\Storage\\DatabaseEntriesRepository->Laravel\\Telescope\\Storage\\{closure}()
#6 /tmp/abdoElHodaky/larvrevrstender/services/auth-service/vendor/laravel/telescope/src/Storage/DatabaseEntriesRepository.php(144): Illuminate\\Support\\Collection->each()
#7 /tmp/abdoElHodaky/larvrevrstender/services/auth-service/vendor/laravel/telescope/src/Telescope.php(664): Laravel\\Telescope\\Storage\\DatabaseEntriesRepository->store()
#8 [internal function]: Laravel\\Telescope\\Telescope::Laravel\\Telescope\\{closure}()
#9 /tmp/abdoElHodaky/larvrevrstender/services/auth-service/vendor/laravel/telescope/src/Telescope.php(289): call_user_func()
#10 /tmp/abdoElHodaky/larvrevrstender/services/auth-service/vendor/laravel/telescope/src/Telescope.php(656): Laravel\\Telescope\\Telescope::withoutRecording()
#11 /tmp/abdoElHodaky/larvrevrstender/services/auth-service/vendor/laravel/telescope/src/ListensForStorageOpportunities.php(65): Laravel\\Telescope\\Telescope::store()
#12 /tmp/abdoElHodaky/larvrevrstender/services/auth-service/vendor/laravel/framework/src/Illuminate/Container/BoundMethod.php(36): Laravel\\Telescope\\Telescope::Laravel\\Telescope\\{closure}()
#13 /tmp/abdoElHodaky/larvrevrstender/services/auth-service/vendor/laravel/framework/src/Illuminate/Container/Util.php(43): Illuminate\\Container\\BoundMethod::Illuminate\\Container\\{closure}()
#14 /tmp/abdoElHodaky/larvrevrstender/services/auth-service/vendor/laravel/framework/src/Illuminate/Container/BoundMethod.php(84): Illuminate\\Container\\Util::unwrapIfClosure()
#15 /tmp/abdoElHodaky/larvrevrstender/services/auth-service/vendor/laravel/framework/src/Illuminate/Container/BoundMethod.php(35): Illuminate\\Container\\BoundMethod::callBoundMethod()
#16 /tmp/abdoElHodaky/larvrevrstender/services/auth-service/vendor/laravel/framework/src/Illuminate/Container/Container.php(799): Illuminate\\Container\\BoundMethod::call()
#17 /tmp/abdoElHodaky/larvrevrstender/services/auth-service/vendor/laravel/framework/src/Illuminate/Foundation/Application.php(1466): Illuminate\\Container\\Container->call()
#18 /tmp/abdoElHodaky/larvrevrstender/services/auth-service/vendor/laravel/framework/src/Illuminate/Foundation/Console/Kernel.php(219): Illuminate\\Foundation\\Application->terminate()
#19 /tmp/abdoElHodaky/larvrevrstender/services/auth-service/artisan(51): Illuminate\\Foundation\\Console\\Kernel->terminate()
#20 {main}

[previous exception] [object] (PDOException(code: 7): SQLSTATE[08006] [7] connection to server at \"127.0.0.1\", port 5432 failed: Connection refused
\tIs the server running on that host and accepting TCP/IP connections? at /tmp/abdoElHodaky/larvrevrstender/services/auth-service/vendor/laravel/framework/src/Illuminate/Database/Connectors/Connector.php:66)
[stacktrace]
#0 /tmp/abdoElHodaky/larvrevrstender/services/auth-service/vendor/laravel/framework/src/Illuminate/Database/Connectors/Connector.php(66): PDO->__construct()
#1 /tmp/abdoElHodaky/larvrevrstender/services/auth-service/vendor/laravel/framework/src/Illuminate/Database/Connectors/Connector.php(44): Illuminate\\Database\\Connectors\\Connector->createPdoConnection()
#2 /tmp/abdoElHodaky/larvrevrstender/services/auth-service/vendor/laravel/framework/src/Illuminate/Database/Connectors/PostgresConnector.php(35): Illuminate\\Database\\Connectors\\Connector->createConnection()
#3 /tmp/abdoElHodaky/larvrevrstender/services/auth-service/vendor/laravel/framework/src/Illuminate/Database/Connectors/ConnectionFactory.php(186): Illuminate\\Database\\Connectors\\PostgresConnector->connect()
#4 [internal function]: Illuminate\\Database\\Connectors\\ConnectionFactory->Illuminate\\Database\\Connectors\\{closure}()
#5 /tmp/abdoElHodaky/larvrevrstender/services/auth-service/vendor/laravel/framework/src/Illuminate/Database/Connection.php(1257): call_user_func()
#6 /tmp/abdoElHodaky/larvrevrstender/services/auth-service/vendor/laravel/framework/src/Illuminate/Database/Connection.php(578): Illuminate\\Database\\Connection->getPdo()
#7 /tmp/abdoElHodaky/larvrevrstender/services/auth-service/vendor/laravel/framework/src/Illuminate/Database/Connection.php(827): Illuminate\\Database\\Connection->Illuminate\\Database\\{closure}()
#8 /tmp/abdoElHodaky/larvrevrstender/services/auth-service/vendor/laravel/framework/src/Illuminate/Database/Connection.php(794): Illuminate\\Database\\Connection->runQueryCallback()
#9 /tmp/abdoElHodaky/larvrevrstender/services/auth-service/vendor/laravel/framework/src/Illuminate/Database/Connection.php(573): Illuminate\\Database\\Connection->run()
#10 /tmp/abdoElHodaky/larvrevrstender/services/auth-service/vendor/laravel/framework/src/Illuminate/Database/Connection.php(537): Illuminate\\Database\\Connection->statement()
#11 /tmp/abdoElHodaky/larvrevrstender/services/auth-service/vendor/laravel/framework/src/Illuminate/Database/Query/Builder.php(4091): Illuminate\\Database\\Connection->insert()
#12 /tmp/abdoElHodaky/larvrevrstender/services/auth-service/vendor/laravel/telescope/src/Storage/DatabaseEntriesRepository.php(145): Illuminate\\Database\\Query\\Builder->insert()
#13 /tmp/abdoElHodaky/larvrevrstender/services/auth-service/vendor/laravel/framework/src/Illuminate/Collections/Traits/EnumeratesValues.php(275): Laravel\\Telescope\\Storage\\DatabaseEntriesRepository->Laravel\\Telescope\\Storage\\{closure}()
#14 /tmp/abdoElHodaky/larvrevrstender/services/auth-service/vendor/laravel/telescope/src/Storage/DatabaseEntriesRepository.php(144): Illuminate\\Support\\Collection->each()
#15 /tmp/abdoElHodaky/larvrevrstender/services/auth-service/vendor/laravel/telescope/src/Telescope.php(664): Laravel\\Telescope\\Storage\\DatabaseEntriesRepository->store()
#16 [internal function]: Laravel\\Telescope\\Telescope::Laravel\\Telescope\\{closure}()
#17 /tmp/abdoElHodaky/larvrevrstender/services/auth-service/vendor/laravel/telescope/src/Telescope.php(289): call_user_func()
#18 /tmp/abdoElHodaky/larvrevrstender/services/auth-service/vendor/laravel/telescope/src/Telescope.php(656): Laravel\\Telescope\\Telescope::withoutRecording()
#19 /tmp/abdoElHodaky/larvrevrstender/services/auth-service/vendor/laravel/telescope/src/ListensForStorageOpportunities.php(65): Laravel\\Telescope\\Telescope::store()
#20 /tmp/abdoElHodaky/larvrevrstender/services/auth-service/vendor/laravel/framework/src/Illuminate/Container/BoundMethod.php(36): Laravel\\Telescope\\Telescope::Laravel\\Telescope\\{closure}()
#21 /tmp/abdoElHodaky/larvrevrstender/services/auth-service/vendor/laravel/framework/src/Illuminate/Container/Util.php(43): Illuminate\\Container\\BoundMethod::Illuminate\\Container\\{closure}()
#22 /tmp/abdoElHodaky/larvrevrstender/services/auth-service/vendor/laravel/framework/src/Illuminate/Container/BoundMethod.php(84): Illuminate\\Container\\Util::unwrapIfClosure()
#23 /tmp/abdoElHodaky/larvrevrstender/services/auth-service/vendor/laravel/framework/src/Illuminate/Container/BoundMethod.php(35): Illuminate\\Container\\BoundMethod::callBoundMethod()
#24 /tmp/abdoElHodaky/larvrevrstender/services/auth-service/vendor/laravel/framework/src/Illuminate/Container/Container.php(799): Illuminate\\Container\\BoundMethod::call()
#25 /tmp/abdoElHodaky/larvrevrstender/services/auth-service/vendor/laravel/framework/src/Illuminate/Foundation/Application.php(1466): Illuminate\\Container\\Container->call()
#26 /tmp/abdoElHodaky/larvrevrstender/services/auth-service/vendor/laravel/framework/src/Illuminate/Foundation/Console/Kernel.php(219): Illuminate\\Foundation\\Application->terminate()
#27 /tmp/abdoElHodaky/larvrevrstender/services/auth-service/artisan(51): Illuminate\\Foundation\\Console\\Kernel->terminate()
#28 {main}
"} 
[2026-03-08 20:05:51] local.INFO: Procedure registered {"name":"events","class":"Shared\\Procedures\\CrossServiceProcedure","type":"micro"} 
[2026-03-08 20:05:51] local.INFO: Procedure registered {"name":"cache","class":"Shared\\Procedures\\CrossServiceProcedure","type":"micro"} 
[2026-03-08 20:05:51] local.INFO: Procedure registered {"name":"notification","class":"Shared\\Procedures\\CrossServiceProcedure","type":"micro"} 
[2026-03-08 20:05:51] local.INFO: Procedure registered {"name":"validation","class":"Shared\\Procedures\\CrossServiceProcedure","type":"micro"} 
[2026-03-08 20:05:51] local.INFO: Procedure registered {"name":"security","class":"Shared\\Procedures\\CrossServiceProcedure","type":"micro"} 
[2026-03-08 20:05:51] local.INFO: Procedure registered {"name":"circuit_breaker","class":"Shared\\Procedures\\CrossServiceProcedure","type":"micro"} 
[2026-03-08 20:05:51] local.INFO: Procedure registered {"name":"queue_circuit_breaker","class":"Shared\\Procedures\\CrossServiceProcedure","type":"micro"} 
[2026-03-08 20:05:51] local.INFO: Procedure registered {"name":"third_party_integration","class":"Shared\\Procedures\\CrossServiceProcedure","type":"micro"} 
[2026-03-08 20:05:51] local.INFO: Procedure registered {"name":"workflow","class":"Shared\\Procedures\\CrossServiceProcedure","type":"macro"} 
[2026-03-08 20:05:51] local.ERROR: SQLSTATE[08006] [7] connection to server at "127.0.0.1", port 5432 failed: Connection refused
	Is the server running on that host and accepting TCP/IP connections? (Connection: pgsql, Host: 127.0.0.1, Port: 5432, Database: auth_service, SQL: insert into "telescope_entries" ("batch_id", "content", "created_at", "family_hash", "type", "uuid") values (a140a13e-2b5e-4ff6-97ba-7920e75e6438, {"level":"info","message":"Procedure registered","context":{"name":"events","class":"Shared\\Procedures\\CrossServiceProcedure","type":"micro"},"hostname":"modal"}, 2026-03-08 20:05:51, ?, log, a140a13e-0d02-432f-bde7-5d3a2be4106a), (a140a13e-2b5e-4ff6-97ba-7920e75e6438, {"level":"info","message":"Procedure registered","context":{"name":"cache","class":"Shared\\Procedures\\CrossServiceProcedure","type":"micro"},"hostname":"modal"}, 2026-03-08 20:05:51, ?, log, a140a13e-0e97-47a3-a94c-baeb59b3adca), (a140a13e-2b5e-4ff6-97ba-7920e75e6438, {"level":"info","message":"Procedure registered","context":{"name":"notification","class":"Shared\\Procedures\\CrossServiceProcedure","type":"micro"},"hostname":"modal"}, 2026-03-08 20:05:51, ?, log, a140a13e-0ed3-4a96-bc0f-12ca7d0b5945), (a140a13e-2b5e-4ff6-97ba-7920e75e6438, {"level":"info","message":"Procedure registered","context":{"name":"validation","class":"Shared\\Procedures\\CrossServiceProcedure","type":"micro"},"hostname":"modal"}, 2026-03-08 20:05:51, ?, log, a140a13e-0f0a-45de-96f7-f5aab1600ecb), (a140a13e-2b5e-4ff6-97ba-7920e75e6438, {"level":"info","message":"Procedure registered","context":{"name":"security","class":"Shared\\Procedures\\CrossServiceProcedure","type":"micro"},"hostname":"modal"}, 2026-03-08 20:05:51, ?, log, a140a13e-0f40-40c4-bc64-e837bc2f7f72), (a140a13e-2b5e-4ff6-97ba-7920e75e6438, {"level":"info","message":"Procedure registered","context":{"name":"circuit_breaker","class":"Shared\\Procedures\\CrossServiceProcedure","type":"micro"},"hostname":"modal"}, 2026-03-08 20:05:51, ?, log, a140a13e-0f74-460d-9722-402b42a5ae49), (a140a13e-2b5e-4ff6-97ba-7920e75e6438, {"level":"info","message":"Procedure registered","context":{"name":"queue_circuit_breaker","class":"Shared\\Procedures\\CrossServiceProcedure","type":"micro"},"hostname":"modal"}, 2026-03-08 20:05:51, ?, log, a140a13e-0fab-4770-b27d-c147cfd55bca), (a140a13e-2b5e-4ff6-97ba-7920e75e6438, {"level":"info","message":"Procedure registered","context":{"name":"third_party_integration","class":"Shared\\Procedures\\CrossServiceProcedure","type":"micro"},"hostname":"modal"}, 2026-03-08 20:05:51, ?, log, a140a13e-0fdf-494a-b500-7b7b877f47ca), (a140a13e-2b5e-4ff6-97ba-7920e75e6438, {"level":"info","message":"Procedure registered","context":{"name":"workflow","class":"Shared\\Procedures\\CrossServiceProcedure","type":"macro"},"hostname":"modal"}, 2026-03-08 20:05:51, ?, log, a140a13e-1014-41d8-9700-5f85e3f5e69a), (a140a13e-2b5e-4ff6-97ba-7920e75e6438, {"command":"help","exit_code":0,"arguments":{"command":"rpc:rotate-tokens","command_name":"help"},"options":{"format":"txt","raw":false,"help":true,"silent":false,"quiet":false,"verbose":false,"version":false,"ansi":null,"no-interaction":false,"env":null},"hostname":"modal"}, 2026-03-08 20:05:51, ?, command, a140a13e-2ac7-46ef-bc7d-880f78d60f0c)) {"exception":"[object] (Illuminate\\Database\\QueryException(code: 7): SQLSTATE[08006] [7] connection to server at \"127.0.0.1\", port 5432 failed: Connection refused
\tIs the server running on that host and accepting TCP/IP connections? (Connection: pgsql, Host: 127.0.0.1, Port: 5432, Database: auth_service, SQL: insert into \"telescope_entries\" (\"batch_id\", \"content\", \"created_at\", \"family_hash\", \"type\", \"uuid\") values (a140a13e-2b5e-4ff6-97ba-7920e75e6438, {\"level\":\"info\",\"message\":\"Procedure registered\",\"context\":{\"name\":\"events\",\"class\":\"Shared\\\\Procedures\\\\CrossServiceProcedure\",\"type\":\"micro\"},\"hostname\":\"modal\"}, 2026-03-08 20:05:51, ?, log, a140a13e-0d02-432f-bde7-5d3a2be4106a), (a140a13e-2b5e-4ff6-97ba-7920e75e6438, {\"level\":\"info\",\"message\":\"Procedure registered\",\"context\":{\"name\":\"cache\",\"class\":\"Shared\\\\Procedures\\\\CrossServiceProcedure\",\"type\":\"micro\"},\"hostname\":\"modal\"}, 2026-03-08 20:05:51, ?, log, a140a13e-0e97-47a3-a94c-baeb59b3adca), (a140a13e-2b5e-4ff6-97ba-7920e75e6438, {\"level\":\"info\",\"message\":\"Procedure registered\",\"context\":{\"name\":\"notification\",\"class\":\"Shared\\\\Procedures\\\\CrossServiceProcedure\",\"type\":\"micro\"},\"hostname\":\"modal\"}, 2026-03-08 20:05:51, ?, log, a140a13e-0ed3-4a96-bc0f-12ca7d0b5945), (a140a13e-2b5e-4ff6-97ba-7920e75e6438, {\"level\":\"info\",\"message\":\"Procedure registered\",\"context\":{\"name\":\"validation\",\"class\":\"Shared\\\\Procedures\\\\CrossServiceProcedure\",\"type\":\"micro\"},\"hostname\":\"modal\"}, 2026-03-08 20:05:51, ?, log, a140a13e-0f0a-45de-96f7-f5aab1600ecb), (a140a13e-2b5e-4ff6-97ba-7920e75e6438, {\"level\":\"info\",\"message\":\"Procedure registered\",\"context\":{\"name\":\"security\",\"class\":\"Shared\\\\Procedures\\\\CrossServiceProcedure\",\"type\":\"micro\"},\"hostname\":\"modal\"}, 2026-03-08 20:05:51, ?, log, a140a13e-0f40-40c4-bc64-e837bc2f7f72), (a140a13e-2b5e-4ff6-97ba-7920e75e6438, {\"level\":\"info\",\"message\":\"Procedure registered\",\"context\":{\"name\":\"circuit_breaker\",\"class\":\"Shared\\\\Procedures\\\\CrossServiceProcedure\",\"type\":\"micro\"},\"hostname\":\"modal\"}, 2026-03-08 20:05:51, ?, log, a140a13e-0f74-460d-9722-402b42a5ae49), (a140a13e-2b5e-4ff6-97ba-7920e75e6438, {\"level\":\"info\",\"message\":\"Procedure registered\",\"context\":{\"name\":\"queue_circuit_breaker\",\"class\":\"Shared\\\\Procedures\\\\CrossServiceProcedure\",\"type\":\"micro\"},\"hostname\":\"modal\"}, 2026-03-08 20:05:51, ?, log, a140a13e-0fab-4770-b27d-c147cfd55bca), (a140a13e-2b5e-4ff6-97ba-7920e75e6438, {\"level\":\"info\",\"message\":\"Procedure registered\",\"context\":{\"name\":\"third_party_integration\",\"class\":\"Shared\\\\Procedures\\\\CrossServiceProcedure\",\"type\":\"micro\"},\"hostname\":\"modal\"}, 2026-03-08 20:05:51, ?, log, a140a13e-0fdf-494a-b500-7b7b877f47ca), (a140a13e-2b5e-4ff6-97ba-7920e75e6438, {\"level\":\"info\",\"message\":\"Procedure registered\",\"context\":{\"name\":\"workflow\",\"class\":\"Shared\\\\Procedures\\\\CrossServiceProcedure\",\"type\":\"macro\"},\"hostname\":\"modal\"}, 2026-03-08 20:05:51, ?, log, a140a13e-1014-41d8-9700-5f85e3f5e69a), (a140a13e-2b5e-4ff6-97ba-7920e75e6438, {\"command\":\"help\",\"exit_code\":0,\"arguments\":{\"command\":\"rpc:rotate-tokens\",\"command_name\":\"help\"},\"options\":{\"format\":\"txt\",\"raw\":false,\"help\":true,\"silent\":false,\"quiet\":false,\"verbose\":false,\"version\":false,\"ansi\":null,\"no-interaction\":false,\"env\":null},\"hostname\":\"modal\"}, 2026-03-08 20:05:51, ?, command, a140a13e-2ac7-46ef-bc7d-880f78d60f0c)) at /tmp/abdoElHodaky/larvrevrstender/services/auth-service/vendor/laravel/framework/src/Illuminate/Database/Connection.php:838)
[stacktrace]
#0 /tmp/abdoElHodaky/larvrevrstender/services/auth-service/vendor/laravel/framework/src/Illuminate/Database/Connection.php(794): Illuminate\\Database\\Connection->runQueryCallback()
#1 /tmp/abdoElHodaky/larvrevrstender/services/auth-service/vendor/laravel/framework/src/Illuminate/Database/Connection.php(573): Illuminate\\Database\\Connection->run()
#2 /tmp/abdoElHodaky/larvrevrstender/services/auth-service/vendor/laravel/framework/src/Illuminate/Database/Connection.php(537): Illuminate\\Database\\Connection->statement()
#3 /tmp/abdoElHodaky/larvrevrstender/services/auth-service/vendor/laravel/framework/src/Illuminate/Database/Query/Builder.php(4091): Illuminate\\Database\\Connection->insert()
#4 /tmp/abdoElHodaky/larvrevrstender/services/auth-service/vendor/laravel/telescope/src/Storage/DatabaseEntriesRepository.php(145): Illuminate\\Database\\Query\\Builder->insert()
#5 /tmp/abdoElHodaky/larvrevrstender/services/auth-service/vendor/laravel/framework/src/Illuminate/Collections/Traits/EnumeratesValues.php(275): Laravel\\Telescope\\Storage\\DatabaseEntriesRepository->Laravel\\Telescope\\Storage\\{closure}()
#6 /tmp/abdoElHodaky/larvrevrstender/services/auth-service/vendor/laravel/telescope/src/Storage/DatabaseEntriesRepository.php(144): Illuminate\\Support\\Collection->each()
#7 /tmp/abdoElHodaky/larvrevrstender/services/auth-service/vendor/laravel/telescope/src/Telescope.php(664): Laravel\\Telescope\\Storage\\DatabaseEntriesRepository->store()
#8 [internal function]: Laravel\\Telescope\\Telescope::Laravel\\Telescope\\{closure}()
#9 /tmp/abdoElHodaky/larvrevrstender/services/auth-service/vendor/laravel/telescope/src/Telescope.php(289): call_user_func()
#10 /tmp/abdoElHodaky/larvrevrstender/services/auth-service/vendor/laravel/telescope/src/Telescope.php(656): Laravel\\Telescope\\Telescope::withoutRecording()
#11 /tmp/abdoElHodaky/larvrevrstender/services/auth-service/vendor/laravel/telescope/src/ListensForStorageOpportunities.php(65): Laravel\\Telescope\\Telescope::store()
#12 /tmp/abdoElHodaky/larvrevrstender/services/auth-service/vendor/laravel/framework/src/Illuminate/Container/BoundMethod.php(36): Laravel\\Telescope\\Telescope::Laravel\\Telescope\\{closure}()
#13 /tmp/abdoElHodaky/larvrevrstender/services/auth-service/vendor/laravel/framework/src/Illuminate/Container/Util.php(43): Illuminate\\Container\\BoundMethod::Illuminate\\Container\\{closure}()
#14 /tmp/abdoElHodaky/larvrevrstender/services/auth-service/vendor/laravel/framework/src/Illuminate/Container/BoundMethod.php(84): Illuminate\\Container\\Util::unwrapIfClosure()
#15 /tmp/abdoElHodaky/larvrevrstender/services/auth-service/vendor/laravel/framework/src/Illuminate/Container/BoundMethod.php(35): Illuminate\\Container\\BoundMethod::callBoundMethod()
#16 /tmp/abdoElHodaky/larvrevrstender/services/auth-service/vendor/laravel/framework/src/Illuminate/Container/Container.php(799): Illuminate\\Container\\BoundMethod::call()
#17 /tmp/abdoElHodaky/larvrevrstender/services/auth-service/vendor/laravel/framework/src/Illuminate/Foundation/Application.php(1466): Illuminate\\Container\\Container->call()
#18 /tmp/abdoElHodaky/larvrevrstender/services/auth-service/vendor/laravel/framework/src/Illuminate/Foundation/Console/Kernel.php(219): Illuminate\\Foundation\\Application->terminate()
#19 /tmp/abdoElHodaky/larvrevrstender/services/auth-service/artisan(51): Illuminate\\Foundation\\Console\\Kernel->terminate()
#20 {main}

[previous exception] [object] (PDOException(code: 7): SQLSTATE[08006] [7] connection to server at \"127.0.0.1\", port 5432 failed: Connection refused
\tIs the server running on that host and accepting TCP/IP connections? at /tmp/abdoElHodaky/larvrevrstender/services/auth-service/vendor/laravel/framework/src/Illuminate/Database/Connectors/Connector.php:66)
[stacktrace]
#0 /tmp/abdoElHodaky/larvrevrstender/services/auth-service/vendor/laravel/framework/src/Illuminate/Database/Connectors/Connector.php(66): PDO->__construct()
#1 /tmp/abdoElHodaky/larvrevrstender/services/auth-service/vendor/laravel/framework/src/Illuminate/Database/Connectors/Connector.php(44): Illuminate\\Database\\Connectors\\Connector->createPdoConnection()
#2 /tmp/abdoElHodaky/larvrevrstender/services/auth-service/vendor/laravel/framework/src/Illuminate/Database/Connectors/PostgresConnector.php(35): Illuminate\\Database\\Connectors\\Connector->createConnection()
#3 /tmp/abdoElHodaky/larvrevrstender/services/auth-service/vendor/laravel/framework/src/Illuminate/Database/Connectors/ConnectionFactory.php(186): Illuminate\\Database\\Connectors\\PostgresConnector->connect()
#4 [internal function]: Illuminate\\Database\\Connectors\\ConnectionFactory->Illuminate\\Database\\Connectors\\{closure}()
#5 /tmp/abdoElHodaky/larvrevrstender/services/auth-service/vendor/laravel/framework/src/Illuminate/Database/Connection.php(1257): call_user_func()
#6 /tmp/abdoElHodaky/larvrevrstender/services/auth-service/vendor/laravel/framework/src/Illuminate/Database/Connection.php(578): Illuminate\\Database\\Connection->getPdo()
#7 /tmp/abdoElHodaky/larvrevrstender/services/auth-service/vendor/laravel/framework/src/Illuminate/Database/Connection.php(827): Illuminate\\Database\\Connection->Illuminate\\Database\\{closure}()
#8 /tmp/abdoElHodaky/larvrevrstender/services/auth-service/vendor/laravel/framework/src/Illuminate/Database/Connection.php(794): Illuminate\\Database\\Connection->runQueryCallback()
#9 /tmp/abdoElHodaky/larvrevrstender/services/auth-service/vendor/laravel/framework/src/Illuminate/Database/Connection.php(573): Illuminate\\Database\\Connection->run()
#10 /tmp/abdoElHodaky/larvrevrstender/services/auth-service/vendor/laravel/framework/src/Illuminate/Database/Connection.php(537): Illuminate\\Database\\Connection->statement()
#11 /tmp/abdoElHodaky/larvrevrstender/services/auth-service/vendor/laravel/framework/src/Illuminate/Database/Query/Builder.php(4091): Illuminate\\Database\\Connection->insert()
#12 /tmp/abdoElHodaky/larvrevrstender/services/auth-service/vendor/laravel/telescope/src/Storage/DatabaseEntriesRepository.php(145): Illuminate\\Database\\Query\\Builder->insert()
#13 /tmp/abdoElHodaky/larvrevrstender/services/auth-service/vendor/laravel/framework/src/Illuminate/Collections/Traits/EnumeratesValues.php(275): Laravel\\Telescope\\Storage\\DatabaseEntriesRepository->Laravel\\Telescope\\Storage\\{closure}()
#14 /tmp/abdoElHodaky/larvrevrstender/services/auth-service/vendor/laravel/telescope/src/Storage/DatabaseEntriesRepository.php(144): Illuminate\\Support\\Collection->each()
#15 /tmp/abdoElHodaky/larvrevrstender/services/auth-service/vendor/laravel/telescope/src/Telescope.php(664): Laravel\\Telescope\\Storage\\DatabaseEntriesRepository->store()
#16 [internal function]: Laravel\\Telescope\\Telescope::Laravel\\Telescope\\{closure}()
#17 /tmp/abdoElHodaky/larvrevrstender/services/auth-service/vendor/laravel/telescope/src/Telescope.php(289): call_user_func()
#18 /tmp/abdoElHodaky/larvrevrstender/services/auth-service/vendor/laravel/telescope/src/Telescope.php(656): Laravel\\Telescope\\Telescope::withoutRecording()
#19 /tmp/abdoElHodaky/larvrevrstender/services/auth-service/vendor/laravel/telescope/src/ListensForStorageOpportunities.php(65): Laravel\\Telescope\\Telescope::store()
#20 /tmp/abdoElHodaky/larvrevrstender/services/auth-service/vendor/laravel/framework/src/Illuminate/Container/BoundMethod.php(36): Laravel\\Telescope\\Telescope::Laravel\\Telescope\\{closure}()
#21 /tmp/abdoElHodaky/larvrevrstender/services/auth-service/vendor/laravel/framework/src/Illuminate/Container/Util.php(43): Illuminate\\Container\\BoundMethod::Illuminate\\Container\\{closure}()
#22 /tmp/abdoElHodaky/larvrevrstender/services/auth-service/vendor/laravel/framework/src/Illuminate/Container/BoundMethod.php(84): Illuminate\\Container\\Util::unwrapIfClosure()
#23 /tmp/abdoElHodaky/larvrevrstender/services/auth-service/vendor/laravel/framework/src/Illuminate/Container/BoundMethod.php(35): Illuminate\\Container\\BoundMethod::callBoundMethod()
#24 /tmp/abdoElHodaky/larvrevrstender/services/auth-service/vendor/laravel/framework/src/Illuminate/Container/Container.php(799): Illuminate\\Container\\BoundMethod::call()
#25 /tmp/abdoElHodaky/larvrevrstender/services/auth-service/vendor/laravel/framework/src/Illuminate/Foundation/Application.php(1466): Illuminate\\Container\\Container->call()
#26 /tmp/abdoElHodaky/larvrevrstender/services/auth-service/vendor/laravel/framework/src/Illuminate/Foundation/Console/Kernel.php(219): Illuminate\\Foundation\\Application->terminate()
#27 /tmp/abdoElHodaky/larvrevrstender/services/auth-service/artisan(51): Illuminate\\Foundation\\Console\\Kernel->terminate()
#28 {main}
"} 
[2026-03-08 20:07:32] local.INFO: Procedure registered {"name":"events","class":"Shared\\Procedures\\CrossServiceProcedure","type":"micro"} 
[2026-03-08 20:07:32] local.INFO: Procedure registered {"name":"cache","class":"Shared\\Procedures\\CrossServiceProcedure","type":"micro"} 
[2026-03-08 20:07:32] local.INFO: Procedure registered {"name":"notification","class":"Shared\\Procedures\\CrossServiceProcedure","type":"micro"} 
[2026-03-08 20:07:32] local.INFO: Procedure registered {"name":"validation","class":"Shared\\Procedures\\CrossServiceProcedure","type":"micro"} 
[2026-03-08 20:07:32] local.INFO: Procedure registered {"name":"security","class":"Shared\\Procedures\\CrossServiceProcedure","type":"micro"} 
[2026-03-08 20:07:32] local.INFO: Procedure registered {"name":"circuit_breaker","class":"Shared\\Procedures\\CrossServiceProcedure","type":"micro"} 
[2026-03-08 20:07:32] local.INFO: Procedure registered {"name":"queue_circuit_breaker","class":"Shared\\Procedures\\CrossServiceProcedure","type":"micro"} 
[2026-03-08 20:07:32] local.INFO: Procedure registered {"name":"third_party_integration","class":"Shared\\Procedures\\CrossServiceProcedure","type":"micro"} 
[2026-03-08 20:07:32] local.INFO: Procedure registered {"name":"workflow","class":"Shared\\Procedures\\CrossServiceProcedure","type":"macro"} 
[2026-03-08 20:07:32] local.ERROR: SQLSTATE[08006] [7] connection to server at "127.0.0.1", port 5432 failed: Connection refused
	Is the server running on that host and accepting TCP/IP connections? (Connection: pgsql, Host: 127.0.0.1, Port: 5432, Database: auth_service, SQL: insert into "telescope_entries" ("batch_id", "content", "created_at", "family_hash", "type", "uuid") values (a140a1d8-6aba-480a-af50-eca5a6258d59, {"level":"info","message":"Procedure registered","context":{"name":"events","class":"Shared\\Procedures\\CrossServiceProcedure","type":"micro"},"hostname":"modal"}, 2026-03-08 20:07:32, ?, log, a140a1d8-4591-4d01-8996-8cd3750fc775), (a140a1d8-6aba-480a-af50-eca5a6258d59, {"level":"info","message":"Procedure registered","context":{"name":"cache","class":"Shared\\Procedures\\CrossServiceProcedure","type":"micro"},"hostname":"modal"}, 2026-03-08 20:07:32, ?, log, a140a1d8-471a-4087-8262-5fa632bf86ae), (a140a1d8-6aba-480a-af50-eca5a6258d59, {"level":"info","message":"Procedure registered","context":{"name":"notification","class":"Shared\\Procedures\\CrossServiceProcedure","type":"micro"},"hostname":"modal"}, 2026-03-08 20:07:32, ?, log, a140a1d8-4755-43d4-bf13-b594cbc3ad93), (a140a1d8-6aba-480a-af50-eca5a6258d59, {"level":"info","message":"Procedure registered","context":{"name":"validation","class":"Shared\\Procedures\\CrossServiceProcedure","type":"micro"},"hostname":"modal"}, 2026-03-08 20:07:32, ?, log, a140a1d8-478b-4af3-a6b2-2f7812774744), (a140a1d8-6aba-480a-af50-eca5a6258d59, {"level":"info","message":"Procedure registered","context":{"name":"security","class":"Shared\\Procedures\\CrossServiceProcedure","type":"micro"},"hostname":"modal"}, 2026-03-08 20:07:32, ?, log, a140a1d8-47c0-4346-a652-9bffecf4e02c), (a140a1d8-6aba-480a-af50-eca5a6258d59, {"level":"info","message":"Procedure registered","context":{"name":"circuit_breaker","class":"Shared\\Procedures\\CrossServiceProcedure","type":"micro"},"hostname":"modal"}, 2026-03-08 20:07:32, ?, log, a140a1d8-47f4-4162-9dce-9e2ad981456d), (a140a1d8-6aba-480a-af50-eca5a6258d59, {"level":"info","message":"Procedure registered","context":{"name":"queue_circuit_breaker","class":"Shared\\Procedures\\CrossServiceProcedure","type":"micro"},"hostname":"modal"}, 2026-03-08 20:07:32, ?, log, a140a1d8-4828-4bd6-95a9-6d03a89a9710), (a140a1d8-6aba-480a-af50-eca5a6258d59, {"level":"info","message":"Procedure registered","context":{"name":"third_party_integration","class":"Shared\\Procedures\\CrossServiceProcedure","type":"micro"},"hostname":"modal"}, 2026-03-08 20:07:32, ?, log, a140a1d8-485d-41ec-845b-accbe7380003), (a140a1d8-6aba-480a-af50-eca5a6258d59, {"level":"info","message":"Procedure registered","context":{"name":"workflow","class":"Shared\\Procedures\\CrossServiceProcedure","type":"macro"},"hostname":"modal"}, 2026-03-08 20:07:32, ?, log, a140a1d8-4892-4ae5-8640-15d0629ead9d), (a140a1d8-6aba-480a-af50-eca5a6258d59, {"command":"rpc:test-authentication","exit_code":1,"arguments":{"command":"rpc:test-authentication"},"options":{"service":"user-service","timeout":"5","help":false,"silent":false,"quiet":false,"verbose":false,"version":false,"ansi":null,"no-interaction":false,"env":null},"hostname":"modal"}, 2026-03-08 20:07:32, ?, command, a140a1d8-6a2c-4337-b97a-d5d2aee62307)) {"exception":"[object] (Illuminate\\Database\\QueryException(code: 7): SQLSTATE[08006] [7] connection to server at \"127.0.0.1\", port 5432 failed: Connection refused
\tIs the server running on that host and accepting TCP/IP connections? (Connection: pgsql, Host: 127.0.0.1, Port: 5432, Database: auth_service, SQL: insert into \"telescope_entries\" (\"batch_id\", \"content\", \"created_at\", \"family_hash\", \"type\", \"uuid\") values (a140a1d8-6aba-480a-af50-eca5a6258d59, {\"level\":\"info\",\"message\":\"Procedure registered\",\"context\":{\"name\":\"events\",\"class\":\"Shared\\\\Procedures\\\\CrossServiceProcedure\",\"type\":\"micro\"},\"hostname\":\"modal\"}, 2026-03-08 20:07:32, ?, log, a140a1d8-4591-4d01-8996-8cd3750fc775), (a140a1d8-6aba-480a-af50-eca5a6258d59, {\"level\":\"info\",\"message\":\"Procedure registered\",\"context\":{\"name\":\"cache\",\"class\":\"Shared\\\\Procedures\\\\CrossServiceProcedure\",\"type\":\"micro\"},\"hostname\":\"modal\"}, 2026-03-08 20:07:32, ?, log, a140a1d8-471a-4087-8262-5fa632bf86ae), (a140a1d8-6aba-480a-af50-eca5a6258d59, {\"level\":\"info\",\"message\":\"Procedure registered\",\"context\":{\"name\":\"notification\",\"class\":\"Shared\\\\Procedures\\\\CrossServiceProcedure\",\"type\":\"micro\"},\"hostname\":\"modal\"}, 2026-03-08 20:07:32, ?, log, a140a1d8-4755-43d4-bf13-b594cbc3ad93), (a140a1d8-6aba-480a-af50-eca5a6258d59, {\"level\":\"info\",\"message\":\"Procedure registered\",\"context\":{\"name\":\"validation\",\"class\":\"Shared\\\\Procedures\\\\CrossServiceProcedure\",\"type\":\"micro\"},\"hostname\":\"modal\"}, 2026-03-08 20:07:32, ?, log, a140a1d8-478b-4af3-a6b2-2f7812774744), (a140a1d8-6aba-480a-af50-eca5a6258d59, {\"level\":\"info\",\"message\":\"Procedure registered\",\"context\":{\"name\":\"security\",\"class\":\"Shared\\\\Procedures\\\\CrossServiceProcedure\",\"type\":\"micro\"},\"hostname\":\"modal\"}, 2026-03-08 20:07:32, ?, log, a140a1d8-47c0-4346-a652-9bffecf4e02c), (a140a1d8-6aba-480a-af50-eca5a6258d59, {\"level\":\"info\",\"message\":\"Procedure registered\",\"context\":{\"name\":\"circuit_breaker\",\"class\":\"Shared\\\\Procedures\\\\CrossServiceProcedure\",\"type\":\"micro\"},\"hostname\":\"modal\"}, 2026-03-08 20:07:32, ?, log, a140a1d8-47f4-4162-9dce-9e2ad981456d), (a140a1d8-6aba-480a-af50-eca5a6258d59, {\"level\":\"info\",\"message\":\"Procedure registered\",\"context\":{\"name\":\"queue_circuit_breaker\",\"class\":\"Shared\\\\Procedures\\\\CrossServiceProcedure\",\"type\":\"micro\"},\"hostname\":\"modal\"}, 2026-03-08 20:07:32, ?, log, a140a1d8-4828-4bd6-95a9-6d03a89a9710), (a140a1d8-6aba-480a-af50-eca5a6258d59, {\"level\":\"info\",\"message\":\"Procedure registered\",\"context\":{\"name\":\"third_party_integration\",\"class\":\"Shared\\\\Procedures\\\\CrossServiceProcedure\",\"type\":\"micro\"},\"hostname\":\"modal\"}, 2026-03-08 20:07:32, ?, log, a140a1d8-485d-41ec-845b-accbe7380003), (a140a1d8-6aba-480a-af50-eca5a6258d59, {\"level\":\"info\",\"message\":\"Procedure registered\",\"context\":{\"name\":\"workflow\",\"class\":\"Shared\\\\Procedures\\\\CrossServiceProcedure\",\"type\":\"macro\"},\"hostname\":\"modal\"}, 2026-03-08 20:07:32, ?, log, a140a1d8-4892-4ae5-8640-15d0629ead9d), (a140a1d8-6aba-480a-af50-eca5a6258d59, {\"command\":\"rpc:test-authentication\",\"exit_code\":1,\"arguments\":{\"command\":\"rpc:test-authentication\"},\"options\":{\"service\":\"user-service\",\"timeout\":\"5\",\"help\":false,\"silent\":false,\"quiet\":false,\"verbose\":false,\"version\":false,\"ansi\":null,\"no-interaction\":false,\"env\":null},\"hostname\":\"modal\"}, 2026-03-08 20:07:32, ?, command, a140a1d8-6a2c-4337-b97a-d5d2aee62307)) at /tmp/abdoElHodaky/larvrevrstender/services/auth-service/vendor/laravel/framework/src/Illuminate/Database/Connection.php:838)
[stacktrace]
#0 /tmp/abdoElHodaky/larvrevrstender/services/auth-service/vendor/laravel/framework/src/Illuminate/Database/Connection.php(794): Illuminate\\Database\\Connection->runQueryCallback()
#1 /tmp/abdoElHodaky/larvrevrstender/services/auth-service/vendor/laravel/framework/src/Illuminate/Database/Connection.php(573): Illuminate\\Database\\Connection->run()
#2 /tmp/abdoElHodaky/larvrevrstender/services/auth-service/vendor/laravel/framework/src/Illuminate/Database/Connection.php(537): Illuminate\\Database\\Connection->statement()
#3 /tmp/abdoElHodaky/larvrevrstender/services/auth-service/vendor/laravel/framework/src/Illuminate/Database/Query/Builder.php(4091): Illuminate\\Database\\Connection->insert()
#4 /tmp/abdoElHodaky/larvrevrstender/services/auth-service/vendor/laravel/telescope/src/Storage/DatabaseEntriesRepository.php(145): Illuminate\\Database\\Query\\Builder->insert()
#5 /tmp/abdoElHodaky/larvrevrstender/services/auth-service/vendor/laravel/framework/src/Illuminate/Collections/Traits/EnumeratesValues.php(275): Laravel\\Telescope\\Storage\\DatabaseEntriesRepository->Laravel\\Telescope\\Storage\\{closure}()
#6 /tmp/abdoElHodaky/larvrevrstender/services/auth-service/vendor/laravel/telescope/src/Storage/DatabaseEntriesRepository.php(144): Illuminate\\Support\\Collection->each()
#7 /tmp/abdoElHodaky/larvrevrstender/services/auth-service/vendor/laravel/telescope/src/Telescope.php(664): Laravel\\Telescope\\Storage\\DatabaseEntriesRepository->store()
#8 [internal function]: Laravel\\Telescope\\Telescope::Laravel\\Telescope\\{closure}()
#9 /tmp/abdoElHodaky/larvrevrstender/services/auth-service/vendor/laravel/telescope/src/Telescope.php(289): call_user_func()
#10 /tmp/abdoElHodaky/larvrevrstender/services/auth-service/vendor/laravel/telescope/src/Telescope.php(656): Laravel\\Telescope\\Telescope::withoutRecording()
#11 /tmp/abdoElHodaky/larvrevrstender/services/auth-service/vendor/laravel/telescope/src/ListensForStorageOpportunities.php(65): Laravel\\Telescope\\Telescope::store()
#12 /tmp/abdoElHodaky/larvrevrstender/services/auth-service/vendor/laravel/framework/src/Illuminate/Container/BoundMethod.php(36): Laravel\\Telescope\\Telescope::Laravel\\Telescope\\{closure}()
#13 /tmp/abdoElHodaky/larvrevrstender/services/auth-service/vendor/laravel/framework/src/Illuminate/Container/Util.php(43): Illuminate\\Container\\BoundMethod::Illuminate\\Container\\{closure}()
#14 /tmp/abdoElHodaky/larvrevrstender/services/auth-service/vendor/laravel/framework/src/Illuminate/Container/BoundMethod.php(84): Illuminate\\Container\\Util::unwrapIfClosure()
#15 /tmp/abdoElHodaky/larvrevrstender/services/auth-service/vendor/laravel/framework/src/Illuminate/Container/BoundMethod.php(35): Illuminate\\Container\\BoundMethod::callBoundMethod()
#16 /tmp/abdoElHodaky/larvrevrstender/services/auth-service/vendor/laravel/framework/src/Illuminate/Container/Container.php(799): Illuminate\\Container\\BoundMethod::call()
#17 /tmp/abdoElHodaky/larvrevrstender/services/auth-service/vendor/laravel/framework/src/Illuminate/Foundation/Application.php(1466): Illuminate\\Container\\Container->call()
#18 /tmp/abdoElHodaky/larvrevrstender/services/auth-service/vendor/laravel/framework/src/Illuminate/Foundation/Console/Kernel.php(219): Illuminate\\Foundation\\Application->terminate()
#19 /tmp/abdoElHodaky/larvrevrstender/services/auth-service/artisan(51): Illuminate\\Foundation\\Console\\Kernel->terminate()
#20 {main}

[previous exception] [object] (PDOException(code: 7): SQLSTATE[08006] [7] connection to server at \"127.0.0.1\", port 5432 failed: Connection refused
\tIs the server running on that host and accepting TCP/IP connections? at /tmp/abdoElHodaky/larvrevrstender/services/auth-service/vendor/laravel/framework/src/Illuminate/Database/Connectors/Connector.php:66)
[stacktrace]
#0 /tmp/abdoElHodaky/larvrevrstender/services/auth-service/vendor/laravel/framework/src/Illuminate/Database/Connectors/Connector.php(66): PDO->__construct()
#1 /tmp/abdoElHodaky/larvrevrstender/services/auth-service/vendor/laravel/framework/src/Illuminate/Database/Connectors/Connector.php(44): Illuminate\\Database\\Connectors\\Connector->createPdoConnection()
#2 /tmp/abdoElHodaky/larvrevrstender/services/auth-service/vendor/laravel/framework/src/Illuminate/Database/Connectors/PostgresConnector.php(35): Illuminate\\Database\\Connectors\\Connector->createConnection()
#3 /tmp/abdoElHodaky/larvrevrstender/services/auth-service/vendor/laravel/framework/src/Illuminate/Database/Connectors/ConnectionFactory.php(186): Illuminate\\Database\\Connectors\\PostgresConnector->connect()
#4 [internal function]: Illuminate\\Database\\Connectors\\ConnectionFactory->Illuminate\\Database\\Connectors\\{closure}()
#5 /tmp/abdoElHodaky/larvrevrstender/services/auth-service/vendor/laravel/framework/src/Illuminate/Database/Connection.php(1257): call_user_func()
#6 /tmp/abdoElHodaky/larvrevrstender/services/auth-service/vendor/laravel/framework/src/Illuminate/Database/Connection.php(578): Illuminate\\Database\\Connection->getPdo()
#7 /tmp/abdoElHodaky/larvrevrstender/services/auth-service/vendor/laravel/framework/src/Illuminate/Database/Connection.php(827): Illuminate\\Database\\Connection->Illuminate\\Database\\{closure}()
#8 /tmp/abdoElHodaky/larvrevrstender/services/auth-service/vendor/laravel/framework/src/Illuminate/Database/Connection.php(794): Illuminate\\Database\\Connection->runQueryCallback()
#9 /tmp/abdoElHodaky/larvrevrstender/services/auth-service/vendor/laravel/framework/src/Illuminate/Database/Connection.php(573): Illuminate\\Database\\Connection->run()
#10 /tmp/abdoElHodaky/larvrevrstender/services/auth-service/vendor/laravel/framework/src/Illuminate/Database/Connection.php(537): Illuminate\\Database\\Connection->statement()
#11 /tmp/abdoElHodaky/larvrevrstender/services/auth-service/vendor/laravel/framework/src/Illuminate/Database/Query/Builder.php(4091): Illuminate\\Database\\Connection->insert()
#12 /tmp/abdoElHodaky/larvrevrstender/services/auth-service/vendor/laravel/telescope/src/Storage/DatabaseEntriesRepository.php(145): Illuminate\\Database\\Query\\Builder->insert()
#13 /tmp/abdoElHodaky/larvrevrstender/services/auth-service/vendor/laravel/framework/src/Illuminate/Collections/Traits/EnumeratesValues.php(275): Laravel\\Telescope\\Storage\\DatabaseEntriesRepository->Laravel\\Telescope\\Storage\\{closure}()
#14 /tmp/abdoElHodaky/larvrevrstender/services/auth-service/vendor/laravel/telescope/src/Storage/DatabaseEntriesRepository.php(144): Illuminate\\Support\\Collection->each()
#15 /tmp/abdoElHodaky/larvrevrstender/services/auth-service/vendor/laravel/telescope/src/Telescope.php(664): Laravel\\Telescope\\Storage\\DatabaseEntriesRepository->store()
#16 [internal function]: Laravel\\Telescope\\Telescope::Laravel\\Telescope\\{closure}()
#17 /tmp/abdoElHodaky/larvrevrstender/services/auth-service/vendor/laravel/telescope/src/Telescope.php(289): call_user_func()
#18 /tmp/abdoElHodaky/larvrevrstender/services/auth-service/vendor/laravel/telescope/src/Telescope.php(656): Laravel\\Telescope\\Telescope::withoutRecording()
#19 /tmp/abdoElHodaky/larvrevrstender/services/auth-service/vendor/laravel/telescope/src/ListensForStorageOpportunities.php(65): Laravel\\Telescope\\Telescope::store()
#20 /tmp/abdoElHodaky/larvrevrstender/services/auth-service/vendor/laravel/framework/src/Illuminate/Container/BoundMethod.php(36): Laravel\\Telescope\\Telescope::Laravel\\Telescope\\{closure}()
#21 /tmp/abdoElHodaky/larvrevrstender/services/auth-service/vendor/laravel/framework/src/Illuminate/Container/Util.php(43): Illuminate\\Container\\BoundMethod::Illuminate\\Container\\{closure}()
#22 /tmp/abdoElHodaky/larvrevrstender/services/auth-service/vendor/laravel/framework/src/Illuminate/Container/BoundMethod.php(84): Illuminate\\Container\\Util::unwrapIfClosure()
#23 /tmp/abdoElHodaky/larvrevrstender/services/auth-service/vendor/laravel/framework/src/Illuminate/Container/BoundMethod.php(35): Illuminate\\Container\\BoundMethod::callBoundMethod()
#24 /tmp/abdoElHodaky/larvrevrstender/services/auth-service/vendor/laravel/framework/src/Illuminate/Container/Container.php(799): Illuminate\\Container\\BoundMethod::call()
#25 /tmp/abdoElHodaky/larvrevrstender/services/auth-service/vendor/laravel/framework/src/Illuminate/Foundation/Application.php(1466): Illuminate\\Container\\Container->call()
#26 /tmp/abdoElHodaky/larvrevrstender/services/auth-service/vendor/laravel/framework/src/Illuminate/Foundation/Console/Kernel.php(219): Illuminate\\Foundation\\Application->terminate()
#27 /tmp/abdoElHodaky/larvrevrstender/services/auth-service/artisan(51): Illuminate\\Foundation\\Console\\Kernel->terminate()
#28 {main}
"} 
[2026-03-08 20:07:39] local.INFO: Procedure registered {"name":"events","class":"Shared\\Procedures\\CrossServiceProcedure","type":"micro"} 
[2026-03-08 20:07:39] local.INFO: Procedure registered {"name":"cache","class":"Shared\\Procedures\\CrossServiceProcedure","type":"micro"} 
[2026-03-08 20:07:39] local.INFO: Procedure registered {"name":"notification","class":"Shared\\Procedures\\CrossServiceProcedure","type":"micro"} 
[2026-03-08 20:07:39] local.INFO: Procedure registered {"name":"validation","class":"Shared\\Procedures\\CrossServiceProcedure","type":"micro"} 
[2026-03-08 20:07:39] local.INFO: Procedure registered {"name":"security","class":"Shared\\Procedures\\CrossServiceProcedure","type":"micro"} 
[2026-03-08 20:07:39] local.INFO: Procedure registered {"name":"circuit_breaker","class":"Shared\\Procedures\\CrossServiceProcedure","type":"micro"} 
[2026-03-08 20:07:39] local.INFO: Procedure registered {"name":"queue_circuit_breaker","class":"Shared\\Procedures\\CrossServiceProcedure","type":"micro"} 
[2026-03-08 20:07:39] local.INFO: Procedure registered {"name":"third_party_integration","class":"Shared\\Procedures\\CrossServiceProcedure","type":"micro"} 
[2026-03-08 20:07:39] local.INFO: Procedure registered {"name":"workflow","class":"Shared\\Procedures\\CrossServiceProcedure","type":"macro"} 
[2026-03-08 20:07:39] local.ERROR: SQLSTATE[08006] [7] connection to server at "127.0.0.1", port 5432 failed: Connection refused
	Is the server running on that host and accepting TCP/IP connections? (Connection: pgsql, Host: 127.0.0.1, Port: 5432, Database: auth_service, SQL: insert into "telescope_entries" ("batch_id", "content", "created_at", "family_hash", "type", "uuid") values (a140a1e1-d974-47ee-b414-1033b29b95bf, {"level":"info","message":"Procedure registered","context":{"name":"events","class":"Shared\\Procedures\\CrossServiceProcedure","type":"micro"},"hostname":"modal"}, 2026-03-08 20:07:39, ?, log, a140a1e1-b75b-41c7-8592-85de716f52aa), (a140a1e1-d974-47ee-b414-1033b29b95bf, {"level":"info","message":"Procedure registered","context":{"name":"cache","class":"Shared\\Procedures\\CrossServiceProcedure","type":"micro"},"hostname":"modal"}, 2026-03-08 20:07:39, ?, log, a140a1e1-b8f1-43f6-800b-8f3c19c5bc14), (a140a1e1-d974-47ee-b414-1033b29b95bf, {"level":"info","message":"Procedure registered","context":{"name":"notification","class":"Shared\\Procedures\\CrossServiceProcedure","type":"micro"},"hostname":"modal"}, 2026-03-08 20:07:39, ?, log, a140a1e1-b92a-4143-8b25-29aaa7ebfbd1), (a140a1e1-d974-47ee-b414-1033b29b95bf, {"level":"info","message":"Procedure registered","context":{"name":"validation","class":"Shared\\Procedures\\CrossServiceProcedure","type":"micro"},"hostname":"modal"}, 2026-03-08 20:07:39, ?, log, a140a1e1-b961-4ec8-b776-8033a5aba45d), (a140a1e1-d974-47ee-b414-1033b29b95bf, {"level":"info","message":"Procedure registered","context":{"name":"security","class":"Shared\\Procedures\\CrossServiceProcedure","type":"micro"},"hostname":"modal"}, 2026-03-08 20:07:39, ?, log, a140a1e1-b996-4320-b501-e702adc16336), (a140a1e1-d974-47ee-b414-1033b29b95bf, {"level":"info","message":"Procedure registered","context":{"name":"circuit_breaker","class":"Shared\\Procedures\\CrossServiceProcedure","type":"micro"},"hostname":"modal"}, 2026-03-08 20:07:39, ?, log, a140a1e1-b9ce-4c7a-ad90-fdc24d88657f), (a140a1e1-d974-47ee-b414-1033b29b95bf, {"level":"info","message":"Procedure registered","context":{"name":"queue_circuit_breaker","class":"Shared\\Procedures\\CrossServiceProcedure","type":"micro"},"hostname":"modal"}, 2026-03-08 20:07:39, ?, log, a140a1e1-ba04-442a-886c-30f3c22ff92d), (a140a1e1-d974-47ee-b414-1033b29b95bf, {"level":"info","message":"Procedure registered","context":{"name":"third_party_integration","class":"Shared\\Procedures\\CrossServiceProcedure","type":"micro"},"hostname":"modal"}, 2026-03-08 20:07:39, ?, log, a140a1e1-ba39-449b-98cd-3be7938b3e88), (a140a1e1-d974-47ee-b414-1033b29b95bf, {"level":"info","message":"Procedure registered","context":{"name":"workflow","class":"Shared\\Procedures\\CrossServiceProcedure","type":"macro"},"hostname":"modal"}, 2026-03-08 20:07:39, ?, log, a140a1e1-ba6f-434e-9187-374c2f0412ba), (a140a1e1-d974-47ee-b414-1033b29b95bf, {"command":"rpc:rotate-tokens","exit_code":0,"arguments":{"command":"rpc:rotate-tokens"},"options":{"dry-run":true,"force":false,"service":"user-service","expires-in":"8760","backup":false,"help":false,"silent":false,"quiet":false,"verbose":false,"version":false,"ansi":null,"no-interaction":false,"env":null},"hostname":"modal"}, 2026-03-08 20:07:39, ?, command, a140a1e1-d8e3-4c2f-9c31-99b74c282f21)) {"exception":"[object] (Illuminate\\Database\\QueryException(code: 7): SQLSTATE[08006] [7] connection to server at \"127.0.0.1\", port 5432 failed: Connection refused
\tIs the server running on that host and accepting TCP/IP connections? (Connection: pgsql, Host: 127.0.0.1, Port: 5432, Database: auth_service, SQL: insert into \"telescope_entries\" (\"batch_id\", \"content\", \"created_at\", \"family_hash\", \"type\", \"uuid\") values (a140a1e1-d974-47ee-b414-1033b29b95bf, {\"level\":\"info\",\"message\":\"Procedure registered\",\"context\":{\"name\":\"events\",\"class\":\"Shared\\\\Procedures\\\\CrossServiceProcedure\",\"type\":\"micro\"},\"hostname\":\"modal\"}, 2026-03-08 20:07:39, ?, log, a140a1e1-b75b-41c7-8592-85de716f52aa), (a140a1e1-d974-47ee-b414-1033b29b95bf, {\"level\":\"info\",\"message\":\"Procedure registered\",\"context\":{\"name\":\"cache\",\"class\":\"Shared\\\\Procedures\\\\CrossServiceProcedure\",\"type\":\"micro\"},\"hostname\":\"modal\"}, 2026-03-08 20:07:39, ?, log, a140a1e1-b8f1-43f6-800b-8f3c19c5bc14), (a140a1e1-d974-47ee-b414-1033b29b95bf, {\"level\":\"info\",\"message\":\"Procedure registered\",\"context\":{\"name\":\"notification\",\"class\":\"Shared\\\\Procedures\\\\CrossServiceProcedure\",\"type\":\"micro\"},\"hostname\":\"modal\"}, 2026-03-08 20:07:39, ?, log, a140a1e1-b92a-4143-8b25-29aaa7ebfbd1), (a140a1e1-d974-47ee-b414-1033b29b95bf, {\"level\":\"info\",\"message\":\"Procedure registered\",\"context\":{\"name\":\"validation\",\"class\":\"Shared\\\\Procedures\\\\CrossServiceProcedure\",\"type\":\"micro\"},\"hostname\":\"modal\"}, 2026-03-08 20:07:39, ?, log, a140a1e1-b961-4ec8-b776-8033a5aba45d), (a140a1e1-d974-47ee-b414-1033b29b95bf, {\"level\":\"info\",\"message\":\"Procedure registered\",\"context\":{\"name\":\"security\",\"class\":\"Shared\\\\Procedures\\\\CrossServiceProcedure\",\"type\":\"micro\"},\"hostname\":\"modal\"}, 2026-03-08 20:07:39, ?, log, a140a1e1-b996-4320-b501-e702adc16336), (a140a1e1-d974-47ee-b414-1033b29b95bf, {\"level\":\"info\",\"message\":\"Procedure registered\",\"context\":{\"name\":\"circuit_breaker\",\"class\":\"Shared\\\\Procedures\\\\CrossServiceProcedure\",\"type\":\"micro\"},\"hostname\":\"modal\"}, 2026-03-08 20:07:39, ?, log, a140a1e1-b9ce-4c7a-ad90-fdc24d88657f), (a140a1e1-d974-47ee-b414-1033b29b95bf, {\"level\":\"info\",\"message\":\"Procedure registered\",\"context\":{\"name\":\"queue_circuit_breaker\",\"class\":\"Shared\\\\Procedures\\\\CrossServiceProcedure\",\"type\":\"micro\"},\"hostname\":\"modal\"}, 2026-03-08 20:07:39, ?, log, a140a1e1-ba04-442a-886c-30f3c22ff92d), (a140a1e1-d974-47ee-b414-1033b29b95bf, {\"level\":\"info\",\"message\":\"Procedure registered\",\"context\":{\"name\":\"third_party_integration\",\"class\":\"Shared\\\\Procedures\\\\CrossServiceProcedure\",\"type\":\"micro\"},\"hostname\":\"modal\"}, 2026-03-08 20:07:39, ?, log, a140a1e1-ba39-449b-98cd-3be7938b3e88), (a140a1e1-d974-47ee-b414-1033b29b95bf, {\"level\":\"info\",\"message\":\"Procedure registered\",\"context\":{\"name\":\"workflow\",\"class\":\"Shared\\\\Procedures\\\\CrossServiceProcedure\",\"type\":\"macro\"},\"hostname\":\"modal\"}, 2026-03-08 20:07:39, ?, log, a140a1e1-ba6f-434e-9187-374c2f0412ba), (a140a1e1-d974-47ee-b414-1033b29b95bf, {\"command\":\"rpc:rotate-tokens\",\"exit_code\":0,\"arguments\":{\"command\":\"rpc:rotate-tokens\"},\"options\":{\"dry-run\":true,\"force\":false,\"service\":\"user-service\",\"expires-in\":\"8760\",\"backup\":false,\"help\":false,\"silent\":false,\"quiet\":false,\"verbose\":false,\"version\":false,\"ansi\":null,\"no-interaction\":false,\"env\":null},\"hostname\":\"modal\"}, 2026-03-08 20:07:39, ?, command, a140a1e1-d8e3-4c2f-9c31-99b74c282f21)) at /tmp/abdoElHodaky/larvrevrstender/services/auth-service/vendor/laravel/framework/src/Illuminate/Database/Connection.php:838)
[stacktrace]
#0 /tmp/abdoElHodaky/larvrevrstender/services/auth-service/vendor/laravel/framework/src/Illuminate/Database/Connection.php(794): Illuminate\\Database\\Connection->runQueryCallback()
#1 /tmp/abdoElHodaky/larvrevrstender/services/auth-service/vendor/laravel/framework/src/Illuminate/Database/Connection.php(573): Illuminate\\Database\\Connection->run()
#2 /tmp/abdoElHodaky/larvrevrstender/services/auth-service/vendor/laravel/framework/src/Illuminate/Database/Connection.php(537): Illuminate\\Database\\Connection->statement()
#3 /tmp/abdoElHodaky/larvrevrstender/services/auth-service/vendor/laravel/framework/src/Illuminate/Database/Query/Builder.php(4091): Illuminate\\Database\\Connection->insert()
#4 /tmp/abdoElHodaky/larvrevrstender/services/auth-service/vendor/laravel/telescope/src/Storage/DatabaseEntriesRepository.php(145): Illuminate\\Database\\Query\\Builder->insert()
#5 /tmp/abdoElHodaky/larvrevrstender/services/auth-service/vendor/laravel/framework/src/Illuminate/Collections/Traits/EnumeratesValues.php(275): Laravel\\Telescope\\Storage\\DatabaseEntriesRepository->Laravel\\Telescope\\Storage\\{closure}()
#6 /tmp/abdoElHodaky/larvrevrstender/services/auth-service/vendor/laravel/telescope/src/Storage/DatabaseEntriesRepository.php(144): Illuminate\\Support\\Collection->each()
#7 /tmp/abdoElHodaky/larvrevrstender/services/auth-service/vendor/laravel/telescope/src/Telescope.php(664): Laravel\\Telescope\\Storage\\DatabaseEntriesRepository->store()
#8 [internal function]: Laravel\\Telescope\\Telescope::Laravel\\Telescope\\{closure}()
#9 /tmp/abdoElHodaky/larvrevrstender/services/auth-service/vendor/laravel/telescope/src/Telescope.php(289): call_user_func()
#10 /tmp/abdoElHodaky/larvrevrstender/services/auth-service/vendor/laravel/telescope/src/Telescope.php(656): Laravel\\Telescope\\Telescope::withoutRecording()
#11 /tmp/abdoElHodaky/larvrevrstender/services/auth-service/vendor/laravel/telescope/src/ListensForStorageOpportunities.php(65): Laravel\\Telescope\\Telescope::store()
#12 /tmp/abdoElHodaky/larvrevrstender/services/auth-service/vendor/laravel/framework/src/Illuminate/Container/BoundMethod.php(36): Laravel\\Telescope\\Telescope::Laravel\\Telescope\\{closure}()
#13 /tmp/abdoElHodaky/larvrevrstender/services/auth-service/vendor/laravel/framework/src/Illuminate/Container/Util.php(43): Illuminate\\Container\\BoundMethod::Illuminate\\Container\\{closure}()
#14 /tmp/abdoElHodaky/larvrevrstender/services/auth-service/vendor/laravel/framework/src/Illuminate/Container/BoundMethod.php(84): Illuminate\\Container\\Util::unwrapIfClosure()
#15 /tmp/abdoElHodaky/larvrevrstender/services/auth-service/vendor/laravel/framework/src/Illuminate/Container/BoundMethod.php(35): Illuminate\\Container\\BoundMethod::callBoundMethod()
#16 /tmp/abdoElHodaky/larvrevrstender/services/auth-service/vendor/laravel/framework/src/Illuminate/Container/Container.php(799): Illuminate\\Container\\BoundMethod::call()
#17 /tmp/abdoElHodaky/larvrevrstender/services/auth-service/vendor/laravel/framework/src/Illuminate/Foundation/Application.php(1466): Illuminate\\Container\\Container->call()
#18 /tmp/abdoElHodaky/larvrevrstender/services/auth-service/vendor/laravel/framework/src/Illuminate/Foundation/Console/Kernel.php(219): Illuminate\\Foundation\\Application->terminate()
#19 /tmp/abdoElHodaky/larvrevrstender/services/auth-service/artisan(51): Illuminate\\Foundation\\Console\\Kernel->terminate()
#20 {main}

[previous exception] [object] (PDOException(code: 7): SQLSTATE[08006] [7] connection to server at \"127.0.0.1\", port 5432 failed: Connection refused
\tIs the server running on that host and accepting TCP/IP connections? at /tmp/abdoElHodaky/larvrevrstender/services/auth-service/vendor/laravel/framework/src/Illuminate/Database/Connectors/Connector.php:66)
[stacktrace]
#0 /tmp/abdoElHodaky/larvrevrstender/services/auth-service/vendor/laravel/framework/src/Illuminate/Database/Connectors/Connector.php(66): PDO->__construct()
#1 /tmp/abdoElHodaky/larvrevrstender/services/auth-service/vendor/laravel/framework/src/Illuminate/Database/Connectors/Connector.php(44): Illuminate\\Database\\Connectors\\Connector->createPdoConnection()
#2 /tmp/abdoElHodaky/larvrevrstender/services/auth-service/vendor/laravel/framework/src/Illuminate/Database/Connectors/PostgresConnector.php(35): Illuminate\\Database\\Connectors\\Connector->createConnection()
#3 /tmp/abdoElHodaky/larvrevrstender/services/auth-service/vendor/laravel/framework/src/Illuminate/Database/Connectors/ConnectionFactory.php(186): Illuminate\\Database\\Connectors\\PostgresConnector->connect()
#4 [internal function]: Illuminate\\Database\\Connectors\\ConnectionFactory->Illuminate\\Database\\Connectors\\{closure}()
#5 /tmp/abdoElHodaky/larvrevrstender/services/auth-service/vendor/laravel/framework/src/Illuminate/Database/Connection.php(1257): call_user_func()
#6 /tmp/abdoElHodaky/larvrevrstender/services/auth-service/vendor/laravel/framework/src/Illuminate/Database/Connection.php(578): Illuminate\\Database\\Connection->getPdo()
#7 /tmp/abdoElHodaky/larvrevrstender/services/auth-service/vendor/laravel/framework/src/Illuminate/Database/Connection.php(827): Illuminate\\Database\\Connection->Illuminate\\Database\\{closure}()
#8 /tmp/abdoElHodaky/larvrevrstender/services/auth-service/vendor/laravel/framework/src/Illuminate/Database/Connection.php(794): Illuminate\\Database\\Connection->runQueryCallback()
#9 /tmp/abdoElHodaky/larvrevrstender/services/auth-service/vendor/laravel/framework/src/Illuminate/Database/Connection.php(573): Illuminate\\Database\\Connection->run()
#10 /tmp/abdoElHodaky/larvrevrstender/services/auth-service/vendor/laravel/framework/src/Illuminate/Database/Connection.php(537): Illuminate\\Database\\Connection->statement()
#11 /tmp/abdoElHodaky/larvrevrstender/services/auth-service/vendor/laravel/framework/src/Illuminate/Database/Query/Builder.php(4091): Illuminate\\Database\\Connection->insert()
#12 /tmp/abdoElHodaky/larvrevrstender/services/auth-service/vendor/laravel/telescope/src/Storage/DatabaseEntriesRepository.php(145): Illuminate\\Database\\Query\\Builder->insert()
#13 /tmp/abdoElHodaky/larvrevrstender/services/auth-service/vendor/laravel/framework/src/Illuminate/Collections/Traits/EnumeratesValues.php(275): Laravel\\Telescope\\Storage\\DatabaseEntriesRepository->Laravel\\Telescope\\Storage\\{closure}()
#14 /tmp/abdoElHodaky/larvrevrstender/services/auth-service/vendor/laravel/telescope/src/Storage/DatabaseEntriesRepository.php(144): Illuminate\\Support\\Collection->each()
#15 /tmp/abdoElHodaky/larvrevrstender/services/auth-service/vendor/laravel/telescope/src/Telescope.php(664): Laravel\\Telescope\\Storage\\DatabaseEntriesRepository->store()
#16 [internal function]: Laravel\\Telescope\\Telescope::Laravel\\Telescope\\{closure}()
#17 /tmp/abdoElHodaky/larvrevrstender/services/auth-service/vendor/laravel/telescope/src/Telescope.php(289): call_user_func()
#18 /tmp/abdoElHodaky/larvrevrstender/services/auth-service/vendor/laravel/telescope/src/Telescope.php(656): Laravel\\Telescope\\Telescope::withoutRecording()
#19 /tmp/abdoElHodaky/larvrevrstender/services/auth-service/vendor/laravel/telescope/src/ListensForStorageOpportunities.php(65): Laravel\\Telescope\\Telescope::store()
#20 /tmp/abdoElHodaky/larvrevrstender/services/auth-service/vendor/laravel/framework/src/Illuminate/Container/BoundMethod.php(36): Laravel\\Telescope\\Telescope::Laravel\\Telescope\\{closure}()
#21 /tmp/abdoElHodaky/larvrevrstender/services/auth-service/vendor/laravel/framework/src/Illuminate/Container/Util.php(43): Illuminate\\Container\\BoundMethod::Illuminate\\Container\\{closure}()
#22 /tmp/abdoElHodaky/larvrevrstender/services/auth-service/vendor/laravel/framework/src/Illuminate/Container/BoundMethod.php(84): Illuminate\\Container\\Util::unwrapIfClosure()
#23 /tmp/abdoElHodaky/larvrevrstender/services/auth-service/vendor/laravel/framework/src/Illuminate/Container/BoundMethod.php(35): Illuminate\\Container\\BoundMethod::callBoundMethod()
#24 /tmp/abdoElHodaky/larvrevrstender/services/auth-service/vendor/laravel/framework/src/Illuminate/Container/Container.php(799): Illuminate\\Container\\BoundMethod::call()
#25 /tmp/abdoElHodaky/larvrevrstender/services/auth-service/vendor/laravel/framework/src/Illuminate/Foundation/Application.php(1466): Illuminate\\Container\\Container->call()
#26 /tmp/abdoElHodaky/larvrevrstender/services/auth-service/vendor/laravel/framework/src/Illuminate/Foundation/Console/Kernel.php(219): Illuminate\\Foundation\\Application->terminate()
#27 /tmp/abdoElHodaky/larvrevrstender/services/auth-service/artisan(51): Illuminate\\Foundation\\Console\\Kernel->terminate()
#28 {main}
"} 
[2026-03-08 20:07:48] local.INFO: Procedure registered {"name":"events","class":"Shared\\Procedures\\CrossServiceProcedure","type":"micro"} 
[2026-03-08 20:07:48] local.INFO: Procedure registered {"name":"cache","class":"Shared\\Procedures\\CrossServiceProcedure","type":"micro"} 
[2026-03-08 20:07:48] local.INFO: Procedure registered {"name":"notification","class":"Shared\\Procedures\\CrossServiceProcedure","type":"micro"} 
[2026-03-08 20:07:48] local.INFO: Procedure registered {"name":"validation","class":"Shared\\Procedures\\CrossServiceProcedure","type":"micro"} 
[2026-03-08 20:07:48] local.INFO: Procedure registered {"name":"security","class":"Shared\\Procedures\\CrossServiceProcedure","type":"micro"} 
[2026-03-08 20:07:48] local.INFO: Procedure registered {"name":"circuit_breaker","class":"Shared\\Procedures\\CrossServiceProcedure","type":"micro"} 
[2026-03-08 20:07:48] local.INFO: Procedure registered {"name":"queue_circuit_breaker","class":"Shared\\Procedures\\CrossServiceProcedure","type":"micro"} 
[2026-03-08 20:07:48] local.INFO: Procedure registered {"name":"third_party_integration","class":"Shared\\Procedures\\CrossServiceProcedure","type":"micro"} 
[2026-03-08 20:07:48] local.INFO: Procedure registered {"name":"workflow","class":"Shared\\Procedures\\CrossServiceProcedure","type":"macro"} 
[2026-03-08 20:07:48] local.ERROR: SQLSTATE[08006] [7] connection to server at "127.0.0.1", port 5432 failed: Connection refused
	Is the server running on that host and accepting TCP/IP connections? (Connection: pgsql, Host: 127.0.0.1, Port: 5432, Database: auth_service, SQL: insert into "telescope_entries" ("batch_id", "content", "created_at", "family_hash", "type", "uuid") values (a140a1f0-7199-4cec-9396-ad27693ce27b, {"level":"info","message":"Procedure registered","context":{"name":"events","class":"Shared\\Procedures\\CrossServiceProcedure","type":"micro"},"hostname":"modal"}, 2026-03-08 20:07:48, ?, log, a140a1f0-51f4-427f-a544-1f930b083e79), (a140a1f0-7199-4cec-9396-ad27693ce27b, {"level":"info","message":"Procedure registered","context":{"name":"cache","class":"Shared\\Procedures\\CrossServiceProcedure","type":"micro"},"hostname":"modal"}, 2026-03-08 20:07:48, ?, log, a140a1f0-5394-4116-82f3-db2d01037fcf), (a140a1f0-7199-4cec-9396-ad27693ce27b, {"level":"info","message":"Procedure registered","context":{"name":"notification","class":"Shared\\Procedures\\CrossServiceProcedure","type":"micro"},"hostname":"modal"}, 2026-03-08 20:07:48, ?, log, a140a1f0-53d7-475f-b99f-225fb596e71f), (a140a1f0-7199-4cec-9396-ad27693ce27b, {"level":"info","message":"Procedure registered","context":{"name":"validation","class":"Shared\\Procedures\\CrossServiceProcedure","type":"micro"},"hostname":"modal"}, 2026-03-08 20:07:48, ?, log, a140a1f0-5419-44df-aa09-8273abfe7640), (a140a1f0-7199-4cec-9396-ad27693ce27b, {"level":"info","message":"Procedure registered","context":{"name":"security","class":"Shared\\Procedures\\CrossServiceProcedure","type":"micro"},"hostname":"modal"}, 2026-03-08 20:07:48, ?, log, a140a1f0-545a-40bc-9f7a-a4402a2711c8), (a140a1f0-7199-4cec-9396-ad27693ce27b, {"level":"info","message":"Procedure registered","context":{"name":"circuit_breaker","class":"Shared\\Procedures\\CrossServiceProcedure","type":"micro"},"hostname":"modal"}, 2026-03-08 20:07:48, ?, log, a140a1f0-549b-42dc-8cf3-a714d122bb3d), (a140a1f0-7199-4cec-9396-ad27693ce27b, {"level":"info","message":"Procedure registered","context":{"name":"queue_circuit_breaker","class":"Shared\\Procedures\\CrossServiceProcedure","type":"micro"},"hostname":"modal"}, 2026-03-08 20:07:48, ?, log, a140a1f0-54d7-4091-9ed3-343aa7d955b1), (a140a1f0-7199-4cec-9396-ad27693ce27b, {"level":"info","message":"Procedure registered","context":{"name":"third_party_integration","class":"Shared\\Procedures\\CrossServiceProcedure","type":"micro"},"hostname":"modal"}, 2026-03-08 20:07:48, ?, log, a140a1f0-550e-40b9-a354-c30973629b68), (a140a1f0-7199-4cec-9396-ad27693ce27b, {"level":"info","message":"Procedure registered","context":{"name":"workflow","class":"Shared\\Procedures\\CrossServiceProcedure","type":"macro"},"hostname":"modal"}, 2026-03-08 20:07:48, ?, log, a140a1f0-5546-45bb-acd8-1c66ac32ea55), (a140a1f0-7199-4cec-9396-ad27693ce27b, {"command":"rpc:rotate-tokens","exit_code":0,"arguments":{"command":"rpc:rotate-tokens"},"options":{"dry-run":true,"force":false,"service":"user-service","expires-in":"8760","backup":false,"help":false,"silent":false,"quiet":false,"verbose":false,"version":false,"ansi":null,"no-interaction":false,"env":null},"hostname":"modal"}, 2026-03-08 20:07:48, ?, command, a140a1f0-7107-4f07-a128-2997851ebad4)) {"exception":"[object] (Illuminate\\Database\\QueryException(code: 7): SQLSTATE[08006] [7] connection to server at \"127.0.0.1\", port 5432 failed: Connection refused
\tIs the server running on that host and accepting TCP/IP connections? (Connection: pgsql, Host: 127.0.0.1, Port: 5432, Database: auth_service, SQL: insert into \"telescope_entries\" (\"batch_id\", \"content\", \"created_at\", \"family_hash\", \"type\", \"uuid\") values (a140a1f0-7199-4cec-9396-ad27693ce27b, {\"level\":\"info\",\"message\":\"Procedure registered\",\"context\":{\"name\":\"events\",\"class\":\"Shared\\\\Procedures\\\\CrossServiceProcedure\",\"type\":\"micro\"},\"hostname\":\"modal\"}, 2026-03-08 20:07:48, ?, log, a140a1f0-51f4-427f-a544-1f930b083e79), (a140a1f0-7199-4cec-9396-ad27693ce27b, {\"level\":\"info\",\"message\":\"Procedure registered\",\"context\":{\"name\":\"cache\",\"class\":\"Shared\\\\Procedures\\\\CrossServiceProcedure\",\"type\":\"micro\"},\"hostname\":\"modal\"}, 2026-03-08 20:07:48, ?, log, a140a1f0-5394-4116-82f3-db2d01037fcf), (a140a1f0-7199-4cec-9396-ad27693ce27b, {\"level\":\"info\",\"message\":\"Procedure registered\",\"context\":{\"name\":\"notification\",\"class\":\"Shared\\\\Procedures\\\\CrossServiceProcedure\",\"type\":\"micro\"},\"hostname\":\"modal\"}, 2026-03-08 20:07:48, ?, log, a140a1f0-53d7-475f-b99f-225fb596e71f), (a140a1f0-7199-4cec-9396-ad27693ce27b, {\"level\":\"info\",\"message\":\"Procedure registered\",\"context\":{\"name\":\"validation\",\"class\":\"Shared\\\\Procedures\\\\CrossServiceProcedure\",\"type\":\"micro\"},\"hostname\":\"modal\"}, 2026-03-08 20:07:48, ?, log, a140a1f0-5419-44df-aa09-8273abfe7640), (a140a1f0-7199-4cec-9396-ad27693ce27b, {\"level\":\"info\",\"message\":\"Procedure registered\",\"context\":{\"name\":\"security\",\"class\":\"Shared\\\\Procedures\\\\CrossServiceProcedure\",\"type\":\"micro\"},\"hostname\":\"modal\"}, 2026-03-08 20:07:48, ?, log, a140a1f0-545a-40bc-9f7a-a4402a2711c8), (a140a1f0-7199-4cec-9396-ad27693ce27b, {\"level\":\"info\",\"message\":\"Procedure registered\",\"context\":{\"name\":\"circuit_breaker\",\"class\":\"Shared\\\\Procedures\\\\CrossServiceProcedure\",\"type\":\"micro\"},\"hostname\":\"modal\"}, 2026-03-08 20:07:48, ?, log, a140a1f0-549b-42dc-8cf3-a714d122bb3d), (a140a1f0-7199-4cec-9396-ad27693ce27b, {\"level\":\"info\",\"message\":\"Procedure registered\",\"context\":{\"name\":\"queue_circuit_breaker\",\"class\":\"Shared\\\\Procedures\\\\CrossServiceProcedure\",\"type\":\"micro\"},\"hostname\":\"modal\"}, 2026-03-08 20:07:48, ?, log, a140a1f0-54d7-4091-9ed3-343aa7d955b1), (a140a1f0-7199-4cec-9396-ad27693ce27b, {\"level\":\"info\",\"message\":\"Procedure registered\",\"context\":{\"name\":\"third_party_integration\",\"class\":\"Shared\\\\Procedures\\\\CrossServiceProcedure\",\"type\":\"micro\"},\"hostname\":\"modal\"}, 2026-03-08 20:07:48, ?, log, a140a1f0-550e-40b9-a354-c30973629b68), (a140a1f0-7199-4cec-9396-ad27693ce27b, {\"level\":\"info\",\"message\":\"Procedure registered\",\"context\":{\"name\":\"workflow\",\"class\":\"Shared\\\\Procedures\\\\CrossServiceProcedure\",\"type\":\"macro\"},\"hostname\":\"modal\"}, 2026-03-08 20:07:48, ?, log, a140a1f0-5546-45bb-acd8-1c66ac32ea55), (a140a1f0-7199-4cec-9396-ad27693ce27b, {\"command\":\"rpc:rotate-tokens\",\"exit_code\":0,\"arguments\":{\"command\":\"rpc:rotate-tokens\"},\"options\":{\"dry-run\":true,\"force\":false,\"service\":\"user-service\",\"expires-in\":\"8760\",\"backup\":false,\"help\":false,\"silent\":false,\"quiet\":false,\"verbose\":false,\"version\":false,\"ansi\":null,\"no-interaction\":false,\"env\":null},\"hostname\":\"modal\"}, 2026-03-08 20:07:48, ?, command, a140a1f0-7107-4f07-a128-2997851ebad4)) at /tmp/abdoElHodaky/larvrevrstender/services/auth-service/vendor/laravel/framework/src/Illuminate/Database/Connection.php:838)
[stacktrace]
#0 /tmp/abdoElHodaky/larvrevrstender/services/auth-service/vendor/laravel/framework/src/Illuminate/Database/Connection.php(794): Illuminate\\Database\\Connection->runQueryCallback()
#1 /tmp/abdoElHodaky/larvrevrstender/services/auth-service/vendor/laravel/framework/src/Illuminate/Database/Connection.php(573): Illuminate\\Database\\Connection->run()
#2 /tmp/abdoElHodaky/larvrevrstender/services/auth-service/vendor/laravel/framework/src/Illuminate/Database/Connection.php(537): Illuminate\\Database\\Connection->statement()
#3 /tmp/abdoElHodaky/larvrevrstender/services/auth-service/vendor/laravel/framework/src/Illuminate/Database/Query/Builder.php(4091): Illuminate\\Database\\Connection->insert()
#4 /tmp/abdoElHodaky/larvrevrstender/services/auth-service/vendor/laravel/telescope/src/Storage/DatabaseEntriesRepository.php(145): Illuminate\\Database\\Query\\Builder->insert()
#5 /tmp/abdoElHodaky/larvrevrstender/services/auth-service/vendor/laravel/framework/src/Illuminate/Collections/Traits/EnumeratesValues.php(275): Laravel\\Telescope\\Storage\\DatabaseEntriesRepository->Laravel\\Telescope\\Storage\\{closure}()
#6 /tmp/abdoElHodaky/larvrevrstender/services/auth-service/vendor/laravel/telescope/src/Storage/DatabaseEntriesRepository.php(144): Illuminate\\Support\\Collection->each()
#7 /tmp/abdoElHodaky/larvrevrstender/services/auth-service/vendor/laravel/telescope/src/Telescope.php(664): Laravel\\Telescope\\Storage\\DatabaseEntriesRepository->store()
#8 [internal function]: Laravel\\Telescope\\Telescope::Laravel\\Telescope\\{closure}()
#9 /tmp/abdoElHodaky/larvrevrstender/services/auth-service/vendor/laravel/telescope/src/Telescope.php(289): call_user_func()
#10 /tmp/abdoElHodaky/larvrevrstender/services/auth-service/vendor/laravel/telescope/src/Telescope.php(656): Laravel\\Telescope\\Telescope::withoutRecording()
#11 /tmp/abdoElHodaky/larvrevrstender/services/auth-service/vendor/laravel/telescope/src/ListensForStorageOpportunities.php(65): Laravel\\Telescope\\Telescope::store()
#12 /tmp/abdoElHodaky/larvrevrstender/services/auth-service/vendor/laravel/framework/src/Illuminate/Container/BoundMethod.php(36): Laravel\\Telescope\\Telescope::Laravel\\Telescope\\{closure}()
#13 /tmp/abdoElHodaky/larvrevrstender/services/auth-service/vendor/laravel/framework/src/Illuminate/Container/Util.php(43): Illuminate\\Container\\BoundMethod::Illuminate\\Container\\{closure}()
#14 /tmp/abdoElHodaky/larvrevrstender/services/auth-service/vendor/laravel/framework/src/Illuminate/Container/BoundMethod.php(84): Illuminate\\Container\\Util::unwrapIfClosure()
#15 /tmp/abdoElHodaky/larvrevrstender/services/auth-service/vendor/laravel/framework/src/Illuminate/Container/BoundMethod.php(35): Illuminate\\Container\\BoundMethod::callBoundMethod()
#16 /tmp/abdoElHodaky/larvrevrstender/services/auth-service/vendor/laravel/framework/src/Illuminate/Container/Container.php(799): Illuminate\\Container\\BoundMethod::call()
#17 /tmp/abdoElHodaky/larvrevrstender/services/auth-service/vendor/laravel/framework/src/Illuminate/Foundation/Application.php(1466): Illuminate\\Container\\Container->call()
#18 /tmp/abdoElHodaky/larvrevrstender/services/auth-service/vendor/laravel/framework/src/Illuminate/Foundation/Console/Kernel.php(219): Illuminate\\Foundation\\Application->terminate()
#19 /tmp/abdoElHodaky/larvrevrstender/services/auth-service/artisan(51): Illuminate\\Foundation\\Console\\Kernel->terminate()
#20 {main}

[previous exception] [object] (PDOException(code: 7): SQLSTATE[08006] [7] connection to server at \"127.0.0.1\", port 5432 failed: Connection refused
\tIs the server running on that host and accepting TCP/IP connections? at /tmp/abdoElHodaky/larvrevrstender/services/auth-service/vendor/laravel/framework/src/Illuminate/Database/Connectors/Connector.php:66)
[stacktrace]
#0 /tmp/abdoElHodaky/larvrevrstender/services/auth-service/vendor/laravel/framework/src/Illuminate/Database/Connectors/Connector.php(66): PDO->__construct()
#1 /tmp/abdoElHodaky/larvrevrstender/services/auth-service/vendor/laravel/framework/src/Illuminate/Database/Connectors/Connector.php(44): Illuminate\\Database\\Connectors\\Connector->createPdoConnection()
#2 /tmp/abdoElHodaky/larvrevrstender/services/auth-service/vendor/laravel/framework/src/Illuminate/Database/Connectors/PostgresConnector.php(35): Illuminate\\Database\\Connectors\\Connector->createConnection()
#3 /tmp/abdoElHodaky/larvrevrstender/services/auth-service/vendor/laravel/framework/src/Illuminate/Database/Connectors/ConnectionFactory.php(186): Illuminate\\Database\\Connectors\\PostgresConnector->connect()
#4 [internal function]: Illuminate\\Database\\Connectors\\ConnectionFactory->Illuminate\\Database\\Connectors\\{closure}()
#5 /tmp/abdoElHodaky/larvrevrstender/services/auth-service/vendor/laravel/framework/src/Illuminate/Database/Connection.php(1257): call_user_func()
#6 /tmp/abdoElHodaky/larvrevrstender/services/auth-service/vendor/laravel/framework/src/Illuminate/Database/Connection.php(578): Illuminate\\Database\\Connection->getPdo()
#7 /tmp/abdoElHodaky/larvrevrstender/services/auth-service/vendor/laravel/framework/src/Illuminate/Database/Connection.php(827): Illuminate\\Database\\Connection->Illuminate\\Database\\{closure}()
#8 /tmp/abdoElHodaky/larvrevrstender/services/auth-service/vendor/laravel/framework/src/Illuminate/Database/Connection.php(794): Illuminate\\Database\\Connection->runQueryCallback()
#9 /tmp/abdoElHodaky/larvrevrstender/services/auth-service/vendor/laravel/framework/src/Illuminate/Database/Connection.php(573): Illuminate\\Database\\Connection->run()
#10 /tmp/abdoElHodaky/larvrevrstender/services/auth-service/vendor/laravel/framework/src/Illuminate/Database/Connection.php(537): Illuminate\\Database\\Connection->statement()
#11 /tmp/abdoElHodaky/larvrevrstender/services/auth-service/vendor/laravel/framework/src/Illuminate/Database/Query/Builder.php(4091): Illuminate\\Database\\Connection->insert()
#12 /tmp/abdoElHodaky/larvrevrstender/services/auth-service/vendor/laravel/telescope/src/Storage/DatabaseEntriesRepository.php(145): Illuminate\\Database\\Query\\Builder->insert()
#13 /tmp/abdoElHodaky/larvrevrstender/services/auth-service/vendor/laravel/framework/src/Illuminate/Collections/Traits/EnumeratesValues.php(275): Laravel\\Telescope\\Storage\\DatabaseEntriesRepository->Laravel\\Telescope\\Storage\\{closure}()
#14 /tmp/abdoElHodaky/larvrevrstender/services/auth-service/vendor/laravel/telescope/src/Storage/DatabaseEntriesRepository.php(144): Illuminate\\Support\\Collection->each()
#15 /tmp/abdoElHodaky/larvrevrstender/services/auth-service/vendor/laravel/telescope/src/Telescope.php(664): Laravel\\Telescope\\Storage\\DatabaseEntriesRepository->store()
#16 [internal function]: Laravel\\Telescope\\Telescope::Laravel\\Telescope\\{closure}()
#17 /tmp/abdoElHodaky/larvrevrstender/services/auth-service/vendor/laravel/telescope/src/Telescope.php(289): call_user_func()
#18 /tmp/abdoElHodaky/larvrevrstender/services/auth-service/vendor/laravel/telescope/src/Telescope.php(656): Laravel\\Telescope\\Telescope::withoutRecording()
#19 /tmp/abdoElHodaky/larvrevrstender/services/auth-service/vendor/laravel/telescope/src/ListensForStorageOpportunities.php(65): Laravel\\Telescope\\Telescope::store()
#20 /tmp/abdoElHodaky/larvrevrstender/services/auth-service/vendor/laravel/framework/src/Illuminate/Container/BoundMethod.php(36): Laravel\\Telescope\\Telescope::Laravel\\Telescope\\{closure}()
#21 /tmp/abdoElHodaky/larvrevrstender/services/auth-service/vendor/laravel/framework/src/Illuminate/Container/Util.php(43): Illuminate\\Container\\BoundMethod::Illuminate\\Container\\{closure}()
#22 /tmp/abdoElHodaky/larvrevrstender/services/auth-service/vendor/laravel/framework/src/Illuminate/Container/BoundMethod.php(84): Illuminate\\Container\\Util::unwrapIfClosure()
#23 /tmp/abdoElHodaky/larvrevrstender/services/auth-service/vendor/laravel/framework/src/Illuminate/Container/BoundMethod.php(35): Illuminate\\Container\\BoundMethod::callBoundMethod()
#24 /tmp/abdoElHodaky/larvrevrstender/services/auth-service/vendor/laravel/framework/src/Illuminate/Container/Container.php(799): Illuminate\\Container\\BoundMethod::call()
#25 /tmp/abdoElHodaky/larvrevrstender/services/auth-service/vendor/laravel/framework/src/Illuminate/Foundation/Application.php(1466): Illuminate\\Container\\Container->call()
#26 /tmp/abdoElHodaky/larvrevrstender/services/auth-service/vendor/laravel/framework/src/Illuminate/Foundation/Console/Kernel.php(219): Illuminate\\Foundation\\Application->terminate()
#27 /tmp/abdoElHodaky/larvrevrstender/services/auth-service/artisan(51): Illuminate\\Foundation\\Console\\Kernel->terminate()
#28 {main}
"} 
[2026-03-08 20:08:01] local.INFO: Procedure registered {"name":"events","class":"Shared\\Procedures\\CrossServiceProcedure","type":"micro"} 
[2026-03-08 20:08:01] local.INFO: Procedure registered {"name":"cache","class":"Shared\\Procedures\\CrossServiceProcedure","type":"micro"} 
[2026-03-08 20:08:01] local.INFO: Procedure registered {"name":"notification","class":"Shared\\Procedures\\CrossServiceProcedure","type":"micro"} 
[2026-03-08 20:08:01] local.INFO: Procedure registered {"name":"validation","class":"Shared\\Procedures\\CrossServiceProcedure","type":"micro"} 
[2026-03-08 20:08:01] local.INFO: Procedure registered {"name":"security","class":"Shared\\Procedures\\CrossServiceProcedure","type":"micro"} 
[2026-03-08 20:08:01] local.INFO: Procedure registered {"name":"circuit_breaker","class":"Shared\\Procedures\\CrossServiceProcedure","type":"micro"} 
[2026-03-08 20:08:01] local.INFO: Procedure registered {"name":"queue_circuit_breaker","class":"Shared\\Procedures\\CrossServiceProcedure","type":"micro"} 
[2026-03-08 20:08:01] local.INFO: Procedure registered {"name":"third_party_integration","class":"Shared\\Procedures\\CrossServiceProcedure","type":"micro"} 
[2026-03-08 20:08:01] local.INFO: Procedure registered {"name":"workflow","class":"Shared\\Procedures\\CrossServiceProcedure","type":"macro"} 
[2026-03-08 20:08:01] local.ERROR: SQLSTATE[08006] [7] connection to server at "127.0.0.1", port 5432 failed: Connection refused
	Is the server running on that host and accepting TCP/IP connections? (Connection: pgsql, Host: 127.0.0.1, Port: 5432, Database: auth_service, SQL: insert into "telescope_entries" ("batch_id", "content", "created_at", "family_hash", "type", "uuid") values (a140a203-aa02-448e-bcd8-07a3adc02804, {"level":"info","message":"Procedure registered","context":{"name":"events","class":"Shared\\Procedures\\CrossServiceProcedure","type":"micro"},"hostname":"modal"}, 2026-03-08 20:08:01, ?, log, a140a203-8b15-4bcf-9ddd-4064c4dc8dc8), (a140a203-aa02-448e-bcd8-07a3adc02804, {"level":"info","message":"Procedure registered","context":{"name":"cache","class":"Shared\\Procedures\\CrossServiceProcedure","type":"micro"},"hostname":"modal"}, 2026-03-08 20:08:01, ?, log, a140a203-8c9a-4a7d-bda4-d1fb6d9bd739), (a140a203-aa02-448e-bcd8-07a3adc02804, {"level":"info","message":"Procedure registered","context":{"name":"notification","class":"Shared\\Procedures\\CrossServiceProcedure","type":"micro"},"hostname":"modal"}, 2026-03-08 20:08:01, ?, log, a140a203-8cd3-44ce-9384-4a9a41abc93b), (a140a203-aa02-448e-bcd8-07a3adc02804, {"level":"info","message":"Procedure registered","context":{"name":"validation","class":"Shared\\Procedures\\CrossServiceProcedure","type":"micro"},"hostname":"modal"}, 2026-03-08 20:08:01, ?, log, a140a203-8d0a-4fde-ba14-9788856bacc9), (a140a203-aa02-448e-bcd8-07a3adc02804, {"level":"info","message":"Procedure registered","context":{"name":"security","class":"Shared\\Procedures\\CrossServiceProcedure","type":"micro"},"hostname":"modal"}, 2026-03-08 20:08:01, ?, log, a140a203-8d3e-4c42-85b0-6d0e7dc5a06b), (a140a203-aa02-448e-bcd8-07a3adc02804, {"level":"info","message":"Procedure registered","context":{"name":"circuit_breaker","class":"Shared\\Procedures\\CrossServiceProcedure","type":"micro"},"hostname":"modal"}, 2026-03-08 20:08:01, ?, log, a140a203-8d73-491f-81ce-cccd18c6413a), (a140a203-aa02-448e-bcd8-07a3adc02804, {"level":"info","message":"Procedure registered","context":{"name":"queue_circuit_breaker","class":"Shared\\Procedures\\CrossServiceProcedure","type":"micro"},"hostname":"modal"}, 2026-03-08 20:08:01, ?, log, a140a203-8da7-416f-9b32-78a54b8aca9b), (a140a203-aa02-448e-bcd8-07a3adc02804, {"level":"info","message":"Procedure registered","context":{"name":"third_party_integration","class":"Shared\\Procedures\\CrossServiceProcedure","type":"micro"},"hostname":"modal"}, 2026-03-08 20:08:01, ?, log, a140a203-8ddd-417a-baf7-d59a30d773d9), (a140a203-aa02-448e-bcd8-07a3adc02804, {"level":"info","message":"Procedure registered","context":{"name":"workflow","class":"Shared\\Procedures\\CrossServiceProcedure","type":"macro"},"hostname":"modal"}, 2026-03-08 20:08:01, ?, log, a140a203-8e11-4699-97bd-42bdfc43bca3), (a140a203-aa02-448e-bcd8-07a3adc02804, {"command":"rpc:test-authentication","exit_code":1,"arguments":{"command":"rpc:test-authentication"},"options":{"service":"invalid-service","timeout":"10","help":false,"silent":false,"quiet":false,"verbose":false,"version":false,"ansi":null,"no-interaction":false,"env":null},"hostname":"modal"}, 2026-03-08 20:08:01, ?, command, a140a203-a972-421b-8eab-1ace94480846)) {"exception":"[object] (Illuminate\\Database\\QueryException(code: 7): SQLSTATE[08006] [7] connection to server at \"127.0.0.1\", port 5432 failed: Connection refused
\tIs the server running on that host and accepting TCP/IP connections? (Connection: pgsql, Host: 127.0.0.1, Port: 5432, Database: auth_service, SQL: insert into \"telescope_entries\" (\"batch_id\", \"content\", \"created_at\", \"family_hash\", \"type\", \"uuid\") values (a140a203-aa02-448e-bcd8-07a3adc02804, {\"level\":\"info\",\"message\":\"Procedure registered\",\"context\":{\"name\":\"events\",\"class\":\"Shared\\\\Procedures\\\\CrossServiceProcedure\",\"type\":\"micro\"},\"hostname\":\"modal\"}, 2026-03-08 20:08:01, ?, log, a140a203-8b15-4bcf-9ddd-4064c4dc8dc8), (a140a203-aa02-448e-bcd8-07a3adc02804, {\"level\":\"info\",\"message\":\"Procedure registered\",\"context\":{\"name\":\"cache\",\"class\":\"Shared\\\\Procedures\\\\CrossServiceProcedure\",\"type\":\"micro\"},\"hostname\":\"modal\"}, 2026-03-08 20:08:01, ?, log, a140a203-8c9a-4a7d-bda4-d1fb6d9bd739), (a140a203-aa02-448e-bcd8-07a3adc02804, {\"level\":\"info\",\"message\":\"Procedure registered\",\"context\":{\"name\":\"notification\",\"class\":\"Shared\\\\Procedures\\\\CrossServiceProcedure\",\"type\":\"micro\"},\"hostname\":\"modal\"}, 2026-03-08 20:08:01, ?, log, a140a203-8cd3-44ce-9384-4a9a41abc93b), (a140a203-aa02-448e-bcd8-07a3adc02804, {\"level\":\"info\",\"message\":\"Procedure registered\",\"context\":{\"name\":\"validation\",\"class\":\"Shared\\\\Procedures\\\\CrossServiceProcedure\",\"type\":\"micro\"},\"hostname\":\"modal\"}, 2026-03-08 20:08:01, ?, log, a140a203-8d0a-4fde-ba14-9788856bacc9), (a140a203-aa02-448e-bcd8-07a3adc02804, {\"level\":\"info\",\"message\":\"Procedure registered\",\"context\":{\"name\":\"security\",\"class\":\"Shared\\\\Procedures\\\\CrossServiceProcedure\",\"type\":\"micro\"},\"hostname\":\"modal\"}, 2026-03-08 20:08:01, ?, log, a140a203-8d3e-4c42-85b0-6d0e7dc5a06b), (a140a203-aa02-448e-bcd8-07a3adc02804, {\"level\":\"info\",\"message\":\"Procedure registered\",\"context\":{\"name\":\"circuit_breaker\",\"class\":\"Shared\\\\Procedures\\\\CrossServiceProcedure\",\"type\":\"micro\"},\"hostname\":\"modal\"}, 2026-03-08 20:08:01, ?, log, a140a203-8d73-491f-81ce-cccd18c6413a), (a140a203-aa02-448e-bcd8-07a3adc02804, {\"level\":\"info\",\"message\":\"Procedure registered\",\"context\":{\"name\":\"queue_circuit_breaker\",\"class\":\"Shared\\\\Procedures\\\\CrossServiceProcedure\",\"type\":\"micro\"},\"hostname\":\"modal\"}, 2026-03-08 20:08:01, ?, log, a140a203-8da7-416f-9b32-78a54b8aca9b), (a140a203-aa02-448e-bcd8-07a3adc02804, {\"level\":\"info\",\"message\":\"Procedure registered\",\"context\":{\"name\":\"third_party_integration\",\"class\":\"Shared\\\\Procedures\\\\CrossServiceProcedure\",\"type\":\"micro\"},\"hostname\":\"modal\"}, 2026-03-08 20:08:01, ?, log, a140a203-8ddd-417a-baf7-d59a30d773d9), (a140a203-aa02-448e-bcd8-07a3adc02804, {\"level\":\"info\",\"message\":\"Procedure registered\",\"context\":{\"name\":\"workflow\",\"class\":\"Shared\\\\Procedures\\\\CrossServiceProcedure\",\"type\":\"macro\"},\"hostname\":\"modal\"}, 2026-03-08 20:08:01, ?, log, a140a203-8e11-4699-97bd-42bdfc43bca3), (a140a203-aa02-448e-bcd8-07a3adc02804, {\"command\":\"rpc:test-authentication\",\"exit_code\":1,\"arguments\":{\"command\":\"rpc:test-authentication\"},\"options\":{\"service\":\"invalid-service\",\"timeout\":\"10\",\"help\":false,\"silent\":false,\"quiet\":false,\"verbose\":false,\"version\":false,\"ansi\":null,\"no-interaction\":false,\"env\":null},\"hostname\":\"modal\"}, 2026-03-08 20:08:01, ?, command, a140a203-a972-421b-8eab-1ace94480846)) at /tmp/abdoElHodaky/larvrevrstender/services/auth-service/vendor/laravel/framework/src/Illuminate/Database/Connection.php:838)
[stacktrace]
#0 /tmp/abdoElHodaky/larvrevrstender/services/auth-service/vendor/laravel/framework/src/Illuminate/Database/Connection.php(794): Illuminate\\Database\\Connection->runQueryCallback()
#1 /tmp/abdoElHodaky/larvrevrstender/services/auth-service/vendor/laravel/framework/src/Illuminate/Database/Connection.php(573): Illuminate\\Database\\Connection->run()
#2 /tmp/abdoElHodaky/larvrevrstender/services/auth-service/vendor/laravel/framework/src/Illuminate/Database/Connection.php(537): Illuminate\\Database\\Connection->statement()
#3 /tmp/abdoElHodaky/larvrevrstender/services/auth-service/vendor/laravel/framework/src/Illuminate/Database/Query/Builder.php(4091): Illuminate\\Database\\Connection->insert()
#4 /tmp/abdoElHodaky/larvrevrstender/services/auth-service/vendor/laravel/telescope/src/Storage/DatabaseEntriesRepository.php(145): Illuminate\\Database\\Query\\Builder->insert()
#5 /tmp/abdoElHodaky/larvrevrstender/services/auth-service/vendor/laravel/framework/src/Illuminate/Collections/Traits/EnumeratesValues.php(275): Laravel\\Telescope\\Storage\\DatabaseEntriesRepository->Laravel\\Telescope\\Storage\\{closure}()
#6 /tmp/abdoElHodaky/larvrevrstender/services/auth-service/vendor/laravel/telescope/src/Storage/DatabaseEntriesRepository.php(144): Illuminate\\Support\\Collection->each()
#7 /tmp/abdoElHodaky/larvrevrstender/services/auth-service/vendor/laravel/telescope/src/Telescope.php(664): Laravel\\Telescope\\Storage\\DatabaseEntriesRepository->store()
#8 [internal function]: Laravel\\Telescope\\Telescope::Laravel\\Telescope\\{closure}()
#9 /tmp/abdoElHodaky/larvrevrstender/services/auth-service/vendor/laravel/telescope/src/Telescope.php(289): call_user_func()
#10 /tmp/abdoElHodaky/larvrevrstender/services/auth-service/vendor/laravel/telescope/src/Telescope.php(656): Laravel\\Telescope\\Telescope::withoutRecording()
#11 /tmp/abdoElHodaky/larvrevrstender/services/auth-service/vendor/laravel/telescope/src/ListensForStorageOpportunities.php(65): Laravel\\Telescope\\Telescope::store()
#12 /tmp/abdoElHodaky/larvrevrstender/services/auth-service/vendor/laravel/framework/src/Illuminate/Container/BoundMethod.php(36): Laravel\\Telescope\\Telescope::Laravel\\Telescope\\{closure}()
#13 /tmp/abdoElHodaky/larvrevrstender/services/auth-service/vendor/laravel/framework/src/Illuminate/Container/Util.php(43): Illuminate\\Container\\BoundMethod::Illuminate\\Container\\{closure}()
#14 /tmp/abdoElHodaky/larvrevrstender/services/auth-service/vendor/laravel/framework/src/Illuminate/Container/BoundMethod.php(84): Illuminate\\Container\\Util::unwrapIfClosure()
#15 /tmp/abdoElHodaky/larvrevrstender/services/auth-service/vendor/laravel/framework/src/Illuminate/Container/BoundMethod.php(35): Illuminate\\Container\\BoundMethod::callBoundMethod()
#16 /tmp/abdoElHodaky/larvrevrstender/services/auth-service/vendor/laravel/framework/src/Illuminate/Container/Container.php(799): Illuminate\\Container\\BoundMethod::call()
#17 /tmp/abdoElHodaky/larvrevrstender/services/auth-service/vendor/laravel/framework/src/Illuminate/Foundation/Application.php(1466): Illuminate\\Container\\Container->call()
#18 /tmp/abdoElHodaky/larvrevrstender/services/auth-service/vendor/laravel/framework/src/Illuminate/Foundation/Console/Kernel.php(219): Illuminate\\Foundation\\Application->terminate()
#19 /tmp/abdoElHodaky/larvrevrstender/services/auth-service/artisan(51): Illuminate\\Foundation\\Console\\Kernel->terminate()
#20 {main}

[previous exception] [object] (PDOException(code: 7): SQLSTATE[08006] [7] connection to server at \"127.0.0.1\", port 5432 failed: Connection refused
\tIs the server running on that host and accepting TCP/IP connections? at /tmp/abdoElHodaky/larvrevrstender/services/auth-service/vendor/laravel/framework/src/Illuminate/Database/Connectors/Connector.php:66)
[stacktrace]
#0 /tmp/abdoElHodaky/larvrevrstender/services/auth-service/vendor/laravel/framework/src/Illuminate/Database/Connectors/Connector.php(66): PDO->__construct()
#1 /tmp/abdoElHodaky/larvrevrstender/services/auth-service/vendor/laravel/framework/src/Illuminate/Database/Connectors/Connector.php(44): Illuminate\\Database\\Connectors\\Connector->createPdoConnection()
#2 /tmp/abdoElHodaky/larvrevrstender/services/auth-service/vendor/laravel/framework/src/Illuminate/Database/Connectors/PostgresConnector.php(35): Illuminate\\Database\\Connectors\\Connector->createConnection()
#3 /tmp/abdoElHodaky/larvrevrstender/services/auth-service/vendor/laravel/framework/src/Illuminate/Database/Connectors/ConnectionFactory.php(186): Illuminate\\Database\\Connectors\\PostgresConnector->connect()
#4 [internal function]: Illuminate\\Database\\Connectors\\ConnectionFactory->Illuminate\\Database\\Connectors\\{closure}()
#5 /tmp/abdoElHodaky/larvrevrstender/services/auth-service/vendor/laravel/framework/src/Illuminate/Database/Connection.php(1257): call_user_func()
#6 /tmp/abdoElHodaky/larvrevrstender/services/auth-service/vendor/laravel/framework/src/Illuminate/Database/Connection.php(578): Illuminate\\Database\\Connection->getPdo()
#7 /tmp/abdoElHodaky/larvrevrstender/services/auth-service/vendor/laravel/framework/src/Illuminate/Database/Connection.php(827): Illuminate\\Database\\Connection->Illuminate\\Database\\{closure}()
#8 /tmp/abdoElHodaky/larvrevrstender/services/auth-service/vendor/laravel/framework/src/Illuminate/Database/Connection.php(794): Illuminate\\Database\\Connection->runQueryCallback()
#9 /tmp/abdoElHodaky/larvrevrstender/services/auth-service/vendor/laravel/framework/src/Illuminate/Database/Connection.php(573): Illuminate\\Database\\Connection->run()
#10 /tmp/abdoElHodaky/larvrevrstender/services/auth-service/vendor/laravel/framework/src/Illuminate/Database/Connection.php(537): Illuminate\\Database\\Connection->statement()
#11 /tmp/abdoElHodaky/larvrevrstender/services/auth-service/vendor/laravel/framework/src/Illuminate/Database/Query/Builder.php(4091): Illuminate\\Database\\Connection->insert()
#12 /tmp/abdoElHodaky/larvrevrstender/services/auth-service/vendor/laravel/telescope/src/Storage/DatabaseEntriesRepository.php(145): Illuminate\\Database\\Query\\Builder->insert()
#13 /tmp/abdoElHodaky/larvrevrstender/services/auth-service/vendor/laravel/framework/src/Illuminate/Collections/Traits/EnumeratesValues.php(275): Laravel\\Telescope\\Storage\\DatabaseEntriesRepository->Laravel\\Telescope\\Storage\\{closure}()
#14 /tmp/abdoElHodaky/larvrevrstender/services/auth-service/vendor/laravel/telescope/src/Storage/DatabaseEntriesRepository.php(144): Illuminate\\Support\\Collection->each()
#15 /tmp/abdoElHodaky/larvrevrstender/services/auth-service/vendor/laravel/telescope/src/Telescope.php(664): Laravel\\Telescope\\Storage\\DatabaseEntriesRepository->store()
#16 [internal function]: Laravel\\Telescope\\Telescope::Laravel\\Telescope\\{closure}()
#17 /tmp/abdoElHodaky/larvrevrstender/services/auth-service/vendor/laravel/telescope/src/Telescope.php(289): call_user_func()
#18 /tmp/abdoElHodaky/larvrevrstender/services/auth-service/vendor/laravel/telescope/src/Telescope.php(656): Laravel\\Telescope\\Telescope::withoutRecording()
#19 /tmp/abdoElHodaky/larvrevrstender/services/auth-service/vendor/laravel/telescope/src/ListensForStorageOpportunities.php(65): Laravel\\Telescope\\Telescope::store()
#20 /tmp/abdoElHodaky/larvrevrstender/services/auth-service/vendor/laravel/framework/src/Illuminate/Container/BoundMethod.php(36): Laravel\\Telescope\\Telescope::Laravel\\Telescope\\{closure}()
#21 /tmp/abdoElHodaky/larvrevrstender/services/auth-service/vendor/laravel/framework/src/Illuminate/Container/Util.php(43): Illuminate\\Container\\BoundMethod::Illuminate\\Container\\{closure}()
#22 /tmp/abdoElHodaky/larvrevrstender/services/auth-service/vendor/laravel/framework/src/Illuminate/Container/BoundMethod.php(84): Illuminate\\Container\\Util::unwrapIfClosure()
#23 /tmp/abdoElHodaky/larvrevrstender/services/auth-service/vendor/laravel/framework/src/Illuminate/Container/BoundMethod.php(35): Illuminate\\Container\\BoundMethod::callBoundMethod()
#24 /tmp/abdoElHodaky/larvrevrstender/services/auth-service/vendor/laravel/framework/src/Illuminate/Container/Container.php(799): Illuminate\\Container\\BoundMethod::call()
#25 /tmp/abdoElHodaky/larvrevrstender/services/auth-service/vendor/laravel/framework/src/Illuminate/Foundation/Application.php(1466): Illuminate\\Container\\Container->call()
#26 /tmp/abdoElHodaky/larvrevrstender/services/auth-service/vendor/laravel/framework/src/Illuminate/Foundation/Console/Kernel.php(219): Illuminate\\Foundation\\Application->terminate()
#27 /tmp/abdoElHodaky/larvrevrstender/services/auth-service/artisan(51): Illuminate\\Foundation\\Console\\Kernel->terminate()
#28 {main}
"} 
[2026-03-08 20:08:06] local.INFO: Procedure registered {"name":"events","class":"Shared\\Procedures\\CrossServiceProcedure","type":"micro"} 
[2026-03-08 20:08:06] local.INFO: Procedure registered {"name":"cache","class":"Shared\\Procedures\\CrossServiceProcedure","type":"micro"} 
[2026-03-08 20:08:06] local.INFO: Procedure registered {"name":"notification","class":"Shared\\Procedures\\CrossServiceProcedure","type":"micro"} 
[2026-03-08 20:08:06] local.INFO: Procedure registered {"name":"validation","class":"Shared\\Procedures\\CrossServiceProcedure","type":"micro"} 
[2026-03-08 20:08:06] local.INFO: Procedure registered {"name":"security","class":"Shared\\Procedures\\CrossServiceProcedure","type":"micro"} 
[2026-03-08 20:08:06] local.INFO: Procedure registered {"name":"circuit_breaker","class":"Shared\\Procedures\\CrossServiceProcedure","type":"micro"} 
[2026-03-08 20:08:06] local.INFO: Procedure registered {"name":"queue_circuit_breaker","class":"Shared\\Procedures\\CrossServiceProcedure","type":"micro"} 
[2026-03-08 20:08:06] local.INFO: Procedure registered {"name":"third_party_integration","class":"Shared\\Procedures\\CrossServiceProcedure","type":"micro"} 
[2026-03-08 20:08:06] local.INFO: Procedure registered {"name":"workflow","class":"Shared\\Procedures\\CrossServiceProcedure","type":"macro"} 
[2026-03-08 20:08:06] local.ERROR: SQLSTATE[08006] [7] connection to server at "127.0.0.1", port 5432 failed: Connection refused
	Is the server running on that host and accepting TCP/IP connections? (Connection: pgsql, Host: 127.0.0.1, Port: 5432, Database: auth_service, SQL: insert into "telescope_entries" ("batch_id", "content", "created_at", "family_hash", "type", "uuid") values (a140a20b-381b-4c00-8259-0779f4186c13, {"level":"info","message":"Procedure registered","context":{"name":"events","class":"Shared\\Procedures\\CrossServiceProcedure","type":"micro"},"hostname":"modal"}, 2026-03-08 20:08:06, ?, log, a140a20b-1a34-4460-a397-b4b246dc2bb4), (a140a20b-381b-4c00-8259-0779f4186c13, {"level":"info","message":"Procedure registered","context":{"name":"cache","class":"Shared\\Procedures\\CrossServiceProcedure","type":"micro"},"hostname":"modal"}, 2026-03-08 20:08:06, ?, log, a140a20b-1bc1-4ba8-a252-58b65596b8bc), (a140a20b-381b-4c00-8259-0779f4186c13, {"level":"info","message":"Procedure registered","context":{"name":"notification","class":"Shared\\Procedures\\CrossServiceProcedure","type":"micro"},"hostname":"modal"}, 2026-03-08 20:08:06, ?, log, a140a20b-1bfb-4139-ae8b-8a62e3d1d4a7), (a140a20b-381b-4c00-8259-0779f4186c13, {"level":"info","message":"Procedure registered","context":{"name":"validation","class":"Shared\\Procedures\\CrossServiceProcedure","type":"micro"},"hostname":"modal"}, 2026-03-08 20:08:06, ?, log, a140a20b-1c33-4258-83fe-ae8c8d86555c), (a140a20b-381b-4c00-8259-0779f4186c13, {"level":"info","message":"Procedure registered","context":{"name":"security","class":"Shared\\Procedures\\CrossServiceProcedure","type":"micro"},"hostname":"modal"}, 2026-03-08 20:08:06, ?, log, a140a20b-1c69-4162-a50b-61d686b092e6), (a140a20b-381b-4c00-8259-0779f4186c13, {"level":"info","message":"Procedure registered","context":{"name":"circuit_breaker","class":"Shared\\Procedures\\CrossServiceProcedure","type":"micro"},"hostname":"modal"}, 2026-03-08 20:08:06, ?, log, a140a20b-1ca0-40a6-86de-f355a09d8f08), (a140a20b-381b-4c00-8259-0779f4186c13, {"level":"info","message":"Procedure registered","context":{"name":"queue_circuit_breaker","class":"Shared\\Procedures\\CrossServiceProcedure","type":"micro"},"hostname":"modal"}, 2026-03-08 20:08:06, ?, log, a140a20b-1cd5-43b4-b197-f19f61de1e97), (a140a20b-381b-4c00-8259-0779f4186c13, {"level":"info","message":"Procedure registered","context":{"name":"third_party_integration","class":"Shared\\Procedures\\CrossServiceProcedure","type":"micro"},"hostname":"modal"}, 2026-03-08 20:08:06, ?, log, a140a20b-1d0a-43d5-8d75-8059f8d1570b), (a140a20b-381b-4c00-8259-0779f4186c13, {"level":"info","message":"Procedure registered","context":{"name":"workflow","class":"Shared\\Procedures\\CrossServiceProcedure","type":"macro"},"hostname":"modal"}, 2026-03-08 20:08:06, ?, log, a140a20b-1d3f-4355-8183-855abf9f9a24), (a140a20b-381b-4c00-8259-0779f4186c13, {"command":"rpc:rotate-tokens","exit_code":1,"arguments":{"command":"rpc:rotate-tokens"},"options":{"dry-run":false,"force":false,"service":"invalid-service","expires-in":"8760","backup":false,"help":false,"silent":false,"quiet":false,"verbose":false,"version":false,"ansi":null,"no-interaction":false,"env":null},"hostname":"modal"}, 2026-03-08 20:08:06, ?, command, a140a20b-378d-4785-9b77-3277bedf5758)) {"exception":"[object] (Illuminate\\Database\\QueryException(code: 7): SQLSTATE[08006] [7] connection to server at \"127.0.0.1\", port 5432 failed: Connection refused
\tIs the server running on that host and accepting TCP/IP connections? (Connection: pgsql, Host: 127.0.0.1, Port: 5432, Database: auth_service, SQL: insert into \"telescope_entries\" (\"batch_id\", \"content\", \"created_at\", \"family_hash\", \"type\", \"uuid\") values (a140a20b-381b-4c00-8259-0779f4186c13, {\"level\":\"info\",\"message\":\"Procedure registered\",\"context\":{\"name\":\"events\",\"class\":\"Shared\\\\Procedures\\\\CrossServiceProcedure\",\"type\":\"micro\"},\"hostname\":\"modal\"}, 2026-03-08 20:08:06, ?, log, a140a20b-1a34-4460-a397-b4b246dc2bb4), (a140a20b-381b-4c00-8259-0779f4186c13, {\"level\":\"info\",\"message\":\"Procedure registered\",\"context\":{\"name\":\"cache\",\"class\":\"Shared\\\\Procedures\\\\CrossServiceProcedure\",\"type\":\"micro\"},\"hostname\":\"modal\"}, 2026-03-08 20:08:06, ?, log, a140a20b-1bc1-4ba8-a252-58b65596b8bc), (a140a20b-381b-4c00-8259-0779f4186c13, {\"level\":\"info\",\"message\":\"Procedure registered\",\"context\":{\"name\":\"notification\",\"class\":\"Shared\\\\Procedures\\\\CrossServiceProcedure\",\"type\":\"micro\"},\"hostname\":\"modal\"}, 2026-03-08 20:08:06, ?, log, a140a20b-1bfb-4139-ae8b-8a62e3d1d4a7), (a140a20b-381b-4c00-8259-0779f4186c13, {\"level\":\"info\",\"message\":\"Procedure registered\",\"context\":{\"name\":\"validation\",\"class\":\"Shared\\\\Procedures\\\\CrossServiceProcedure\",\"type\":\"micro\"},\"hostname\":\"modal\"}, 2026-03-08 20:08:06, ?, log, a140a20b-1c33-4258-83fe-ae8c8d86555c), (a140a20b-381b-4c00-8259-0779f4186c13, {\"level\":\"info\",\"message\":\"Procedure registered\",\"context\":{\"name\":\"security\",\"class\":\"Shared\\\\Procedures\\\\CrossServiceProcedure\",\"type\":\"micro\"},\"hostname\":\"modal\"}, 2026-03-08 20:08:06, ?, log, a140a20b-1c69-4162-a50b-61d686b092e6), (a140a20b-381b-4c00-8259-0779f4186c13, {\"level\":\"info\",\"message\":\"Procedure registered\",\"context\":{\"name\":\"circuit_breaker\",\"class\":\"Shared\\\\Procedures\\\\CrossServiceProcedure\",\"type\":\"micro\"},\"hostname\":\"modal\"}, 2026-03-08 20:08:06, ?, log, a140a20b-1ca0-40a6-86de-f355a09d8f08), (a140a20b-381b-4c00-8259-0779f4186c13, {\"level\":\"info\",\"message\":\"Procedure registered\",\"context\":{\"name\":\"queue_circuit_breaker\",\"class\":\"Shared\\\\Procedures\\\\CrossServiceProcedure\",\"type\":\"micro\"},\"hostname\":\"modal\"}, 2026-03-08 20:08:06, ?, log, a140a20b-1cd5-43b4-b197-f19f61de1e97), (a140a20b-381b-4c00-8259-0779f4186c13, {\"level\":\"info\",\"message\":\"Procedure registered\",\"context\":{\"name\":\"third_party_integration\",\"class\":\"Shared\\\\Procedures\\\\CrossServiceProcedure\",\"type\":\"micro\"},\"hostname\":\"modal\"}, 2026-03-08 20:08:06, ?, log, a140a20b-1d0a-43d5-8d75-8059f8d1570b), (a140a20b-381b-4c00-8259-0779f4186c13, {\"level\":\"info\",\"message\":\"Procedure registered\",\"context\":{\"name\":\"workflow\",\"class\":\"Shared\\\\Procedures\\\\CrossServiceProcedure\",\"type\":\"macro\"},\"hostname\":\"modal\"}, 2026-03-08 20:08:06, ?, log, a140a20b-1d3f-4355-8183-855abf9f9a24), (a140a20b-381b-4c00-8259-0779f4186c13, {\"command\":\"rpc:rotate-tokens\",\"exit_code\":1,\"arguments\":{\"command\":\"rpc:rotate-tokens\"},\"options\":{\"dry-run\":false,\"force\":false,\"service\":\"invalid-service\",\"expires-in\":\"8760\",\"backup\":false,\"help\":false,\"silent\":false,\"quiet\":false,\"verbose\":false,\"version\":false,\"ansi\":null,\"no-interaction\":false,\"env\":null},\"hostname\":\"modal\"}, 2026-03-08 20:08:06, ?, command, a140a20b-378d-4785-9b77-3277bedf5758)) at /tmp/abdoElHodaky/larvrevrstender/services/auth-service/vendor/laravel/framework/src/Illuminate/Database/Connection.php:838)
[stacktrace]
#0 /tmp/abdoElHodaky/larvrevrstender/services/auth-service/vendor/laravel/framework/src/Illuminate/Database/Connection.php(794): Illuminate\\Database\\Connection->runQueryCallback()
#1 /tmp/abdoElHodaky/larvrevrstender/services/auth-service/vendor/laravel/framework/src/Illuminate/Database/Connection.php(573): Illuminate\\Database\\Connection->run()
#2 /tmp/abdoElHodaky/larvrevrstender/services/auth-service/vendor/laravel/framework/src/Illuminate/Database/Connection.php(537): Illuminate\\Database\\Connection->statement()
#3 /tmp/abdoElHodaky/larvrevrstender/services/auth-service/vendor/laravel/framework/src/Illuminate/Database/Query/Builder.php(4091): Illuminate\\Database\\Connection->insert()
#4 /tmp/abdoElHodaky/larvrevrstender/services/auth-service/vendor/laravel/telescope/src/Storage/DatabaseEntriesRepository.php(145): Illuminate\\Database\\Query\\Builder->insert()
#5 /tmp/abdoElHodaky/larvrevrstender/services/auth-service/vendor/laravel/framework/src/Illuminate/Collections/Traits/EnumeratesValues.php(275): Laravel\\Telescope\\Storage\\DatabaseEntriesRepository->Laravel\\Telescope\\Storage\\{closure}()
#6 /tmp/abdoElHodaky/larvrevrstender/services/auth-service/vendor/laravel/telescope/src/Storage/DatabaseEntriesRepository.php(144): Illuminate\\Support\\Collection->each()
#7 /tmp/abdoElHodaky/larvrevrstender/services/auth-service/vendor/laravel/telescope/src/Telescope.php(664): Laravel\\Telescope\\Storage\\DatabaseEntriesRepository->store()
#8 [internal function]: Laravel\\Telescope\\Telescope::Laravel\\Telescope\\{closure}()
#9 /tmp/abdoElHodaky/larvrevrstender/services/auth-service/vendor/laravel/telescope/src/Telescope.php(289): call_user_func()
#10 /tmp/abdoElHodaky/larvrevrstender/services/auth-service/vendor/laravel/telescope/src/Telescope.php(656): Laravel\\Telescope\\Telescope::withoutRecording()
#11 /tmp/abdoElHodaky/larvrevrstender/services/auth-service/vendor/laravel/telescope/src/ListensForStorageOpportunities.php(65): Laravel\\Telescope\\Telescope::store()
#12 /tmp/abdoElHodaky/larvrevrstender/services/auth-service/vendor/laravel/framework/src/Illuminate/Container/BoundMethod.php(36): Laravel\\Telescope\\Telescope::Laravel\\Telescope\\{closure}()
#13 /tmp/abdoElHodaky/larvrevrstender/services/auth-service/vendor/laravel/framework/src/Illuminate/Container/Util.php(43): Illuminate\\Container\\BoundMethod::Illuminate\\Container\\{closure}()
#14 /tmp/abdoElHodaky/larvrevrstender/services/auth-service/vendor/laravel/framework/src/Illuminate/Container/BoundMethod.php(84): Illuminate\\Container\\Util::unwrapIfClosure()
#15 /tmp/abdoElHodaky/larvrevrstender/services/auth-service/vendor/laravel/framework/src/Illuminate/Container/BoundMethod.php(35): Illuminate\\Container\\BoundMethod::callBoundMethod()
#16 /tmp/abdoElHodaky/larvrevrstender/services/auth-service/vendor/laravel/framework/src/Illuminate/Container/Container.php(799): Illuminate\\Container\\BoundMethod::call()
#17 /tmp/abdoElHodaky/larvrevrstender/services/auth-service/vendor/laravel/framework/src/Illuminate/Foundation/Application.php(1466): Illuminate\\Container\\Container->call()
#18 /tmp/abdoElHodaky/larvrevrstender/services/auth-service/vendor/laravel/framework/src/Illuminate/Foundation/Console/Kernel.php(219): Illuminate\\Foundation\\Application->terminate()
#19 /tmp/abdoElHodaky/larvrevrstender/services/auth-service/artisan(51): Illuminate\\Foundation\\Console\\Kernel->terminate()
#20 {main}

[previous exception] [object] (PDOException(code: 7): SQLSTATE[08006] [7] connection to server at \"127.0.0.1\", port 5432 failed: Connection refused
\tIs the server running on that host and accepting TCP/IP connections? at /tmp/abdoElHodaky/larvrevrstender/services/auth-service/vendor/laravel/framework/src/Illuminate/Database/Connectors/Connector.php:66)
[stacktrace]
#0 /tmp/abdoElHodaky/larvrevrstender/services/auth-service/vendor/laravel/framework/src/Illuminate/Database/Connectors/Connector.php(66): PDO->__construct()
#1 /tmp/abdoElHodaky/larvrevrstender/services/auth-service/vendor/laravel/framework/src/Illuminate/Database/Connectors/Connector.php(44): Illuminate\\Database\\Connectors\\Connector->createPdoConnection()
#2 /tmp/abdoElHodaky/larvrevrstender/services/auth-service/vendor/laravel/framework/src/Illuminate/Database/Connectors/PostgresConnector.php(35): Illuminate\\Database\\Connectors\\Connector->createConnection()
#3 /tmp/abdoElHodaky/larvrevrstender/services/auth-service/vendor/laravel/framework/src/Illuminate/Database/Connectors/ConnectionFactory.php(186): Illuminate\\Database\\Connectors\\PostgresConnector->connect()
#4 [internal function]: Illuminate\\Database\\Connectors\\ConnectionFactory->Illuminate\\Database\\Connectors\\{closure}()
#5 /tmp/abdoElHodaky/larvrevrstender/services/auth-service/vendor/laravel/framework/src/Illuminate/Database/Connection.php(1257): call_user_func()
#6 /tmp/abdoElHodaky/larvrevrstender/services/auth-service/vendor/laravel/framework/src/Illuminate/Database/Connection.php(578): Illuminate\\Database\\Connection->getPdo()
#7 /tmp/abdoElHodaky/larvrevrstender/services/auth-service/vendor/laravel/framework/src/Illuminate/Database/Connection.php(827): Illuminate\\Database\\Connection->Illuminate\\Database\\{closure}()
#8 /tmp/abdoElHodaky/larvrevrstender/services/auth-service/vendor/laravel/framework/src/Illuminate/Database/Connection.php(794): Illuminate\\Database\\Connection->runQueryCallback()
#9 /tmp/abdoElHodaky/larvrevrstender/services/auth-service/vendor/laravel/framework/src/Illuminate/Database/Connection.php(573): Illuminate\\Database\\Connection->run()
#10 /tmp/abdoElHodaky/larvrevrstender/services/auth-service/vendor/laravel/framework/src/Illuminate/Database/Connection.php(537): Illuminate\\Database\\Connection->statement()
#11 /tmp/abdoElHodaky/larvrevrstender/services/auth-service/vendor/laravel/framework/src/Illuminate/Database/Query/Builder.php(4091): Illuminate\\Database\\Connection->insert()
#12 /tmp/abdoElHodaky/larvrevrstender/services/auth-service/vendor/laravel/telescope/src/Storage/DatabaseEntriesRepository.php(145): Illuminate\\Database\\Query\\Builder->insert()
#13 /tmp/abdoElHodaky/larvrevrstender/services/auth-service/vendor/laravel/framework/src/Illuminate/Collections/Traits/EnumeratesValues.php(275): Laravel\\Telescope\\Storage\\DatabaseEntriesRepository->Laravel\\Telescope\\Storage\\{closure}()
#14 /tmp/abdoElHodaky/larvrevrstender/services/auth-service/vendor/laravel/telescope/src/Storage/DatabaseEntriesRepository.php(144): Illuminate\\Support\\Collection->each()
#15 /tmp/abdoElHodaky/larvrevrstender/services/auth-service/vendor/laravel/telescope/src/Telescope.php(664): Laravel\\Telescope\\Storage\\DatabaseEntriesRepository->store()
#16 [internal function]: Laravel\\Telescope\\Telescope::Laravel\\Telescope\\{closure}()
#17 /tmp/abdoElHodaky/larvrevrstender/services/auth-service/vendor/laravel/telescope/src/Telescope.php(289): call_user_func()
#18 /tmp/abdoElHodaky/larvrevrstender/services/auth-service/vendor/laravel/telescope/src/Telescope.php(656): Laravel\\Telescope\\Telescope::withoutRecording()
#19 /tmp/abdoElHodaky/larvrevrstender/services/auth-service/vendor/laravel/telescope/src/ListensForStorageOpportunities.php(65): Laravel\\Telescope\\Telescope::store()
#20 /tmp/abdoElHodaky/larvrevrstender/services/auth-service/vendor/laravel/framework/src/Illuminate/Container/BoundMethod.php(36): Laravel\\Telescope\\Telescope::Laravel\\Telescope\\{closure}()
#21 /tmp/abdoElHodaky/larvrevrstender/services/auth-service/vendor/laravel/framework/src/Illuminate/Container/Util.php(43): Illuminate\\Container\\BoundMethod::Illuminate\\Container\\{closure}()
#22 /tmp/abdoElHodaky/larvrevrstender/services/auth-service/vendor/laravel/framework/src/Illuminate/Container/BoundMethod.php(84): Illuminate\\Container\\Util::unwrapIfClosure()
#23 /tmp/abdoElHodaky/larvrevrstender/services/auth-service/vendor/laravel/framework/src/Illuminate/Container/BoundMethod.php(35): Illuminate\\Container\\BoundMethod::callBoundMethod()
#24 /tmp/abdoElHodaky/larvrevrstender/services/auth-service/vendor/laravel/framework/src/Illuminate/Container/Container.php(799): Illuminate\\Container\\BoundMethod::call()
#25 /tmp/abdoElHodaky/larvrevrstender/services/auth-service/vendor/laravel/framework/src/Illuminate/Foundation/Application.php(1466): Illuminate\\Container\\Container->call()
#26 /tmp/abdoElHodaky/larvrevrstender/services/auth-service/vendor/laravel/framework/src/Illuminate/Foundation/Console/Kernel.php(219): Illuminate\\Foundation\\Application->terminate()
#27 /tmp/abdoElHodaky/larvrevrstender/services/auth-service/artisan(51): Illuminate\\Foundation\\Console\\Kernel->terminate()
#28 {main}
"} 
[2026-03-08 20:09:11] local.INFO: Procedure registered {"name":"events","class":"Shared\\Procedures\\CrossServiceProcedure","type":"micro"} 
[2026-03-08 20:09:11] local.INFO: Procedure registered {"name":"cache","class":"Shared\\Procedures\\CrossServiceProcedure","type":"micro"} 
[2026-03-08 20:09:11] local.INFO: Procedure registered {"name":"notification","class":"Shared\\Procedures\\CrossServiceProcedure","type":"micro"} 
[2026-03-08 20:09:11] local.INFO: Procedure registered {"name":"validation","class":"Shared\\Procedures\\CrossServiceProcedure","type":"micro"} 
[2026-03-08 20:09:11] local.INFO: Procedure registered {"name":"security","class":"Shared\\Procedures\\CrossServiceProcedure","type":"micro"} 
[2026-03-08 20:09:11] local.INFO: Procedure registered {"name":"circuit_breaker","class":"Shared\\Procedures\\CrossServiceProcedure","type":"micro"} 
[2026-03-08 20:09:11] local.INFO: Procedure registered {"name":"queue_circuit_breaker","class":"Shared\\Procedures\\CrossServiceProcedure","type":"micro"} 
[2026-03-08 20:09:11] local.INFO: Procedure registered {"name":"third_party_integration","class":"Shared\\Procedures\\CrossServiceProcedure","type":"micro"} 
[2026-03-08 20:09:11] local.INFO: Procedure registered {"name":"workflow","class":"Shared\\Procedures\\CrossServiceProcedure","type":"macro"} 
[2026-03-08 20:09:11] local.ERROR: SQLSTATE[08006] [7] connection to server at "127.0.0.1", port 5432 failed: Connection refused
	Is the server running on that host and accepting TCP/IP connections? (Connection: pgsql, Host: 127.0.0.1, Port: 5432, Database: auth_service, SQL: insert into "telescope_entries" ("batch_id", "content", "created_at", "family_hash", "type", "uuid") values (a140a26f-751d-4eb1-8cc0-043ef1125072, {"level":"info","message":"Procedure registered","context":{"name":"events","class":"Shared\\Procedures\\CrossServiceProcedure","type":"micro"},"hostname":"modal"}, 2026-03-08 20:09:11, ?, log, a140a26f-51b8-44bc-a666-0b2e4bbe6415), (a140a26f-751d-4eb1-8cc0-043ef1125072, {"level":"info","message":"Procedure registered","context":{"name":"cache","class":"Shared\\Procedures\\CrossServiceProcedure","type":"micro"},"hostname":"modal"}, 2026-03-08 20:09:11, ?, log, a140a26f-533c-492c-95ca-c3053582deee), (a140a26f-751d-4eb1-8cc0-043ef1125072, {"level":"info","message":"Procedure registered","context":{"name":"notification","class":"Shared\\Procedures\\CrossServiceProcedure","type":"micro"},"hostname":"modal"}, 2026-03-08 20:09:11, ?, log, a140a26f-5375-4964-b9d4-9f357e8e2950), (a140a26f-751d-4eb1-8cc0-043ef1125072, {"level":"info","message":"Procedure registered","context":{"name":"validation","class":"Shared\\Procedures\\CrossServiceProcedure","type":"micro"},"hostname":"modal"}, 2026-03-08 20:09:11, ?, log, a140a26f-53ae-498b-acc6-61d45e47b702), (a140a26f-751d-4eb1-8cc0-043ef1125072, {"level":"info","message":"Procedure registered","context":{"name":"security","class":"Shared\\Procedures\\CrossServiceProcedure","type":"micro"},"hostname":"modal"}, 2026-03-08 20:09:11, ?, log, a140a26f-53e4-4cec-8e25-c70f15d90f26), (a140a26f-751d-4eb1-8cc0-043ef1125072, {"level":"info","message":"Procedure registered","context":{"name":"circuit_breaker","class":"Shared\\Procedures\\CrossServiceProcedure","type":"micro"},"hostname":"modal"}, 2026-03-08 20:09:11, ?, log, a140a26f-541b-439c-a0de-ea7733b6c6aa), (a140a26f-751d-4eb1-8cc0-043ef1125072, {"level":"info","message":"Procedure registered","context":{"name":"queue_circuit_breaker","class":"Shared\\Procedures\\CrossServiceProcedure","type":"micro"},"hostname":"modal"}, 2026-03-08 20:09:11, ?, log, a140a26f-544f-4325-ab9b-23be01286caa), (a140a26f-751d-4eb1-8cc0-043ef1125072, {"level":"info","message":"Procedure registered","context":{"name":"third_party_integration","class":"Shared\\Procedures\\CrossServiceProcedure","type":"micro"},"hostname":"modal"}, 2026-03-08 20:09:11, ?, log, a140a26f-5484-44db-85cb-f7c0b2c650a3), (a140a26f-751d-4eb1-8cc0-043ef1125072, {"level":"info","message":"Procedure registered","context":{"name":"workflow","class":"Shared\\Procedures\\CrossServiceProcedure","type":"macro"},"hostname":"modal"}, 2026-03-08 20:09:11, ?, log, a140a26f-54b8-430e-b168-cc3e66a7cc12), (a140a26f-751d-4eb1-8cc0-043ef1125072, {"command":"rpc:test-authentication","exit_code":1,"arguments":{"command":"rpc:test-authentication"},"options":{"service":"auction-service","timeout":"3","help":false,"silent":false,"quiet":false,"verbose":false,"version":false,"ansi":null,"no-interaction":false,"env":null},"hostname":"modal"}, 2026-03-08 20:09:11, ?, command, a140a26f-7493-4496-b487-96abf9327cee)) {"exception":"[object] (Illuminate\\Database\\QueryException(code: 7): SQLSTATE[08006] [7] connection to server at \"127.0.0.1\", port 5432 failed: Connection refused
\tIs the server running on that host and accepting TCP/IP connections? (Connection: pgsql, Host: 127.0.0.1, Port: 5432, Database: auth_service, SQL: insert into \"telescope_entries\" (\"batch_id\", \"content\", \"created_at\", \"family_hash\", \"type\", \"uuid\") values (a140a26f-751d-4eb1-8cc0-043ef1125072, {\"level\":\"info\",\"message\":\"Procedure registered\",\"context\":{\"name\":\"events\",\"class\":\"Shared\\\\Procedures\\\\CrossServiceProcedure\",\"type\":\"micro\"},\"hostname\":\"modal\"}, 2026-03-08 20:09:11, ?, log, a140a26f-51b8-44bc-a666-0b2e4bbe6415), (a140a26f-751d-4eb1-8cc0-043ef1125072, {\"level\":\"info\",\"message\":\"Procedure registered\",\"context\":{\"name\":\"cache\",\"class\":\"Shared\\\\Procedures\\\\CrossServiceProcedure\",\"type\":\"micro\"},\"hostname\":\"modal\"}, 2026-03-08 20:09:11, ?, log, a140a26f-533c-492c-95ca-c3053582deee), (a140a26f-751d-4eb1-8cc0-043ef1125072, {\"level\":\"info\",\"message\":\"Procedure registered\",\"context\":{\"name\":\"notification\",\"class\":\"Shared\\\\Procedures\\\\CrossServiceProcedure\",\"type\":\"micro\"},\"hostname\":\"modal\"}, 2026-03-08 20:09:11, ?, log, a140a26f-5375-4964-b9d4-9f357e8e2950), (a140a26f-751d-4eb1-8cc0-043ef1125072, {\"level\":\"info\",\"message\":\"Procedure registered\",\"context\":{\"name\":\"validation\",\"class\":\"Shared\\\\Procedures\\\\CrossServiceProcedure\",\"type\":\"micro\"},\"hostname\":\"modal\"}, 2026-03-08 20:09:11, ?, log, a140a26f-53ae-498b-acc6-61d45e47b702), (a140a26f-751d-4eb1-8cc0-043ef1125072, {\"level\":\"info\",\"message\":\"Procedure registered\",\"context\":{\"name\":\"security\",\"class\":\"Shared\\\\Procedures\\\\CrossServiceProcedure\",\"type\":\"micro\"},\"hostname\":\"modal\"}, 2026-03-08 20:09:11, ?, log, a140a26f-53e4-4cec-8e25-c70f15d90f26), (a140a26f-751d-4eb1-8cc0-043ef1125072, {\"level\":\"info\",\"message\":\"Procedure registered\",\"context\":{\"name\":\"circuit_breaker\",\"class\":\"Shared\\\\Procedures\\\\CrossServiceProcedure\",\"type\":\"micro\"},\"hostname\":\"modal\"}, 2026-03-08 20:09:11, ?, log, a140a26f-541b-439c-a0de-ea7733b6c6aa), (a140a26f-751d-4eb1-8cc0-043ef1125072, {\"level\":\"info\",\"message\":\"Procedure registered\",\"context\":{\"name\":\"queue_circuit_breaker\",\"class\":\"Shared\\\\Procedures\\\\CrossServiceProcedure\",\"type\":\"micro\"},\"hostname\":\"modal\"}, 2026-03-08 20:09:11, ?, log, a140a26f-544f-4325-ab9b-23be01286caa), (a140a26f-751d-4eb1-8cc0-043ef1125072, {\"level\":\"info\",\"message\":\"Procedure registered\",\"context\":{\"name\":\"third_party_integration\",\"class\":\"Shared\\\\Procedures\\\\CrossServiceProcedure\",\"type\":\"micro\"},\"hostname\":\"modal\"}, 2026-03-08 20:09:11, ?, log, a140a26f-5484-44db-85cb-f7c0b2c650a3), (a140a26f-751d-4eb1-8cc0-043ef1125072, {\"level\":\"info\",\"message\":\"Procedure registered\",\"context\":{\"name\":\"workflow\",\"class\":\"Shared\\\\Procedures\\\\CrossServiceProcedure\",\"type\":\"macro\"},\"hostname\":\"modal\"}, 2026-03-08 20:09:11, ?, log, a140a26f-54b8-430e-b168-cc3e66a7cc12), (a140a26f-751d-4eb1-8cc0-043ef1125072, {\"command\":\"rpc:test-authentication\",\"exit_code\":1,\"arguments\":{\"command\":\"rpc:test-authentication\"},\"options\":{\"service\":\"auction-service\",\"timeout\":\"3\",\"help\":false,\"silent\":false,\"quiet\":false,\"verbose\":false,\"version\":false,\"ansi\":null,\"no-interaction\":false,\"env\":null},\"hostname\":\"modal\"}, 2026-03-08 20:09:11, ?, command, a140a26f-7493-4496-b487-96abf9327cee)) at /tmp/abdoElHodaky/larvrevrstender/services/auth-service/vendor/laravel/framework/src/Illuminate/Database/Connection.php:838)
[stacktrace]
#0 /tmp/abdoElHodaky/larvrevrstender/services/auth-service/vendor/laravel/framework/src/Illuminate/Database/Connection.php(794): Illuminate\\Database\\Connection->runQueryCallback()
#1 /tmp/abdoElHodaky/larvrevrstender/services/auth-service/vendor/laravel/framework/src/Illuminate/Database/Connection.php(573): Illuminate\\Database\\Connection->run()
#2 /tmp/abdoElHodaky/larvrevrstender/services/auth-service/vendor/laravel/framework/src/Illuminate/Database/Connection.php(537): Illuminate\\Database\\Connection->statement()
#3 /tmp/abdoElHodaky/larvrevrstender/services/auth-service/vendor/laravel/framework/src/Illuminate/Database/Query/Builder.php(4091): Illuminate\\Database\\Connection->insert()
#4 /tmp/abdoElHodaky/larvrevrstender/services/auth-service/vendor/laravel/telescope/src/Storage/DatabaseEntriesRepository.php(145): Illuminate\\Database\\Query\\Builder->insert()
#5 /tmp/abdoElHodaky/larvrevrstender/services/auth-service/vendor/laravel/framework/src/Illuminate/Collections/Traits/EnumeratesValues.php(275): Laravel\\Telescope\\Storage\\DatabaseEntriesRepository->Laravel\\Telescope\\Storage\\{closure}()
#6 /tmp/abdoElHodaky/larvrevrstender/services/auth-service/vendor/laravel/telescope/src/Storage/DatabaseEntriesRepository.php(144): Illuminate\\Support\\Collection->each()
#7 /tmp/abdoElHodaky/larvrevrstender/services/auth-service/vendor/laravel/telescope/src/Telescope.php(664): Laravel\\Telescope\\Storage\\DatabaseEntriesRepository->store()
#8 [internal function]: Laravel\\Telescope\\Telescope::Laravel\\Telescope\\{closure}()
#9 /tmp/abdoElHodaky/larvrevrstender/services/auth-service/vendor/laravel/telescope/src/Telescope.php(289): call_user_func()
#10 /tmp/abdoElHodaky/larvrevrstender/services/auth-service/vendor/laravel/telescope/src/Telescope.php(656): Laravel\\Telescope\\Telescope::withoutRecording()
#11 /tmp/abdoElHodaky/larvrevrstender/services/auth-service/vendor/laravel/telescope/src/ListensForStorageOpportunities.php(65): Laravel\\Telescope\\Telescope::store()
#12 /tmp/abdoElHodaky/larvrevrstender/services/auth-service/vendor/laravel/framework/src/Illuminate/Container/BoundMethod.php(36): Laravel\\Telescope\\Telescope::Laravel\\Telescope\\{closure}()
#13 /tmp/abdoElHodaky/larvrevrstender/services/auth-service/vendor/laravel/framework/src/Illuminate/Container/Util.php(43): Illuminate\\Container\\BoundMethod::Illuminate\\Container\\{closure}()
#14 /tmp/abdoElHodaky/larvrevrstender/services/auth-service/vendor/laravel/framework/src/Illuminate/Container/BoundMethod.php(84): Illuminate\\Container\\Util::unwrapIfClosure()
#15 /tmp/abdoElHodaky/larvrevrstender/services/auth-service/vendor/laravel/framework/src/Illuminate/Container/BoundMethod.php(35): Illuminate\\Container\\BoundMethod::callBoundMethod()
#16 /tmp/abdoElHodaky/larvrevrstender/services/auth-service/vendor/laravel/framework/src/Illuminate/Container/Container.php(799): Illuminate\\Container\\BoundMethod::call()
#17 /tmp/abdoElHodaky/larvrevrstender/services/auth-service/vendor/laravel/framework/src/Illuminate/Foundation/Application.php(1466): Illuminate\\Container\\Container->call()
#18 /tmp/abdoElHodaky/larvrevrstender/services/auth-service/vendor/laravel/framework/src/Illuminate/Foundation/Console/Kernel.php(219): Illuminate\\Foundation\\Application->terminate()
#19 /tmp/abdoElHodaky/larvrevrstender/services/auth-service/artisan(51): Illuminate\\Foundation\\Console\\Kernel->terminate()
#20 {main}

[previous exception] [object] (PDOException(code: 7): SQLSTATE[08006] [7] connection to server at \"127.0.0.1\", port 5432 failed: Connection refused
\tIs the server running on that host and accepting TCP/IP connections? at /tmp/abdoElHodaky/larvrevrstender/services/auth-service/vendor/laravel/framework/src/Illuminate/Database/Connectors/Connector.php:66)
[stacktrace]
#0 /tmp/abdoElHodaky/larvrevrstender/services/auth-service/vendor/laravel/framework/src/Illuminate/Database/Connectors/Connector.php(66): PDO->__construct()
#1 /tmp/abdoElHodaky/larvrevrstender/services/auth-service/vendor/laravel/framework/src/Illuminate/Database/Connectors/Connector.php(44): Illuminate\\Database\\Connectors\\Connector->createPdoConnection()
#2 /tmp/abdoElHodaky/larvrevrstender/services/auth-service/vendor/laravel/framework/src/Illuminate/Database/Connectors/PostgresConnector.php(35): Illuminate\\Database\\Connectors\\Connector->createConnection()
#3 /tmp/abdoElHodaky/larvrevrstender/services/auth-service/vendor/laravel/framework/src/Illuminate/Database/Connectors/ConnectionFactory.php(186): Illuminate\\Database\\Connectors\\PostgresConnector->connect()
#4 [internal function]: Illuminate\\Database\\Connectors\\ConnectionFactory->Illuminate\\Database\\Connectors\\{closure}()
#5 /tmp/abdoElHodaky/larvrevrstender/services/auth-service/vendor/laravel/framework/src/Illuminate/Database/Connection.php(1257): call_user_func()
#6 /tmp/abdoElHodaky/larvrevrstender/services/auth-service/vendor/laravel/framework/src/Illuminate/Database/Connection.php(578): Illuminate\\Database\\Connection->getPdo()
#7 /tmp/abdoElHodaky/larvrevrstender/services/auth-service/vendor/laravel/framework/src/Illuminate/Database/Connection.php(827): Illuminate\\Database\\Connection->Illuminate\\Database\\{closure}()
#8 /tmp/abdoElHodaky/larvrevrstender/services/auth-service/vendor/laravel/framework/src/Illuminate/Database/Connection.php(794): Illuminate\\Database\\Connection->runQueryCallback()
#9 /tmp/abdoElHodaky/larvrevrstender/services/auth-service/vendor/laravel/framework/src/Illuminate/Database/Connection.php(573): Illuminate\\Database\\Connection->run()
#10 /tmp/abdoElHodaky/larvrevrstender/services/auth-service/vendor/laravel/framework/src/Illuminate/Database/Connection.php(537): Illuminate\\Database\\Connection->statement()
#11 /tmp/abdoElHodaky/larvrevrstender/services/auth-service/vendor/laravel/framework/src/Illuminate/Database/Query/Builder.php(4091): Illuminate\\Database\\Connection->insert()
#12 /tmp/abdoElHodaky/larvrevrstender/services/auth-service/vendor/laravel/telescope/src/Storage/DatabaseEntriesRepository.php(145): Illuminate\\Database\\Query\\Builder->insert()
#13 /tmp/abdoElHodaky/larvrevrstender/services/auth-service/vendor/laravel/framework/src/Illuminate/Collections/Traits/EnumeratesValues.php(275): Laravel\\Telescope\\Storage\\DatabaseEntriesRepository->Laravel\\Telescope\\Storage\\{closure}()
#14 /tmp/abdoElHodaky/larvrevrstender/services/auth-service/vendor/laravel/telescope/src/Storage/DatabaseEntriesRepository.php(144): Illuminate\\Support\\Collection->each()
#15 /tmp/abdoElHodaky/larvrevrstender/services/auth-service/vendor/laravel/telescope/src/Telescope.php(664): Laravel\\Telescope\\Storage\\DatabaseEntriesRepository->store()
#16 [internal function]: Laravel\\Telescope\\Telescope::Laravel\\Telescope\\{closure}()
#17 /tmp/abdoElHodaky/larvrevrstender/services/auth-service/vendor/laravel/telescope/src/Telescope.php(289): call_user_func()
#18 /tmp/abdoElHodaky/larvrevrstender/services/auth-service/vendor/laravel/telescope/src/Telescope.php(656): Laravel\\Telescope\\Telescope::withoutRecording()
#19 /tmp/abdoElHodaky/larvrevrstender/services/auth-service/vendor/laravel/telescope/src/ListensForStorageOpportunities.php(65): Laravel\\Telescope\\Telescope::store()
#20 /tmp/abdoElHodaky/larvrevrstender/services/auth-service/vendor/laravel/framework/src/Illuminate/Container/BoundMethod.php(36): Laravel\\Telescope\\Telescope::Laravel\\Telescope\\{closure}()
#21 /tmp/abdoElHodaky/larvrevrstender/services/auth-service/vendor/laravel/framework/src/Illuminate/Container/Util.php(43): Illuminate\\Container\\BoundMethod::Illuminate\\Container\\{closure}()
#22 /tmp/abdoElHodaky/larvrevrstender/services/auth-service/vendor/laravel/framework/src/Illuminate/Container/BoundMethod.php(84): Illuminate\\Container\\Util::unwrapIfClosure()
#23 /tmp/abdoElHodaky/larvrevrstender/services/auth-service/vendor/laravel/framework/src/Illuminate/Container/BoundMethod.php(35): Illuminate\\Container\\BoundMethod::callBoundMethod()
#24 /tmp/abdoElHodaky/larvrevrstender/services/auth-service/vendor/laravel/framework/src/Illuminate/Container/Container.php(799): Illuminate\\Container\\BoundMethod::call()
#25 /tmp/abdoElHodaky/larvrevrstender/services/auth-service/vendor/laravel/framework/src/Illuminate/Foundation/Application.php(1466): Illuminate\\Container\\Container->call()
#26 /tmp/abdoElHodaky/larvrevrstender/services/auth-service/vendor/laravel/framework/src/Illuminate/Foundation/Console/Kernel.php(219): Illuminate\\Foundation\\Application->terminate()
#27 /tmp/abdoElHodaky/larvrevrstender/services/auth-service/artisan(51): Illuminate\\Foundation\\Console\\Kernel->terminate()
#28 {main}
"} 
[2026-03-08 20:09:16] local.INFO: Procedure registered {"name":"events","class":"Shared\\Procedures\\CrossServiceProcedure","type":"micro"} 
[2026-03-08 20:09:16] local.INFO: Procedure registered {"name":"cache","class":"Shared\\Procedures\\CrossServiceProcedure","type":"micro"} 
[2026-03-08 20:09:16] local.INFO: Procedure registered {"name":"notification","class":"Shared\\Procedures\\CrossServiceProcedure","type":"micro"} 
[2026-03-08 20:09:16] local.INFO: Procedure registered {"name":"validation","class":"Shared\\Procedures\\CrossServiceProcedure","type":"micro"} 
[2026-03-08 20:09:16] local.INFO: Procedure registered {"name":"security","class":"Shared\\Procedures\\CrossServiceProcedure","type":"micro"} 
[2026-03-08 20:09:16] local.INFO: Procedure registered {"name":"circuit_breaker","class":"Shared\\Procedures\\CrossServiceProcedure","type":"micro"} 
[2026-03-08 20:09:16] local.INFO: Procedure registered {"name":"queue_circuit_breaker","class":"Shared\\Procedures\\CrossServiceProcedure","type":"micro"} 
[2026-03-08 20:09:16] local.INFO: Procedure registered {"name":"third_party_integration","class":"Shared\\Procedures\\CrossServiceProcedure","type":"micro"} 
[2026-03-08 20:09:16] local.INFO: Procedure registered {"name":"workflow","class":"Shared\\Procedures\\CrossServiceProcedure","type":"macro"} 
[2026-03-08 20:09:17] local.ERROR: SQLSTATE[08006] [7] connection to server at "127.0.0.1", port 5432 failed: Connection refused
	Is the server running on that host and accepting TCP/IP connections? (Connection: pgsql, Host: 127.0.0.1, Port: 5432, Database: auth_service, SQL: insert into "telescope_entries" ("batch_id", "content", "created_at", "family_hash", "type", "uuid") values (a140a277-5cf5-4cf2-bfd4-a47b08f975ce, {"level":"info","message":"Procedure registered","context":{"name":"events","class":"Shared\\Procedures\\CrossServiceProcedure","type":"micro"},"hostname":"modal"}, 2026-03-08 20:09:16, ?, log, a140a277-2e13-4ab4-ad22-047cc8192c19), (a140a277-5cf5-4cf2-bfd4-a47b08f975ce, {"level":"info","message":"Procedure registered","context":{"name":"cache","class":"Shared\\Procedures\\CrossServiceProcedure","type":"micro"},"hostname":"modal"}, 2026-03-08 20:09:16, ?, log, a140a277-2f97-4199-8ff9-06d762e12947), (a140a277-5cf5-4cf2-bfd4-a47b08f975ce, {"level":"info","message":"Procedure registered","context":{"name":"notification","class":"Shared\\Procedures\\CrossServiceProcedure","type":"micro"},"hostname":"modal"}, 2026-03-08 20:09:16, ?, log, a140a277-2fd2-4b64-b5fd-6e12333cff6f), (a140a277-5cf5-4cf2-bfd4-a47b08f975ce, {"level":"info","message":"Procedure registered","context":{"name":"validation","class":"Shared\\Procedures\\CrossServiceProcedure","type":"micro"},"hostname":"modal"}, 2026-03-08 20:09:16, ?, log, a140a277-3009-4d5d-bd14-25b43591d2f3), (a140a277-5cf5-4cf2-bfd4-a47b08f975ce, {"level":"info","message":"Procedure registered","context":{"name":"security","class":"Shared\\Procedures\\CrossServiceProcedure","type":"micro"},"hostname":"modal"}, 2026-03-08 20:09:16, ?, log, a140a277-3040-44cb-909f-56d45cdcdc5a), (a140a277-5cf5-4cf2-bfd4-a47b08f975ce, {"level":"info","message":"Procedure registered","context":{"name":"circuit_breaker","class":"Shared\\Procedures\\CrossServiceProcedure","type":"micro"},"hostname":"modal"}, 2026-03-08 20:09:16, ?, log, a140a277-3075-4c67-9e6d-605f16d1445a), (a140a277-5cf5-4cf2-bfd4-a47b08f975ce, {"level":"info","message":"Procedure registered","context":{"name":"queue_circuit_breaker","class":"Shared\\Procedures\\CrossServiceProcedure","type":"micro"},"hostname":"modal"}, 2026-03-08 20:09:16, ?, log, a140a277-30ad-4de4-82b6-03a38c7958ce), (a140a277-5cf5-4cf2-bfd4-a47b08f975ce, {"level":"info","message":"Procedure registered","context":{"name":"third_party_integration","class":"Shared\\Procedures\\CrossServiceProcedure","type":"micro"},"hostname":"modal"}, 2026-03-08 20:09:16, ?, log, a140a277-30e2-4aec-9da0-26768357ee29), (a140a277-5cf5-4cf2-bfd4-a47b08f975ce, {"level":"info","message":"Procedure registered","context":{"name":"workflow","class":"Shared\\Procedures\\CrossServiceProcedure","type":"macro"},"hostname":"modal"}, 2026-03-08 20:09:16, ?, log, a140a277-3118-407e-a15f-beb8f31c9fc8), (a140a277-5cf5-4cf2-bfd4-a47b08f975ce, {"command":"rpc:generate-tokens","exit_code":0,"arguments":{"command":"rpc:generate-tokens"},"options":{"regenerate":true,"service":"user-service","expires-in":"720","help":false,"silent":false,"quiet":false,"verbose":false,"version":false,"ansi":null,"no-interaction":false,"env":null},"hostname":"modal"}, 2026-03-08 20:09:17, ?, command, a140a277-5c56-4648-a740-eadf7ebb4c3c)) {"exception":"[object] (Illuminate\\Database\\QueryException(code: 7): SQLSTATE[08006] [7] connection to server at \"127.0.0.1\", port 5432 failed: Connection refused
\tIs the server running on that host and accepting TCP/IP connections? (Connection: pgsql, Host: 127.0.0.1, Port: 5432, Database: auth_service, SQL: insert into \"telescope_entries\" (\"batch_id\", \"content\", \"created_at\", \"family_hash\", \"type\", \"uuid\") values (a140a277-5cf5-4cf2-bfd4-a47b08f975ce, {\"level\":\"info\",\"message\":\"Procedure registered\",\"context\":{\"name\":\"events\",\"class\":\"Shared\\\\Procedures\\\\CrossServiceProcedure\",\"type\":\"micro\"},\"hostname\":\"modal\"}, 2026-03-08 20:09:16, ?, log, a140a277-2e13-4ab4-ad22-047cc8192c19), (a140a277-5cf5-4cf2-bfd4-a47b08f975ce, {\"level\":\"info\",\"message\":\"Procedure registered\",\"context\":{\"name\":\"cache\",\"class\":\"Shared\\\\Procedures\\\\CrossServiceProcedure\",\"type\":\"micro\"},\"hostname\":\"modal\"}, 2026-03-08 20:09:16, ?, log, a140a277-2f97-4199-8ff9-06d762e12947), (a140a277-5cf5-4cf2-bfd4-a47b08f975ce, {\"level\":\"info\",\"message\":\"Procedure registered\",\"context\":{\"name\":\"notification\",\"class\":\"Shared\\\\Procedures\\\\CrossServiceProcedure\",\"type\":\"micro\"},\"hostname\":\"modal\"}, 2026-03-08 20:09:16, ?, log, a140a277-2fd2-4b64-b5fd-6e12333cff6f), (a140a277-5cf5-4cf2-bfd4-a47b08f975ce, {\"level\":\"info\",\"message\":\"Procedure registered\",\"context\":{\"name\":\"validation\",\"class\":\"Shared\\\\Procedures\\\\CrossServiceProcedure\",\"type\":\"micro\"},\"hostname\":\"modal\"}, 2026-03-08 20:09:16, ?, log, a140a277-3009-4d5d-bd14-25b43591d2f3), (a140a277-5cf5-4cf2-bfd4-a47b08f975ce, {\"level\":\"info\",\"message\":\"Procedure registered\",\"context\":{\"name\":\"security\",\"class\":\"Shared\\\\Procedures\\\\CrossServiceProcedure\",\"type\":\"micro\"},\"hostname\":\"modal\"}, 2026-03-08 20:09:16, ?, log, a140a277-3040-44cb-909f-56d45cdcdc5a), (a140a277-5cf5-4cf2-bfd4-a47b08f975ce, {\"level\":\"info\",\"message\":\"Procedure registered\",\"context\":{\"name\":\"circuit_breaker\",\"class\":\"Shared\\\\Procedures\\\\CrossServiceProcedure\",\"type\":\"micro\"},\"hostname\":\"modal\"}, 2026-03-08 20:09:16, ?, log, a140a277-3075-4c67-9e6d-605f16d1445a), (a140a277-5cf5-4cf2-bfd4-a47b08f975ce, {\"level\":\"info\",\"message\":\"Procedure registered\",\"context\":{\"name\":\"queue_circuit_breaker\",\"class\":\"Shared\\\\Procedures\\\\CrossServiceProcedure\",\"type\":\"micro\"},\"hostname\":\"modal\"}, 2026-03-08 20:09:16, ?, log, a140a277-30ad-4de4-82b6-03a38c7958ce), (a140a277-5cf5-4cf2-bfd4-a47b08f975ce, {\"level\":\"info\",\"message\":\"Procedure registered\",\"context\":{\"name\":\"third_party_integration\",\"class\":\"Shared\\\\Procedures\\\\CrossServiceProcedure\",\"type\":\"micro\"},\"hostname\":\"modal\"}, 2026-03-08 20:09:16, ?, log, a140a277-30e2-4aec-9da0-26768357ee29), (a140a277-5cf5-4cf2-bfd4-a47b08f975ce, {\"level\":\"info\",\"message\":\"Procedure registered\",\"context\":{\"name\":\"workflow\",\"class\":\"Shared\\\\Procedures\\\\CrossServiceProcedure\",\"type\":\"macro\"},\"hostname\":\"modal\"}, 2026-03-08 20:09:16, ?, log, a140a277-3118-407e-a15f-beb8f31c9fc8), (a140a277-5cf5-4cf2-bfd4-a47b08f975ce, {\"command\":\"rpc:generate-tokens\",\"exit_code\":0,\"arguments\":{\"command\":\"rpc:generate-tokens\"},\"options\":{\"regenerate\":true,\"service\":\"user-service\",\"expires-in\":\"720\",\"help\":false,\"silent\":false,\"quiet\":false,\"verbose\":false,\"version\":false,\"ansi\":null,\"no-interaction\":false,\"env\":null},\"hostname\":\"modal\"}, 2026-03-08 20:09:17, ?, command, a140a277-5c56-4648-a740-eadf7ebb4c3c)) at /tmp/abdoElHodaky/larvrevrstender/services/auth-service/vendor/laravel/framework/src/Illuminate/Database/Connection.php:838)
[stacktrace]
#0 /tmp/abdoElHodaky/larvrevrstender/services/auth-service/vendor/laravel/framework/src/Illuminate/Database/Connection.php(794): Illuminate\\Database\\Connection->runQueryCallback()
#1 /tmp/abdoElHodaky/larvrevrstender/services/auth-service/vendor/laravel/framework/src/Illuminate/Database/Connection.php(573): Illuminate\\Database\\Connection->run()
#2 /tmp/abdoElHodaky/larvrevrstender/services/auth-service/vendor/laravel/framework/src/Illuminate/Database/Connection.php(537): Illuminate\\Database\\Connection->statement()
#3 /tmp/abdoElHodaky/larvrevrstender/services/auth-service/vendor/laravel/framework/src/Illuminate/Database/Query/Builder.php(4091): Illuminate\\Database\\Connection->insert()
#4 /tmp/abdoElHodaky/larvrevrstender/services/auth-service/vendor/laravel/telescope/src/Storage/DatabaseEntriesRepository.php(145): Illuminate\\Database\\Query\\Builder->insert()
#5 /tmp/abdoElHodaky/larvrevrstender/services/auth-service/vendor/laravel/framework/src/Illuminate/Collections/Traits/EnumeratesValues.php(275): Laravel\\Telescope\\Storage\\DatabaseEntriesRepository->Laravel\\Telescope\\Storage\\{closure}()
#6 /tmp/abdoElHodaky/larvrevrstender/services/auth-service/vendor/laravel/telescope/src/Storage/DatabaseEntriesRepository.php(144): Illuminate\\Support\\Collection->each()
#7 /tmp/abdoElHodaky/larvrevrstender/services/auth-service/vendor/laravel/telescope/src/Telescope.php(664): Laravel\\Telescope\\Storage\\DatabaseEntriesRepository->store()
#8 [internal function]: Laravel\\Telescope\\Telescope::Laravel\\Telescope\\{closure}()
#9 /tmp/abdoElHodaky/larvrevrstender/services/auth-service/vendor/laravel/telescope/src/Telescope.php(289): call_user_func()
#10 /tmp/abdoElHodaky/larvrevrstender/services/auth-service/vendor/laravel/telescope/src/Telescope.php(656): Laravel\\Telescope\\Telescope::withoutRecording()
#11 /tmp/abdoElHodaky/larvrevrstender/services/auth-service/vendor/laravel/telescope/src/ListensForStorageOpportunities.php(65): Laravel\\Telescope\\Telescope::store()
#12 /tmp/abdoElHodaky/larvrevrstender/services/auth-service/vendor/laravel/framework/src/Illuminate/Container/BoundMethod.php(36): Laravel\\Telescope\\Telescope::Laravel\\Telescope\\{closure}()
#13 /tmp/abdoElHodaky/larvrevrstender/services/auth-service/vendor/laravel/framework/src/Illuminate/Container/Util.php(43): Illuminate\\Container\\BoundMethod::Illuminate\\Container\\{closure}()
#14 /tmp/abdoElHodaky/larvrevrstender/services/auth-service/vendor/laravel/framework/src/Illuminate/Container/BoundMethod.php(84): Illuminate\\Container\\Util::unwrapIfClosure()
#15 /tmp/abdoElHodaky/larvrevrstender/services/auth-service/vendor/laravel/framework/src/Illuminate/Container/BoundMethod.php(35): Illuminate\\Container\\BoundMethod::callBoundMethod()
#16 /tmp/abdoElHodaky/larvrevrstender/services/auth-service/vendor/laravel/framework/src/Illuminate/Container/Container.php(799): Illuminate\\Container\\BoundMethod::call()
#17 /tmp/abdoElHodaky/larvrevrstender/services/auth-service/vendor/laravel/framework/src/Illuminate/Foundation/Application.php(1466): Illuminate\\Container\\Container->call()
#18 /tmp/abdoElHodaky/larvrevrstender/services/auth-service/vendor/laravel/framework/src/Illuminate/Foundation/Console/Kernel.php(219): Illuminate\\Foundation\\Application->terminate()
#19 /tmp/abdoElHodaky/larvrevrstender/services/auth-service/artisan(51): Illuminate\\Foundation\\Console\\Kernel->terminate()
#20 {main}

[previous exception] [object] (PDOException(code: 7): SQLSTATE[08006] [7] connection to server at \"127.0.0.1\", port 5432 failed: Connection refused
\tIs the server running on that host and accepting TCP/IP connections? at /tmp/abdoElHodaky/larvrevrstender/services/auth-service/vendor/laravel/framework/src/Illuminate/Database/Connectors/Connector.php:66)
[stacktrace]
#0 /tmp/abdoElHodaky/larvrevrstender/services/auth-service/vendor/laravel/framework/src/Illuminate/Database/Connectors/Connector.php(66): PDO->__construct()
#1 /tmp/abdoElHodaky/larvrevrstender/services/auth-service/vendor/laravel/framework/src/Illuminate/Database/Connectors/Connector.php(44): Illuminate\\Database\\Connectors\\Connector->createPdoConnection()
#2 /tmp/abdoElHodaky/larvrevrstender/services/auth-service/vendor/laravel/framework/src/Illuminate/Database/Connectors/PostgresConnector.php(35): Illuminate\\Database\\Connectors\\Connector->createConnection()
#3 /tmp/abdoElHodaky/larvrevrstender/services/auth-service/vendor/laravel/framework/src/Illuminate/Database/Connectors/ConnectionFactory.php(186): Illuminate\\Database\\Connectors\\PostgresConnector->connect()
#4 [internal function]: Illuminate\\Database\\Connectors\\ConnectionFactory->Illuminate\\Database\\Connectors\\{closure}()
#5 /tmp/abdoElHodaky/larvrevrstender/services/auth-service/vendor/laravel/framework/src/Illuminate/Database/Connection.php(1257): call_user_func()
#6 /tmp/abdoElHodaky/larvrevrstender/services/auth-service/vendor/laravel/framework/src/Illuminate/Database/Connection.php(578): Illuminate\\Database\\Connection->getPdo()
#7 /tmp/abdoElHodaky/larvrevrstender/services/auth-service/vendor/laravel/framework/src/Illuminate/Database/Connection.php(827): Illuminate\\Database\\Connection->Illuminate\\Database\\{closure}()
#8 /tmp/abdoElHodaky/larvrevrstender/services/auth-service/vendor/laravel/framework/src/Illuminate/Database/Connection.php(794): Illuminate\\Database\\Connection->runQueryCallback()
#9 /tmp/abdoElHodaky/larvrevrstender/services/auth-service/vendor/laravel/framework/src/Illuminate/Database/Connection.php(573): Illuminate\\Database\\Connection->run()
#10 /tmp/abdoElHodaky/larvrevrstender/services/auth-service/vendor/laravel/framework/src/Illuminate/Database/Connection.php(537): Illuminate\\Database\\Connection->statement()
#11 /tmp/abdoElHodaky/larvrevrstender/services/auth-service/vendor/laravel/framework/src/Illuminate/Database/Query/Builder.php(4091): Illuminate\\Database\\Connection->insert()
#12 /tmp/abdoElHodaky/larvrevrstender/services/auth-service/vendor/laravel/telescope/src/Storage/DatabaseEntriesRepository.php(145): Illuminate\\Database\\Query\\Builder->insert()
#13 /tmp/abdoElHodaky/larvrevrstender/services/auth-service/vendor/laravel/framework/src/Illuminate/Collections/Traits/EnumeratesValues.php(275): Laravel\\Telescope\\Storage\\DatabaseEntriesRepository->Laravel\\Telescope\\Storage\\{closure}()
#14 /tmp/abdoElHodaky/larvrevrstender/services/auth-service/vendor/laravel/telescope/src/Storage/DatabaseEntriesRepository.php(144): Illuminate\\Support\\Collection->each()
#15 /tmp/abdoElHodaky/larvrevrstender/services/auth-service/vendor/laravel/telescope/src/Telescope.php(664): Laravel\\Telescope\\Storage\\DatabaseEntriesRepository->store()
#16 [internal function]: Laravel\\Telescope\\Telescope::Laravel\\Telescope\\{closure}()
#17 /tmp/abdoElHodaky/larvrevrstender/services/auth-service/vendor/laravel/telescope/src/Telescope.php(289): call_user_func()
#18 /tmp/abdoElHodaky/larvrevrstender/services/auth-service/vendor/laravel/telescope/src/Telescope.php(656): Laravel\\Telescope\\Telescope::withoutRecording()
#19 /tmp/abdoElHodaky/larvrevrstender/services/auth-service/vendor/laravel/telescope/src/ListensForStorageOpportunities.php(65): Laravel\\Telescope\\Telescope::store()
#20 /tmp/abdoElHodaky/larvrevrstender/services/auth-service/vendor/laravel/framework/src/Illuminate/Container/BoundMethod.php(36): Laravel\\Telescope\\Telescope::Laravel\\Telescope\\{closure}()
#21 /tmp/abdoElHodaky/larvrevrstender/services/auth-service/vendor/laravel/framework/src/Illuminate/Container/Util.php(43): Illuminate\\Container\\BoundMethod::Illuminate\\Container\\{closure}()
#22 /tmp/abdoElHodaky/larvrevrstender/services/auth-service/vendor/laravel/framework/src/Illuminate/Container/BoundMethod.php(84): Illuminate\\Container\\Util::unwrapIfClosure()
#23 /tmp/abdoElHodaky/larvrevrstender/services/auth-service/vendor/laravel/framework/src/Illuminate/Container/BoundMethod.php(35): Illuminate\\Container\\BoundMethod::callBoundMethod()
#24 /tmp/abdoElHodaky/larvrevrstender/services/auth-service/vendor/laravel/framework/src/Illuminate/Container/Container.php(799): Illuminate\\Container\\BoundMethod::call()
#25 /tmp/abdoElHodaky/larvrevrstender/services/auth-service/vendor/laravel/framework/src/Illuminate/Foundation/Application.php(1466): Illuminate\\Container\\Container->call()
#26 /tmp/abdoElHodaky/larvrevrstender/services/auth-service/vendor/laravel/framework/src/Illuminate/Foundation/Console/Kernel.php(219): Illuminate\\Foundation\\Application->terminate()
#27 /tmp/abdoElHodaky/larvrevrstender/services/auth-service/artisan(51): Illuminate\\Foundation\\Console\\Kernel->terminate()
#28 {main}
"} 
[2026-03-16 11:24:51] local.ERROR: Class "Redis" not found {"exception":"[object] (Error(code: 0): Class \"Redis\" not found at /tmp/abdoElHodaky/larvrevrstender/services/auth-service/vendor/laravel/framework/src/Illuminate/Redis/Connectors/PhpRedisConnector.php:80)
[stacktrace]
#0 /tmp/abdoElHodaky/larvrevrstender/services/auth-service/vendor/laravel/framework/src/Illuminate/Redis/Connectors/PhpRedisConnector.php(34): Illuminate\\Redis\\Connectors\\PhpRedisConnector->createClient()
#1 /tmp/abdoElHodaky/larvrevrstender/services/auth-service/vendor/laravel/framework/src/Illuminate/Redis/Connectors/PhpRedisConnector.php(39): Illuminate\\Redis\\Connectors\\PhpRedisConnector->Illuminate\\Redis\\Connectors\\{closure}()
#2 /tmp/abdoElHodaky/larvrevrstender/services/auth-service/vendor/laravel/framework/src/Illuminate/Redis/RedisManager.php(111): Illuminate\\Redis\\Connectors\\PhpRedisConnector->connect()
#3 /tmp/abdoElHodaky/larvrevrstender/services/auth-service/vendor/laravel/framework/src/Illuminate/Redis/RedisManager.php(92): Illuminate\\Redis\\RedisManager->resolve()
#4 /tmp/abdoElHodaky/larvrevrstender/services/auth-service/vendor/laravel/framework/src/Illuminate/Cache/RedisStore.php(377): Illuminate\\Redis\\RedisManager->connection()
#5 /tmp/abdoElHodaky/larvrevrstender/services/auth-service/vendor/laravel/framework/src/Illuminate/Cache/RedisStore.php(80): Illuminate\\Cache\\RedisStore->connection()
#6 /tmp/abdoElHodaky/larvrevrstender/services/auth-service/vendor/laravel/framework/src/Illuminate/Cache/Repository.php(125): Illuminate\\Cache\\RedisStore->get()
#7 /tmp/abdoElHodaky/larvrevrstender/services/auth-service/vendor/laravel/framework/src/Illuminate/Cache/CacheManager.php(558): Illuminate\\Cache\\Repository->get()
#8 /tmp/abdoElHodaky/larvrevrstender/services/auth-service/vendor/laravel/telescope/src/Watchers/DumpWatcher.php(47): Illuminate\\Cache\\CacheManager->__call()
#9 /tmp/abdoElHodaky/larvrevrstender/services/auth-service/vendor/laravel/telescope/src/RegistersWatchers.php(48): Laravel\\Telescope\\Watchers\\DumpWatcher->register()
#10 /tmp/abdoElHodaky/larvrevrstender/services/auth-service/vendor/laravel/telescope/src/Telescope.php(138): Laravel\\Telescope\\Telescope::registerWatchers()
#11 /tmp/abdoElHodaky/larvrevrstender/services/auth-service/vendor/laravel/telescope/src/TelescopeServiceProvider.php(39): Laravel\\Telescope\\Telescope::start()
#12 /tmp/abdoElHodaky/larvrevrstender/services/auth-service/vendor/laravel/framework/src/Illuminate/Container/BoundMethod.php(36): Laravel\\Telescope\\TelescopeServiceProvider->boot()
#13 /tmp/abdoElHodaky/larvrevrstender/services/auth-service/vendor/laravel/framework/src/Illuminate/Container/Util.php(43): Illuminate\\Container\\BoundMethod::Illuminate\\Container\\{closure}()
#14 /tmp/abdoElHodaky/larvrevrstender/services/auth-service/vendor/laravel/framework/src/Illuminate/Container/BoundMethod.php(96): Illuminate\\Container\\Util::unwrapIfClosure()
#15 /tmp/abdoElHodaky/larvrevrstender/services/auth-service/vendor/laravel/framework/src/Illuminate/Container/BoundMethod.php(35): Illuminate\\Container\\BoundMethod::callBoundMethod()
#16 /tmp/abdoElHodaky/larvrevrstender/services/auth-service/vendor/laravel/framework/src/Illuminate/Container/Container.php(799): Illuminate\\Container\\BoundMethod::call()
#17 /tmp/abdoElHodaky/larvrevrstender/services/auth-service/vendor/laravel/framework/src/Illuminate/Foundation/Application.php(1151): Illuminate\\Container\\Container->call()
#18 /tmp/abdoElHodaky/larvrevrstender/services/auth-service/vendor/laravel/framework/src/Illuminate/Foundation/Application.php(1132): Illuminate\\Foundation\\Application->bootProvider()
#19 [internal function]: Illuminate\\Foundation\\Application->Illuminate\\Foundation\\{closure}()
#20 /tmp/abdoElHodaky/larvrevrstender/services/auth-service/vendor/laravel/framework/src/Illuminate/Foundation/Application.php(1131): array_walk()
#21 /tmp/abdoElHodaky/larvrevrstender/services/auth-service/vendor/laravel/framework/src/Illuminate/Foundation/Bootstrap/BootProviders.php(17): Illuminate\\Foundation\\Application->boot()
#22 /tmp/abdoElHodaky/larvrevrstender/services/auth-service/vendor/laravel/framework/src/Illuminate/Foundation/Application.php(342): Illuminate\\Foundation\\Bootstrap\\BootProviders->bootstrap()
#23 /tmp/abdoElHodaky/larvrevrstender/services/auth-service/vendor/laravel/framework/src/Illuminate/Foundation/Console/Kernel.php(494): Illuminate\\Foundation\\Application->bootstrapWith()
#24 /tmp/abdoElHodaky/larvrevrstender/services/auth-service/vendor/laravel/framework/src/Illuminate/Foundation/Console/Kernel.php(196): Illuminate\\Foundation\\Console\\Kernel->bootstrap()
#25 /tmp/abdoElHodaky/larvrevrstender/services/auth-service/artisan(35): Illuminate\\Foundation\\Console\\Kernel->handle()
#26 {main}
"} 
[2026-03-16 11:25:28] local.INFO: Procedure registered {"name":"events","class":"Shared\\Procedures\\CrossServiceProcedure","type":"micro"} 
[2026-03-16 11:25:28] local.INFO: Procedure registered {"name":"cache","class":"Shared\\Procedures\\CrossServiceProcedure","type":"micro"} 
[2026-03-16 11:25:28] local.INFO: Procedure registered {"name":"notification","class":"Shared\\Procedures\\CrossServiceProcedure","type":"micro"} 
[2026-03-16 11:25:28] local.INFO: Procedure registered {"name":"validation","class":"Shared\\Procedures\\CrossServiceProcedure","type":"micro"} 
[2026-03-16 11:25:28] local.INFO: Procedure registered {"name":"security","class":"Shared\\Procedures\\CrossServiceProcedure","type":"micro"} 
[2026-03-16 11:25:28] local.INFO: Procedure registered {"name":"circuit_breaker","class":"Shared\\Procedures\\CrossServiceProcedure","type":"micro"} 
[2026-03-16 11:25:28] local.INFO: Procedure registered {"name":"queue_circuit_breaker","class":"Shared\\Procedures\\CrossServiceProcedure","type":"micro"} 
[2026-03-16 11:25:28] local.INFO: Procedure registered {"name":"third_party_integration","class":"Shared\\Procedures\\CrossServiceProcedure","type":"micro"} 
[2026-03-16 11:25:28] local.INFO: Procedure registered {"name":"workflow","class":"Shared\\Procedures\\CrossServiceProcedure","type":"macro"} 
[2026-03-16 11:25:28] local.ERROR: could not find driver (Connection: pgsql, Host: 127.0.0.1, Port: 5432, Database: auth_service, SQL: insert into "telescope_entries" ("batch_id", "content", "created_at", "family_hash", "type", "uuid") values (a14fff02-f64d-44ac-b45d-d01a2308b175, {"level":"info","message":"Procedure registered","context":{"name":"events","class":"Shared\\Procedures\\CrossServiceProcedure","type":"micro"},"hostname":"modal"}, 2026-03-16 11:25:28, ?, log, a14fff02-d3bd-4ade-96b1-394de863495a), (a14fff02-f64d-44ac-b45d-d01a2308b175, {"level":"info","message":"Procedure registered","context":{"name":"cache","class":"Shared\\Procedures\\CrossServiceProcedure","type":"micro"},"hostname":"modal"}, 2026-03-16 11:25:28, ?, log, a14fff02-d5c9-4a61-a8b0-6aaa3d04a89f), (a14fff02-f64d-44ac-b45d-d01a2308b175, {"level":"info","message":"Procedure registered","context":{"name":"notification","class":"Shared\\Procedures\\CrossServiceProcedure","type":"micro"},"hostname":"modal"}, 2026-03-16 11:25:28, ?, log, a14fff02-d5e9-4de3-b1b2-b27df9d70208), (a14fff02-f64d-44ac-b45d-d01a2308b175, {"level":"info","message":"Procedure registered","context":{"name":"validation","class":"Shared\\Procedures\\CrossServiceProcedure","type":"micro"},"hostname":"modal"}, 2026-03-16 11:25:28, ?, log, a14fff02-d605-4b53-af59-1c4c6b563b52), (a14fff02-f64d-44ac-b45d-d01a2308b175, {"level":"info","message":"Procedure registered","context":{"name":"security","class":"Shared\\Procedures\\CrossServiceProcedure","type":"micro"},"hostname":"modal"}, 2026-03-16 11:25:28, ?, log, a14fff02-d621-456e-aed5-9f96862d6875), (a14fff02-f64d-44ac-b45d-d01a2308b175, {"level":"info","message":"Procedure registered","context":{"name":"circuit_breaker","class":"Shared\\Procedures\\CrossServiceProcedure","type":"micro"},"hostname":"modal"}, 2026-03-16 11:25:28, ?, log, a14fff02-d639-45bd-bd78-de5026d7b2c4), (a14fff02-f64d-44ac-b45d-d01a2308b175, {"level":"info","message":"Procedure registered","context":{"name":"queue_circuit_breaker","class":"Shared\\Procedures\\CrossServiceProcedure","type":"micro"},"hostname":"modal"}, 2026-03-16 11:25:28, ?, log, a14fff02-d650-493d-bc88-894618423aeb), (a14fff02-f64d-44ac-b45d-d01a2308b175, {"level":"info","message":"Procedure registered","context":{"name":"third_party_integration","class":"Shared\\Procedures\\CrossServiceProcedure","type":"micro"},"hostname":"modal"}, 2026-03-16 11:25:28, ?, log, a14fff02-d666-4b9e-b68c-b6a76e951982), (a14fff02-f64d-44ac-b45d-d01a2308b175, {"level":"info","message":"Procedure registered","context":{"name":"workflow","class":"Shared\\Procedures\\CrossServiceProcedure","type":"macro"},"hostname":"modal"}, 2026-03-16 11:25:28, ?, log, a14fff02-d67e-4e4e-9343-640d23a404dc), (a14fff02-f64d-44ac-b45d-d01a2308b175, {"command":"config:clear","exit_code":0,"arguments":{"command":"config:clear"},"options":{"help":false,"silent":false,"quiet":false,"verbose":false,"version":false,"ansi":true,"no-interaction":false,"env":null},"hostname":"modal"}, 2026-03-16 11:25:28, ?, command, a14fff02-f5b5-47fe-a9b9-e61cc744a89b)) {"exception":"[object] (Illuminate\\Database\\QueryException(code: 0): could not find driver (Connection: pgsql, Host: 127.0.0.1, Port: 5432, Database: auth_service, SQL: insert into \"telescope_entries\" (\"batch_id\", \"content\", \"created_at\", \"family_hash\", \"type\", \"uuid\") values (a14fff02-f64d-44ac-b45d-d01a2308b175, {\"level\":\"info\",\"message\":\"Procedure registered\",\"context\":{\"name\":\"events\",\"class\":\"Shared\\\\Procedures\\\\CrossServiceProcedure\",\"type\":\"micro\"},\"hostname\":\"modal\"}, 2026-03-16 11:25:28, ?, log, a14fff02-d3bd-4ade-96b1-394de863495a), (a14fff02-f64d-44ac-b45d-d01a2308b175, {\"level\":\"info\",\"message\":\"Procedure registered\",\"context\":{\"name\":\"cache\",\"class\":\"Shared\\\\Procedures\\\\CrossServiceProcedure\",\"type\":\"micro\"},\"hostname\":\"modal\"}, 2026-03-16 11:25:28, ?, log, a14fff02-d5c9-4a61-a8b0-6aaa3d04a89f), (a14fff02-f64d-44ac-b45d-d01a2308b175, {\"level\":\"info\",\"message\":\"Procedure registered\",\"context\":{\"name\":\"notification\",\"class\":\"Shared\\\\Procedures\\\\CrossServiceProcedure\",\"type\":\"micro\"},\"hostname\":\"modal\"}, 2026-03-16 11:25:28, ?, log, a14fff02-d5e9-4de3-b1b2-b27df9d70208), (a14fff02-f64d-44ac-b45d-d01a2308b175, {\"level\":\"info\",\"message\":\"Procedure registered\",\"context\":{\"name\":\"validation\",\"class\":\"Shared\\\\Procedures\\\\CrossServiceProcedure\",\"type\":\"micro\"},\"hostname\":\"modal\"}, 2026-03-16 11:25:28, ?, log, a14fff02-d605-4b53-af59-1c4c6b563b52), (a14fff02-f64d-44ac-b45d-d01a2308b175, {\"level\":\"info\",\"message\":\"Procedure registered\",\"context\":{\"name\":\"security\",\"class\":\"Shared\\\\Procedures\\\\CrossServiceProcedure\",\"type\":\"micro\"},\"hostname\":\"modal\"}, 2026-03-16 11:25:28, ?, log, a14fff02-d621-456e-aed5-9f96862d6875), (a14fff02-f64d-44ac-b45d-d01a2308b175, {\"level\":\"info\",\"message\":\"Procedure registered\",\"context\":{\"name\":\"circuit_breaker\",\"class\":\"Shared\\\\Procedures\\\\CrossServiceProcedure\",\"type\":\"micro\"},\"hostname\":\"modal\"}, 2026-03-16 11:25:28, ?, log, a14fff02-d639-45bd-bd78-de5026d7b2c4), (a14fff02-f64d-44ac-b45d-d01a2308b175, {\"level\":\"info\",\"message\":\"Procedure registered\",\"context\":{\"name\":\"queue_circuit_breaker\",\"class\":\"Shared\\\\Procedures\\\\CrossServiceProcedure\",\"type\":\"micro\"},\"hostname\":\"modal\"}, 2026-03-16 11:25:28, ?, log, a14fff02-d650-493d-bc88-894618423aeb), (a14fff02-f64d-44ac-b45d-d01a2308b175, {\"level\":\"info\",\"message\":\"Procedure registered\",\"context\":{\"name\":\"third_party_integration\",\"class\":\"Shared\\\\Procedures\\\\CrossServiceProcedure\",\"type\":\"micro\"},\"hostname\":\"modal\"}, 2026-03-16 11:25:28, ?, log, a14fff02-d666-4b9e-b68c-b6a76e951982), (a14fff02-f64d-44ac-b45d-d01a2308b175, {\"level\":\"info\",\"message\":\"Procedure registered\",\"context\":{\"name\":\"workflow\",\"class\":\"Shared\\\\Procedures\\\\CrossServiceProcedure\",\"type\":\"macro\"},\"hostname\":\"modal\"}, 2026-03-16 11:25:28, ?, log, a14fff02-d67e-4e4e-9343-640d23a404dc), (a14fff02-f64d-44ac-b45d-d01a2308b175, {\"command\":\"config:clear\",\"exit_code\":0,\"arguments\":{\"command\":\"config:clear\"},\"options\":{\"help\":false,\"silent\":false,\"quiet\":false,\"verbose\":false,\"version\":false,\"ansi\":true,\"no-interaction\":false,\"env\":null},\"hostname\":\"modal\"}, 2026-03-16 11:25:28, ?, command, a14fff02-f5b5-47fe-a9b9-e61cc744a89b)) at /tmp/abdoElHodaky/larvrevrstender/services/auth-service/vendor/laravel/framework/src/Illuminate/Database/Connection.php:838)
[stacktrace]
#0 /tmp/abdoElHodaky/larvrevrstender/services/auth-service/vendor/laravel/framework/src/Illuminate/Database/Connection.php(794): Illuminate\\Database\\Connection->runQueryCallback()
#1 /tmp/abdoElHodaky/larvrevrstender/services/auth-service/vendor/laravel/framework/src/Illuminate/Database/Connection.php(573): Illuminate\\Database\\Connection->run()
#2 /tmp/abdoElHodaky/larvrevrstender/services/auth-service/vendor/laravel/framework/src/Illuminate/Database/Connection.php(537): Illuminate\\Database\\Connection->statement()
#3 /tmp/abdoElHodaky/larvrevrstender/services/auth-service/vendor/laravel/framework/src/Illuminate/Database/Query/Builder.php(4091): Illuminate\\Database\\Connection->insert()
#4 /tmp/abdoElHodaky/larvrevrstender/services/auth-service/vendor/laravel/telescope/src/Storage/DatabaseEntriesRepository.php(145): Illuminate\\Database\\Query\\Builder->insert()
#5 /tmp/abdoElHodaky/larvrevrstender/services/auth-service/vendor/laravel/framework/src/Illuminate/Collections/Traits/EnumeratesValues.php(275): Laravel\\Telescope\\Storage\\DatabaseEntriesRepository->Laravel\\Telescope\\Storage\\{closure}()
#6 /tmp/abdoElHodaky/larvrevrstender/services/auth-service/vendor/laravel/telescope/src/Storage/DatabaseEntriesRepository.php(144): Illuminate\\Support\\Collection->each()
#7 /tmp/abdoElHodaky/larvrevrstender/services/auth-service/vendor/laravel/telescope/src/Telescope.php(664): Laravel\\Telescope\\Storage\\DatabaseEntriesRepository->store()
#8 [internal function]: Laravel\\Telescope\\Telescope::Laravel\\Telescope\\{closure}()
#9 /tmp/abdoElHodaky/larvrevrstender/services/auth-service/vendor/laravel/telescope/src/Telescope.php(289): call_user_func()
#10 /tmp/abdoElHodaky/larvrevrstender/services/auth-service/vendor/laravel/telescope/src/Telescope.php(656): Laravel\\Telescope\\Telescope::withoutRecording()
#11 /tmp/abdoElHodaky/larvrevrstender/services/auth-service/vendor/laravel/telescope/src/ListensForStorageOpportunities.php(65): Laravel\\Telescope\\Telescope::store()
#12 /tmp/abdoElHodaky/larvrevrstender/services/auth-service/vendor/laravel/framework/src/Illuminate/Container/BoundMethod.php(36): Laravel\\Telescope\\Telescope::Laravel\\Telescope\\{closure}()
#13 /tmp/abdoElHodaky/larvrevrstender/services/auth-service/vendor/laravel/framework/src/Illuminate/Container/Util.php(43): Illuminate\\Container\\BoundMethod::Illuminate\\Container\\{closure}()
#14 /tmp/abdoElHodaky/larvrevrstender/services/auth-service/vendor/laravel/framework/src/Illuminate/Container/BoundMethod.php(84): Illuminate\\Container\\Util::unwrapIfClosure()
#15 /tmp/abdoElHodaky/larvrevrstender/services/auth-service/vendor/laravel/framework/src/Illuminate/Container/BoundMethod.php(35): Illuminate\\Container\\BoundMethod::callBoundMethod()
#16 /tmp/abdoElHodaky/larvrevrstender/services/auth-service/vendor/laravel/framework/src/Illuminate/Container/Container.php(799): Illuminate\\Container\\BoundMethod::call()
#17 /tmp/abdoElHodaky/larvrevrstender/services/auth-service/vendor/laravel/framework/src/Illuminate/Foundation/Application.php(1466): Illuminate\\Container\\Container->call()
#18 /tmp/abdoElHodaky/larvrevrstender/services/auth-service/vendor/laravel/framework/src/Illuminate/Foundation/Console/Kernel.php(219): Illuminate\\Foundation\\Application->terminate()
#19 /tmp/abdoElHodaky/larvrevrstender/services/auth-service/artisan(51): Illuminate\\Foundation\\Console\\Kernel->terminate()
#20 {main}

[previous exception] [object] (PDOException(code: 0): could not find driver at /tmp/abdoElHodaky/larvrevrstender/services/auth-service/vendor/laravel/framework/src/Illuminate/Database/Connectors/Connector.php:66)
[stacktrace]
#0 /tmp/abdoElHodaky/larvrevrstender/services/auth-service/vendor/laravel/framework/src/Illuminate/Database/Connectors/Connector.php(66): PDO->__construct()
#1 /tmp/abdoElHodaky/larvrevrstender/services/auth-service/vendor/laravel/framework/src/Illuminate/Database/Connectors/Connector.php(44): Illuminate\\Database\\Connectors\\Connector->createPdoConnection()
#2 /tmp/abdoElHodaky/larvrevrstender/services/auth-service/vendor/laravel/framework/src/Illuminate/Database/Connectors/PostgresConnector.php(35): Illuminate\\Database\\Connectors\\Connector->createConnection()
#3 /tmp/abdoElHodaky/larvrevrstender/services/auth-service/vendor/laravel/framework/src/Illuminate/Database/Connectors/ConnectionFactory.php(186): Illuminate\\Database\\Connectors\\PostgresConnector->connect()
#4 [internal function]: Illuminate\\Database\\Connectors\\ConnectionFactory->Illuminate\\Database\\Connectors\\{closure}()
#5 /tmp/abdoElHodaky/larvrevrstender/services/auth-service/vendor/laravel/framework/src/Illuminate/Database/Connection.php(1257): call_user_func()
#6 /tmp/abdoElHodaky/larvrevrstender/services/auth-service/vendor/laravel/framework/src/Illuminate/Database/Connection.php(578): Illuminate\\Database\\Connection->getPdo()
#7 /tmp/abdoElHodaky/larvrevrstender/services/auth-service/vendor/laravel/framework/src/Illuminate/Database/Connection.php(827): Illuminate\\Database\\Connection->Illuminate\\Database\\{closure}()
#8 /tmp/abdoElHodaky/larvrevrstender/services/auth-service/vendor/laravel/framework/src/Illuminate/Database/Connection.php(794): Illuminate\\Database\\Connection->runQueryCallback()
#9 /tmp/abdoElHodaky/larvrevrstender/services/auth-service/vendor/laravel/framework/src/Illuminate/Database/Connection.php(573): Illuminate\\Database\\Connection->run()
#10 /tmp/abdoElHodaky/larvrevrstender/services/auth-service/vendor/laravel/framework/src/Illuminate/Database/Connection.php(537): Illuminate\\Database\\Connection->statement()
#11 /tmp/abdoElHodaky/larvrevrstender/services/auth-service/vendor/laravel/framework/src/Illuminate/Database/Query/Builder.php(4091): Illuminate\\Database\\Connection->insert()
#12 /tmp/abdoElHodaky/larvrevrstender/services/auth-service/vendor/laravel/telescope/src/Storage/DatabaseEntriesRepository.php(145): Illuminate\\Database\\Query\\Builder->insert()
#13 /tmp/abdoElHodaky/larvrevrstender/services/auth-service/vendor/laravel/framework/src/Illuminate/Collections/Traits/EnumeratesValues.php(275): Laravel\\Telescope\\Storage\\DatabaseEntriesRepository->Laravel\\Telescope\\Storage\\{closure}()
#14 /tmp/abdoElHodaky/larvrevrstender/services/auth-service/vendor/laravel/telescope/src/Storage/DatabaseEntriesRepository.php(144): Illuminate\\Support\\Collection->each()
#15 /tmp/abdoElHodaky/larvrevrstender/services/auth-service/vendor/laravel/telescope/src/Telescope.php(664): Laravel\\Telescope\\Storage\\DatabaseEntriesRepository->store()
#16 [internal function]: Laravel\\Telescope\\Telescope::Laravel\\Telescope\\{closure}()
#17 /tmp/abdoElHodaky/larvrevrstender/services/auth-service/vendor/laravel/telescope/src/Telescope.php(289): call_user_func()
#18 /tmp/abdoElHodaky/larvrevrstender/services/auth-service/vendor/laravel/telescope/src/Telescope.php(656): Laravel\\Telescope\\Telescope::withoutRecording()
#19 /tmp/abdoElHodaky/larvrevrstender/services/auth-service/vendor/laravel/telescope/src/ListensForStorageOpportunities.php(65): Laravel\\Telescope\\Telescope::store()
#20 /tmp/abdoElHodaky/larvrevrstender/services/auth-service/vendor/laravel/framework/src/Illuminate/Container/BoundMethod.php(36): Laravel\\Telescope\\Telescope::Laravel\\Telescope\\{closure}()
#21 /tmp/abdoElHodaky/larvrevrstender/services/auth-service/vendor/laravel/framework/src/Illuminate/Container/Util.php(43): Illuminate\\Container\\BoundMethod::Illuminate\\Container\\{closure}()
#22 /tmp/abdoElHodaky/larvrevrstender/services/auth-service/vendor/laravel/framework/src/Illuminate/Container/BoundMethod.php(84): Illuminate\\Container\\Util::unwrapIfClosure()
#23 /tmp/abdoElHodaky/larvrevrstender/services/auth-service/vendor/laravel/framework/src/Illuminate/Container/BoundMethod.php(35): Illuminate\\Container\\BoundMethod::callBoundMethod()
#24 /tmp/abdoElHodaky/larvrevrstender/services/auth-service/vendor/laravel/framework/src/Illuminate/Container/Container.php(799): Illuminate\\Container\\BoundMethod::call()
#25 /tmp/abdoElHodaky/larvrevrstender/services/auth-service/vendor/laravel/framework/src/Illuminate/Foundation/Application.php(1466): Illuminate\\Container\\Container->call()
#26 /tmp/abdoElHodaky/larvrevrstender/services/auth-service/vendor/laravel/framework/src/Illuminate/Foundation/Console/Kernel.php(219): Illuminate\\Foundation\\Application->terminate()
#27 /tmp/abdoElHodaky/larvrevrstender/services/auth-service/artisan(51): Illuminate\\Foundation\\Console\\Kernel->terminate()
#28 {main}
"} 
[2026-03-16 11:25:28] local.INFO: Procedure registered {"name":"events","class":"Shared\\Procedures\\CrossServiceProcedure","type":"micro"} 
[2026-03-16 11:25:28] local.INFO: Procedure registered {"name":"cache","class":"Shared\\Procedures\\CrossServiceProcedure","type":"micro"} 
[2026-03-16 11:25:28] local.INFO: Procedure registered {"name":"notification","class":"Shared\\Procedures\\CrossServiceProcedure","type":"micro"} 
[2026-03-16 11:25:28] local.INFO: Procedure registered {"name":"validation","class":"Shared\\Procedures\\CrossServiceProcedure","type":"micro"} 
[2026-03-16 11:25:28] local.INFO: Procedure registered {"name":"security","class":"Shared\\Procedures\\CrossServiceProcedure","type":"micro"} 
[2026-03-16 11:25:28] local.INFO: Procedure registered {"name":"circuit_breaker","class":"Shared\\Procedures\\CrossServiceProcedure","type":"micro"} 
[2026-03-16 11:25:28] local.INFO: Procedure registered {"name":"queue_circuit_breaker","class":"Shared\\Procedures\\CrossServiceProcedure","type":"micro"} 
[2026-03-16 11:25:28] local.INFO: Procedure registered {"name":"third_party_integration","class":"Shared\\Procedures\\CrossServiceProcedure","type":"micro"} 
[2026-03-16 11:25:28] local.INFO: Procedure registered {"name":"workflow","class":"Shared\\Procedures\\CrossServiceProcedure","type":"macro"} 
[2026-03-16 11:25:29] testing.INFO: Procedure registered {"name":"events","class":"Shared\\Procedures\\CrossServiceProcedure","type":"micro"} 
[2026-03-16 11:25:29] testing.INFO: Procedure registered {"name":"cache","class":"Shared\\Procedures\\CrossServiceProcedure","type":"micro"} 
[2026-03-16 11:25:29] testing.INFO: Procedure registered {"name":"notification","class":"Shared\\Procedures\\CrossServiceProcedure","type":"micro"} 
[2026-03-16 11:25:29] testing.INFO: Procedure registered {"name":"validation","class":"Shared\\Procedures\\CrossServiceProcedure","type":"micro"} 
[2026-03-16 11:25:29] testing.INFO: Procedure registered {"name":"security","class":"Shared\\Procedures\\CrossServiceProcedure","type":"micro"} 
[2026-03-16 11:25:29] testing.INFO: Procedure registered {"name":"circuit_breaker","class":"Shared\\Procedures\\CrossServiceProcedure","type":"micro"} 
[2026-03-16 11:25:29] testing.INFO: Procedure registered {"name":"queue_circuit_breaker","class":"Shared\\Procedures\\CrossServiceProcedure","type":"micro"} 
[2026-03-16 11:25:29] testing.INFO: Procedure registered {"name":"third_party_integration","class":"Shared\\Procedures\\CrossServiceProcedure","type":"micro"} 
[2026-03-16 11:25:29] testing.INFO: Procedure registered {"name":"workflow","class":"Shared\\Procedures\\CrossServiceProcedure","type":"macro"} 
[2026-03-16 11:25:29] testing.INFO: Procedure registered {"name":"events","class":"Shared\\Procedures\\CrossServiceProcedure","type":"micro"} 
[2026-03-16 11:25:29] testing.INFO: Procedure registered {"name":"cache","class":"Shared\\Procedures\\CrossServiceProcedure","type":"micro"} 
[2026-03-16 11:25:29] testing.INFO: Procedure registered {"name":"notification","class":"Shared\\Procedures\\CrossServiceProcedure","type":"micro"} 
[2026-03-16 11:25:29] testing.INFO: Procedure registered {"name":"validation","class":"Shared\\Procedures\\CrossServiceProcedure","type":"micro"} 
[2026-03-16 11:25:29] testing.INFO: Procedure registered {"name":"security","class":"Shared\\Procedures\\CrossServiceProcedure","type":"micro"} 
[2026-03-16 11:25:29] testing.INFO: Procedure registered {"name":"circuit_breaker","class":"Shared\\Procedures\\CrossServiceProcedure","type":"micro"} 
[2026-03-16 11:25:29] testing.INFO: Procedure registered {"name":"queue_circuit_breaker","class":"Shared\\Procedures\\CrossServiceProcedure","type":"micro"} 
[2026-03-16 11:25:29] testing.INFO: Procedure registered {"name":"third_party_integration","class":"Shared\\Procedures\\CrossServiceProcedure","type":"micro"} 
[2026-03-16 11:25:29] testing.INFO: Procedure registered {"name":"workflow","class":"Shared\\Procedures\\CrossServiceProcedure","type":"macro"} 
[2026-03-16 11:25:29] testing.ERROR: Registration failed: Phone number already registered  
[2026-03-16 11:25:29] testing.INFO: Procedure registered {"name":"events","class":"Shared\\Procedures\\CrossServiceProcedure","type":"micro"} 
[2026-03-16 11:25:29] testing.INFO: Procedure registered {"name":"cache","class":"Shared\\Procedures\\CrossServiceProcedure","type":"micro"} 
[2026-03-16 11:25:29] testing.INFO: Procedure registered {"name":"notification","class":"Shared\\Procedures\\CrossServiceProcedure","type":"micro"} 
[2026-03-16 11:25:29] testing.INFO: Procedure registered {"name":"validation","class":"Shared\\Procedures\\CrossServiceProcedure","type":"micro"} 
[2026-03-16 11:25:29] testing.INFO: Procedure registered {"name":"security","class":"Shared\\Procedures\\CrossServiceProcedure","type":"micro"} 
[2026-03-16 11:25:29] testing.INFO: Procedure registered {"name":"circuit_breaker","class":"Shared\\Procedures\\CrossServiceProcedure","type":"micro"} 
[2026-03-16 11:25:29] testing.INFO: Procedure registered {"name":"queue_circuit_breaker","class":"Shared\\Procedures\\CrossServiceProcedure","type":"micro"} 
[2026-03-16 11:25:29] testing.INFO: Procedure registered {"name":"third_party_integration","class":"Shared\\Procedures\\CrossServiceProcedure","type":"micro"} 
[2026-03-16 11:25:29] testing.INFO: Procedure registered {"name":"workflow","class":"Shared\\Procedures\\CrossServiceProcedure","type":"macro"} 
[2026-03-16 11:25:29] testing.WARNING: Token creation failed, using fallback {"error":"Call to undefined method App\\Models\\User::createToken()"} 
[2026-03-16 11:25:29] testing.INFO: User logged in successfully {"user_id":1,"ip":"127.0.0.1","user_agent":"Symfony"} 
[2026-03-16 11:25:29] testing.INFO: Procedure registered {"name":"events","class":"Shared\\Procedures\\CrossServiceProcedure","type":"micro"} 
[2026-03-16 11:25:29] testing.INFO: Procedure registered {"name":"cache","class":"Shared\\Procedures\\CrossServiceProcedure","type":"micro"} 
[2026-03-16 11:25:29] testing.INFO: Procedure registered {"name":"notification","class":"Shared\\Procedures\\CrossServiceProcedure","type":"micro"} 
[2026-03-16 11:25:29] testing.INFO: Procedure registered {"name":"validation","class":"Shared\\Procedures\\CrossServiceProcedure","type":"micro"} 
[2026-03-16 11:25:29] testing.INFO: Procedure registered {"name":"security","class":"Shared\\Procedures\\CrossServiceProcedure","type":"micro"} 
[2026-03-16 11:25:29] testing.INFO: Procedure registered {"name":"circuit_breaker","class":"Shared\\Procedures\\CrossServiceProcedure","type":"micro"} 
[2026-03-16 11:25:29] testing.INFO: Procedure registered {"name":"queue_circuit_breaker","class":"Shared\\Procedures\\CrossServiceProcedure","type":"micro"} 
[2026-03-16 11:25:29] testing.INFO: Procedure registered {"name":"third_party_integration","class":"Shared\\Procedures\\CrossServiceProcedure","type":"micro"} 
[2026-03-16 11:25:29] testing.INFO: Procedure registered {"name":"workflow","class":"Shared\\Procedures\\CrossServiceProcedure","type":"macro"} 
[2026-03-16 11:25:29] testing.WARNING: Login attempt failed {"identifier":"+966501234567","ip":"127.0.0.1","error":"Account is not active"} 
[2026-03-16 11:25:29] testing.INFO: Procedure registered {"name":"events","class":"Shared\\Procedures\\CrossServiceProcedure","type":"micro"} 
[2026-03-16 11:25:29] testing.INFO: Procedure registered {"name":"cache","class":"Shared\\Procedures\\CrossServiceProcedure","type":"micro"} 
[2026-03-16 11:25:29] testing.INFO: Procedure registered {"name":"notification","class":"Shared\\Procedures\\CrossServiceProcedure","type":"micro"} 
[2026-03-16 11:25:29] testing.INFO: Procedure registered {"name":"validation","class":"Shared\\Procedures\\CrossServiceProcedure","type":"micro"} 
[2026-03-16 11:25:29] testing.INFO: Procedure registered {"name":"security","class":"Shared\\Procedures\\CrossServiceProcedure","type":"micro"} 
[2026-03-16 11:25:29] testing.INFO: Procedure registered {"name":"circuit_breaker","class":"Shared\\Procedures\\CrossServiceProcedure","type":"micro"} 
[2026-03-16 11:25:29] testing.INFO: Procedure registered {"name":"queue_circuit_breaker","class":"Shared\\Procedures\\CrossServiceProcedure","type":"micro"} 
[2026-03-16 11:25:29] testing.INFO: Procedure registered {"name":"third_party_integration","class":"Shared\\Procedures\\CrossServiceProcedure","type":"micro"} 
[2026-03-16 11:25:29] testing.INFO: Procedure registered {"name":"workflow","class":"Shared\\Procedures\\CrossServiceProcedure","type":"macro"} 
[2026-03-16 11:25:29] testing.INFO: Procedure registered {"name":"events","class":"Shared\\Procedures\\CrossServiceProcedure","type":"micro"} 
[2026-03-16 11:25:29] testing.INFO: Procedure registered {"name":"cache","class":"Shared\\Procedures\\CrossServiceProcedure","type":"micro"} 
[2026-03-16 11:25:29] testing.INFO: Procedure registered {"name":"notification","class":"Shared\\Procedures\\CrossServiceProcedure","type":"micro"} 
[2026-03-16 11:25:29] testing.INFO: Procedure registered {"name":"validation","class":"Shared\\Procedures\\CrossServiceProcedure","type":"micro"} 
[2026-03-16 11:25:29] testing.INFO: Procedure registered {"name":"security","class":"Shared\\Procedures\\CrossServiceProcedure","type":"micro"} 
[2026-03-16 11:25:29] testing.INFO: Procedure registered {"name":"circuit_breaker","class":"Shared\\Procedures\\CrossServiceProcedure","type":"micro"} 
[2026-03-16 11:25:29] testing.INFO: Procedure registered {"name":"queue_circuit_breaker","class":"Shared\\Procedures\\CrossServiceProcedure","type":"micro"} 
[2026-03-16 11:25:29] testing.INFO: Procedure registered {"name":"third_party_integration","class":"Shared\\Procedures\\CrossServiceProcedure","type":"micro"} 
[2026-03-16 11:25:29] testing.INFO: Procedure registered {"name":"workflow","class":"Shared\\Procedures\\CrossServiceProcedure","type":"macro"} 
[2026-03-16 11:25:29] testing.WARNING: Token creation failed, using fallback {"error":"Call to undefined method App\\Models\\User::createToken()"} 
[2026-03-16 11:25:29] testing.INFO: User logged in successfully {"user_id":1,"ip":"127.0.0.1","user_agent":"Symfony"} 
[2026-03-16 11:25:29] testing.WARNING: Token creation failed, using fallback {"error":"Call to undefined method App\\Models\\User::createToken()"} 
[2026-03-16 11:25:29] testing.INFO: User logged in successfully {"user_id":1,"ip":"127.0.0.1","user_agent":"Symfony"} 
[2026-03-16 11:25:29] local.ERROR: could not find driver (Connection: pgsql, Host: 127.0.0.1, Port: 5432, Database: auth_service, SQL: insert into "telescope_entries" ("batch_id", "content", "created_at", "family_hash", "type", "uuid") values (a14fff04-6e56-46ff-a562-fdc5761e3251, {"level":"info","message":"Procedure registered","context":{"name":"events","class":"Shared\\Procedures\\CrossServiceProcedure","type":"micro"},"hostname":"modal"}, 2026-03-16 11:25:28, ?, log, a14fff03-5811-4536-b6d9-63ea6c663dd7), (a14fff04-6e56-46ff-a562-fdc5761e3251, {"level":"info","message":"Procedure registered","context":{"name":"cache","class":"Shared\\Procedures\\CrossServiceProcedure","type":"micro"},"hostname":"modal"}, 2026-03-16 11:25:28, ?, log, a14fff03-5a07-417c-a312-558db70d2b8e), (a14fff04-6e56-46ff-a562-fdc5761e3251, {"level":"info","message":"Procedure registered","context":{"name":"notification","class":"Shared\\Procedures\\CrossServiceProcedure","type":"micro"},"hostname":"modal"}, 2026-03-16 11:25:28, ?, log, a14fff03-5a29-4625-982a-e496dae1e232), (a14fff04-6e56-46ff-a562-fdc5761e3251, {"level":"info","message":"Procedure registered","context":{"name":"validation","class":"Shared\\Procedures\\CrossServiceProcedure","type":"micro"},"hostname":"modal"}, 2026-03-16 11:25:28, ?, log, a14fff03-5a45-4754-9cba-acebf64af18d), (a14fff04-6e56-46ff-a562-fdc5761e3251, {"level":"info","message":"Procedure registered","context":{"name":"security","class":"Shared\\Procedures\\CrossServiceProcedure","type":"micro"},"hostname":"modal"}, 2026-03-16 11:25:28, ?, log, a14fff03-5a5f-4200-8ff7-b127c1a4ca70), (a14fff04-6e56-46ff-a562-fdc5761e3251, {"level":"info","message":"Procedure registered","context":{"name":"circuit_breaker","class":"Shared\\Procedures\\CrossServiceProcedure","type":"micro"},"hostname":"modal"}, 2026-03-16 11:25:28, ?, log, a14fff03-5a79-452a-b885-a2f57204131f), (a14fff04-6e56-46ff-a562-fdc5761e3251, {"level":"info","message":"Procedure registered","context":{"name":"queue_circuit_breaker","class":"Shared\\Procedures\\CrossServiceProcedure","type":"micro"},"hostname":"modal"}, 2026-03-16 11:25:28, ?, log, a14fff03-5a91-41f3-a3ea-56383aa8eaeb), (a14fff04-6e56-46ff-a562-fdc5761e3251, {"level":"info","message":"Procedure registered","context":{"name":"third_party_integration","class":"Shared\\Procedures\\CrossServiceProcedure","type":"micro"},"hostname":"modal"}, 2026-03-16 11:25:28, ?, log, a14fff03-5aa7-4304-a48e-4d0e1b701d86), (a14fff04-6e56-46ff-a562-fdc5761e3251, {"level":"info","message":"Procedure registered","context":{"name":"workflow","class":"Shared\\Procedures\\CrossServiceProcedure","type":"macro"},"hostname":"modal"}, 2026-03-16 11:25:28, ?, log, a14fff03-5abd-4b9b-93fa-676e76ff1d93), (a14fff04-6e56-46ff-a562-fdc5761e3251, {"command":"test","exit_code":0,"arguments":{"command":"test"},"options":{"without-tty":false,"compact":false,"coverage":false,"min":null,"parallel":false,"profile":false,"recreate-databases":false,"drop-databases":false,"without-databases":false,"help":false,"silent":false,"quiet":false,"verbose":false,"version":false,"ansi":null,"no-interaction":false,"env":null},"hostname":"modal"}, 2026-03-16 11:25:29, ?, command, a14fff04-6d72-48e0-9870-c6bec41ca0bb)) {"exception":"[object] (Illuminate\\Database\\QueryException(code: 0): could not find driver (Connection: pgsql, Host: 127.0.0.1, Port: 5432, Database: auth_service, SQL: insert into \"telescope_entries\" (\"batch_id\", \"content\", \"created_at\", \"family_hash\", \"type\", \"uuid\") values (a14fff04-6e56-46ff-a562-fdc5761e3251, {\"level\":\"info\",\"message\":\"Procedure registered\",\"context\":{\"name\":\"events\",\"class\":\"Shared\\\\Procedures\\\\CrossServiceProcedure\",\"type\":\"micro\"},\"hostname\":\"modal\"}, 2026-03-16 11:25:28, ?, log, a14fff03-5811-4536-b6d9-63ea6c663dd7), (a14fff04-6e56-46ff-a562-fdc5761e3251, {\"level\":\"info\",\"message\":\"Procedure registered\",\"context\":{\"name\":\"cache\",\"class\":\"Shared\\\\Procedures\\\\CrossServiceProcedure\",\"type\":\"micro\"},\"hostname\":\"modal\"}, 2026-03-16 11:25:28, ?, log, a14fff03-5a07-417c-a312-558db70d2b8e), (a14fff04-6e56-46ff-a562-fdc5761e3251, {\"level\":\"info\",\"message\":\"Procedure registered\",\"context\":{\"name\":\"notification\",\"class\":\"Shared\\\\Procedures\\\\CrossServiceProcedure\",\"type\":\"micro\"},\"hostname\":\"modal\"}, 2026-03-16 11:25:28, ?, log, a14fff03-5a29-4625-982a-e496dae1e232), (a14fff04-6e56-46ff-a562-fdc5761e3251, {\"level\":\"info\",\"message\":\"Procedure registered\",\"context\":{\"name\":\"validation\",\"class\":\"Shared\\\\Procedures\\\\CrossServiceProcedure\",\"type\":\"micro\"},\"hostname\":\"modal\"}, 2026-03-16 11:25:28, ?, log, a14fff03-5a45-4754-9cba-acebf64af18d), (a14fff04-6e56-46ff-a562-fdc5761e3251, {\"level\":\"info\",\"message\":\"Procedure registered\",\"context\":{\"name\":\"security\",\"class\":\"Shared\\\\Procedures\\\\CrossServiceProcedure\",\"type\":\"micro\"},\"hostname\":\"modal\"}, 2026-03-16 11:25:28, ?, log, a14fff03-5a5f-4200-8ff7-b127c1a4ca70), (a14fff04-6e56-46ff-a562-fdc5761e3251, {\"level\":\"info\",\"message\":\"Procedure registered\",\"context\":{\"name\":\"circuit_breaker\",\"class\":\"Shared\\\\Procedures\\\\CrossServiceProcedure\",\"type\":\"micro\"},\"hostname\":\"modal\"}, 2026-03-16 11:25:28, ?, log, a14fff03-5a79-452a-b885-a2f57204131f), (a14fff04-6e56-46ff-a562-fdc5761e3251, {\"level\":\"info\",\"message\":\"Procedure registered\",\"context\":{\"name\":\"queue_circuit_breaker\",\"class\":\"Shared\\\\Procedures\\\\CrossServiceProcedure\",\"type\":\"micro\"},\"hostname\":\"modal\"}, 2026-03-16 11:25:28, ?, log, a14fff03-5a91-41f3-a3ea-56383aa8eaeb), (a14fff04-6e56-46ff-a562-fdc5761e3251, {\"level\":\"info\",\"message\":\"Procedure registered\",\"context\":{\"name\":\"third_party_integration\",\"class\":\"Shared\\\\Procedures\\\\CrossServiceProcedure\",\"type\":\"micro\"},\"hostname\":\"modal\"}, 2026-03-16 11:25:28, ?, log, a14fff03-5aa7-4304-a48e-4d0e1b701d86), (a14fff04-6e56-46ff-a562-fdc5761e3251, {\"level\":\"info\",\"message\":\"Procedure registered\",\"context\":{\"name\":\"workflow\",\"class\":\"Shared\\\\Procedures\\\\CrossServiceProcedure\",\"type\":\"macro\"},\"hostname\":\"modal\"}, 2026-03-16 11:25:28, ?, log, a14fff03-5abd-4b9b-93fa-676e76ff1d93), (a14fff04-6e56-46ff-a562-fdc5761e3251, {\"command\":\"test\",\"exit_code\":0,\"arguments\":{\"command\":\"test\"},\"options\":{\"without-tty\":false,\"compact\":false,\"coverage\":false,\"min\":null,\"parallel\":false,\"profile\":false,\"recreate-databases\":false,\"drop-databases\":false,\"without-databases\":false,\"help\":false,\"silent\":false,\"quiet\":false,\"verbose\":false,\"version\":false,\"ansi\":null,\"no-interaction\":false,\"env\":null},\"hostname\":\"modal\"}, 2026-03-16 11:25:29, ?, command, a14fff04-6d72-48e0-9870-c6bec41ca0bb)) at /tmp/abdoElHodaky/larvrevrstender/services/auth-service/vendor/laravel/framework/src/Illuminate/Database/Connection.php:838)
[stacktrace]
#0 /tmp/abdoElHodaky/larvrevrstender/services/auth-service/vendor/laravel/framework/src/Illuminate/Database/Connection.php(794): Illuminate\\Database\\Connection->runQueryCallback()
#1 /tmp/abdoElHodaky/larvrevrstender/services/auth-service/vendor/laravel/framework/src/Illuminate/Database/Connection.php(573): Illuminate\\Database\\Connection->run()
#2 /tmp/abdoElHodaky/larvrevrstender/services/auth-service/vendor/laravel/framework/src/Illuminate/Database/Connection.php(537): Illuminate\\Database\\Connection->statement()
#3 /tmp/abdoElHodaky/larvrevrstender/services/auth-service/vendor/laravel/framework/src/Illuminate/Database/Query/Builder.php(4091): Illuminate\\Database\\Connection->insert()
#4 /tmp/abdoElHodaky/larvrevrstender/services/auth-service/vendor/laravel/telescope/src/Storage/DatabaseEntriesRepository.php(145): Illuminate\\Database\\Query\\Builder->insert()
#5 /tmp/abdoElHodaky/larvrevrstender/services/auth-service/vendor/laravel/framework/src/Illuminate/Collections/Traits/EnumeratesValues.php(275): Laravel\\Telescope\\Storage\\DatabaseEntriesRepository->Laravel\\Telescope\\Storage\\{closure}()
#6 /tmp/abdoElHodaky/larvrevrstender/services/auth-service/vendor/laravel/telescope/src/Storage/DatabaseEntriesRepository.php(144): Illuminate\\Support\\Collection->each()
#7 /tmp/abdoElHodaky/larvrevrstender/services/auth-service/vendor/laravel/telescope/src/Telescope.php(664): Laravel\\Telescope\\Storage\\DatabaseEntriesRepository->store()
#8 [internal function]: Laravel\\Telescope\\Telescope::Laravel\\Telescope\\{closure}()
#9 /tmp/abdoElHodaky/larvrevrstender/services/auth-service/vendor/laravel/telescope/src/Telescope.php(289): call_user_func()
#10 /tmp/abdoElHodaky/larvrevrstender/services/auth-service/vendor/laravel/telescope/src/Telescope.php(656): Laravel\\Telescope\\Telescope::withoutRecording()
#11 /tmp/abdoElHodaky/larvrevrstender/services/auth-service/vendor/laravel/telescope/src/ListensForStorageOpportunities.php(65): Laravel\\Telescope\\Telescope::store()
#12 /tmp/abdoElHodaky/larvrevrstender/services/auth-service/vendor/laravel/framework/src/Illuminate/Container/BoundMethod.php(36): Laravel\\Telescope\\Telescope::Laravel\\Telescope\\{closure}()
#13 /tmp/abdoElHodaky/larvrevrstender/services/auth-service/vendor/laravel/framework/src/Illuminate/Container/Util.php(43): Illuminate\\Container\\BoundMethod::Illuminate\\Container\\{closure}()
#14 /tmp/abdoElHodaky/larvrevrstender/services/auth-service/vendor/laravel/framework/src/Illuminate/Container/BoundMethod.php(84): Illuminate\\Container\\Util::unwrapIfClosure()
#15 /tmp/abdoElHodaky/larvrevrstender/services/auth-service/vendor/laravel/framework/src/Illuminate/Container/BoundMethod.php(35): Illuminate\\Container\\BoundMethod::callBoundMethod()
#16 /tmp/abdoElHodaky/larvrevrstender/services/auth-service/vendor/laravel/framework/src/Illuminate/Container/Container.php(799): Illuminate\\Container\\BoundMethod::call()
#17 /tmp/abdoElHodaky/larvrevrstender/services/auth-service/vendor/laravel/framework/src/Illuminate/Foundation/Application.php(1466): Illuminate\\Container\\Container->call()
#18 /tmp/abdoElHodaky/larvrevrstender/services/auth-service/vendor/laravel/framework/src/Illuminate/Foundation/Console/Kernel.php(219): Illuminate\\Foundation\\Application->terminate()
#19 /tmp/abdoElHodaky/larvrevrstender/services/auth-service/artisan(51): Illuminate\\Foundation\\Console\\Kernel->terminate()
#20 {main}

[previous exception] [object] (PDOException(code: 0): could not find driver at /tmp/abdoElHodaky/larvrevrstender/services/auth-service/vendor/laravel/framework/src/Illuminate/Database/Connectors/Connector.php:66)
[stacktrace]
#0 /tmp/abdoElHodaky/larvrevrstender/services/auth-service/vendor/laravel/framework/src/Illuminate/Database/Connectors/Connector.php(66): PDO->__construct()
#1 /tmp/abdoElHodaky/larvrevrstender/services/auth-service/vendor/laravel/framework/src/Illuminate/Database/Connectors/Connector.php(44): Illuminate\\Database\\Connectors\\Connector->createPdoConnection()
#2 /tmp/abdoElHodaky/larvrevrstender/services/auth-service/vendor/laravel/framework/src/Illuminate/Database/Connectors/PostgresConnector.php(35): Illuminate\\Database\\Connectors\\Connector->createConnection()
#3 /tmp/abdoElHodaky/larvrevrstender/services/auth-service/vendor/laravel/framework/src/Illuminate/Database/Connectors/ConnectionFactory.php(186): Illuminate\\Database\\Connectors\\PostgresConnector->connect()
#4 [internal function]: Illuminate\\Database\\Connectors\\ConnectionFactory->Illuminate\\Database\\Connectors\\{closure}()
#5 /tmp/abdoElHodaky/larvrevrstender/services/auth-service/vendor/laravel/framework/src/Illuminate/Database/Connection.php(1257): call_user_func()
#6 /tmp/abdoElHodaky/larvrevrstender/services/auth-service/vendor/laravel/framework/src/Illuminate/Database/Connection.php(578): Illuminate\\Database\\Connection->getPdo()
#7 /tmp/abdoElHodaky/larvrevrstender/services/auth-service/vendor/laravel/framework/src/Illuminate/Database/Connection.php(827): Illuminate\\Database\\Connection->Illuminate\\Database\\{closure}()
#8 /tmp/abdoElHodaky/larvrevrstender/services/auth-service/vendor/laravel/framework/src/Illuminate/Database/Connection.php(794): Illuminate\\Database\\Connection->runQueryCallback()
#9 /tmp/abdoElHodaky/larvrevrstender/services/auth-service/vendor/laravel/framework/src/Illuminate/Database/Connection.php(573): Illuminate\\Database\\Connection->run()
#10 /tmp/abdoElHodaky/larvrevrstender/services/auth-service/vendor/laravel/framework/src/Illuminate/Database/Connection.php(537): Illuminate\\Database\\Connection->statement()
#11 /tmp/abdoElHodaky/larvrevrstender/services/auth-service/vendor/laravel/framework/src/Illuminate/Database/Query/Builder.php(4091): Illuminate\\Database\\Connection->insert()
#12 /tmp/abdoElHodaky/larvrevrstender/services/auth-service/vendor/laravel/telescope/src/Storage/DatabaseEntriesRepository.php(145): Illuminate\\Database\\Query\\Builder->insert()
#13 /tmp/abdoElHodaky/larvrevrstender/services/auth-service/vendor/laravel/framework/src/Illuminate/Collections/Traits/EnumeratesValues.php(275): Laravel\\Telescope\\Storage\\DatabaseEntriesRepository->Laravel\\Telescope\\Storage\\{closure}()
#14 /tmp/abdoElHodaky/larvrevrstender/services/auth-service/vendor/laravel/telescope/src/Storage/DatabaseEntriesRepository.php(144): Illuminate\\Support\\Collection->each()
#15 /tmp/abdoElHodaky/larvrevrstender/services/auth-service/vendor/laravel/telescope/src/Telescope.php(664): Laravel\\Telescope\\Storage\\DatabaseEntriesRepository->store()
#16 [internal function]: Laravel\\Telescope\\Telescope::Laravel\\Telescope\\{closure}()
#17 /tmp/abdoElHodaky/larvrevrstender/services/auth-service/vendor/laravel/telescope/src/Telescope.php(289): call_user_func()
#18 /tmp/abdoElHodaky/larvrevrstender/services/auth-service/vendor/laravel/telescope/src/Telescope.php(656): Laravel\\Telescope\\Telescope::withoutRecording()
#19 /tmp/abdoElHodaky/larvrevrstender/services/auth-service/vendor/laravel/telescope/src/ListensForStorageOpportunities.php(65): Laravel\\Telescope\\Telescope::store()
#20 /tmp/abdoElHodaky/larvrevrstender/services/auth-service/vendor/laravel/framework/src/Illuminate/Container/BoundMethod.php(36): Laravel\\Telescope\\Telescope::Laravel\\Telescope\\{closure}()
#21 /tmp/abdoElHodaky/larvrevrstender/services/auth-service/vendor/laravel/framework/src/Illuminate/Container/Util.php(43): Illuminate\\Container\\BoundMethod::Illuminate\\Container\\{closure}()
#22 /tmp/abdoElHodaky/larvrevrstender/services/auth-service/vendor/laravel/framework/src/Illuminate/Container/BoundMethod.php(84): Illuminate\\Container\\Util::unwrapIfClosure()
#23 /tmp/abdoElHodaky/larvrevrstender/services/auth-service/vendor/laravel/framework/src/Illuminate/Container/BoundMethod.php(35): Illuminate\\Container\\BoundMethod::callBoundMethod()
#24 /tmp/abdoElHodaky/larvrevrstender/services/auth-service/vendor/laravel/framework/src/Illuminate/Container/Container.php(799): Illuminate\\Container\\BoundMethod::call()
#25 /tmp/abdoElHodaky/larvrevrstender/services/auth-service/vendor/laravel/framework/src/Illuminate/Foundation/Application.php(1466): Illuminate\\Container\\Container->call()
#26 /tmp/abdoElHodaky/larvrevrstender/services/auth-service/vendor/laravel/framework/src/Illuminate/Foundation/Console/Kernel.php(219): Illuminate\\Foundation\\Application->terminate()
#27 /tmp/abdoElHodaky/larvrevrstender/services/auth-service/artisan(51): Illuminate\\Foundation\\Console\\Kernel->terminate()
#28 {main}
"} 
[2026-03-16 11:26:01] local.INFO: Procedure registered {"name":"events","class":"Shared\\Procedures\\CrossServiceProcedure","type":"micro"} 
[2026-03-16 11:26:01] local.INFO: Procedure registered {"name":"cache","class":"Shared\\Procedures\\CrossServiceProcedure","type":"micro"} 
[2026-03-16 11:26:01] local.INFO: Procedure registered {"name":"notification","class":"Shared\\Procedures\\CrossServiceProcedure","type":"micro"} 
[2026-03-16 11:26:01] local.INFO: Procedure registered {"name":"validation","class":"Shared\\Procedures\\CrossServiceProcedure","type":"micro"} 
[2026-03-16 11:26:01] local.INFO: Procedure registered {"name":"security","class":"Shared\\Procedures\\CrossServiceProcedure","type":"micro"} 
[2026-03-16 11:26:01] local.INFO: Procedure registered {"name":"circuit_breaker","class":"Shared\\Procedures\\CrossServiceProcedure","type":"micro"} 
[2026-03-16 11:26:01] local.INFO: Procedure registered {"name":"queue_circuit_breaker","class":"Shared\\Procedures\\CrossServiceProcedure","type":"micro"} 
[2026-03-16 11:26:01] local.INFO: Procedure registered {"name":"third_party_integration","class":"Shared\\Procedures\\CrossServiceProcedure","type":"micro"} 
[2026-03-16 11:26:01] local.INFO: Procedure registered {"name":"workflow","class":"Shared\\Procedures\\CrossServiceProcedure","type":"macro"} 
[2026-03-16 11:26:01] local.ERROR: could not find driver (Connection: pgsql, Host: 127.0.0.1, Port: 5432, Database: auth_service, SQL: insert into "telescope_entries" ("batch_id", "content", "created_at", "family_hash", "type", "uuid") values (a14fff35-97b3-4f24-9e1a-96616339c378, {"level":"info","message":"Procedure registered","context":{"name":"events","class":"Shared\\Procedures\\CrossServiceProcedure","type":"micro"},"hostname":"modal"}, 2026-03-16 11:26:01, ?, log, a14fff35-7505-4857-b060-be1cd27bc02b), (a14fff35-97b3-4f24-9e1a-96616339c378, {"level":"info","message":"Procedure registered","context":{"name":"cache","class":"Shared\\Procedures\\CrossServiceProcedure","type":"micro"},"hostname":"modal"}, 2026-03-16 11:26:01, ?, log, a14fff35-76db-441b-a497-19ab12b8f2af), (a14fff35-97b3-4f24-9e1a-96616339c378, {"level":"info","message":"Procedure registered","context":{"name":"notification","class":"Shared\\Procedures\\CrossServiceProcedure","type":"micro"},"hostname":"modal"}, 2026-03-16 11:26:01, ?, log, a14fff35-76fb-4674-b73d-f57fb90bcf62), (a14fff35-97b3-4f24-9e1a-96616339c378, {"level":"info","message":"Procedure registered","context":{"name":"validation","class":"Shared\\Procedures\\CrossServiceProcedure","type":"micro"},"hostname":"modal"}, 2026-03-16 11:26:01, ?, log, a14fff35-7715-43d5-bb9b-f701cbda564f), (a14fff35-97b3-4f24-9e1a-96616339c378, {"level":"info","message":"Procedure registered","context":{"name":"security","class":"Shared\\Procedures\\CrossServiceProcedure","type":"micro"},"hostname":"modal"}, 2026-03-16 11:26:01, ?, log, a14fff35-772d-4dea-8387-ea32582319ae), (a14fff35-97b3-4f24-9e1a-96616339c378, {"level":"info","message":"Procedure registered","context":{"name":"circuit_breaker","class":"Shared\\Procedures\\CrossServiceProcedure","type":"micro"},"hostname":"modal"}, 2026-03-16 11:26:01, ?, log, a14fff35-7746-4da1-be04-beb4cf8054e4), (a14fff35-97b3-4f24-9e1a-96616339c378, {"level":"info","message":"Procedure registered","context":{"name":"queue_circuit_breaker","class":"Shared\\Procedures\\CrossServiceProcedure","type":"micro"},"hostname":"modal"}, 2026-03-16 11:26:01, ?, log, a14fff35-7760-474d-8229-df7b9c3a10e8), (a14fff35-97b3-4f24-9e1a-96616339c378, {"level":"info","message":"Procedure registered","context":{"name":"third_party_integration","class":"Shared\\Procedures\\CrossServiceProcedure","type":"micro"},"hostname":"modal"}, 2026-03-16 11:26:01, ?, log, a14fff35-7778-439c-bc18-79e25ea8de85), (a14fff35-97b3-4f24-9e1a-96616339c378, {"level":"info","message":"Procedure registered","context":{"name":"workflow","class":"Shared\\Procedures\\CrossServiceProcedure","type":"macro"},"hostname":"modal"}, 2026-03-16 11:26:01, ?, log, a14fff35-778e-45c9-98db-c28b70b4674d), (a14fff35-97b3-4f24-9e1a-96616339c378, {"command":"config:clear","exit_code":0,"arguments":{"command":"config:clear"},"options":{"help":false,"silent":false,"quiet":false,"verbose":false,"version":false,"ansi":true,"no-interaction":false,"env":null},"hostname":"modal"}, 2026-03-16 11:26:01, ?, command, a14fff35-971a-426f-af38-78f080b22cb4)) {"exception":"[object] (Illuminate\\Database\\QueryException(code: 0): could not find driver (Connection: pgsql, Host: 127.0.0.1, Port: 5432, Database: auth_service, SQL: insert into \"telescope_entries\" (\"batch_id\", \"content\", \"created_at\", \"family_hash\", \"type\", \"uuid\") values (a14fff35-97b3-4f24-9e1a-96616339c378, {\"level\":\"info\",\"message\":\"Procedure registered\",\"context\":{\"name\":\"events\",\"class\":\"Shared\\\\Procedures\\\\CrossServiceProcedure\",\"type\":\"micro\"},\"hostname\":\"modal\"}, 2026-03-16 11:26:01, ?, log, a14fff35-7505-4857-b060-be1cd27bc02b), (a14fff35-97b3-4f24-9e1a-96616339c378, {\"level\":\"info\",\"message\":\"Procedure registered\",\"context\":{\"name\":\"cache\",\"class\":\"Shared\\\\Procedures\\\\CrossServiceProcedure\",\"type\":\"micro\"},\"hostname\":\"modal\"}, 2026-03-16 11:26:01, ?, log, a14fff35-76db-441b-a497-19ab12b8f2af), (a14fff35-97b3-4f24-9e1a-96616339c378, {\"level\":\"info\",\"message\":\"Procedure registered\",\"context\":{\"name\":\"notification\",\"class\":\"Shared\\\\Procedures\\\\CrossServiceProcedure\",\"type\":\"micro\"},\"hostname\":\"modal\"}, 2026-03-16 11:26:01, ?, log, a14fff35-76fb-4674-b73d-f57fb90bcf62), (a14fff35-97b3-4f24-9e1a-96616339c378, {\"level\":\"info\",\"message\":\"Procedure registered\",\"context\":{\"name\":\"validation\",\"class\":\"Shared\\\\Procedures\\\\CrossServiceProcedure\",\"type\":\"micro\"},\"hostname\":\"modal\"}, 2026-03-16 11:26:01, ?, log, a14fff35-7715-43d5-bb9b-f701cbda564f), (a14fff35-97b3-4f24-9e1a-96616339c378, {\"level\":\"info\",\"message\":\"Procedure registered\",\"context\":{\"name\":\"security\",\"class\":\"Shared\\\\Procedures\\\\CrossServiceProcedure\",\"type\":\"micro\"},\"hostname\":\"modal\"}, 2026-03-16 11:26:01, ?, log, a14fff35-772d-4dea-8387-ea32582319ae), (a14fff35-97b3-4f24-9e1a-96616339c378, {\"level\":\"info\",\"message\":\"Procedure registered\",\"context\":{\"name\":\"circuit_breaker\",\"class\":\"Shared\\\\Procedures\\\\CrossServiceProcedure\",\"type\":\"micro\"},\"hostname\":\"modal\"}, 2026-03-16 11:26:01, ?, log, a14fff35-7746-4da1-be04-beb4cf8054e4), (a14fff35-97b3-4f24-9e1a-96616339c378, {\"level\":\"info\",\"message\":\"Procedure registered\",\"context\":{\"name\":\"queue_circuit_breaker\",\"class\":\"Shared\\\\Procedures\\\\CrossServiceProcedure\",\"type\":\"micro\"},\"hostname\":\"modal\"}, 2026-03-16 11:26:01, ?, log, a14fff35-7760-474d-8229-df7b9c3a10e8), (a14fff35-97b3-4f24-9e1a-96616339c378, {\"level\":\"info\",\"message\":\"Procedure registered\",\"context\":{\"name\":\"third_party_integration\",\"class\":\"Shared\\\\Procedures\\\\CrossServiceProcedure\",\"type\":\"micro\"},\"hostname\":\"modal\"}, 2026-03-16 11:26:01, ?, log, a14fff35-7778-439c-bc18-79e25ea8de85), (a14fff35-97b3-4f24-9e1a-96616339c378, {\"level\":\"info\",\"message\":\"Procedure registered\",\"context\":{\"name\":\"workflow\",\"class\":\"Shared\\\\Procedures\\\\CrossServiceProcedure\",\"type\":\"macro\"},\"hostname\":\"modal\"}, 2026-03-16 11:26:01, ?, log, a14fff35-778e-45c9-98db-c28b70b4674d), (a14fff35-97b3-4f24-9e1a-96616339c378, {\"command\":\"config:clear\",\"exit_code\":0,\"arguments\":{\"command\":\"config:clear\"},\"options\":{\"help\":false,\"silent\":false,\"quiet\":false,\"verbose\":false,\"version\":false,\"ansi\":true,\"no-interaction\":false,\"env\":null},\"hostname\":\"modal\"}, 2026-03-16 11:26:01, ?, command, a14fff35-971a-426f-af38-78f080b22cb4)) at /tmp/abdoElHodaky/larvrevrstender/services/auth-service/vendor/laravel/framework/src/Illuminate/Database/Connection.php:838)
[stacktrace]
#0 /tmp/abdoElHodaky/larvrevrstender/services/auth-service/vendor/laravel/framework/src/Illuminate/Database/Connection.php(794): Illuminate\\Database\\Connection->runQueryCallback()
#1 /tmp/abdoElHodaky/larvrevrstender/services/auth-service/vendor/laravel/framework/src/Illuminate/Database/Connection.php(573): Illuminate\\Database\\Connection->run()
#2 /tmp/abdoElHodaky/larvrevrstender/services/auth-service/vendor/laravel/framework/src/Illuminate/Database/Connection.php(537): Illuminate\\Database\\Connection->statement()
#3 /tmp/abdoElHodaky/larvrevrstender/services/auth-service/vendor/laravel/framework/src/Illuminate/Database/Query/Builder.php(4091): Illuminate\\Database\\Connection->insert()
#4 /tmp/abdoElHodaky/larvrevrstender/services/auth-service/vendor/laravel/telescope/src/Storage/DatabaseEntriesRepository.php(145): Illuminate\\Database\\Query\\Builder->insert()
#5 /tmp/abdoElHodaky/larvrevrstender/services/auth-service/vendor/laravel/framework/src/Illuminate/Collections/Traits/EnumeratesValues.php(275): Laravel\\Telescope\\Storage\\DatabaseEntriesRepository->Laravel\\Telescope\\Storage\\{closure}()
#6 /tmp/abdoElHodaky/larvrevrstender/services/auth-service/vendor/laravel/telescope/src/Storage/DatabaseEntriesRepository.php(144): Illuminate\\Support\\Collection->each()
#7 /tmp/abdoElHodaky/larvrevrstender/services/auth-service/vendor/laravel/telescope/src/Telescope.php(664): Laravel\\Telescope\\Storage\\DatabaseEntriesRepository->store()
#8 [internal function]: Laravel\\Telescope\\Telescope::Laravel\\Telescope\\{closure}()
#9 /tmp/abdoElHodaky/larvrevrstender/services/auth-service/vendor/laravel/telescope/src/Telescope.php(289): call_user_func()
#10 /tmp/abdoElHodaky/larvrevrstender/services/auth-service/vendor/laravel/telescope/src/Telescope.php(656): Laravel\\Telescope\\Telescope::withoutRecording()
#11 /tmp/abdoElHodaky/larvrevrstender/services/auth-service/vendor/laravel/telescope/src/ListensForStorageOpportunities.php(65): Laravel\\Telescope\\Telescope::store()
#12 /tmp/abdoElHodaky/larvrevrstender/services/auth-service/vendor/laravel/framework/src/Illuminate/Container/BoundMethod.php(36): Laravel\\Telescope\\Telescope::Laravel\\Telescope\\{closure}()
#13 /tmp/abdoElHodaky/larvrevrstender/services/auth-service/vendor/laravel/framework/src/Illuminate/Container/Util.php(43): Illuminate\\Container\\BoundMethod::Illuminate\\Container\\{closure}()
#14 /tmp/abdoElHodaky/larvrevrstender/services/auth-service/vendor/laravel/framework/src/Illuminate/Container/BoundMethod.php(84): Illuminate\\Container\\Util::unwrapIfClosure()
#15 /tmp/abdoElHodaky/larvrevrstender/services/auth-service/vendor/laravel/framework/src/Illuminate/Container/BoundMethod.php(35): Illuminate\\Container\\BoundMethod::callBoundMethod()
#16 /tmp/abdoElHodaky/larvrevrstender/services/auth-service/vendor/laravel/framework/src/Illuminate/Container/Container.php(799): Illuminate\\Container\\BoundMethod::call()
#17 /tmp/abdoElHodaky/larvrevrstender/services/auth-service/vendor/laravel/framework/src/Illuminate/Foundation/Application.php(1466): Illuminate\\Container\\Container->call()
#18 /tmp/abdoElHodaky/larvrevrstender/services/auth-service/vendor/laravel/framework/src/Illuminate/Foundation/Console/Kernel.php(219): Illuminate\\Foundation\\Application->terminate()
#19 /tmp/abdoElHodaky/larvrevrstender/services/auth-service/artisan(51): Illuminate\\Foundation\\Console\\Kernel->terminate()
#20 {main}

[previous exception] [object] (PDOException(code: 0): could not find driver at /tmp/abdoElHodaky/larvrevrstender/services/auth-service/vendor/laravel/framework/src/Illuminate/Database/Connectors/Connector.php:66)
[stacktrace]
#0 /tmp/abdoElHodaky/larvrevrstender/services/auth-service/vendor/laravel/framework/src/Illuminate/Database/Connectors/Connector.php(66): PDO->__construct()
#1 /tmp/abdoElHodaky/larvrevrstender/services/auth-service/vendor/laravel/framework/src/Illuminate/Database/Connectors/Connector.php(44): Illuminate\\Database\\Connectors\\Connector->createPdoConnection()
#2 /tmp/abdoElHodaky/larvrevrstender/services/auth-service/vendor/laravel/framework/src/Illuminate/Database/Connectors/PostgresConnector.php(35): Illuminate\\Database\\Connectors\\Connector->createConnection()
#3 /tmp/abdoElHodaky/larvrevrstender/services/auth-service/vendor/laravel/framework/src/Illuminate/Database/Connectors/ConnectionFactory.php(186): Illuminate\\Database\\Connectors\\PostgresConnector->connect()
#4 [internal function]: Illuminate\\Database\\Connectors\\ConnectionFactory->Illuminate\\Database\\Connectors\\{closure}()
#5 /tmp/abdoElHodaky/larvrevrstender/services/auth-service/vendor/laravel/framework/src/Illuminate/Database/Connection.php(1257): call_user_func()
#6 /tmp/abdoElHodaky/larvrevrstender/services/auth-service/vendor/laravel/framework/src/Illuminate/Database/Connection.php(578): Illuminate\\Database\\Connection->getPdo()
#7 /tmp/abdoElHodaky/larvrevrstender/services/auth-service/vendor/laravel/framework/src/Illuminate/Database/Connection.php(827): Illuminate\\Database\\Connection->Illuminate\\Database\\{closure}()
#8 /tmp/abdoElHodaky/larvrevrstender/services/auth-service/vendor/laravel/framework/src/Illuminate/Database/Connection.php(794): Illuminate\\Database\\Connection->runQueryCallback()
#9 /tmp/abdoElHodaky/larvrevrstender/services/auth-service/vendor/laravel/framework/src/Illuminate/Database/Connection.php(573): Illuminate\\Database\\Connection->run()
#10 /tmp/abdoElHodaky/larvrevrstender/services/auth-service/vendor/laravel/framework/src/Illuminate/Database/Connection.php(537): Illuminate\\Database\\Connection->statement()
#11 /tmp/abdoElHodaky/larvrevrstender/services/auth-service/vendor/laravel/framework/src/Illuminate/Database/Query/Builder.php(4091): Illuminate\\Database\\Connection->insert()
#12 /tmp/abdoElHodaky/larvrevrstender/services/auth-service/vendor/laravel/telescope/src/Storage/DatabaseEntriesRepository.php(145): Illuminate\\Database\\Query\\Builder->insert()
#13 /tmp/abdoElHodaky/larvrevrstender/services/auth-service/vendor/laravel/framework/src/Illuminate/Collections/Traits/EnumeratesValues.php(275): Laravel\\Telescope\\Storage\\DatabaseEntriesRepository->Laravel\\Telescope\\Storage\\{closure}()
#14 /tmp/abdoElHodaky/larvrevrstender/services/auth-service/vendor/laravel/telescope/src/Storage/DatabaseEntriesRepository.php(144): Illuminate\\Support\\Collection->each()
#15 /tmp/abdoElHodaky/larvrevrstender/services/auth-service/vendor/laravel/telescope/src/Telescope.php(664): Laravel\\Telescope\\Storage\\DatabaseEntriesRepository->store()
#16 [internal function]: Laravel\\Telescope\\Telescope::Laravel\\Telescope\\{closure}()
#17 /tmp/abdoElHodaky/larvrevrstender/services/auth-service/vendor/laravel/telescope/src/Telescope.php(289): call_user_func()
#18 /tmp/abdoElHodaky/larvrevrstender/services/auth-service/vendor/laravel/telescope/src/Telescope.php(656): Laravel\\Telescope\\Telescope::withoutRecording()
#19 /tmp/abdoElHodaky/larvrevrstender/services/auth-service/vendor/laravel/telescope/src/ListensForStorageOpportunities.php(65): Laravel\\Telescope\\Telescope::store()
#20 /tmp/abdoElHodaky/larvrevrstender/services/auth-service/vendor/laravel/framework/src/Illuminate/Container/BoundMethod.php(36): Laravel\\Telescope\\Telescope::Laravel\\Telescope\\{closure}()
#21 /tmp/abdoElHodaky/larvrevrstender/services/auth-service/vendor/laravel/framework/src/Illuminate/Container/Util.php(43): Illuminate\\Container\\BoundMethod::Illuminate\\Container\\{closure}()
#22 /tmp/abdoElHodaky/larvrevrstender/services/auth-service/vendor/laravel/framework/src/Illuminate/Container/BoundMethod.php(84): Illuminate\\Container\\Util::unwrapIfClosure()
#23 /tmp/abdoElHodaky/larvrevrstender/services/auth-service/vendor/laravel/framework/src/Illuminate/Container/BoundMethod.php(35): Illuminate\\Container\\BoundMethod::callBoundMethod()
#24 /tmp/abdoElHodaky/larvrevrstender/services/auth-service/vendor/laravel/framework/src/Illuminate/Container/Container.php(799): Illuminate\\Container\\BoundMethod::call()
#25 /tmp/abdoElHodaky/larvrevrstender/services/auth-service/vendor/laravel/framework/src/Illuminate/Foundation/Application.php(1466): Illuminate\\Container\\Container->call()
#26 /tmp/abdoElHodaky/larvrevrstender/services/auth-service/vendor/laravel/framework/src/Illuminate/Foundation/Console/Kernel.php(219): Illuminate\\Foundation\\Application->terminate()
#27 /tmp/abdoElHodaky/larvrevrstender/services/auth-service/artisan(51): Illuminate\\Foundation\\Console\\Kernel->terminate()
#28 {main}
"} 
[2026-03-16 11:26:02] local.INFO: Procedure registered {"name":"events","class":"Shared\\Procedures\\CrossServiceProcedure","type":"micro"} 
[2026-03-16 11:26:02] local.INFO: Procedure registered {"name":"cache","class":"Shared\\Procedures\\CrossServiceProcedure","type":"micro"} 
[2026-03-16 11:26:02] local.INFO: Procedure registered {"name":"notification","class":"Shared\\Procedures\\CrossServiceProcedure","type":"micro"} 
[2026-03-16 11:26:02] local.INFO: Procedure registered {"name":"validation","class":"Shared\\Procedures\\CrossServiceProcedure","type":"micro"} 
[2026-03-16 11:26:02] local.INFO: Procedure registered {"name":"security","class":"Shared\\Procedures\\CrossServiceProcedure","type":"micro"} 
[2026-03-16 11:26:02] local.INFO: Procedure registered {"name":"circuit_breaker","class":"Shared\\Procedures\\CrossServiceProcedure","type":"micro"} 
[2026-03-16 11:26:02] local.INFO: Procedure registered {"name":"queue_circuit_breaker","class":"Shared\\Procedures\\CrossServiceProcedure","type":"micro"} 
[2026-03-16 11:26:02] local.INFO: Procedure registered {"name":"third_party_integration","class":"Shared\\Procedures\\CrossServiceProcedure","type":"micro"} 
[2026-03-16 11:26:02] local.INFO: Procedure registered {"name":"workflow","class":"Shared\\Procedures\\CrossServiceProcedure","type":"macro"} 
[2026-03-16 11:26:02] testing.INFO: Procedure registered {"name":"events","class":"Shared\\Procedures\\CrossServiceProcedure","type":"micro"} 
[2026-03-16 11:26:02] testing.INFO: Procedure registered {"name":"cache","class":"Shared\\Procedures\\CrossServiceProcedure","type":"micro"} 
[2026-03-16 11:26:02] testing.INFO: Procedure registered {"name":"notification","class":"Shared\\Procedures\\CrossServiceProcedure","type":"micro"} 
[2026-03-16 11:26:02] testing.INFO: Procedure registered {"name":"validation","class":"Shared\\Procedures\\CrossServiceProcedure","type":"micro"} 
[2026-03-16 11:26:02] testing.INFO: Procedure registered {"name":"security","class":"Shared\\Procedures\\CrossServiceProcedure","type":"micro"} 
[2026-03-16 11:26:02] testing.INFO: Procedure registered {"name":"circuit_breaker","class":"Shared\\Procedures\\CrossServiceProcedure","type":"micro"} 
[2026-03-16 11:26:02] testing.INFO: Procedure registered {"name":"queue_circuit_breaker","class":"Shared\\Procedures\\CrossServiceProcedure","type":"micro"} 
[2026-03-16 11:26:02] testing.INFO: Procedure registered {"name":"third_party_integration","class":"Shared\\Procedures\\CrossServiceProcedure","type":"micro"} 
[2026-03-16 11:26:02] testing.INFO: Procedure registered {"name":"workflow","class":"Shared\\Procedures\\CrossServiceProcedure","type":"macro"} 
[2026-03-16 11:26:02] testing.INFO: Procedure registered {"name":"events","class":"Shared\\Procedures\\CrossServiceProcedure","type":"micro"} 
[2026-03-16 11:26:02] testing.INFO: Procedure registered {"name":"cache","class":"Shared\\Procedures\\CrossServiceProcedure","type":"micro"} 
[2026-03-16 11:26:02] testing.INFO: Procedure registered {"name":"notification","class":"Shared\\Procedures\\CrossServiceProcedure","type":"micro"} 
[2026-03-16 11:26:02] testing.INFO: Procedure registered {"name":"validation","class":"Shared\\Procedures\\CrossServiceProcedure","type":"micro"} 
[2026-03-16 11:26:02] testing.INFO: Procedure registered {"name":"security","class":"Shared\\Procedures\\CrossServiceProcedure","type":"micro"} 
[2026-03-16 11:26:02] testing.INFO: Procedure registered {"name":"circuit_breaker","class":"Shared\\Procedures\\CrossServiceProcedure","type":"micro"} 
[2026-03-16 11:26:02] testing.INFO: Procedure registered {"name":"queue_circuit_breaker","class":"Shared\\Procedures\\CrossServiceProcedure","type":"micro"} 
[2026-03-16 11:26:02] testing.INFO: Procedure registered {"name":"third_party_integration","class":"Shared\\Procedures\\CrossServiceProcedure","type":"micro"} 
[2026-03-16 11:26:02] testing.INFO: Procedure registered {"name":"workflow","class":"Shared\\Procedures\\CrossServiceProcedure","type":"macro"} 
[2026-03-16 11:26:02] testing.ERROR: Registration failed: Phone number already registered  
[2026-03-16 11:26:02] testing.INFO: Procedure registered {"name":"events","class":"Shared\\Procedures\\CrossServiceProcedure","type":"micro"} 
[2026-03-16 11:26:02] testing.INFO: Procedure registered {"name":"cache","class":"Shared\\Procedures\\CrossServiceProcedure","type":"micro"} 
[2026-03-16 11:26:02] testing.INFO: Procedure registered {"name":"notification","class":"Shared\\Procedures\\CrossServiceProcedure","type":"micro"} 
[2026-03-16 11:26:02] testing.INFO: Procedure registered {"name":"validation","class":"Shared\\Procedures\\CrossServiceProcedure","type":"micro"} 
[2026-03-16 11:26:02] testing.INFO: Procedure registered {"name":"security","class":"Shared\\Procedures\\CrossServiceProcedure","type":"micro"} 
[2026-03-16 11:26:02] testing.INFO: Procedure registered {"name":"circuit_breaker","class":"Shared\\Procedures\\CrossServiceProcedure","type":"micro"} 
[2026-03-16 11:26:02] testing.INFO: Procedure registered {"name":"queue_circuit_breaker","class":"Shared\\Procedures\\CrossServiceProcedure","type":"micro"} 
[2026-03-16 11:26:02] testing.INFO: Procedure registered {"name":"third_party_integration","class":"Shared\\Procedures\\CrossServiceProcedure","type":"micro"} 
[2026-03-16 11:26:02] testing.INFO: Procedure registered {"name":"workflow","class":"Shared\\Procedures\\CrossServiceProcedure","type":"macro"} 
[2026-03-16 11:26:02] testing.WARNING: Token creation failed, using fallback {"error":"Call to undefined method App\\Models\\User::createToken()"} 
[2026-03-16 11:26:02] testing.INFO: User logged in successfully {"user_id":1,"ip":"127.0.0.1","user_agent":"Symfony"} 
[2026-03-16 11:26:02] testing.INFO: Procedure registered {"name":"events","class":"Shared\\Procedures\\CrossServiceProcedure","type":"micro"} 
[2026-03-16 11:26:02] testing.INFO: Procedure registered {"name":"cache","class":"Shared\\Procedures\\CrossServiceProcedure","type":"micro"} 
[2026-03-16 11:26:02] testing.INFO: Procedure registered {"name":"notification","class":"Shared\\Procedures\\CrossServiceProcedure","type":"micro"} 
[2026-03-16 11:26:02] testing.INFO: Procedure registered {"name":"validation","class":"Shared\\Procedures\\CrossServiceProcedure","type":"micro"} 
[2026-03-16 11:26:02] testing.INFO: Procedure registered {"name":"security","class":"Shared\\Procedures\\CrossServiceProcedure","type":"micro"} 
[2026-03-16 11:26:02] testing.INFO: Procedure registered {"name":"circuit_breaker","class":"Shared\\Procedures\\CrossServiceProcedure","type":"micro"} 
[2026-03-16 11:26:02] testing.INFO: Procedure registered {"name":"queue_circuit_breaker","class":"Shared\\Procedures\\CrossServiceProcedure","type":"micro"} 
[2026-03-16 11:26:02] testing.INFO: Procedure registered {"name":"third_party_integration","class":"Shared\\Procedures\\CrossServiceProcedure","type":"micro"} 
[2026-03-16 11:26:02] testing.INFO: Procedure registered {"name":"workflow","class":"Shared\\Procedures\\CrossServiceProcedure","type":"macro"} 
[2026-03-16 11:26:02] testing.WARNING: Login attempt failed {"identifier":"+966501234567","ip":"127.0.0.1","error":"Account is not active"} 
[2026-03-16 11:26:02] testing.INFO: Procedure registered {"name":"events","class":"Shared\\Procedures\\CrossServiceProcedure","type":"micro"} 
[2026-03-16 11:26:02] testing.INFO: Procedure registered {"name":"cache","class":"Shared\\Procedures\\CrossServiceProcedure","type":"micro"} 
[2026-03-16 11:26:02] testing.INFO: Procedure registered {"name":"notification","class":"Shared\\Procedures\\CrossServiceProcedure","type":"micro"} 
[2026-03-16 11:26:02] testing.INFO: Procedure registered {"name":"validation","class":"Shared\\Procedures\\CrossServiceProcedure","type":"micro"} 
[2026-03-16 11:26:02] testing.INFO: Procedure registered {"name":"security","class":"Shared\\Procedures\\CrossServiceProcedure","type":"micro"} 
[2026-03-16 11:26:02] testing.INFO: Procedure registered {"name":"circuit_breaker","class":"Shared\\Procedures\\CrossServiceProcedure","type":"micro"} 
[2026-03-16 11:26:02] testing.INFO: Procedure registered {"name":"queue_circuit_breaker","class":"Shared\\Procedures\\CrossServiceProcedure","type":"micro"} 
[2026-03-16 11:26:02] testing.INFO: Procedure registered {"name":"third_party_integration","class":"Shared\\Procedures\\CrossServiceProcedure","type":"micro"} 
[2026-03-16 11:26:02] testing.INFO: Procedure registered {"name":"workflow","class":"Shared\\Procedures\\CrossServiceProcedure","type":"macro"} 
[2026-03-16 11:26:02] testing.INFO: Procedure registered {"name":"events","class":"Shared\\Procedures\\CrossServiceProcedure","type":"micro"} 
[2026-03-16 11:26:02] testing.INFO: Procedure registered {"name":"cache","class":"Shared\\Procedures\\CrossServiceProcedure","type":"micro"} 
[2026-03-16 11:26:02] testing.INFO: Procedure registered {"name":"notification","class":"Shared\\Procedures\\CrossServiceProcedure","type":"micro"} 
[2026-03-16 11:26:02] testing.INFO: Procedure registered {"name":"validation","class":"Shared\\Procedures\\CrossServiceProcedure","type":"micro"} 
[2026-03-16 11:26:02] testing.INFO: Procedure registered {"name":"security","class":"Shared\\Procedures\\CrossServiceProcedure","type":"micro"} 
[2026-03-16 11:26:02] testing.INFO: Procedure registered {"name":"circuit_breaker","class":"Shared\\Procedures\\CrossServiceProcedure","type":"micro"} 
[2026-03-16 11:26:02] testing.INFO: Procedure registered {"name":"queue_circuit_breaker","class":"Shared\\Procedures\\CrossServiceProcedure","type":"micro"} 
[2026-03-16 11:26:02] testing.INFO: Procedure registered {"name":"third_party_integration","class":"Shared\\Procedures\\CrossServiceProcedure","type":"micro"} 
[2026-03-16 11:26:02] testing.INFO: Procedure registered {"name":"workflow","class":"Shared\\Procedures\\CrossServiceProcedure","type":"macro"} 
[2026-03-16 11:26:02] testing.WARNING: Token creation failed, using fallback {"error":"Call to undefined method App\\Models\\User::createToken()"} 
[2026-03-16 11:26:02] testing.INFO: User logged in successfully {"user_id":1,"ip":"127.0.0.1","user_agent":"Symfony"} 
[2026-03-16 11:26:02] testing.WARNING: Token creation failed, using fallback {"error":"Call to undefined method App\\Models\\User::createToken()"} 
[2026-03-16 11:26:02] testing.INFO: User logged in successfully {"user_id":1,"ip":"127.0.0.1","user_agent":"Symfony"} 
[2026-03-16 11:26:02] local.ERROR: could not find driver (Connection: pgsql, Host: 127.0.0.1, Port: 5432, Database: auth_service, SQL: insert into "telescope_entries" ("batch_id", "content", "created_at", "family_hash", "type", "uuid") values (a14fff37-05eb-4de7-9353-88bd884d5906, {"level":"info","message":"Procedure registered","context":{"name":"events","class":"Shared\\Procedures\\CrossServiceProcedure","type":"micro"},"hostname":"modal"}, 2026-03-16 11:26:02, ?, log, a14fff35-f9f3-49c4-9d1e-96d4759d28af), (a14fff37-05eb-4de7-9353-88bd884d5906, {"level":"info","message":"Procedure registered","context":{"name":"cache","class":"Shared\\Procedures\\CrossServiceProcedure","type":"micro"},"hostname":"modal"}, 2026-03-16 11:26:02, ?, log, a14fff35-fbb5-44d8-9b81-baa1ccd312dc), (a14fff37-05eb-4de7-9353-88bd884d5906, {"level":"info","message":"Procedure registered","context":{"name":"notification","class":"Shared\\Procedures\\CrossServiceProcedure","type":"micro"},"hostname":"modal"}, 2026-03-16 11:26:02, ?, log, a14fff35-fbd5-4298-9235-9ab117e6f768), (a14fff37-05eb-4de7-9353-88bd884d5906, {"level":"info","message":"Procedure registered","context":{"name":"validation","class":"Shared\\Procedures\\CrossServiceProcedure","type":"micro"},"hostname":"modal"}, 2026-03-16 11:26:02, ?, log, a14fff35-fbf0-476e-8679-e5ef840fabf5), (a14fff37-05eb-4de7-9353-88bd884d5906, {"level":"info","message":"Procedure registered","context":{"name":"security","class":"Shared\\Procedures\\CrossServiceProcedure","type":"micro"},"hostname":"modal"}, 2026-03-16 11:26:02, ?, log, a14fff35-fc08-4434-8176-bb1db17859f3), (a14fff37-05eb-4de7-9353-88bd884d5906, {"level":"info","message":"Procedure registered","context":{"name":"circuit_breaker","class":"Shared\\Procedures\\CrossServiceProcedure","type":"micro"},"hostname":"modal"}, 2026-03-16 11:26:02, ?, log, a14fff35-fc1f-4ed8-9700-654b0b325f3e), (a14fff37-05eb-4de7-9353-88bd884d5906, {"level":"info","message":"Procedure registered","context":{"name":"queue_circuit_breaker","class":"Shared\\Procedures\\CrossServiceProcedure","type":"micro"},"hostname":"modal"}, 2026-03-16 11:26:02, ?, log, a14fff35-fc38-4fbf-b6bf-f5179a23b3b1), (a14fff37-05eb-4de7-9353-88bd884d5906, {"level":"info","message":"Procedure registered","context":{"name":"third_party_integration","class":"Shared\\Procedures\\CrossServiceProcedure","type":"micro"},"hostname":"modal"}, 2026-03-16 11:26:02, ?, log, a14fff35-fc4e-4916-87a5-4f97c95e57a9), (a14fff37-05eb-4de7-9353-88bd884d5906, {"level":"info","message":"Procedure registered","context":{"name":"workflow","class":"Shared\\Procedures\\CrossServiceProcedure","type":"macro"},"hostname":"modal"}, 2026-03-16 11:26:02, ?, log, a14fff35-fc64-46e9-96d0-3d19bde9fb90), (a14fff37-05eb-4de7-9353-88bd884d5906, {"command":"test","exit_code":0,"arguments":{"command":"test"},"options":{"without-tty":false,"compact":false,"coverage":false,"min":null,"parallel":false,"profile":false,"recreate-databases":false,"drop-databases":false,"without-databases":false,"help":false,"silent":false,"quiet":false,"verbose":false,"version":false,"ansi":null,"no-interaction":false,"env":null},"hostname":"modal"}, 2026-03-16 11:26:02, ?, command, a14fff37-04de-41d6-b1fe-d034519a86e7)) {"exception":"[object] (Illuminate\\Database\\QueryException(code: 0): could not find driver (Connection: pgsql, Host: 127.0.0.1, Port: 5432, Database: auth_service, SQL: insert into \"telescope_entries\" (\"batch_id\", \"content\", \"created_at\", \"family_hash\", \"type\", \"uuid\") values (a14fff37-05eb-4de7-9353-88bd884d5906, {\"level\":\"info\",\"message\":\"Procedure registered\",\"context\":{\"name\":\"events\",\"class\":\"Shared\\\\Procedures\\\\CrossServiceProcedure\",\"type\":\"micro\"},\"hostname\":\"modal\"}, 2026-03-16 11:26:02, ?, log, a14fff35-f9f3-49c4-9d1e-96d4759d28af), (a14fff37-05eb-4de7-9353-88bd884d5906, {\"level\":\"info\",\"message\":\"Procedure registered\",\"context\":{\"name\":\"cache\",\"class\":\"Shared\\\\Procedures\\\\CrossServiceProcedure\",\"type\":\"micro\"},\"hostname\":\"modal\"}, 2026-03-16 11:26:02, ?, log, a14fff35-fbb5-44d8-9b81-baa1ccd312dc), (a14fff37-05eb-4de7-9353-88bd884d5906, {\"level\":\"info\",\"message\":\"Procedure registered\",\"context\":{\"name\":\"notification\",\"class\":\"Shared\\\\Procedures\\\\CrossServiceProcedure\",\"type\":\"micro\"},\"hostname\":\"modal\"}, 2026-03-16 11:26:02, ?, log, a14fff35-fbd5-4298-9235-9ab117e6f768), (a14fff37-05eb-4de7-9353-88bd884d5906, {\"level\":\"info\",\"message\":\"Procedure registered\",\"context\":{\"name\":\"validation\",\"class\":\"Shared\\\\Procedures\\\\CrossServiceProcedure\",\"type\":\"micro\"},\"hostname\":\"modal\"}, 2026-03-16 11:26:02, ?, log, a14fff35-fbf0-476e-8679-e5ef840fabf5), (a14fff37-05eb-4de7-9353-88bd884d5906, {\"level\":\"info\",\"message\":\"Procedure registered\",\"context\":{\"name\":\"security\",\"class\":\"Shared\\\\Procedures\\\\CrossServiceProcedure\",\"type\":\"micro\"},\"hostname\":\"modal\"}, 2026-03-16 11:26:02, ?, log, a14fff35-fc08-4434-8176-bb1db17859f3), (a14fff37-05eb-4de7-9353-88bd884d5906, {\"level\":\"info\",\"message\":\"Procedure registered\",\"context\":{\"name\":\"circuit_breaker\",\"class\":\"Shared\\\\Procedures\\\\CrossServiceProcedure\",\"type\":\"micro\"},\"hostname\":\"modal\"}, 2026-03-16 11:26:02, ?, log, a14fff35-fc1f-4ed8-9700-654b0b325f3e), (a14fff37-05eb-4de7-9353-88bd884d5906, {\"level\":\"info\",\"message\":\"Procedure registered\",\"context\":{\"name\":\"queue_circuit_breaker\",\"class\":\"Shared\\\\Procedures\\\\CrossServiceProcedure\",\"type\":\"micro\"},\"hostname\":\"modal\"}, 2026-03-16 11:26:02, ?, log, a14fff35-fc38-4fbf-b6bf-f5179a23b3b1), (a14fff37-05eb-4de7-9353-88bd884d5906, {\"level\":\"info\",\"message\":\"Procedure registered\",\"context\":{\"name\":\"third_party_integration\",\"class\":\"Shared\\\\Procedures\\\\CrossServiceProcedure\",\"type\":\"micro\"},\"hostname\":\"modal\"}, 2026-03-16 11:26:02, ?, log, a14fff35-fc4e-4916-87a5-4f97c95e57a9), (a14fff37-05eb-4de7-9353-88bd884d5906, {\"level\":\"info\",\"message\":\"Procedure registered\",\"context\":{\"name\":\"workflow\",\"class\":\"Shared\\\\Procedures\\\\CrossServiceProcedure\",\"type\":\"macro\"},\"hostname\":\"modal\"}, 2026-03-16 11:26:02, ?, log, a14fff35-fc64-46e9-96d0-3d19bde9fb90), (a14fff37-05eb-4de7-9353-88bd884d5906, {\"command\":\"test\",\"exit_code\":0,\"arguments\":{\"command\":\"test\"},\"options\":{\"without-tty\":false,\"compact\":false,\"coverage\":false,\"min\":null,\"parallel\":false,\"profile\":false,\"recreate-databases\":false,\"drop-databases\":false,\"without-databases\":false,\"help\":false,\"silent\":false,\"quiet\":false,\"verbose\":false,\"version\":false,\"ansi\":null,\"no-interaction\":false,\"env\":null},\"hostname\":\"modal\"}, 2026-03-16 11:26:02, ?, command, a14fff37-04de-41d6-b1fe-d034519a86e7)) at /tmp/abdoElHodaky/larvrevrstender/services/auth-service/vendor/laravel/framework/src/Illuminate/Database/Connection.php:838)
[stacktrace]
#0 /tmp/abdoElHodaky/larvrevrstender/services/auth-service/vendor/laravel/framework/src/Illuminate/Database/Connection.php(794): Illuminate\\Database\\Connection->runQueryCallback()
#1 /tmp/abdoElHodaky/larvrevrstender/services/auth-service/vendor/laravel/framework/src/Illuminate/Database/Connection.php(573): Illuminate\\Database\\Connection->run()
#2 /tmp/abdoElHodaky/larvrevrstender/services/auth-service/vendor/laravel/framework/src/Illuminate/Database/Connection.php(537): Illuminate\\Database\\Connection->statement()
#3 /tmp/abdoElHodaky/larvrevrstender/services/auth-service/vendor/laravel/framework/src/Illuminate/Database/Query/Builder.php(4091): Illuminate\\Database\\Connection->insert()
#4 /tmp/abdoElHodaky/larvrevrstender/services/auth-service/vendor/laravel/telescope/src/Storage/DatabaseEntriesRepository.php(145): Illuminate\\Database\\Query\\Builder->insert()
#5 /tmp/abdoElHodaky/larvrevrstender/services/auth-service/vendor/laravel/framework/src/Illuminate/Collections/Traits/EnumeratesValues.php(275): Laravel\\Telescope\\Storage\\DatabaseEntriesRepository->Laravel\\Telescope\\Storage\\{closure}()
#6 /tmp/abdoElHodaky/larvrevrstender/services/auth-service/vendor/laravel/telescope/src/Storage/DatabaseEntriesRepository.php(144): Illuminate\\Support\\Collection->each()
#7 /tmp/abdoElHodaky/larvrevrstender/services/auth-service/vendor/laravel/telescope/src/Telescope.php(664): Laravel\\Telescope\\Storage\\DatabaseEntriesRepository->store()
#8 [internal function]: Laravel\\Telescope\\Telescope::Laravel\\Telescope\\{closure}()
#9 /tmp/abdoElHodaky/larvrevrstender/services/auth-service/vendor/laravel/telescope/src/Telescope.php(289): call_user_func()
#10 /tmp/abdoElHodaky/larvrevrstender/services/auth-service/vendor/laravel/telescope/src/Telescope.php(656): Laravel\\Telescope\\Telescope::withoutRecording()
#11 /tmp/abdoElHodaky/larvrevrstender/services/auth-service/vendor/laravel/telescope/src/ListensForStorageOpportunities.php(65): Laravel\\Telescope\\Telescope::store()
#12 /tmp/abdoElHodaky/larvrevrstender/services/auth-service/vendor/laravel/framework/src/Illuminate/Container/BoundMethod.php(36): Laravel\\Telescope\\Telescope::Laravel\\Telescope\\{closure}()
#13 /tmp/abdoElHodaky/larvrevrstender/services/auth-service/vendor/laravel/framework/src/Illuminate/Container/Util.php(43): Illuminate\\Container\\BoundMethod::Illuminate\\Container\\{closure}()
#14 /tmp/abdoElHodaky/larvrevrstender/services/auth-service/vendor/laravel/framework/src/Illuminate/Container/BoundMethod.php(84): Illuminate\\Container\\Util::unwrapIfClosure()
#15 /tmp/abdoElHodaky/larvrevrstender/services/auth-service/vendor/laravel/framework/src/Illuminate/Container/BoundMethod.php(35): Illuminate\\Container\\BoundMethod::callBoundMethod()
#16 /tmp/abdoElHodaky/larvrevrstender/services/auth-service/vendor/laravel/framework/src/Illuminate/Container/Container.php(799): Illuminate\\Container\\BoundMethod::call()
#17 /tmp/abdoElHodaky/larvrevrstender/services/auth-service/vendor/laravel/framework/src/Illuminate/Foundation/Application.php(1466): Illuminate\\Container\\Container->call()
#18 /tmp/abdoElHodaky/larvrevrstender/services/auth-service/vendor/laravel/framework/src/Illuminate/Foundation/Console/Kernel.php(219): Illuminate\\Foundation\\Application->terminate()
#19 /tmp/abdoElHodaky/larvrevrstender/services/auth-service/artisan(51): Illuminate\\Foundation\\Console\\Kernel->terminate()
#20 {main}

[previous exception] [object] (PDOException(code: 0): could not find driver at /tmp/abdoElHodaky/larvrevrstender/services/auth-service/vendor/laravel/framework/src/Illuminate/Database/Connectors/Connector.php:66)
[stacktrace]
#0 /tmp/abdoElHodaky/larvrevrstender/services/auth-service/vendor/laravel/framework/src/Illuminate/Database/Connectors/Connector.php(66): PDO->__construct()
#1 /tmp/abdoElHodaky/larvrevrstender/services/auth-service/vendor/laravel/framework/src/Illuminate/Database/Connectors/Connector.php(44): Illuminate\\Database\\Connectors\\Connector->createPdoConnection()
#2 /tmp/abdoElHodaky/larvrevrstender/services/auth-service/vendor/laravel/framework/src/Illuminate/Database/Connectors/PostgresConnector.php(35): Illuminate\\Database\\Connectors\\Connector->createConnection()
#3 /tmp/abdoElHodaky/larvrevrstender/services/auth-service/vendor/laravel/framework/src/Illuminate/Database/Connectors/ConnectionFactory.php(186): Illuminate\\Database\\Connectors\\PostgresConnector->connect()
#4 [internal function]: Illuminate\\Database\\Connectors\\ConnectionFactory->Illuminate\\Database\\Connectors\\{closure}()
#5 /tmp/abdoElHodaky/larvrevrstender/services/auth-service/vendor/laravel/framework/src/Illuminate/Database/Connection.php(1257): call_user_func()
#6 /tmp/abdoElHodaky/larvrevrstender/services/auth-service/vendor/laravel/framework/src/Illuminate/Database/Connection.php(578): Illuminate\\Database\\Connection->getPdo()
#7 /tmp/abdoElHodaky/larvrevrstender/services/auth-service/vendor/laravel/framework/src/Illuminate/Database/Connection.php(827): Illuminate\\Database\\Connection->Illuminate\\Database\\{closure}()
#8 /tmp/abdoElHodaky/larvrevrstender/services/auth-service/vendor/laravel/framework/src/Illuminate/Database/Connection.php(794): Illuminate\\Database\\Connection->runQueryCallback()
#9 /tmp/abdoElHodaky/larvrevrstender/services/auth-service/vendor/laravel/framework/src/Illuminate/Database/Connection.php(573): Illuminate\\Database\\Connection->run()
#10 /tmp/abdoElHodaky/larvrevrstender/services/auth-service/vendor/laravel/framework/src/Illuminate/Database/Connection.php(537): Illuminate\\Database\\Connection->statement()
#11 /tmp/abdoElHodaky/larvrevrstender/services/auth-service/vendor/laravel/framework/src/Illuminate/Database/Query/Builder.php(4091): Illuminate\\Database\\Connection->insert()
#12 /tmp/abdoElHodaky/larvrevrstender/services/auth-service/vendor/laravel/telescope/src/Storage/DatabaseEntriesRepository.php(145): Illuminate\\Database\\Query\\Builder->insert()
#13 /tmp/abdoElHodaky/larvrevrstender/services/auth-service/vendor/laravel/framework/src/Illuminate/Collections/Traits/EnumeratesValues.php(275): Laravel\\Telescope\\Storage\\DatabaseEntriesRepository->Laravel\\Telescope\\Storage\\{closure}()
#14 /tmp/abdoElHodaky/larvrevrstender/services/auth-service/vendor/laravel/telescope/src/Storage/DatabaseEntriesRepository.php(144): Illuminate\\Support\\Collection->each()
#15 /tmp/abdoElHodaky/larvrevrstender/services/auth-service/vendor/laravel/telescope/src/Telescope.php(664): Laravel\\Telescope\\Storage\\DatabaseEntriesRepository->store()
#16 [internal function]: Laravel\\Telescope\\Telescope::Laravel\\Telescope\\{closure}()
#17 /tmp/abdoElHodaky/larvrevrstender/services/auth-service/vendor/laravel/telescope/src/Telescope.php(289): call_user_func()
#18 /tmp/abdoElHodaky/larvrevrstender/services/auth-service/vendor/laravel/telescope/src/Telescope.php(656): Laravel\\Telescope\\Telescope::withoutRecording()
#19 /tmp/abdoElHodaky/larvrevrstender/services/auth-service/vendor/laravel/telescope/src/ListensForStorageOpportunities.php(65): Laravel\\Telescope\\Telescope::store()
#20 /tmp/abdoElHodaky/larvrevrstender/services/auth-service/vendor/laravel/framework/src/Illuminate/Container/BoundMethod.php(36): Laravel\\Telescope\\Telescope::Laravel\\Telescope\\{closure}()
#21 /tmp/abdoElHodaky/larvrevrstender/services/auth-service/vendor/laravel/framework/src/Illuminate/Container/Util.php(43): Illuminate\\Container\\BoundMethod::Illuminate\\Container\\{closure}()
#22 /tmp/abdoElHodaky/larvrevrstender/services/auth-service/vendor/laravel/framework/src/Illuminate/Container/BoundMethod.php(84): Illuminate\\Container\\Util::unwrapIfClosure()
#23 /tmp/abdoElHodaky/larvrevrstender/services/auth-service/vendor/laravel/framework/src/Illuminate/Container/BoundMethod.php(35): Illuminate\\Container\\BoundMethod::callBoundMethod()
#24 /tmp/abdoElHodaky/larvrevrstender/services/auth-service/vendor/laravel/framework/src/Illuminate/Container/Container.php(799): Illuminate\\Container\\BoundMethod::call()
#25 /tmp/abdoElHodaky/larvrevrstender/services/auth-service/vendor/laravel/framework/src/Illuminate/Foundation/Application.php(1466): Illuminate\\Container\\Container->call()
#26 /tmp/abdoElHodaky/larvrevrstender/services/auth-service/vendor/laravel/framework/src/Illuminate/Foundation/Console/Kernel.php(219): Illuminate\\Foundation\\Application->terminate()
#27 /tmp/abdoElHodaky/larvrevrstender/services/auth-service/artisan(51): Illuminate\\Foundation\\Console\\Kernel->terminate()
#28 {main}
"} 
[2026-03-16 12:13:37] local.INFO: Procedure registered {"name":"events","class":"Shared\\Procedures\\CrossServiceProcedure","type":"micro"} 
[2026-03-16 12:13:37] local.INFO: Procedure registered {"name":"cache","class":"Shared\\Procedures\\CrossServiceProcedure","type":"micro"} 
[2026-03-16 12:13:37] local.INFO: Procedure registered {"name":"notification","class":"Shared\\Procedures\\CrossServiceProcedure","type":"micro"} 
[2026-03-16 12:13:37] local.INFO: Procedure registered {"name":"validation","class":"Shared\\Procedures\\CrossServiceProcedure","type":"micro"} 
[2026-03-16 12:13:37] local.INFO: Procedure registered {"name":"security","class":"Shared\\Procedures\\CrossServiceProcedure","type":"micro"} 
[2026-03-16 12:13:37] local.INFO: Procedure registered {"name":"circuit_breaker","class":"Shared\\Procedures\\CrossServiceProcedure","type":"micro"} 
[2026-03-16 12:13:37] local.INFO: Procedure registered {"name":"queue_circuit_breaker","class":"Shared\\Procedures\\CrossServiceProcedure","type":"micro"} 
[2026-03-16 12:13:37] local.INFO: Procedure registered {"name":"third_party_integration","class":"Shared\\Procedures\\CrossServiceProcedure","type":"micro"} 
[2026-03-16 12:13:37] local.INFO: Procedure registered {"name":"workflow","class":"Shared\\Procedures\\CrossServiceProcedure","type":"macro"} 
[2026-03-16 12:13:37] local.ERROR: could not find driver (Connection: pgsql, Host: 127.0.0.1, Port: 5432, Database: auth_service, SQL: insert into "telescope_entries" ("batch_id", "content", "created_at", "family_hash", "type", "uuid") values (a150103a-63d0-463c-bcdd-e67f3592a1a0, {"level":"info","message":"Procedure registered","context":{"name":"events","class":"Shared\\Procedures\\CrossServiceProcedure","type":"micro"},"hostname":"modal"}, 2026-03-16 12:13:37, ?, log, a150103a-304b-4d3a-9caf-ba305bd75fe9), (a150103a-63d0-463c-bcdd-e67f3592a1a0, {"level":"info","message":"Procedure registered","context":{"name":"cache","class":"Shared\\Procedures\\CrossServiceProcedure","type":"micro"},"hostname":"modal"}, 2026-03-16 12:13:37, ?, log, a150103a-3291-48ba-8a0f-6f644e062060), (a150103a-63d0-463c-bcdd-e67f3592a1a0, {"level":"info","message":"Procedure registered","context":{"name":"notification","class":"Shared\\Procedures\\CrossServiceProcedure","type":"micro"},"hostname":"modal"}, 2026-03-16 12:13:37, ?, log, a150103a-32c0-4631-a06c-d5c273f0a3de), (a150103a-63d0-463c-bcdd-e67f3592a1a0, {"level":"info","message":"Procedure registered","context":{"name":"validation","class":"Shared\\Procedures\\CrossServiceProcedure","type":"micro"},"hostname":"modal"}, 2026-03-16 12:13:37, ?, log, a150103a-32ea-4bd0-9a53-4a115f7b6193), (a150103a-63d0-463c-bcdd-e67f3592a1a0, {"level":"info","message":"Procedure registered","context":{"name":"security","class":"Shared\\Procedures\\CrossServiceProcedure","type":"micro"},"hostname":"modal"}, 2026-03-16 12:13:37, ?, log, a150103a-330c-4a95-8586-c66e270d5a84), (a150103a-63d0-463c-bcdd-e67f3592a1a0, {"level":"info","message":"Procedure registered","context":{"name":"circuit_breaker","class":"Shared\\Procedures\\CrossServiceProcedure","type":"micro"},"hostname":"modal"}, 2026-03-16 12:13:37, ?, log, a150103a-332b-4c02-82f5-c7e9a42b4578), (a150103a-63d0-463c-bcdd-e67f3592a1a0, {"level":"info","message":"Procedure registered","context":{"name":"queue_circuit_breaker","class":"Shared\\Procedures\\CrossServiceProcedure","type":"micro"},"hostname":"modal"}, 2026-03-16 12:13:37, ?, log, a150103a-334d-460d-9f20-ff1e5692770b), (a150103a-63d0-463c-bcdd-e67f3592a1a0, {"level":"info","message":"Procedure registered","context":{"name":"third_party_integration","class":"Shared\\Procedures\\CrossServiceProcedure","type":"micro"},"hostname":"modal"}, 2026-03-16 12:13:37, ?, log, a150103a-336d-4406-8983-a1589d10ded7), (a150103a-63d0-463c-bcdd-e67f3592a1a0, {"level":"info","message":"Procedure registered","context":{"name":"workflow","class":"Shared\\Procedures\\CrossServiceProcedure","type":"macro"},"hostname":"modal"}, 2026-03-16 12:13:37, ?, log, a150103a-338d-4d3f-a7a6-171a2d398883)) {"exception":"[object] (Illuminate\\Database\\QueryException(code: 0): could not find driver (Connection: pgsql, Host: 127.0.0.1, Port: 5432, Database: auth_service, SQL: insert into \"telescope_entries\" (\"batch_id\", \"content\", \"created_at\", \"family_hash\", \"type\", \"uuid\") values (a150103a-63d0-463c-bcdd-e67f3592a1a0, {\"level\":\"info\",\"message\":\"Procedure registered\",\"context\":{\"name\":\"events\",\"class\":\"Shared\\\\Procedures\\\\CrossServiceProcedure\",\"type\":\"micro\"},\"hostname\":\"modal\"}, 2026-03-16 12:13:37, ?, log, a150103a-304b-4d3a-9caf-ba305bd75fe9), (a150103a-63d0-463c-bcdd-e67f3592a1a0, {\"level\":\"info\",\"message\":\"Procedure registered\",\"context\":{\"name\":\"cache\",\"class\":\"Shared\\\\Procedures\\\\CrossServiceProcedure\",\"type\":\"micro\"},\"hostname\":\"modal\"}, 2026-03-16 12:13:37, ?, log, a150103a-3291-48ba-8a0f-6f644e062060), (a150103a-63d0-463c-bcdd-e67f3592a1a0, {\"level\":\"info\",\"message\":\"Procedure registered\",\"context\":{\"name\":\"notification\",\"class\":\"Shared\\\\Procedures\\\\CrossServiceProcedure\",\"type\":\"micro\"},\"hostname\":\"modal\"}, 2026-03-16 12:13:37, ?, log, a150103a-32c0-4631-a06c-d5c273f0a3de), (a150103a-63d0-463c-bcdd-e67f3592a1a0, {\"level\":\"info\",\"message\":\"Procedure registered\",\"context\":{\"name\":\"validation\",\"class\":\"Shared\\\\Procedures\\\\CrossServiceProcedure\",\"type\":\"micro\"},\"hostname\":\"modal\"}, 2026-03-16 12:13:37, ?, log, a150103a-32ea-4bd0-9a53-4a115f7b6193), (a150103a-63d0-463c-bcdd-e67f3592a1a0, {\"level\":\"info\",\"message\":\"Procedure registered\",\"context\":{\"name\":\"security\",\"class\":\"Shared\\\\Procedures\\\\CrossServiceProcedure\",\"type\":\"micro\"},\"hostname\":\"modal\"}, 2026-03-16 12:13:37, ?, log, a150103a-330c-4a95-8586-c66e270d5a84), (a150103a-63d0-463c-bcdd-e67f3592a1a0, {\"level\":\"info\",\"message\":\"Procedure registered\",\"context\":{\"name\":\"circuit_breaker\",\"class\":\"Shared\\\\Procedures\\\\CrossServiceProcedure\",\"type\":\"micro\"},\"hostname\":\"modal\"}, 2026-03-16 12:13:37, ?, log, a150103a-332b-4c02-82f5-c7e9a42b4578), (a150103a-63d0-463c-bcdd-e67f3592a1a0, {\"level\":\"info\",\"message\":\"Procedure registered\",\"context\":{\"name\":\"queue_circuit_breaker\",\"class\":\"Shared\\\\Procedures\\\\CrossServiceProcedure\",\"type\":\"micro\"},\"hostname\":\"modal\"}, 2026-03-16 12:13:37, ?, log, a150103a-334d-460d-9f20-ff1e5692770b), (a150103a-63d0-463c-bcdd-e67f3592a1a0, {\"level\":\"info\",\"message\":\"Procedure registered\",\"context\":{\"name\":\"third_party_integration\",\"class\":\"Shared\\\\Procedures\\\\CrossServiceProcedure\",\"type\":\"micro\"},\"hostname\":\"modal\"}, 2026-03-16 12:13:37, ?, log, a150103a-336d-4406-8983-a1589d10ded7), (a150103a-63d0-463c-bcdd-e67f3592a1a0, {\"level\":\"info\",\"message\":\"Procedure registered\",\"context\":{\"name\":\"workflow\",\"class\":\"Shared\\\\Procedures\\\\CrossServiceProcedure\",\"type\":\"macro\"},\"hostname\":\"modal\"}, 2026-03-16 12:13:37, ?, log, a150103a-338d-4d3f-a7a6-171a2d398883)) at /tmp/abdoElHodaky/larvrevrstender/services/auth-service/vendor/laravel/framework/src/Illuminate/Database/Connection.php:838)
[stacktrace]
#0 /tmp/abdoElHodaky/larvrevrstender/services/auth-service/vendor/laravel/framework/src/Illuminate/Database/Connection.php(794): Illuminate\\Database\\Connection->runQueryCallback()
#1 /tmp/abdoElHodaky/larvrevrstender/services/auth-service/vendor/laravel/framework/src/Illuminate/Database/Connection.php(573): Illuminate\\Database\\Connection->run()
#2 /tmp/abdoElHodaky/larvrevrstender/services/auth-service/vendor/laravel/framework/src/Illuminate/Database/Connection.php(537): Illuminate\\Database\\Connection->statement()
#3 /tmp/abdoElHodaky/larvrevrstender/services/auth-service/vendor/laravel/framework/src/Illuminate/Database/Query/Builder.php(4091): Illuminate\\Database\\Connection->insert()
#4 /tmp/abdoElHodaky/larvrevrstender/services/auth-service/vendor/laravel/telescope/src/Storage/DatabaseEntriesRepository.php(145): Illuminate\\Database\\Query\\Builder->insert()
#5 /tmp/abdoElHodaky/larvrevrstender/services/auth-service/vendor/laravel/framework/src/Illuminate/Collections/Traits/EnumeratesValues.php(275): Laravel\\Telescope\\Storage\\DatabaseEntriesRepository->Laravel\\Telescope\\Storage\\{closure}()
#6 /tmp/abdoElHodaky/larvrevrstender/services/auth-service/vendor/laravel/telescope/src/Storage/DatabaseEntriesRepository.php(144): Illuminate\\Support\\Collection->each()
#7 /tmp/abdoElHodaky/larvrevrstender/services/auth-service/vendor/laravel/telescope/src/Telescope.php(664): Laravel\\Telescope\\Storage\\DatabaseEntriesRepository->store()
#8 [internal function]: Laravel\\Telescope\\Telescope::Laravel\\Telescope\\{closure}()
#9 /tmp/abdoElHodaky/larvrevrstender/services/auth-service/vendor/laravel/telescope/src/Telescope.php(289): call_user_func()
#10 /tmp/abdoElHodaky/larvrevrstender/services/auth-service/vendor/laravel/telescope/src/Telescope.php(656): Laravel\\Telescope\\Telescope::withoutRecording()
#11 /tmp/abdoElHodaky/larvrevrstender/services/auth-service/vendor/laravel/telescope/src/ListensForStorageOpportunities.php(65): Laravel\\Telescope\\Telescope::store()
#12 /tmp/abdoElHodaky/larvrevrstender/services/auth-service/vendor/laravel/framework/src/Illuminate/Container/BoundMethod.php(36): Laravel\\Telescope\\Telescope::Laravel\\Telescope\\{closure}()
#13 /tmp/abdoElHodaky/larvrevrstender/services/auth-service/vendor/laravel/framework/src/Illuminate/Container/Util.php(43): Illuminate\\Container\\BoundMethod::Illuminate\\Container\\{closure}()
#14 /tmp/abdoElHodaky/larvrevrstender/services/auth-service/vendor/laravel/framework/src/Illuminate/Container/BoundMethod.php(84): Illuminate\\Container\\Util::unwrapIfClosure()
#15 /tmp/abdoElHodaky/larvrevrstender/services/auth-service/vendor/laravel/framework/src/Illuminate/Container/BoundMethod.php(35): Illuminate\\Container\\BoundMethod::callBoundMethod()
#16 /tmp/abdoElHodaky/larvrevrstender/services/auth-service/vendor/laravel/framework/src/Illuminate/Container/Container.php(799): Illuminate\\Container\\BoundMethod::call()
#17 /tmp/abdoElHodaky/larvrevrstender/services/auth-service/vendor/laravel/framework/src/Illuminate/Foundation/Application.php(1466): Illuminate\\Container\\Container->call()
#18 /tmp/abdoElHodaky/larvrevrstender/services/auth-service/vendor/laravel/framework/src/Illuminate/Foundation/Console/Kernel.php(219): Illuminate\\Foundation\\Application->terminate()
#19 /tmp/abdoElHodaky/larvrevrstender/services/auth-service/artisan(51): Illuminate\\Foundation\\Console\\Kernel->terminate()
#20 {main}

[previous exception] [object] (PDOException(code: 0): could not find driver at /tmp/abdoElHodaky/larvrevrstender/services/auth-service/vendor/laravel/framework/src/Illuminate/Database/Connectors/Connector.php:66)
[stacktrace]
#0 /tmp/abdoElHodaky/larvrevrstender/services/auth-service/vendor/laravel/framework/src/Illuminate/Database/Connectors/Connector.php(66): PDO->__construct()
#1 /tmp/abdoElHodaky/larvrevrstender/services/auth-service/vendor/laravel/framework/src/Illuminate/Database/Connectors/Connector.php(44): Illuminate\\Database\\Connectors\\Connector->createPdoConnection()
#2 /tmp/abdoElHodaky/larvrevrstender/services/auth-service/vendor/laravel/framework/src/Illuminate/Database/Connectors/PostgresConnector.php(35): Illuminate\\Database\\Connectors\\Connector->createConnection()
#3 /tmp/abdoElHodaky/larvrevrstender/services/auth-service/vendor/laravel/framework/src/Illuminate/Database/Connectors/ConnectionFactory.php(186): Illuminate\\Database\\Connectors\\PostgresConnector->connect()
#4 [internal function]: Illuminate\\Database\\Connectors\\ConnectionFactory->Illuminate\\Database\\Connectors\\{closure}()
#5 /tmp/abdoElHodaky/larvrevrstender/services/auth-service/vendor/laravel/framework/src/Illuminate/Database/Connection.php(1257): call_user_func()
#6 /tmp/abdoElHodaky/larvrevrstender/services/auth-service/vendor/laravel/framework/src/Illuminate/Database/Connection.php(578): Illuminate\\Database\\Connection->getPdo()
#7 /tmp/abdoElHodaky/larvrevrstender/services/auth-service/vendor/laravel/framework/src/Illuminate/Database/Connection.php(827): Illuminate\\Database\\Connection->Illuminate\\Database\\{closure}()
#8 /tmp/abdoElHodaky/larvrevrstender/services/auth-service/vendor/laravel/framework/src/Illuminate/Database/Connection.php(794): Illuminate\\Database\\Connection->runQueryCallback()
#9 /tmp/abdoElHodaky/larvrevrstender/services/auth-service/vendor/laravel/framework/src/Illuminate/Database/Connection.php(573): Illuminate\\Database\\Connection->run()
#10 /tmp/abdoElHodaky/larvrevrstender/services/auth-service/vendor/laravel/framework/src/Illuminate/Database/Connection.php(537): Illuminate\\Database\\Connection->statement()
#11 /tmp/abdoElHodaky/larvrevrstender/services/auth-service/vendor/laravel/framework/src/Illuminate/Database/Query/Builder.php(4091): Illuminate\\Database\\Connection->insert()
#12 /tmp/abdoElHodaky/larvrevrstender/services/auth-service/vendor/laravel/telescope/src/Storage/DatabaseEntriesRepository.php(145): Illuminate\\Database\\Query\\Builder->insert()
#13 /tmp/abdoElHodaky/larvrevrstender/services/auth-service/vendor/laravel/framework/src/Illuminate/Collections/Traits/EnumeratesValues.php(275): Laravel\\Telescope\\Storage\\DatabaseEntriesRepository->Laravel\\Telescope\\Storage\\{closure}()
#14 /tmp/abdoElHodaky/larvrevrstender/services/auth-service/vendor/laravel/telescope/src/Storage/DatabaseEntriesRepository.php(144): Illuminate\\Support\\Collection->each()
#15 /tmp/abdoElHodaky/larvrevrstender/services/auth-service/vendor/laravel/telescope/src/Telescope.php(664): Laravel\\Telescope\\Storage\\DatabaseEntriesRepository->store()
#16 [internal function]: Laravel\\Telescope\\Telescope::Laravel\\Telescope\\{closure}()
#17 /tmp/abdoElHodaky/larvrevrstender/services/auth-service/vendor/laravel/telescope/src/Telescope.php(289): call_user_func()
#18 /tmp/abdoElHodaky/larvrevrstender/services/auth-service/vendor/laravel/telescope/src/Telescope.php(656): Laravel\\Telescope\\Telescope::withoutRecording()
#19 /tmp/abdoElHodaky/larvrevrstender/services/auth-service/vendor/laravel/telescope/src/ListensForStorageOpportunities.php(65): Laravel\\Telescope\\Telescope::store()
#20 /tmp/abdoElHodaky/larvrevrstender/services/auth-service/vendor/laravel/framework/src/Illuminate/Container/BoundMethod.php(36): Laravel\\Telescope\\Telescope::Laravel\\Telescope\\{closure}()
#21 /tmp/abdoElHodaky/larvrevrstender/services/auth-service/vendor/laravel/framework/src/Illuminate/Container/Util.php(43): Illuminate\\Container\\BoundMethod::Illuminate\\Container\\{closure}()
#22 /tmp/abdoElHodaky/larvrevrstender/services/auth-service/vendor/laravel/framework/src/Illuminate/Container/BoundMethod.php(84): Illuminate\\Container\\Util::unwrapIfClosure()
#23 /tmp/abdoElHodaky/larvrevrstender/services/auth-service/vendor/laravel/framework/src/Illuminate/Container/BoundMethod.php(35): Illuminate\\Container\\BoundMethod::callBoundMethod()
#24 /tmp/abdoElHodaky/larvrevrstender/services/auth-service/vendor/laravel/framework/src/Illuminate/Container/Container.php(799): Illuminate\\Container\\BoundMethod::call()
#25 /tmp/abdoElHodaky/larvrevrstender/services/auth-service/vendor/laravel/framework/src/Illuminate/Foundation/Application.php(1466): Illuminate\\Container\\Container->call()
#26 /tmp/abdoElHodaky/larvrevrstender/services/auth-service/vendor/laravel/framework/src/Illuminate/Foundation/Console/Kernel.php(219): Illuminate\\Foundation\\Application->terminate()
#27 /tmp/abdoElHodaky/larvrevrstender/services/auth-service/artisan(51): Illuminate\\Foundation\\Console\\Kernel->terminate()
#28 {main}
"} 
[2026-03-16 12:14:52] local.INFO: Procedure registered {"name":"events","class":"Shared\\Procedures\\CrossServiceProcedure","type":"micro"} 
[2026-03-16 12:14:52] local.INFO: Procedure registered {"name":"cache","class":"Shared\\Procedures\\CrossServiceProcedure","type":"micro"} 
[2026-03-16 12:14:52] local.INFO: Procedure registered {"name":"notification","class":"Shared\\Procedures\\CrossServiceProcedure","type":"micro"} 
[2026-03-16 12:14:52] local.INFO: Procedure registered {"name":"validation","class":"Shared\\Procedures\\CrossServiceProcedure","type":"micro"} 
[2026-03-16 12:14:52] local.INFO: Procedure registered {"name":"security","class":"Shared\\Procedures\\CrossServiceProcedure","type":"micro"} 
[2026-03-16 12:14:52] local.INFO: Procedure registered {"name":"circuit_breaker","class":"Shared\\Procedures\\CrossServiceProcedure","type":"micro"} 
[2026-03-16 12:14:52] local.INFO: Procedure registered {"name":"queue_circuit_breaker","class":"Shared\\Procedures\\CrossServiceProcedure","type":"micro"} 
[2026-03-16 12:14:52] local.INFO: Procedure registered {"name":"third_party_integration","class":"Shared\\Procedures\\CrossServiceProcedure","type":"micro"} 
[2026-03-16 12:14:52] local.INFO: Procedure registered {"name":"workflow","class":"Shared\\Procedures\\CrossServiceProcedure","type":"macro"} 
[2026-03-16 12:14:52] local.INFO: Procedure registered {"name":"events","class":"Shared\\Procedures\\CrossServiceProcedure","type":"micro"} 
[2026-03-16 12:14:52] local.INFO: Procedure registered {"name":"cache","class":"Shared\\Procedures\\CrossServiceProcedure","type":"micro"} 
[2026-03-16 12:14:52] local.INFO: Procedure registered {"name":"notification","class":"Shared\\Procedures\\CrossServiceProcedure","type":"micro"} 
[2026-03-16 12:14:52] local.INFO: Procedure registered {"name":"validation","class":"Shared\\Procedures\\CrossServiceProcedure","type":"micro"} 
[2026-03-16 12:14:52] local.INFO: Procedure registered {"name":"security","class":"Shared\\Procedures\\CrossServiceProcedure","type":"micro"} 
[2026-03-16 12:14:52] local.INFO: Procedure registered {"name":"circuit_breaker","class":"Shared\\Procedures\\CrossServiceProcedure","type":"micro"} 
[2026-03-16 12:14:52] local.INFO: Procedure registered {"name":"queue_circuit_breaker","class":"Shared\\Procedures\\CrossServiceProcedure","type":"micro"} 
[2026-03-16 12:14:52] local.INFO: Procedure registered {"name":"third_party_integration","class":"Shared\\Procedures\\CrossServiceProcedure","type":"micro"} 
[2026-03-16 12:14:52] local.INFO: Procedure registered {"name":"workflow","class":"Shared\\Procedures\\CrossServiceProcedure","type":"macro"} 
[2026-03-16 12:14:52] local.ERROR: could not find driver (Connection: pgsql, Host: 127.0.0.1, Port: 5432, Database: auth_service, SQL: insert into "telescope_entries" ("batch_id", "content", "created_at", "family_hash", "type", "uuid") values (a15010ad-e4f8-4a3b-b040-a7e288243b75, {"level":"info","message":"Procedure registered","context":{"name":"events","class":"Shared\\Procedures\\CrossServiceProcedure","type":"micro"},"hostname":"modal"}, 2026-03-16 12:14:52, ?, log, a15010ad-abc0-4527-ac36-1b6bc725a678), (a15010ad-e4f8-4a3b-b040-a7e288243b75, {"level":"info","message":"Procedure registered","context":{"name":"cache","class":"Shared\\Procedures\\CrossServiceProcedure","type":"micro"},"hostname":"modal"}, 2026-03-16 12:14:52, ?, log, a15010ad-adbb-4576-9105-a0250faa0ed2), (a15010ad-e4f8-4a3b-b040-a7e288243b75, {"level":"info","message":"Procedure registered","context":{"name":"notification","class":"Shared\\Procedures\\CrossServiceProcedure","type":"micro"},"hostname":"modal"}, 2026-03-16 12:14:52, ?, log, a15010ad-addc-46fd-a6bd-72f124664152), (a15010ad-e4f8-4a3b-b040-a7e288243b75, {"level":"info","message":"Procedure registered","context":{"name":"validation","class":"Shared\\Procedures\\CrossServiceProcedure","type":"micro"},"hostname":"modal"}, 2026-03-16 12:14:52, ?, log, a15010ad-adfa-4fb2-ad39-2b1c37065715), (a15010ad-e4f8-4a3b-b040-a7e288243b75, {"level":"info","message":"Procedure registered","context":{"name":"security","class":"Shared\\Procedures\\CrossServiceProcedure","type":"micro"},"hostname":"modal"}, 2026-03-16 12:14:52, ?, log, a15010ad-ae23-4f93-a847-26db33f7400a), (a15010ad-e4f8-4a3b-b040-a7e288243b75, {"level":"info","message":"Procedure registered","context":{"name":"circuit_breaker","class":"Shared\\Procedures\\CrossServiceProcedure","type":"micro"},"hostname":"modal"}, 2026-03-16 12:14:52, ?, log, a15010ad-ae41-422c-b190-30146aa09315), (a15010ad-e4f8-4a3b-b040-a7e288243b75, {"level":"info","message":"Procedure registered","context":{"name":"queue_circuit_breaker","class":"Shared\\Procedures\\CrossServiceProcedure","type":"micro"},"hostname":"modal"}, 2026-03-16 12:14:52, ?, log, a15010ad-ae60-440f-b185-5c294ad94d36), (a15010ad-e4f8-4a3b-b040-a7e288243b75, {"level":"info","message":"Procedure registered","context":{"name":"third_party_integration","class":"Shared\\Procedures\\CrossServiceProcedure","type":"micro"},"hostname":"modal"}, 2026-03-16 12:14:52, ?, log, a15010ad-ae7f-42ff-a23a-9d4dfe3581a8), (a15010ad-e4f8-4a3b-b040-a7e288243b75, {"level":"info","message":"Procedure registered","context":{"name":"workflow","class":"Shared\\Procedures\\CrossServiceProcedure","type":"macro"},"hostname":"modal"}, 2026-03-16 12:14:52, ?, log, a15010ad-ae9d-403f-a425-6e0b5d07db91), (a15010ad-e4f8-4a3b-b040-a7e288243b75, {"level":"info","message":"Procedure registered","context":{"name":"events","class":"Shared\\Procedures\\CrossServiceProcedure","type":"micro"},"hostname":"modal"}, 2026-03-16 12:14:52, ?, log, a15010ad-e004-4f18-9a21-e64b9d1dff4c), (a15010ad-e4f8-4a3b-b040-a7e288243b75, {"level":"info","message":"Procedure registered","context":{"name":"cache","class":"Shared\\Procedures\\CrossServiceProcedure","type":"micro"},"hostname":"modal"}, 2026-03-16 12:14:52, ?, log, a15010ad-e02a-47cc-97af-0be8a35c3900), (a15010ad-e4f8-4a3b-b040-a7e288243b75, {"level":"info","message":"Procedure registered","context":{"name":"notification","class":"Shared\\Procedures\\CrossServiceProcedure","type":"micro"},"hostname":"modal"}, 2026-03-16 12:14:52, ?, log, a15010ad-e049-49fe-a549-00a63bfbeca8), (a15010ad-e4f8-4a3b-b040-a7e288243b75, {"level":"info","message":"Procedure registered","context":{"name":"validation","class":"Shared\\Procedures\\CrossServiceProcedure","type":"micro"},"hostname":"modal"}, 2026-03-16 12:14:52, ?, log, a15010ad-e068-4c0f-ad08-77dd45d6d468), (a15010ad-e4f8-4a3b-b040-a7e288243b75, {"level":"info","message":"Procedure registered","context":{"name":"security","class":"Shared\\Procedures\\CrossServiceProcedure","type":"micro"},"hostname":"modal"}, 2026-03-16 12:14:52, ?, log, a15010ad-e092-4125-9801-9cf0ffc3627d), (a15010ad-e4f8-4a3b-b040-a7e288243b75, {"level":"info","message":"Procedure registered","context":{"name":"circuit_breaker","class":"Shared\\Procedures\\CrossServiceProcedure","type":"micro"},"hostname":"modal"}, 2026-03-16 12:14:52, ?, log, a15010ad-e0b0-47f2-9a5d-1ac8b15c124d), (a15010ad-e4f8-4a3b-b040-a7e288243b75, {"level":"info","message":"Procedure registered","context":{"name":"queue_circuit_breaker","class":"Shared\\Procedures\\CrossServiceProcedure","type":"micro"},"hostname":"modal"}, 2026-03-16 12:14:52, ?, log, a15010ad-e0ce-48c7-ae28-6c4814a5f95f), (a15010ad-e4f8-4a3b-b040-a7e288243b75, {"level":"info","message":"Procedure registered","context":{"name":"third_party_integration","class":"Shared\\Procedures\\CrossServiceProcedure","type":"micro"},"hostname":"modal"}, 2026-03-16 12:14:52, ?, log, a15010ad-e0f1-4830-a467-4f3c2729df67), (a15010ad-e4f8-4a3b-b040-a7e288243b75, {"level":"info","message":"Procedure registered","context":{"name":"workflow","class":"Shared\\Procedures\\CrossServiceProcedure","type":"macro"},"hostname":"modal"}, 2026-03-16 12:14:52, ?, log, a15010ad-e10f-4ba1-8b1e-074f6e72e634), (a15010ad-e4f8-4a3b-b040-a7e288243b75, {"command":"config:cache","exit_code":0,"arguments":{"command":"config:cache"},"options":{"help":false,"silent":false,"quiet":false,"verbose":false,"version":false,"ansi":null,"no-interaction":false,"env":null},"hostname":"modal"}, 2026-03-16 12:14:52, ?, command, a15010ad-e463-4c17-b37c-c77cc993ddbb)) {"exception":"[object] (Illuminate\\Database\\QueryException(code: 0): could not find driver (Connection: pgsql, Host: 127.0.0.1, Port: 5432, Database: auth_service, SQL: insert into \"telescope_entries\" (\"batch_id\", \"content\", \"created_at\", \"family_hash\", \"type\", \"uuid\") values (a15010ad-e4f8-4a3b-b040-a7e288243b75, {\"level\":\"info\",\"message\":\"Procedure registered\",\"context\":{\"name\":\"events\",\"class\":\"Shared\\\\Procedures\\\\CrossServiceProcedure\",\"type\":\"micro\"},\"hostname\":\"modal\"}, 2026-03-16 12:14:52, ?, log, a15010ad-abc0-4527-ac36-1b6bc725a678), (a15010ad-e4f8-4a3b-b040-a7e288243b75, {\"level\":\"info\",\"message\":\"Procedure registered\",\"context\":{\"name\":\"cache\",\"class\":\"Shared\\\\Procedures\\\\CrossServiceProcedure\",\"type\":\"micro\"},\"hostname\":\"modal\"}, 2026-03-16 12:14:52, ?, log, a15010ad-adbb-4576-9105-a0250faa0ed2), (a15010ad-e4f8-4a3b-b040-a7e288243b75, {\"level\":\"info\",\"message\":\"Procedure registered\",\"context\":{\"name\":\"notification\",\"class\":\"Shared\\\\Procedures\\\\CrossServiceProcedure\",\"type\":\"micro\"},\"hostname\":\"modal\"}, 2026-03-16 12:14:52, ?, log, a15010ad-addc-46fd-a6bd-72f124664152), (a15010ad-e4f8-4a3b-b040-a7e288243b75, {\"level\":\"info\",\"message\":\"Procedure registered\",\"context\":{\"name\":\"validation\",\"class\":\"Shared\\\\Procedures\\\\CrossServiceProcedure\",\"type\":\"micro\"},\"hostname\":\"modal\"}, 2026-03-16 12:14:52, ?, log, a15010ad-adfa-4fb2-ad39-2b1c37065715), (a15010ad-e4f8-4a3b-b040-a7e288243b75, {\"level\":\"info\",\"message\":\"Procedure registered\",\"context\":{\"name\":\"security\",\"class\":\"Shared\\\\Procedures\\\\CrossServiceProcedure\",\"type\":\"micro\"},\"hostname\":\"modal\"}, 2026-03-16 12:14:52, ?, log, a15010ad-ae23-4f93-a847-26db33f7400a), (a15010ad-e4f8-4a3b-b040-a7e288243b75, {\"level\":\"info\",\"message\":\"Procedure registered\",\"context\":{\"name\":\"circuit_breaker\",\"class\":\"Shared\\\\Procedures\\\\CrossServiceProcedure\",\"type\":\"micro\"},\"hostname\":\"modal\"}, 2026-03-16 12:14:52, ?, log, a15010ad-ae41-422c-b190-30146aa09315), (a15010ad-e4f8-4a3b-b040-a7e288243b75, {\"level\":\"info\",\"message\":\"Procedure registered\",\"context\":{\"name\":\"queue_circuit_breaker\",\"class\":\"Shared\\\\Procedures\\\\CrossServiceProcedure\",\"type\":\"micro\"},\"hostname\":\"modal\"}, 2026-03-16 12:14:52, ?, log, a15010ad-ae60-440f-b185-5c294ad94d36), (a15010ad-e4f8-4a3b-b040-a7e288243b75, {\"level\":\"info\",\"message\":\"Procedure registered\",\"context\":{\"name\":\"third_party_integration\",\"class\":\"Shared\\\\Procedures\\\\CrossServiceProcedure\",\"type\":\"micro\"},\"hostname\":\"modal\"}, 2026-03-16 12:14:52, ?, log, a15010ad-ae7f-42ff-a23a-9d4dfe3581a8), (a15010ad-e4f8-4a3b-b040-a7e288243b75, {\"level\":\"info\",\"message\":\"Procedure registered\",\"context\":{\"name\":\"workflow\",\"class\":\"Shared\\\\Procedures\\\\CrossServiceProcedure\",\"type\":\"macro\"},\"hostname\":\"modal\"}, 2026-03-16 12:14:52, ?, log, a15010ad-ae9d-403f-a425-6e0b5d07db91), (a15010ad-e4f8-4a3b-b040-a7e288243b75, {\"level\":\"info\",\"message\":\"Procedure registered\",\"context\":{\"name\":\"events\",\"class\":\"Shared\\\\Procedures\\\\CrossServiceProcedure\",\"type\":\"micro\"},\"hostname\":\"modal\"}, 2026-03-16 12:14:52, ?, log, a15010ad-e004-4f18-9a21-e64b9d1dff4c), (a15010ad-e4f8-4a3b-b040-a7e288243b75, {\"level\":\"info\",\"message\":\"Procedure registered\",\"context\":{\"name\":\"cache\",\"class\":\"Shared\\\\Procedures\\\\CrossServiceProcedure\",\"type\":\"micro\"},\"hostname\":\"modal\"}, 2026-03-16 12:14:52, ?, log, a15010ad-e02a-47cc-97af-0be8a35c3900), (a15010ad-e4f8-4a3b-b040-a7e288243b75, {\"level\":\"info\",\"message\":\"Procedure registered\",\"context\":{\"name\":\"notification\",\"class\":\"Shared\\\\Procedures\\\\CrossServiceProcedure\",\"type\":\"micro\"},\"hostname\":\"modal\"}, 2026-03-16 12:14:52, ?, log, a15010ad-e049-49fe-a549-00a63bfbeca8), (a15010ad-e4f8-4a3b-b040-a7e288243b75, {\"level\":\"info\",\"message\":\"Procedure registered\",\"context\":{\"name\":\"validation\",\"class\":\"Shared\\\\Procedures\\\\CrossServiceProcedure\",\"type\":\"micro\"},\"hostname\":\"modal\"}, 2026-03-16 12:14:52, ?, log, a15010ad-e068-4c0f-ad08-77dd45d6d468), (a15010ad-e4f8-4a3b-b040-a7e288243b75, {\"level\":\"info\",\"message\":\"Procedure registered\",\"context\":{\"name\":\"security\",\"class\":\"Shared\\\\Procedures\\\\CrossServiceProcedure\",\"type\":\"micro\"},\"hostname\":\"modal\"}, 2026-03-16 12:14:52, ?, log, a15010ad-e092-4125-9801-9cf0ffc3627d), (a15010ad-e4f8-4a3b-b040-a7e288243b75, {\"level\":\"info\",\"message\":\"Procedure registered\",\"context\":{\"name\":\"circuit_breaker\",\"class\":\"Shared\\\\Procedures\\\\CrossServiceProcedure\",\"type\":\"micro\"},\"hostname\":\"modal\"}, 2026-03-16 12:14:52, ?, log, a15010ad-e0b0-47f2-9a5d-1ac8b15c124d), (a15010ad-e4f8-4a3b-b040-a7e288243b75, {\"level\":\"info\",\"message\":\"Procedure registered\",\"context\":{\"name\":\"queue_circuit_breaker\",\"class\":\"Shared\\\\Procedures\\\\CrossServiceProcedure\",\"type\":\"micro\"},\"hostname\":\"modal\"}, 2026-03-16 12:14:52, ?, log, a15010ad-e0ce-48c7-ae28-6c4814a5f95f), (a15010ad-e4f8-4a3b-b040-a7e288243b75, {\"level\":\"info\",\"message\":\"Procedure registered\",\"context\":{\"name\":\"third_party_integration\",\"class\":\"Shared\\\\Procedures\\\\CrossServiceProcedure\",\"type\":\"micro\"},\"hostname\":\"modal\"}, 2026-03-16 12:14:52, ?, log, a15010ad-e0f1-4830-a467-4f3c2729df67), (a15010ad-e4f8-4a3b-b040-a7e288243b75, {\"level\":\"info\",\"message\":\"Procedure registered\",\"context\":{\"name\":\"workflow\",\"class\":\"Shared\\\\Procedures\\\\CrossServiceProcedure\",\"type\":\"macro\"},\"hostname\":\"modal\"}, 2026-03-16 12:14:52, ?, log, a15010ad-e10f-4ba1-8b1e-074f6e72e634), (a15010ad-e4f8-4a3b-b040-a7e288243b75, {\"command\":\"config:cache\",\"exit_code\":0,\"arguments\":{\"command\":\"config:cache\"},\"options\":{\"help\":false,\"silent\":false,\"quiet\":false,\"verbose\":false,\"version\":false,\"ansi\":null,\"no-interaction\":false,\"env\":null},\"hostname\":\"modal\"}, 2026-03-16 12:14:52, ?, command, a15010ad-e463-4c17-b37c-c77cc993ddbb)) at /tmp/abdoElHodaky/larvrevrstender/services/auth-service/vendor/laravel/framework/src/Illuminate/Database/Connection.php:838)
[stacktrace]
#0 /tmp/abdoElHodaky/larvrevrstender/services/auth-service/vendor/laravel/framework/src/Illuminate/Database/Connection.php(794): Illuminate\\Database\\Connection->runQueryCallback()
#1 /tmp/abdoElHodaky/larvrevrstender/services/auth-service/vendor/laravel/framework/src/Illuminate/Database/Connection.php(573): Illuminate\\Database\\Connection->run()
#2 /tmp/abdoElHodaky/larvrevrstender/services/auth-service/vendor/laravel/framework/src/Illuminate/Database/Connection.php(537): Illuminate\\Database\\Connection->statement()
#3 /tmp/abdoElHodaky/larvrevrstender/services/auth-service/vendor/laravel/framework/src/Illuminate/Database/Query/Builder.php(4091): Illuminate\\Database\\Connection->insert()
#4 /tmp/abdoElHodaky/larvrevrstender/services/auth-service/vendor/laravel/telescope/src/Storage/DatabaseEntriesRepository.php(145): Illuminate\\Database\\Query\\Builder->insert()
#5 /tmp/abdoElHodaky/larvrevrstender/services/auth-service/vendor/laravel/framework/src/Illuminate/Collections/Traits/EnumeratesValues.php(275): Laravel\\Telescope\\Storage\\DatabaseEntriesRepository->Laravel\\Telescope\\Storage\\{closure}()
#6 /tmp/abdoElHodaky/larvrevrstender/services/auth-service/vendor/laravel/telescope/src/Storage/DatabaseEntriesRepository.php(144): Illuminate\\Support\\Collection->each()
#7 /tmp/abdoElHodaky/larvrevrstender/services/auth-service/vendor/laravel/telescope/src/Telescope.php(664): Laravel\\Telescope\\Storage\\DatabaseEntriesRepository->store()
#8 [internal function]: Laravel\\Telescope\\Telescope::Laravel\\Telescope\\{closure}()
#9 /tmp/abdoElHodaky/larvrevrstender/services/auth-service/vendor/laravel/telescope/src/Telescope.php(289): call_user_func()
#10 /tmp/abdoElHodaky/larvrevrstender/services/auth-service/vendor/laravel/telescope/src/Telescope.php(656): Laravel\\Telescope\\Telescope::withoutRecording()
#11 /tmp/abdoElHodaky/larvrevrstender/services/auth-service/vendor/laravel/telescope/src/ListensForStorageOpportunities.php(65): Laravel\\Telescope\\Telescope::store()
#12 /tmp/abdoElHodaky/larvrevrstender/services/auth-service/vendor/laravel/framework/src/Illuminate/Container/BoundMethod.php(36): Laravel\\Telescope\\Telescope::Laravel\\Telescope\\{closure}()
#13 /tmp/abdoElHodaky/larvrevrstender/services/auth-service/vendor/laravel/framework/src/Illuminate/Container/Util.php(43): Illuminate\\Container\\BoundMethod::Illuminate\\Container\\{closure}()
#14 /tmp/abdoElHodaky/larvrevrstender/services/auth-service/vendor/laravel/framework/src/Illuminate/Container/BoundMethod.php(84): Illuminate\\Container\\Util::unwrapIfClosure()
#15 /tmp/abdoElHodaky/larvrevrstender/services/auth-service/vendor/laravel/framework/src/Illuminate/Container/BoundMethod.php(35): Illuminate\\Container\\BoundMethod::callBoundMethod()
#16 /tmp/abdoElHodaky/larvrevrstender/services/auth-service/vendor/laravel/framework/src/Illuminate/Container/Container.php(799): Illuminate\\Container\\BoundMethod::call()
#17 /tmp/abdoElHodaky/larvrevrstender/services/auth-service/vendor/laravel/framework/src/Illuminate/Foundation/Application.php(1466): Illuminate\\Container\\Container->call()
#18 /tmp/abdoElHodaky/larvrevrstender/services/auth-service/vendor/laravel/framework/src/Illuminate/Foundation/Console/Kernel.php(219): Illuminate\\Foundation\\Application->terminate()
#19 /tmp/abdoElHodaky/larvrevrstender/services/auth-service/artisan(51): Illuminate\\Foundation\\Console\\Kernel->terminate()
#20 {main}

[previous exception] [object] (PDOException(code: 0): could not find driver at /tmp/abdoElHodaky/larvrevrstender/services/auth-service/vendor/laravel/framework/src/Illuminate/Database/Connectors/Connector.php:66)
[stacktrace]
#0 /tmp/abdoElHodaky/larvrevrstender/services/auth-service/vendor/laravel/framework/src/Illuminate/Database/Connectors/Connector.php(66): PDO->__construct()
#1 /tmp/abdoElHodaky/larvrevrstender/services/auth-service/vendor/laravel/framework/src/Illuminate/Database/Connectors/Connector.php(44): Illuminate\\Database\\Connectors\\Connector->createPdoConnection()
#2 /tmp/abdoElHodaky/larvrevrstender/services/auth-service/vendor/laravel/framework/src/Illuminate/Database/Connectors/PostgresConnector.php(35): Illuminate\\Database\\Connectors\\Connector->createConnection()
#3 /tmp/abdoElHodaky/larvrevrstender/services/auth-service/vendor/laravel/framework/src/Illuminate/Database/Connectors/ConnectionFactory.php(186): Illuminate\\Database\\Connectors\\PostgresConnector->connect()
#4 [internal function]: Illuminate\\Database\\Connectors\\ConnectionFactory->Illuminate\\Database\\Connectors\\{closure}()
#5 /tmp/abdoElHodaky/larvrevrstender/services/auth-service/vendor/laravel/framework/src/Illuminate/Database/Connection.php(1257): call_user_func()
#6 /tmp/abdoElHodaky/larvrevrstender/services/auth-service/vendor/laravel/framework/src/Illuminate/Database/Connection.php(578): Illuminate\\Database\\Connection->getPdo()
#7 /tmp/abdoElHodaky/larvrevrstender/services/auth-service/vendor/laravel/framework/src/Illuminate/Database/Connection.php(827): Illuminate\\Database\\Connection->Illuminate\\Database\\{closure}()
#8 /tmp/abdoElHodaky/larvrevrstender/services/auth-service/vendor/laravel/framework/src/Illuminate/Database/Connection.php(794): Illuminate\\Database\\Connection->runQueryCallback()
#9 /tmp/abdoElHodaky/larvrevrstender/services/auth-service/vendor/laravel/framework/src/Illuminate/Database/Connection.php(573): Illuminate\\Database\\Connection->run()
#10 /tmp/abdoElHodaky/larvrevrstender/services/auth-service/vendor/laravel/framework/src/Illuminate/Database/Connection.php(537): Illuminate\\Database\\Connection->statement()
#11 /tmp/abdoElHodaky/larvrevrstender/services/auth-service/vendor/laravel/framework/src/Illuminate/Database/Query/Builder.php(4091): Illuminate\\Database\\Connection->insert()
#12 /tmp/abdoElHodaky/larvrevrstender/services/auth-service/vendor/laravel/telescope/src/Storage/DatabaseEntriesRepository.php(145): Illuminate\\Database\\Query\\Builder->insert()
#13 /tmp/abdoElHodaky/larvrevrstender/services/auth-service/vendor/laravel/framework/src/Illuminate/Collections/Traits/EnumeratesValues.php(275): Laravel\\Telescope\\Storage\\DatabaseEntriesRepository->Laravel\\Telescope\\Storage\\{closure}()
#14 /tmp/abdoElHodaky/larvrevrstender/services/auth-service/vendor/laravel/telescope/src/Storage/DatabaseEntriesRepository.php(144): Illuminate\\Support\\Collection->each()
#15 /tmp/abdoElHodaky/larvrevrstender/services/auth-service/vendor/laravel/telescope/src/Telescope.php(664): Laravel\\Telescope\\Storage\\DatabaseEntriesRepository->store()
#16 [internal function]: Laravel\\Telescope\\Telescope::Laravel\\Telescope\\{closure}()
#17 /tmp/abdoElHodaky/larvrevrstender/services/auth-service/vendor/laravel/telescope/src/Telescope.php(289): call_user_func()
#18 /tmp/abdoElHodaky/larvrevrstender/services/auth-service/vendor/laravel/telescope/src/Telescope.php(656): Laravel\\Telescope\\Telescope::withoutRecording()
#19 /tmp/abdoElHodaky/larvrevrstender/services/auth-service/vendor/laravel/telescope/src/ListensForStorageOpportunities.php(65): Laravel\\Telescope\\Telescope::store()
#20 /tmp/abdoElHodaky/larvrevrstender/services/auth-service/vendor/laravel/framework/src/Illuminate/Container/BoundMethod.php(36): Laravel\\Telescope\\Telescope::Laravel\\Telescope\\{closure}()
#21 /tmp/abdoElHodaky/larvrevrstender/services/auth-service/vendor/laravel/framework/src/Illuminate/Container/Util.php(43): Illuminate\\Container\\BoundMethod::Illuminate\\Container\\{closure}()
#22 /tmp/abdoElHodaky/larvrevrstender/services/auth-service/vendor/laravel/framework/src/Illuminate/Container/BoundMethod.php(84): Illuminate\\Container\\Util::unwrapIfClosure()
#23 /tmp/abdoElHodaky/larvrevrstender/services/auth-service/vendor/laravel/framework/src/Illuminate/Container/BoundMethod.php(35): Illuminate\\Container\\BoundMethod::callBoundMethod()
#24 /tmp/abdoElHodaky/larvrevrstender/services/auth-service/vendor/laravel/framework/src/Illuminate/Container/Container.php(799): Illuminate\\Container\\BoundMethod::call()
#25 /tmp/abdoElHodaky/larvrevrstender/services/auth-service/vendor/laravel/framework/src/Illuminate/Foundation/Application.php(1466): Illuminate\\Container\\Container->call()
#26 /tmp/abdoElHodaky/larvrevrstender/services/auth-service/vendor/laravel/framework/src/Illuminate/Foundation/Console/Kernel.php(219): Illuminate\\Foundation\\Application->terminate()
#27 /tmp/abdoElHodaky/larvrevrstender/services/auth-service/artisan(51): Illuminate\\Foundation\\Console\\Kernel->terminate()
#28 {main}
"} 
[2026-03-16 12:14:59] local.INFO: Procedure registered {"name":"events","class":"Shared\\Procedures\\CrossServiceProcedure","type":"micro"} 
[2026-03-16 12:14:59] local.INFO: Procedure registered {"name":"cache","class":"Shared\\Procedures\\CrossServiceProcedure","type":"micro"} 
[2026-03-16 12:14:59] local.INFO: Procedure registered {"name":"notification","class":"Shared\\Procedures\\CrossServiceProcedure","type":"micro"} 
[2026-03-16 12:14:59] local.INFO: Procedure registered {"name":"validation","class":"Shared\\Procedures\\CrossServiceProcedure","type":"micro"} 
[2026-03-16 12:14:59] local.INFO: Procedure registered {"name":"security","class":"Shared\\Procedures\\CrossServiceProcedure","type":"micro"} 
[2026-03-16 12:14:59] local.INFO: Procedure registered {"name":"circuit_breaker","class":"Shared\\Procedures\\CrossServiceProcedure","type":"micro"} 
[2026-03-16 12:14:59] local.INFO: Procedure registered {"name":"queue_circuit_breaker","class":"Shared\\Procedures\\CrossServiceProcedure","type":"micro"} 
[2026-03-16 12:14:59] local.INFO: Procedure registered {"name":"third_party_integration","class":"Shared\\Procedures\\CrossServiceProcedure","type":"micro"} 
[2026-03-16 12:14:59] local.INFO: Procedure registered {"name":"workflow","class":"Shared\\Procedures\\CrossServiceProcedure","type":"macro"} 
[2026-03-16 12:14:59] local.ERROR: The "--compact" option does not exist. {"exception":"[object] (Symfony\\Component\\Console\\Exception\\RuntimeException(code: 0): The \"--compact\" option does not exist. at /tmp/abdoElHodaky/larvrevrstender/services/auth-service/vendor/symfony/console/Input/ArgvInput.php:226)
[stacktrace]
#0 /tmp/abdoElHodaky/larvrevrstender/services/auth-service/vendor/symfony/console/Input/ArgvInput.php(155): Symfony\\Component\\Console\\Input\\ArgvInput->addLongOption()
#1 /tmp/abdoElHodaky/larvrevrstender/services/auth-service/vendor/symfony/console/Input/ArgvInput.php(88): Symfony\\Component\\Console\\Input\\ArgvInput->parseLongOption()
#2 /tmp/abdoElHodaky/larvrevrstender/services/auth-service/vendor/symfony/console/Input/ArgvInput.php(77): Symfony\\Component\\Console\\Input\\ArgvInput->parseToken()
#3 /tmp/abdoElHodaky/larvrevrstender/services/auth-service/vendor/symfony/console/Input/Input.php(53): Symfony\\Component\\Console\\Input\\ArgvInput->parse()
#4 /tmp/abdoElHodaky/larvrevrstender/services/auth-service/vendor/symfony/console/Command/Command.php(295): Symfony\\Component\\Console\\Input\\Input->bind()
#5 /tmp/abdoElHodaky/larvrevrstender/services/auth-service/vendor/laravel/framework/src/Illuminate/Console/Command.php(180): Symfony\\Component\\Console\\Command\\Command->run()
#6 /tmp/abdoElHodaky/larvrevrstender/services/auth-service/vendor/symfony/console/Application.php(1117): Illuminate\\Console\\Command->run()
#7 /tmp/abdoElHodaky/larvrevrstender/services/auth-service/vendor/symfony/console/Application.php(356): Symfony\\Component\\Console\\Application->doRunCommand()
#8 /tmp/abdoElHodaky/larvrevrstender/services/auth-service/vendor/symfony/console/Application.php(195): Symfony\\Component\\Console\\Application->doRun()
#9 /tmp/abdoElHodaky/larvrevrstender/services/auth-service/vendor/laravel/framework/src/Illuminate/Foundation/Console/Kernel.php(198): Symfony\\Component\\Console\\Application->run()
#10 /tmp/abdoElHodaky/larvrevrstender/services/auth-service/artisan(35): Illuminate\\Foundation\\Console\\Kernel->handle()
#11 {main}
"} 
[2026-03-16 12:14:59] local.ERROR: could not find driver (Connection: pgsql, Host: 127.0.0.1, Port: 5432, Database: auth_service, SQL: select count(*) as aggregate from "telescope_entries" where "type" = exception and "family_hash" = 0339c38e589444d0083adfab7820c490) {"exception":"[object] (Illuminate\\Database\\QueryException(code: 0): could not find driver (Connection: pgsql, Host: 127.0.0.1, Port: 5432, Database: auth_service, SQL: select count(*) as aggregate from \"telescope_entries\" where \"type\" = exception and \"family_hash\" = 0339c38e589444d0083adfab7820c490) at /tmp/abdoElHodaky/larvrevrstender/services/auth-service/vendor/laravel/framework/src/Illuminate/Database/Connection.php:838)
[stacktrace]
#0 /tmp/abdoElHodaky/larvrevrstender/services/auth-service/vendor/laravel/framework/src/Illuminate/Database/Connection.php(794): Illuminate\\Database\\Connection->runQueryCallback()
#1 /tmp/abdoElHodaky/larvrevrstender/services/auth-service/vendor/laravel/framework/src/Illuminate/Database/Connection.php(411): Illuminate\\Database\\Connection->run()
#2 /tmp/abdoElHodaky/larvrevrstender/services/auth-service/vendor/laravel/framework/src/Illuminate/Database/Query/Builder.php(3475): Illuminate\\Database\\Connection->select()
#3 /tmp/abdoElHodaky/larvrevrstender/services/auth-service/vendor/laravel/framework/src/Illuminate/Database/Query/Builder.php(3460): Illuminate\\Database\\Query\\Builder->runSelect()
#4 /tmp/abdoElHodaky/larvrevrstender/services/auth-service/vendor/laravel/framework/src/Illuminate/Database/Query/Builder.php(4050): Illuminate\\Database\\Query\\Builder->Illuminate\\Database\\Query\\{closure}()
#5 /tmp/abdoElHodaky/larvrevrstender/services/auth-service/vendor/laravel/framework/src/Illuminate/Database/Query/Builder.php(3459): Illuminate\\Database\\Query\\Builder->onceWithColumns()
#6 /tmp/abdoElHodaky/larvrevrstender/services/auth-service/vendor/laravel/framework/src/Illuminate/Database/Query/Builder.php(3974): Illuminate\\Database\\Query\\Builder->get()
#7 /tmp/abdoElHodaky/larvrevrstender/services/auth-service/vendor/laravel/framework/src/Illuminate/Database/Query/Builder.php(3902): Illuminate\\Database\\Query\\Builder->aggregate()
#8 /tmp/abdoElHodaky/larvrevrstender/services/auth-service/vendor/laravel/telescope/src/Storage/DatabaseEntriesRepository.php(123): Illuminate\\Database\\Query\\Builder->count()
#9 /tmp/abdoElHodaky/larvrevrstender/services/auth-service/vendor/laravel/telescope/src/Storage/DatabaseEntriesRepository.php(165): Laravel\\Telescope\\Storage\\DatabaseEntriesRepository->countExceptionOccurences()
#10 [internal function]: Laravel\\Telescope\\Storage\\DatabaseEntriesRepository->Laravel\\Telescope\\Storage\\{closure}()
#11 /tmp/abdoElHodaky/larvrevrstender/services/auth-service/vendor/laravel/framework/src/Illuminate/Collections/Arr.php(840): array_map()
#12 /tmp/abdoElHodaky/larvrevrstender/services/auth-service/vendor/laravel/framework/src/Illuminate/Collections/Collection.php(829): Illuminate\\Support\\Arr::map()
#13 /tmp/abdoElHodaky/larvrevrstender/services/auth-service/vendor/laravel/telescope/src/Storage/DatabaseEntriesRepository.php(164): Illuminate\\Support\\Collection->map()
#14 /tmp/abdoElHodaky/larvrevrstender/services/auth-service/vendor/laravel/framework/src/Illuminate/Collections/Traits/EnumeratesValues.php(275): Laravel\\Telescope\\Storage\\DatabaseEntriesRepository->Laravel\\Telescope\\Storage\\{closure}()
#15 /tmp/abdoElHodaky/larvrevrstender/services/auth-service/vendor/laravel/telescope/src/Storage/DatabaseEntriesRepository.php(163): Illuminate\\Support\\Collection->each()
#16 /tmp/abdoElHodaky/larvrevrstender/services/auth-service/vendor/laravel/telescope/src/Storage/DatabaseEntriesRepository.php(140): Laravel\\Telescope\\Storage\\DatabaseEntriesRepository->storeExceptions()
#17 /tmp/abdoElHodaky/larvrevrstender/services/auth-service/vendor/laravel/telescope/src/Telescope.php(664): Laravel\\Telescope\\Storage\\DatabaseEntriesRepository->store()
#18 [internal function]: Laravel\\Telescope\\Telescope::Laravel\\Telescope\\{closure}()
#19 /tmp/abdoElHodaky/larvrevrstender/services/auth-service/vendor/laravel/telescope/src/Telescope.php(289): call_user_func()
#20 /tmp/abdoElHodaky/larvrevrstender/services/auth-service/vendor/laravel/telescope/src/Telescope.php(656): Laravel\\Telescope\\Telescope::withoutRecording()
#21 /tmp/abdoElHodaky/larvrevrstender/services/auth-service/vendor/laravel/telescope/src/ListensForStorageOpportunities.php(65): Laravel\\Telescope\\Telescope::store()
#22 /tmp/abdoElHodaky/larvrevrstender/services/auth-service/vendor/laravel/framework/src/Illuminate/Container/BoundMethod.php(36): Laravel\\Telescope\\Telescope::Laravel\\Telescope\\{closure}()
#23 /tmp/abdoElHodaky/larvrevrstender/services/auth-service/vendor/laravel/framework/src/Illuminate/Container/Util.php(43): Illuminate\\Container\\BoundMethod::Illuminate\\Container\\{closure}()
#24 /tmp/abdoElHodaky/larvrevrstender/services/auth-service/vendor/laravel/framework/src/Illuminate/Container/BoundMethod.php(84): Illuminate\\Container\\Util::unwrapIfClosure()
#25 /tmp/abdoElHodaky/larvrevrstender/services/auth-service/vendor/laravel/framework/src/Illuminate/Container/BoundMethod.php(35): Illuminate\\Container\\BoundMethod::callBoundMethod()
#26 /tmp/abdoElHodaky/larvrevrstender/services/auth-service/vendor/laravel/framework/src/Illuminate/Container/Container.php(799): Illuminate\\Container\\BoundMethod::call()
#27 /tmp/abdoElHodaky/larvrevrstender/services/auth-service/vendor/laravel/framework/src/Illuminate/Foundation/Application.php(1466): Illuminate\\Container\\Container->call()
#28 /tmp/abdoElHodaky/larvrevrstender/services/auth-service/vendor/laravel/framework/src/Illuminate/Foundation/Console/Kernel.php(219): Illuminate\\Foundation\\Application->terminate()
#29 /tmp/abdoElHodaky/larvrevrstender/services/auth-service/artisan(51): Illuminate\\Foundation\\Console\\Kernel->terminate()
#30 {main}

[previous exception] [object] (PDOException(code: 0): could not find driver at /tmp/abdoElHodaky/larvrevrstender/services/auth-service/vendor/laravel/framework/src/Illuminate/Database/Connectors/Connector.php:66)
[stacktrace]
#0 /tmp/abdoElHodaky/larvrevrstender/services/auth-service/vendor/laravel/framework/src/Illuminate/Database/Connectors/Connector.php(66): PDO->__construct()
#1 /tmp/abdoElHodaky/larvrevrstender/services/auth-service/vendor/laravel/framework/src/Illuminate/Database/Connectors/Connector.php(44): Illuminate\\Database\\Connectors\\Connector->createPdoConnection()
#2 /tmp/abdoElHodaky/larvrevrstender/services/auth-service/vendor/laravel/framework/src/Illuminate/Database/Connectors/PostgresConnector.php(35): Illuminate\\Database\\Connectors\\Connector->createConnection()
#3 /tmp/abdoElHodaky/larvrevrstender/services/auth-service/vendor/laravel/framework/src/Illuminate/Database/Connectors/ConnectionFactory.php(186): Illuminate\\Database\\Connectors\\PostgresConnector->connect()
#4 [internal function]: Illuminate\\Database\\Connectors\\ConnectionFactory->Illuminate\\Database\\Connectors\\{closure}()
#5 /tmp/abdoElHodaky/larvrevrstender/services/auth-service/vendor/laravel/framework/src/Illuminate/Database/Connection.php(1257): call_user_func()
#6 /tmp/abdoElHodaky/larvrevrstender/services/auth-service/vendor/laravel/framework/src/Illuminate/Database/Connection.php(1295): Illuminate\\Database\\Connection->getPdo()
#7 /tmp/abdoElHodaky/larvrevrstender/services/auth-service/vendor/laravel/framework/src/Illuminate/Database/Connection.php(525): Illuminate\\Database\\Connection->getReadPdo()
#8 /tmp/abdoElHodaky/larvrevrstender/services/auth-service/vendor/laravel/framework/src/Illuminate/Database/Connection.php(420): Illuminate\\Database\\Connection->getPdoForSelect()
#9 /tmp/abdoElHodaky/larvrevrstender/services/auth-service/vendor/laravel/framework/src/Illuminate/Database/Connection.php(827): Illuminate\\Database\\Connection->Illuminate\\Database\\{closure}()
#10 /tmp/abdoElHodaky/larvrevrstender/services/auth-service/vendor/laravel/framework/src/Illuminate/Database/Connection.php(794): Illuminate\\Database\\Connection->runQueryCallback()
#11 /tmp/abdoElHodaky/larvrevrstender/services/auth-service/vendor/laravel/framework/src/Illuminate/Database/Connection.php(411): Illuminate\\Database\\Connection->run()
#12 /tmp/abdoElHodaky/larvrevrstender/services/auth-service/vendor/laravel/framework/src/Illuminate/Database/Query/Builder.php(3475): Illuminate\\Database\\Connection->select()
#13 /tmp/abdoElHodaky/larvrevrstender/services/auth-service/vendor/laravel/framework/src/Illuminate/Database/Query/Builder.php(3460): Illuminate\\Database\\Query\\Builder->runSelect()
#14 /tmp/abdoElHodaky/larvrevrstender/services/auth-service/vendor/laravel/framework/src/Illuminate/Database/Query/Builder.php(4050): Illuminate\\Database\\Query\\Builder->Illuminate\\Database\\Query\\{closure}()
#15 /tmp/abdoElHodaky/larvrevrstender/services/auth-service/vendor/laravel/framework/src/Illuminate/Database/Query/Builder.php(3459): Illuminate\\Database\\Query\\Builder->onceWithColumns()
#16 /tmp/abdoElHodaky/larvrevrstender/services/auth-service/vendor/laravel/framework/src/Illuminate/Database/Query/Builder.php(3974): Illuminate\\Database\\Query\\Builder->get()
#17 /tmp/abdoElHodaky/larvrevrstender/services/auth-service/vendor/laravel/framework/src/Illuminate/Database/Query/Builder.php(3902): Illuminate\\Database\\Query\\Builder->aggregate()
#18 /tmp/abdoElHodaky/larvrevrstender/services/auth-service/vendor/laravel/telescope/src/Storage/DatabaseEntriesRepository.php(123): Illuminate\\Database\\Query\\Builder->count()
#19 /tmp/abdoElHodaky/larvrevrstender/services/auth-service/vendor/laravel/telescope/src/Storage/DatabaseEntriesRepository.php(165): Laravel\\Telescope\\Storage\\DatabaseEntriesRepository->countExceptionOccurences()
#20 [internal function]: Laravel\\Telescope\\Storage\\DatabaseEntriesRepository->Laravel\\Telescope\\Storage\\{closure}()
#21 /tmp/abdoElHodaky/larvrevrstender/services/auth-service/vendor/laravel/framework/src/Illuminate/Collections/Arr.php(840): array_map()
#22 /tmp/abdoElHodaky/larvrevrstender/services/auth-service/vendor/laravel/framework/src/Illuminate/Collections/Collection.php(829): Illuminate\\Support\\Arr::map()
#23 /tmp/abdoElHodaky/larvrevrstender/services/auth-service/vendor/laravel/telescope/src/Storage/DatabaseEntriesRepository.php(164): Illuminate\\Support\\Collection->map()
#24 /tmp/abdoElHodaky/larvrevrstender/services/auth-service/vendor/laravel/framework/src/Illuminate/Collections/Traits/EnumeratesValues.php(275): Laravel\\Telescope\\Storage\\DatabaseEntriesRepository->Laravel\\Telescope\\Storage\\{closure}()
#25 /tmp/abdoElHodaky/larvrevrstender/services/auth-service/vendor/laravel/telescope/src/Storage/DatabaseEntriesRepository.php(163): Illuminate\\Support\\Collection->each()
#26 /tmp/abdoElHodaky/larvrevrstender/services/auth-service/vendor/laravel/telescope/src/Storage/DatabaseEntriesRepository.php(140): Laravel\\Telescope\\Storage\\DatabaseEntriesRepository->storeExceptions()
#27 /tmp/abdoElHodaky/larvrevrstender/services/auth-service/vendor/laravel/telescope/src/Telescope.php(664): Laravel\\Telescope\\Storage\\DatabaseEntriesRepository->store()
#28 [internal function]: Laravel\\Telescope\\Telescope::Laravel\\Telescope\\{closure}()
#29 /tmp/abdoElHodaky/larvrevrstender/services/auth-service/vendor/laravel/telescope/src/Telescope.php(289): call_user_func()
#30 /tmp/abdoElHodaky/larvrevrstender/services/auth-service/vendor/laravel/telescope/src/Telescope.php(656): Laravel\\Telescope\\Telescope::withoutRecording()
#31 /tmp/abdoElHodaky/larvrevrstender/services/auth-service/vendor/laravel/telescope/src/ListensForStorageOpportunities.php(65): Laravel\\Telescope\\Telescope::store()
#32 /tmp/abdoElHodaky/larvrevrstender/services/auth-service/vendor/laravel/framework/src/Illuminate/Container/BoundMethod.php(36): Laravel\\Telescope\\Telescope::Laravel\\Telescope\\{closure}()
#33 /tmp/abdoElHodaky/larvrevrstender/services/auth-service/vendor/laravel/framework/src/Illuminate/Container/Util.php(43): Illuminate\\Container\\BoundMethod::Illuminate\\Container\\{closure}()
#34 /tmp/abdoElHodaky/larvrevrstender/services/auth-service/vendor/laravel/framework/src/Illuminate/Container/BoundMethod.php(84): Illuminate\\Container\\Util::unwrapIfClosure()
#35 /tmp/abdoElHodaky/larvrevrstender/services/auth-service/vendor/laravel/framework/src/Illuminate/Container/BoundMethod.php(35): Illuminate\\Container\\BoundMethod::callBoundMethod()
#36 /tmp/abdoElHodaky/larvrevrstender/services/auth-service/vendor/laravel/framework/src/Illuminate/Container/Container.php(799): Illuminate\\Container\\BoundMethod::call()
#37 /tmp/abdoElHodaky/larvrevrstender/services/auth-service/vendor/laravel/framework/src/Illuminate/Foundation/Application.php(1466): Illuminate\\Container\\Container->call()
#38 /tmp/abdoElHodaky/larvrevrstender/services/auth-service/vendor/laravel/framework/src/Illuminate/Foundation/Console/Kernel.php(219): Illuminate\\Foundation\\Application->terminate()
#39 /tmp/abdoElHodaky/larvrevrstender/services/auth-service/artisan(51): Illuminate\\Foundation\\Console\\Kernel->terminate()
#40 {main}
"} 
[2026-03-16 12:15:06] local.INFO: Procedure registered {"name":"events","class":"Shared\\Procedures\\CrossServiceProcedure","type":"micro"} 
[2026-03-16 12:15:06] local.INFO: Procedure registered {"name":"cache","class":"Shared\\Procedures\\CrossServiceProcedure","type":"micro"} 
[2026-03-16 12:15:06] local.INFO: Procedure registered {"name":"notification","class":"Shared\\Procedures\\CrossServiceProcedure","type":"micro"} 
[2026-03-16 12:15:06] local.INFO: Procedure registered {"name":"validation","class":"Shared\\Procedures\\CrossServiceProcedure","type":"micro"} 
[2026-03-16 12:15:06] local.INFO: Procedure registered {"name":"security","class":"Shared\\Procedures\\CrossServiceProcedure","type":"micro"} 
[2026-03-16 12:15:06] local.INFO: Procedure registered {"name":"circuit_breaker","class":"Shared\\Procedures\\CrossServiceProcedure","type":"micro"} 
[2026-03-16 12:15:06] local.INFO: Procedure registered {"name":"queue_circuit_breaker","class":"Shared\\Procedures\\CrossServiceProcedure","type":"micro"} 
[2026-03-16 12:15:06] local.INFO: Procedure registered {"name":"third_party_integration","class":"Shared\\Procedures\\CrossServiceProcedure","type":"micro"} 
[2026-03-16 12:15:06] local.INFO: Procedure registered {"name":"workflow","class":"Shared\\Procedures\\CrossServiceProcedure","type":"macro"} 
[2026-03-16 12:15:06] local.ERROR: Class "App\Http\Controllers\UserController" does not exist {"exception":"[object] (ReflectionException(code: -1): Class \"App\\Http\\Controllers\\UserController\" does not exist at /tmp/abdoElHodaky/larvrevrstender/services/auth-service/vendor/laravel/framework/src/Illuminate/Foundation/Console/RouteListCommand.php:235)
[stacktrace]
#0 /tmp/abdoElHodaky/larvrevrstender/services/auth-service/vendor/laravel/framework/src/Illuminate/Foundation/Console/RouteListCommand.php(235): ReflectionClass->__construct()
#1 /tmp/abdoElHodaky/larvrevrstender/services/auth-service/vendor/laravel/framework/src/Illuminate/Foundation/Console/RouteListCommand.php(149): Illuminate\\Foundation\\Console\\RouteListCommand->isVendorRoute()
#2 /tmp/abdoElHodaky/larvrevrstender/services/auth-service/vendor/laravel/framework/src/Illuminate/Foundation/Console/RouteListCommand.php(117): Illuminate\\Foundation\\Console\\RouteListCommand->getRouteInformation()
#3 [internal function]: Illuminate\\Foundation\\Console\\RouteListCommand->Illuminate\\Foundation\\Console\\{closure}()
#4 /tmp/abdoElHodaky/larvrevrstender/services/auth-service/vendor/laravel/framework/src/Illuminate/Collections/Arr.php(840): array_map()
#5 /tmp/abdoElHodaky/larvrevrstender/services/auth-service/vendor/laravel/framework/src/Illuminate/Collections/Collection.php(829): Illuminate\\Support\\Arr::map()
#6 /tmp/abdoElHodaky/larvrevrstender/services/auth-service/vendor/laravel/framework/src/Illuminate/Foundation/Console/RouteListCommand.php(117): Illuminate\\Support\\Collection->map()
#7 /tmp/abdoElHodaky/larvrevrstender/services/auth-service/vendor/laravel/framework/src/Illuminate/Foundation/Console/RouteListCommand.php(102): Illuminate\\Foundation\\Console\\RouteListCommand->getRoutes()
#8 /tmp/abdoElHodaky/larvrevrstender/services/auth-service/vendor/laravel/framework/src/Illuminate/Container/BoundMethod.php(36): Illuminate\\Foundation\\Console\\RouteListCommand->handle()
#9 /tmp/abdoElHodaky/larvrevrstender/services/auth-service/vendor/laravel/framework/src/Illuminate/Container/Util.php(43): Illuminate\\Container\\BoundMethod::Illuminate\\Container\\{closure}()
#10 /tmp/abdoElHodaky/larvrevrstender/services/auth-service/vendor/laravel/framework/src/Illuminate/Container/BoundMethod.php(96): Illuminate\\Container\\Util::unwrapIfClosure()
#11 /tmp/abdoElHodaky/larvrevrstender/services/auth-service/vendor/laravel/framework/src/Illuminate/Container/BoundMethod.php(35): Illuminate\\Container\\BoundMethod::callBoundMethod()
#12 /tmp/abdoElHodaky/larvrevrstender/services/auth-service/vendor/laravel/framework/src/Illuminate/Container/Container.php(799): Illuminate\\Container\\BoundMethod::call()
#13 /tmp/abdoElHodaky/larvrevrstender/services/auth-service/vendor/laravel/framework/src/Illuminate/Console/Command.php(211): Illuminate\\Container\\Container->call()
#14 /tmp/abdoElHodaky/larvrevrstender/services/auth-service/vendor/symfony/console/Command/Command.php(341): Illuminate\\Console\\Command->execute()
#15 /tmp/abdoElHodaky/larvrevrstender/services/auth-service/vendor/laravel/framework/src/Illuminate/Console/Command.php(180): Symfony\\Component\\Console\\Command\\Command->run()
#16 /tmp/abdoElHodaky/larvrevrstender/services/auth-service/vendor/symfony/console/Application.php(1117): Illuminate\\Console\\Command->run()
#17 /tmp/abdoElHodaky/larvrevrstender/services/auth-service/vendor/symfony/console/Application.php(356): Symfony\\Component\\Console\\Application->doRunCommand()
#18 /tmp/abdoElHodaky/larvrevrstender/services/auth-service/vendor/symfony/console/Application.php(195): Symfony\\Component\\Console\\Application->doRun()
#19 /tmp/abdoElHodaky/larvrevrstender/services/auth-service/vendor/laravel/framework/src/Illuminate/Foundation/Console/Kernel.php(198): Symfony\\Component\\Console\\Application->run()
#20 /tmp/abdoElHodaky/larvrevrstender/services/auth-service/artisan(35): Illuminate\\Foundation\\Console\\Kernel->handle()
#21 {main}
"} 
[2026-03-16 12:15:06] local.ERROR: could not find driver (Connection: pgsql, Host: 127.0.0.1, Port: 5432, Database: auth_service, SQL: select count(*) as aggregate from "telescope_entries" where "type" = exception and "family_hash" = 7fff167a9193ccc6e698b75f4703abd1) {"exception":"[object] (Illuminate\\Database\\QueryException(code: 0): could not find driver (Connection: pgsql, Host: 127.0.0.1, Port: 5432, Database: auth_service, SQL: select count(*) as aggregate from \"telescope_entries\" where \"type\" = exception and \"family_hash\" = 7fff167a9193ccc6e698b75f4703abd1) at /tmp/abdoElHodaky/larvrevrstender/services/auth-service/vendor/laravel/framework/src/Illuminate/Database/Connection.php:838)
[stacktrace]
#0 /tmp/abdoElHodaky/larvrevrstender/services/auth-service/vendor/laravel/framework/src/Illuminate/Database/Connection.php(794): Illuminate\\Database\\Connection->runQueryCallback()
#1 /tmp/abdoElHodaky/larvrevrstender/services/auth-service/vendor/laravel/framework/src/Illuminate/Database/Connection.php(411): Illuminate\\Database\\Connection->run()
#2 /tmp/abdoElHodaky/larvrevrstender/services/auth-service/vendor/laravel/framework/src/Illuminate/Database/Query/Builder.php(3475): Illuminate\\Database\\Connection->select()
#3 /tmp/abdoElHodaky/larvrevrstender/services/auth-service/vendor/laravel/framework/src/Illuminate/Database/Query/Builder.php(3460): Illuminate\\Database\\Query\\Builder->runSelect()
#4 /tmp/abdoElHodaky/larvrevrstender/services/auth-service/vendor/laravel/framework/src/Illuminate/Database/Query/Builder.php(4050): Illuminate\\Database\\Query\\Builder->Illuminate\\Database\\Query\\{closure}()
#5 /tmp/abdoElHodaky/larvrevrstender/services/auth-service/vendor/laravel/framework/src/Illuminate/Database/Query/Builder.php(3459): Illuminate\\Database\\Query\\Builder->onceWithColumns()
#6 /tmp/abdoElHodaky/larvrevrstender/services/auth-service/vendor/laravel/framework/src/Illuminate/Database/Query/Builder.php(3974): Illuminate\\Database\\Query\\Builder->get()
#7 /tmp/abdoElHodaky/larvrevrstender/services/auth-service/vendor/laravel/framework/src/Illuminate/Database/Query/Builder.php(3902): Illuminate\\Database\\Query\\Builder->aggregate()
#8 /tmp/abdoElHodaky/larvrevrstender/services/auth-service/vendor/laravel/telescope/src/Storage/DatabaseEntriesRepository.php(123): Illuminate\\Database\\Query\\Builder->count()
#9 /tmp/abdoElHodaky/larvrevrstender/services/auth-service/vendor/laravel/telescope/src/Storage/DatabaseEntriesRepository.php(165): Laravel\\Telescope\\Storage\\DatabaseEntriesRepository->countExceptionOccurences()
#10 [internal function]: Laravel\\Telescope\\Storage\\DatabaseEntriesRepository->Laravel\\Telescope\\Storage\\{closure}()
#11 /tmp/abdoElHodaky/larvrevrstender/services/auth-service/vendor/laravel/framework/src/Illuminate/Collections/Arr.php(840): array_map()
#12 /tmp/abdoElHodaky/larvrevrstender/services/auth-service/vendor/laravel/framework/src/Illuminate/Collections/Collection.php(829): Illuminate\\Support\\Arr::map()
#13 /tmp/abdoElHodaky/larvrevrstender/services/auth-service/vendor/laravel/telescope/src/Storage/DatabaseEntriesRepository.php(164): Illuminate\\Support\\Collection->map()
#14 /tmp/abdoElHodaky/larvrevrstender/services/auth-service/vendor/laravel/framework/src/Illuminate/Collections/Traits/EnumeratesValues.php(275): Laravel\\Telescope\\Storage\\DatabaseEntriesRepository->Laravel\\Telescope\\Storage\\{closure}()
#15 /tmp/abdoElHodaky/larvrevrstender/services/auth-service/vendor/laravel/telescope/src/Storage/DatabaseEntriesRepository.php(163): Illuminate\\Support\\Collection->each()
#16 /tmp/abdoElHodaky/larvrevrstender/services/auth-service/vendor/laravel/telescope/src/Storage/DatabaseEntriesRepository.php(140): Laravel\\Telescope\\Storage\\DatabaseEntriesRepository->storeExceptions()
#17 /tmp/abdoElHodaky/larvrevrstender/services/auth-service/vendor/laravel/telescope/src/Telescope.php(664): Laravel\\Telescope\\Storage\\DatabaseEntriesRepository->store()
#18 [internal function]: Laravel\\Telescope\\Telescope::Laravel\\Telescope\\{closure}()
#19 /tmp/abdoElHodaky/larvrevrstender/services/auth-service/vendor/laravel/telescope/src/Telescope.php(289): call_user_func()
#20 /tmp/abdoElHodaky/larvrevrstender/services/auth-service/vendor/laravel/telescope/src/Telescope.php(656): Laravel\\Telescope\\Telescope::withoutRecording()
#21 /tmp/abdoElHodaky/larvrevrstender/services/auth-service/vendor/laravel/telescope/src/ListensForStorageOpportunities.php(65): Laravel\\Telescope\\Telescope::store()
#22 /tmp/abdoElHodaky/larvrevrstender/services/auth-service/vendor/laravel/framework/src/Illuminate/Container/BoundMethod.php(36): Laravel\\Telescope\\Telescope::Laravel\\Telescope\\{closure}()
#23 /tmp/abdoElHodaky/larvrevrstender/services/auth-service/vendor/laravel/framework/src/Illuminate/Container/Util.php(43): Illuminate\\Container\\BoundMethod::Illuminate\\Container\\{closure}()
#24 /tmp/abdoElHodaky/larvrevrstender/services/auth-service/vendor/laravel/framework/src/Illuminate/Container/BoundMethod.php(84): Illuminate\\Container\\Util::unwrapIfClosure()
#25 /tmp/abdoElHodaky/larvrevrstender/services/auth-service/vendor/laravel/framework/src/Illuminate/Container/BoundMethod.php(35): Illuminate\\Container\\BoundMethod::callBoundMethod()
#26 /tmp/abdoElHodaky/larvrevrstender/services/auth-service/vendor/laravel/framework/src/Illuminate/Container/Container.php(799): Illuminate\\Container\\BoundMethod::call()
#27 /tmp/abdoElHodaky/larvrevrstender/services/auth-service/vendor/laravel/framework/src/Illuminate/Foundation/Application.php(1466): Illuminate\\Container\\Container->call()
#28 /tmp/abdoElHodaky/larvrevrstender/services/auth-service/vendor/laravel/framework/src/Illuminate/Foundation/Console/Kernel.php(219): Illuminate\\Foundation\\Application->terminate()
#29 /tmp/abdoElHodaky/larvrevrstender/services/auth-service/artisan(51): Illuminate\\Foundation\\Console\\Kernel->terminate()
#30 {main}

[previous exception] [object] (PDOException(code: 0): could not find driver at /tmp/abdoElHodaky/larvrevrstender/services/auth-service/vendor/laravel/framework/src/Illuminate/Database/Connectors/Connector.php:66)
[stacktrace]
#0 /tmp/abdoElHodaky/larvrevrstender/services/auth-service/vendor/laravel/framework/src/Illuminate/Database/Connectors/Connector.php(66): PDO->__construct()
#1 /tmp/abdoElHodaky/larvrevrstender/services/auth-service/vendor/laravel/framework/src/Illuminate/Database/Connectors/Connector.php(44): Illuminate\\Database\\Connectors\\Connector->createPdoConnection()
#2 /tmp/abdoElHodaky/larvrevrstender/services/auth-service/vendor/laravel/framework/src/Illuminate/Database/Connectors/PostgresConnector.php(35): Illuminate\\Database\\Connectors\\Connector->createConnection()
#3 /tmp/abdoElHodaky/larvrevrstender/services/auth-service/vendor/laravel/framework/src/Illuminate/Database/Connectors/ConnectionFactory.php(186): Illuminate\\Database\\Connectors\\PostgresConnector->connect()
#4 [internal function]: Illuminate\\Database\\Connectors\\ConnectionFactory->Illuminate\\Database\\Connectors\\{closure}()
#5 /tmp/abdoElHodaky/larvrevrstender/services/auth-service/vendor/laravel/framework/src/Illuminate/Database/Connection.php(1257): call_user_func()
#6 /tmp/abdoElHodaky/larvrevrstender/services/auth-service/vendor/laravel/framework/src/Illuminate/Database/Connection.php(1295): Illuminate\\Database\\Connection->getPdo()
#7 /tmp/abdoElHodaky/larvrevrstender/services/auth-service/vendor/laravel/framework/src/Illuminate/Database/Connection.php(525): Illuminate\\Database\\Connection->getReadPdo()
#8 /tmp/abdoElHodaky/larvrevrstender/services/auth-service/vendor/laravel/framework/src/Illuminate/Database/Connection.php(420): Illuminate\\Database\\Connection->getPdoForSelect()
#9 /tmp/abdoElHodaky/larvrevrstender/services/auth-service/vendor/laravel/framework/src/Illuminate/Database/Connection.php(827): Illuminate\\Database\\Connection->Illuminate\\Database\\{closure}()
#10 /tmp/abdoElHodaky/larvrevrstender/services/auth-service/vendor/laravel/framework/src/Illuminate/Database/Connection.php(794): Illuminate\\Database\\Connection->runQueryCallback()
#11 /tmp/abdoElHodaky/larvrevrstender/services/auth-service/vendor/laravel/framework/src/Illuminate/Database/Connection.php(411): Illuminate\\Database\\Connection->run()
#12 /tmp/abdoElHodaky/larvrevrstender/services/auth-service/vendor/laravel/framework/src/Illuminate/Database/Query/Builder.php(3475): Illuminate\\Database\\Connection->select()
#13 /tmp/abdoElHodaky/larvrevrstender/services/auth-service/vendor/laravel/framework/src/Illuminate/Database/Query/Builder.php(3460): Illuminate\\Database\\Query\\Builder->runSelect()
#14 /tmp/abdoElHodaky/larvrevrstender/services/auth-service/vendor/laravel/framework/src/Illuminate/Database/Query/Builder.php(4050): Illuminate\\Database\\Query\\Builder->Illuminate\\Database\\Query\\{closure}()
#15 /tmp/abdoElHodaky/larvrevrstender/services/auth-service/vendor/laravel/framework/src/Illuminate/Database/Query/Builder.php(3459): Illuminate\\Database\\Query\\Builder->onceWithColumns()
#16 /tmp/abdoElHodaky/larvrevrstender/services/auth-service/vendor/laravel/framework/src/Illuminate/Database/Query/Builder.php(3974): Illuminate\\Database\\Query\\Builder->get()
#17 /tmp/abdoElHodaky/larvrevrstender/services/auth-service/vendor/laravel/framework/src/Illuminate/Database/Query/Builder.php(3902): Illuminate\\Database\\Query\\Builder->aggregate()
#18 /tmp/abdoElHodaky/larvrevrstender/services/auth-service/vendor/laravel/telescope/src/Storage/DatabaseEntriesRepository.php(123): Illuminate\\Database\\Query\\Builder->count()
#19 /tmp/abdoElHodaky/larvrevrstender/services/auth-service/vendor/laravel/telescope/src/Storage/DatabaseEntriesRepository.php(165): Laravel\\Telescope\\Storage\\DatabaseEntriesRepository->countExceptionOccurences()
#20 [internal function]: Laravel\\Telescope\\Storage\\DatabaseEntriesRepository->Laravel\\Telescope\\Storage\\{closure}()
#21 /tmp/abdoElHodaky/larvrevrstender/services/auth-service/vendor/laravel/framework/src/Illuminate/Collections/Arr.php(840): array_map()
#22 /tmp/abdoElHodaky/larvrevrstender/services/auth-service/vendor/laravel/framework/src/Illuminate/Collections/Collection.php(829): Illuminate\\Support\\Arr::map()
#23 /tmp/abdoElHodaky/larvrevrstender/services/auth-service/vendor/laravel/telescope/src/Storage/DatabaseEntriesRepository.php(164): Illuminate\\Support\\Collection->map()
#24 /tmp/abdoElHodaky/larvrevrstender/services/auth-service/vendor/laravel/framework/src/Illuminate/Collections/Traits/EnumeratesValues.php(275): Laravel\\Telescope\\Storage\\DatabaseEntriesRepository->Laravel\\Telescope\\Storage\\{closure}()
#25 /tmp/abdoElHodaky/larvrevrstender/services/auth-service/vendor/laravel/telescope/src/Storage/DatabaseEntriesRepository.php(163): Illuminate\\Support\\Collection->each()
#26 /tmp/abdoElHodaky/larvrevrstender/services/auth-service/vendor/laravel/telescope/src/Storage/DatabaseEntriesRepository.php(140): Laravel\\Telescope\\Storage\\DatabaseEntriesRepository->storeExceptions()
#27 /tmp/abdoElHodaky/larvrevrstender/services/auth-service/vendor/laravel/telescope/src/Telescope.php(664): Laravel\\Telescope\\Storage\\DatabaseEntriesRepository->store()
#28 [internal function]: Laravel\\Telescope\\Telescope::Laravel\\Telescope\\{closure}()
#29 /tmp/abdoElHodaky/larvrevrstender/services/auth-service/vendor/laravel/telescope/src/Telescope.php(289): call_user_func()
#30 /tmp/abdoElHodaky/larvrevrstender/services/auth-service/vendor/laravel/telescope/src/Telescope.php(656): Laravel\\Telescope\\Telescope::withoutRecording()
#31 /tmp/abdoElHodaky/larvrevrstender/services/auth-service/vendor/laravel/telescope/src/ListensForStorageOpportunities.php(65): Laravel\\Telescope\\Telescope::store()
#32 /tmp/abdoElHodaky/larvrevrstender/services/auth-service/vendor/laravel/framework/src/Illuminate/Container/BoundMethod.php(36): Laravel\\Telescope\\Telescope::Laravel\\Telescope\\{closure}()
#33 /tmp/abdoElHodaky/larvrevrstender/services/auth-service/vendor/laravel/framework/src/Illuminate/Container/Util.php(43): Illuminate\\Container\\BoundMethod::Illuminate\\Container\\{closure}()
#34 /tmp/abdoElHodaky/larvrevrstender/services/auth-service/vendor/laravel/framework/src/Illuminate/Container/BoundMethod.php(84): Illuminate\\Container\\Util::unwrapIfClosure()
#35 /tmp/abdoElHodaky/larvrevrstender/services/auth-service/vendor/laravel/framework/src/Illuminate/Container/BoundMethod.php(35): Illuminate\\Container\\BoundMethod::callBoundMethod()
#36 /tmp/abdoElHodaky/larvrevrstender/services/auth-service/vendor/laravel/framework/src/Illuminate/Container/Container.php(799): Illuminate\\Container\\BoundMethod::call()
#37 /tmp/abdoElHodaky/larvrevrstender/services/auth-service/vendor/laravel/framework/src/Illuminate/Foundation/Application.php(1466): Illuminate\\Container\\Container->call()
#38 /tmp/abdoElHodaky/larvrevrstender/services/auth-service/vendor/laravel/framework/src/Illuminate/Foundation/Console/Kernel.php(219): Illuminate\\Foundation\\Application->terminate()
#39 /tmp/abdoElHodaky/larvrevrstender/services/auth-service/artisan(51): Illuminate\\Foundation\\Console\\Kernel->terminate()
#40 {main}
"} 
[2026-03-16 12:16:13] local.INFO: Procedure registered {"name":"events","class":"Shared\\Procedures\\CrossServiceProcedure","type":"micro"} 
[2026-03-16 12:16:13] local.INFO: Procedure registered {"name":"cache","class":"Shared\\Procedures\\CrossServiceProcedure","type":"micro"} 
[2026-03-16 12:16:13] local.INFO: Procedure registered {"name":"notification","class":"Shared\\Procedures\\CrossServiceProcedure","type":"micro"} 
[2026-03-16 12:16:13] local.INFO: Procedure registered {"name":"validation","class":"Shared\\Procedures\\CrossServiceProcedure","type":"micro"} 
[2026-03-16 12:16:13] local.INFO: Procedure registered {"name":"security","class":"Shared\\Procedures\\CrossServiceProcedure","type":"micro"} 
[2026-03-16 12:16:13] local.INFO: Procedure registered {"name":"circuit_breaker","class":"Shared\\Procedures\\CrossServiceProcedure","type":"micro"} 
[2026-03-16 12:16:13] local.INFO: Procedure registered {"name":"queue_circuit_breaker","class":"Shared\\Procedures\\CrossServiceProcedure","type":"micro"} 
[2026-03-16 12:16:13] local.INFO: Procedure registered {"name":"third_party_integration","class":"Shared\\Procedures\\CrossServiceProcedure","type":"micro"} 
[2026-03-16 12:16:13] local.INFO: Procedure registered {"name":"workflow","class":"Shared\\Procedures\\CrossServiceProcedure","type":"macro"} 
[2026-03-16 12:16:14] local.ERROR: Class "App\Http\Controllers\ActivityController" does not exist {"exception":"[object] (ReflectionException(code: -1): Class \"App\\Http\\Controllers\\ActivityController\" does not exist at /tmp/abdoElHodaky/larvrevrstender/services/auth-service/vendor/laravel/framework/src/Illuminate/Foundation/Console/RouteListCommand.php:235)
[stacktrace]
#0 /tmp/abdoElHodaky/larvrevrstender/services/auth-service/vendor/laravel/framework/src/Illuminate/Foundation/Console/RouteListCommand.php(235): ReflectionClass->__construct()
#1 /tmp/abdoElHodaky/larvrevrstender/services/auth-service/vendor/laravel/framework/src/Illuminate/Foundation/Console/RouteListCommand.php(149): Illuminate\\Foundation\\Console\\RouteListCommand->isVendorRoute()
#2 /tmp/abdoElHodaky/larvrevrstender/services/auth-service/vendor/laravel/framework/src/Illuminate/Foundation/Console/RouteListCommand.php(117): Illuminate\\Foundation\\Console\\RouteListCommand->getRouteInformation()
#3 [internal function]: Illuminate\\Foundation\\Console\\RouteListCommand->Illuminate\\Foundation\\Console\\{closure}()
#4 /tmp/abdoElHodaky/larvrevrstender/services/auth-service/vendor/laravel/framework/src/Illuminate/Collections/Arr.php(840): array_map()
#5 /tmp/abdoElHodaky/larvrevrstender/services/auth-service/vendor/laravel/framework/src/Illuminate/Collections/Collection.php(829): Illuminate\\Support\\Arr::map()
#6 /tmp/abdoElHodaky/larvrevrstender/services/auth-service/vendor/laravel/framework/src/Illuminate/Foundation/Console/RouteListCommand.php(117): Illuminate\\Support\\Collection->map()
#7 /tmp/abdoElHodaky/larvrevrstender/services/auth-service/vendor/laravel/framework/src/Illuminate/Foundation/Console/RouteListCommand.php(102): Illuminate\\Foundation\\Console\\RouteListCommand->getRoutes()
#8 /tmp/abdoElHodaky/larvrevrstender/services/auth-service/vendor/laravel/framework/src/Illuminate/Container/BoundMethod.php(36): Illuminate\\Foundation\\Console\\RouteListCommand->handle()
#9 /tmp/abdoElHodaky/larvrevrstender/services/auth-service/vendor/laravel/framework/src/Illuminate/Container/Util.php(43): Illuminate\\Container\\BoundMethod::Illuminate\\Container\\{closure}()
#10 /tmp/abdoElHodaky/larvrevrstender/services/auth-service/vendor/laravel/framework/src/Illuminate/Container/BoundMethod.php(96): Illuminate\\Container\\Util::unwrapIfClosure()
#11 /tmp/abdoElHodaky/larvrevrstender/services/auth-service/vendor/laravel/framework/src/Illuminate/Container/BoundMethod.php(35): Illuminate\\Container\\BoundMethod::callBoundMethod()
#12 /tmp/abdoElHodaky/larvrevrstender/services/auth-service/vendor/laravel/framework/src/Illuminate/Container/Container.php(799): Illuminate\\Container\\BoundMethod::call()
#13 /tmp/abdoElHodaky/larvrevrstender/services/auth-service/vendor/laravel/framework/src/Illuminate/Console/Command.php(211): Illuminate\\Container\\Container->call()
#14 /tmp/abdoElHodaky/larvrevrstender/services/auth-service/vendor/symfony/console/Command/Command.php(341): Illuminate\\Console\\Command->execute()
#15 /tmp/abdoElHodaky/larvrevrstender/services/auth-service/vendor/laravel/framework/src/Illuminate/Console/Command.php(180): Symfony\\Component\\Console\\Command\\Command->run()
#16 /tmp/abdoElHodaky/larvrevrstender/services/auth-service/vendor/symfony/console/Application.php(1117): Illuminate\\Console\\Command->run()
#17 /tmp/abdoElHodaky/larvrevrstender/services/auth-service/vendor/symfony/console/Application.php(356): Symfony\\Component\\Console\\Application->doRunCommand()
#18 /tmp/abdoElHodaky/larvrevrstender/services/auth-service/vendor/symfony/console/Application.php(195): Symfony\\Component\\Console\\Application->doRun()
#19 /tmp/abdoElHodaky/larvrevrstender/services/auth-service/vendor/laravel/framework/src/Illuminate/Foundation/Console/Kernel.php(198): Symfony\\Component\\Console\\Application->run()
#20 /tmp/abdoElHodaky/larvrevrstender/services/auth-service/artisan(35): Illuminate\\Foundation\\Console\\Kernel->handle()
#21 {main}
"} 
[2026-03-16 12:16:14] local.ERROR: could not find driver (Connection: pgsql, Host: 127.0.0.1, Port: 5432, Database: auth_service, SQL: select count(*) as aggregate from "telescope_entries" where "type" = exception and "family_hash" = 7fff167a9193ccc6e698b75f4703abd1) {"exception":"[object] (Illuminate\\Database\\QueryException(code: 0): could not find driver (Connection: pgsql, Host: 127.0.0.1, Port: 5432, Database: auth_service, SQL: select count(*) as aggregate from \"telescope_entries\" where \"type\" = exception and \"family_hash\" = 7fff167a9193ccc6e698b75f4703abd1) at /tmp/abdoElHodaky/larvrevrstender/services/auth-service/vendor/laravel/framework/src/Illuminate/Database/Connection.php:838)
[stacktrace]
#0 /tmp/abdoElHodaky/larvrevrstender/services/auth-service/vendor/laravel/framework/src/Illuminate/Database/Connection.php(794): Illuminate\\Database\\Connection->runQueryCallback()
#1 /tmp/abdoElHodaky/larvrevrstender/services/auth-service/vendor/laravel/framework/src/Illuminate/Database/Connection.php(411): Illuminate\\Database\\Connection->run()
#2 /tmp/abdoElHodaky/larvrevrstender/services/auth-service/vendor/laravel/framework/src/Illuminate/Database/Query/Builder.php(3475): Illuminate\\Database\\Connection->select()
#3 /tmp/abdoElHodaky/larvrevrstender/services/auth-service/vendor/laravel/framework/src/Illuminate/Database/Query/Builder.php(3460): Illuminate\\Database\\Query\\Builder->runSelect()
#4 /tmp/abdoElHodaky/larvrevrstender/services/auth-service/vendor/laravel/framework/src/Illuminate/Database/Query/Builder.php(4050): Illuminate\\Database\\Query\\Builder->Illuminate\\Database\\Query\\{closure}()
#5 /tmp/abdoElHodaky/larvrevrstender/services/auth-service/vendor/laravel/framework/src/Illuminate/Database/Query/Builder.php(3459): Illuminate\\Database\\Query\\Builder->onceWithColumns()
#6 /tmp/abdoElHodaky/larvrevrstender/services/auth-service/vendor/laravel/framework/src/Illuminate/Database/Query/Builder.php(3974): Illuminate\\Database\\Query\\Builder->get()
#7 /tmp/abdoElHodaky/larvrevrstender/services/auth-service/vendor/laravel/framework/src/Illuminate/Database/Query/Builder.php(3902): Illuminate\\Database\\Query\\Builder->aggregate()
#8 /tmp/abdoElHodaky/larvrevrstender/services/auth-service/vendor/laravel/telescope/src/Storage/DatabaseEntriesRepository.php(123): Illuminate\\Database\\Query\\Builder->count()
#9 /tmp/abdoElHodaky/larvrevrstender/services/auth-service/vendor/laravel/telescope/src/Storage/DatabaseEntriesRepository.php(165): Laravel\\Telescope\\Storage\\DatabaseEntriesRepository->countExceptionOccurences()
#10 [internal function]: Laravel\\Telescope\\Storage\\DatabaseEntriesRepository->Laravel\\Telescope\\Storage\\{closure}()
#11 /tmp/abdoElHodaky/larvrevrstender/services/auth-service/vendor/laravel/framework/src/Illuminate/Collections/Arr.php(840): array_map()
#12 /tmp/abdoElHodaky/larvrevrstender/services/auth-service/vendor/laravel/framework/src/Illuminate/Collections/Collection.php(829): Illuminate\\Support\\Arr::map()
#13 /tmp/abdoElHodaky/larvrevrstender/services/auth-service/vendor/laravel/telescope/src/Storage/DatabaseEntriesRepository.php(164): Illuminate\\Support\\Collection->map()
#14 /tmp/abdoElHodaky/larvrevrstender/services/auth-service/vendor/laravel/framework/src/Illuminate/Collections/Traits/EnumeratesValues.php(275): Laravel\\Telescope\\Storage\\DatabaseEntriesRepository->Laravel\\Telescope\\Storage\\{closure}()
#15 /tmp/abdoElHodaky/larvrevrstender/services/auth-service/vendor/laravel/telescope/src/Storage/DatabaseEntriesRepository.php(163): Illuminate\\Support\\Collection->each()
#16 /tmp/abdoElHodaky/larvrevrstender/services/auth-service/vendor/laravel/telescope/src/Storage/DatabaseEntriesRepository.php(140): Laravel\\Telescope\\Storage\\DatabaseEntriesRepository->storeExceptions()
#17 /tmp/abdoElHodaky/larvrevrstender/services/auth-service/vendor/laravel/telescope/src/Telescope.php(664): Laravel\\Telescope\\Storage\\DatabaseEntriesRepository->store()
#18 [internal function]: Laravel\\Telescope\\Telescope::Laravel\\Telescope\\{closure}()
#19 /tmp/abdoElHodaky/larvrevrstender/services/auth-service/vendor/laravel/telescope/src/Telescope.php(289): call_user_func()
#20 /tmp/abdoElHodaky/larvrevrstender/services/auth-service/vendor/laravel/telescope/src/Telescope.php(656): Laravel\\Telescope\\Telescope::withoutRecording()
#21 /tmp/abdoElHodaky/larvrevrstender/services/auth-service/vendor/laravel/telescope/src/ListensForStorageOpportunities.php(65): Laravel\\Telescope\\Telescope::store()
#22 /tmp/abdoElHodaky/larvrevrstender/services/auth-service/vendor/laravel/framework/src/Illuminate/Container/BoundMethod.php(36): Laravel\\Telescope\\Telescope::Laravel\\Telescope\\{closure}()
#23 /tmp/abdoElHodaky/larvrevrstender/services/auth-service/vendor/laravel/framework/src/Illuminate/Container/Util.php(43): Illuminate\\Container\\BoundMethod::Illuminate\\Container\\{closure}()
#24 /tmp/abdoElHodaky/larvrevrstender/services/auth-service/vendor/laravel/framework/src/Illuminate/Container/BoundMethod.php(84): Illuminate\\Container\\Util::unwrapIfClosure()
#25 /tmp/abdoElHodaky/larvrevrstender/services/auth-service/vendor/laravel/framework/src/Illuminate/Container/BoundMethod.php(35): Illuminate\\Container\\BoundMethod::callBoundMethod()
#26 /tmp/abdoElHodaky/larvrevrstender/services/auth-service/vendor/laravel/framework/src/Illuminate/Container/Container.php(799): Illuminate\\Container\\BoundMethod::call()
#27 /tmp/abdoElHodaky/larvrevrstender/services/auth-service/vendor/laravel/framework/src/Illuminate/Foundation/Application.php(1466): Illuminate\\Container\\Container->call()
#28 /tmp/abdoElHodaky/larvrevrstender/services/auth-service/vendor/laravel/framework/src/Illuminate/Foundation/Console/Kernel.php(219): Illuminate\\Foundation\\Application->terminate()
#29 /tmp/abdoElHodaky/larvrevrstender/services/auth-service/artisan(51): Illuminate\\Foundation\\Console\\Kernel->terminate()
#30 {main}

[previous exception] [object] (PDOException(code: 0): could not find driver at /tmp/abdoElHodaky/larvrevrstender/services/auth-service/vendor/laravel/framework/src/Illuminate/Database/Connectors/Connector.php:66)
[stacktrace]
#0 /tmp/abdoElHodaky/larvrevrstender/services/auth-service/vendor/laravel/framework/src/Illuminate/Database/Connectors/Connector.php(66): PDO->__construct()
#1 /tmp/abdoElHodaky/larvrevrstender/services/auth-service/vendor/laravel/framework/src/Illuminate/Database/Connectors/Connector.php(44): Illuminate\\Database\\Connectors\\Connector->createPdoConnection()
#2 /tmp/abdoElHodaky/larvrevrstender/services/auth-service/vendor/laravel/framework/src/Illuminate/Database/Connectors/PostgresConnector.php(35): Illuminate\\Database\\Connectors\\Connector->createConnection()
#3 /tmp/abdoElHodaky/larvrevrstender/services/auth-service/vendor/laravel/framework/src/Illuminate/Database/Connectors/ConnectionFactory.php(186): Illuminate\\Database\\Connectors\\PostgresConnector->connect()
#4 [internal function]: Illuminate\\Database\\Connectors\\ConnectionFactory->Illuminate\\Database\\Connectors\\{closure}()
#5 /tmp/abdoElHodaky/larvrevrstender/services/auth-service/vendor/laravel/framework/src/Illuminate/Database/Connection.php(1257): call_user_func()
#6 /tmp/abdoElHodaky/larvrevrstender/services/auth-service/vendor/laravel/framework/src/Illuminate/Database/Connection.php(1295): Illuminate\\Database\\Connection->getPdo()
#7 /tmp/abdoElHodaky/larvrevrstender/services/auth-service/vendor/laravel/framework/src/Illuminate/Database/Connection.php(525): Illuminate\\Database\\Connection->getReadPdo()
#8 /tmp/abdoElHodaky/larvrevrstender/services/auth-service/vendor/laravel/framework/src/Illuminate/Database/Connection.php(420): Illuminate\\Database\\Connection->getPdoForSelect()
#9 /tmp/abdoElHodaky/larvrevrstender/services/auth-service/vendor/laravel/framework/src/Illuminate/Database/Connection.php(827): Illuminate\\Database\\Connection->Illuminate\\Database\\{closure}()
#10 /tmp/abdoElHodaky/larvrevrstender/services/auth-service/vendor/laravel/framework/src/Illuminate/Database/Connection.php(794): Illuminate\\Database\\Connection->runQueryCallback()
#11 /tmp/abdoElHodaky/larvrevrstender/services/auth-service/vendor/laravel/framework/src/Illuminate/Database/Connection.php(411): Illuminate\\Database\\Connection->run()
#12 /tmp/abdoElHodaky/larvrevrstender/services/auth-service/vendor/laravel/framework/src/Illuminate/Database/Query/Builder.php(3475): Illuminate\\Database\\Connection->select()
#13 /tmp/abdoElHodaky/larvrevrstender/services/auth-service/vendor/laravel/framework/src/Illuminate/Database/Query/Builder.php(3460): Illuminate\\Database\\Query\\Builder->runSelect()
#14 /tmp/abdoElHodaky/larvrevrstender/services/auth-service/vendor/laravel/framework/src/Illuminate/Database/Query/Builder.php(4050): Illuminate\\Database\\Query\\Builder->Illuminate\\Database\\Query\\{closure}()
#15 /tmp/abdoElHodaky/larvrevrstender/services/auth-service/vendor/laravel/framework/src/Illuminate/Database/Query/Builder.php(3459): Illuminate\\Database\\Query\\Builder->onceWithColumns()
#16 /tmp/abdoElHodaky/larvrevrstender/services/auth-service/vendor/laravel/framework/src/Illuminate/Database/Query/Builder.php(3974): Illuminate\\Database\\Query\\Builder->get()
#17 /tmp/abdoElHodaky/larvrevrstender/services/auth-service/vendor/laravel/framework/src/Illuminate/Database/Query/Builder.php(3902): Illuminate\\Database\\Query\\Builder->aggregate()
#18 /tmp/abdoElHodaky/larvrevrstender/services/auth-service/vendor/laravel/telescope/src/Storage/DatabaseEntriesRepository.php(123): Illuminate\\Database\\Query\\Builder->count()
#19 /tmp/abdoElHodaky/larvrevrstender/services/auth-service/vendor/laravel/telescope/src/Storage/DatabaseEntriesRepository.php(165): Laravel\\Telescope\\Storage\\DatabaseEntriesRepository->countExceptionOccurences()
#20 [internal function]: Laravel\\Telescope\\Storage\\DatabaseEntriesRepository->Laravel\\Telescope\\Storage\\{closure}()
#21 /tmp/abdoElHodaky/larvrevrstender/services/auth-service/vendor/laravel/framework/src/Illuminate/Collections/Arr.php(840): array_map()
#22 /tmp/abdoElHodaky/larvrevrstender/services/auth-service/vendor/laravel/framework/src/Illuminate/Collections/Collection.php(829): Illuminate\\Support\\Arr::map()
#23 /tmp/abdoElHodaky/larvrevrstender/services/auth-service/vendor/laravel/telescope/src/Storage/DatabaseEntriesRepository.php(164): Illuminate\\Support\\Collection->map()
#24 /tmp/abdoElHodaky/larvrevrstender/services/auth-service/vendor/laravel/framework/src/Illuminate/Collections/Traits/EnumeratesValues.php(275): Laravel\\Telescope\\Storage\\DatabaseEntriesRepository->Laravel\\Telescope\\Storage\\{closure}()
#25 /tmp/abdoElHodaky/larvrevrstender/services/auth-service/vendor/laravel/telescope/src/Storage/DatabaseEntriesRepository.php(163): Illuminate\\Support\\Collection->each()
#26 /tmp/abdoElHodaky/larvrevrstender/services/auth-service/vendor/laravel/telescope/src/Storage/DatabaseEntriesRepository.php(140): Laravel\\Telescope\\Storage\\DatabaseEntriesRepository->storeExceptions()
#27 /tmp/abdoElHodaky/larvrevrstender/services/auth-service/vendor/laravel/telescope/src/Telescope.php(664): Laravel\\Telescope\\Storage\\DatabaseEntriesRepository->store()
#28 [internal function]: Laravel\\Telescope\\Telescope::Laravel\\Telescope\\{closure}()
#29 /tmp/abdoElHodaky/larvrevrstender/services/auth-service/vendor/laravel/telescope/src/Telescope.php(289): call_user_func()
#30 /tmp/abdoElHodaky/larvrevrstender/services/auth-service/vendor/laravel/telescope/src/Telescope.php(656): Laravel\\Telescope\\Telescope::withoutRecording()
#31 /tmp/abdoElHodaky/larvrevrstender/services/auth-service/vendor/laravel/telescope/src/ListensForStorageOpportunities.php(65): Laravel\\Telescope\\Telescope::store()
#32 /tmp/abdoElHodaky/larvrevrstender/services/auth-service/vendor/laravel/framework/src/Illuminate/Container/BoundMethod.php(36): Laravel\\Telescope\\Telescope::Laravel\\Telescope\\{closure}()
#33 /tmp/abdoElHodaky/larvrevrstender/services/auth-service/vendor/laravel/framework/src/Illuminate/Container/Util.php(43): Illuminate\\Container\\BoundMethod::Illuminate\\Container\\{closure}()
#34 /tmp/abdoElHodaky/larvrevrstender/services/auth-service/vendor/laravel/framework/src/Illuminate/Container/BoundMethod.php(84): Illuminate\\Container\\Util::unwrapIfClosure()
#35 /tmp/abdoElHodaky/larvrevrstender/services/auth-service/vendor/laravel/framework/src/Illuminate/Container/BoundMethod.php(35): Illuminate\\Container\\BoundMethod::callBoundMethod()
#36 /tmp/abdoElHodaky/larvrevrstender/services/auth-service/vendor/laravel/framework/src/Illuminate/Container/Container.php(799): Illuminate\\Container\\BoundMethod::call()
#37 /tmp/abdoElHodaky/larvrevrstender/services/auth-service/vendor/laravel/framework/src/Illuminate/Foundation/Application.php(1466): Illuminate\\Container\\Container->call()
#38 /tmp/abdoElHodaky/larvrevrstender/services/auth-service/vendor/laravel/framework/src/Illuminate/Foundation/Console/Kernel.php(219): Illuminate\\Foundation\\Application->terminate()
#39 /tmp/abdoElHodaky/larvrevrstender/services/auth-service/artisan(51): Illuminate\\Foundation\\Console\\Kernel->terminate()
#40 {main}
"} 
[2026-03-16 12:18:06] local.INFO: Procedure registered {"name":"events","class":"Shared\\Procedures\\CrossServiceProcedure","type":"micro"} 
[2026-03-16 12:18:06] local.INFO: Procedure registered {"name":"cache","class":"Shared\\Procedures\\CrossServiceProcedure","type":"micro"} 
[2026-03-16 12:18:06] local.INFO: Procedure registered {"name":"notification","class":"Shared\\Procedures\\CrossServiceProcedure","type":"micro"} 
[2026-03-16 12:18:06] local.INFO: Procedure registered {"name":"validation","class":"Shared\\Procedures\\CrossServiceProcedure","type":"micro"} 
[2026-03-16 12:18:06] local.INFO: Procedure registered {"name":"security","class":"Shared\\Procedures\\CrossServiceProcedure","type":"micro"} 
[2026-03-16 12:18:06] local.INFO: Procedure registered {"name":"circuit_breaker","class":"Shared\\Procedures\\CrossServiceProcedure","type":"micro"} 
[2026-03-16 12:18:06] local.INFO: Procedure registered {"name":"queue_circuit_breaker","class":"Shared\\Procedures\\CrossServiceProcedure","type":"micro"} 
[2026-03-16 12:18:06] local.INFO: Procedure registered {"name":"third_party_integration","class":"Shared\\Procedures\\CrossServiceProcedure","type":"micro"} 
[2026-03-16 12:18:06] local.INFO: Procedure registered {"name":"workflow","class":"Shared\\Procedures\\CrossServiceProcedure","type":"macro"} 
[2026-03-16 12:18:06] local.ERROR: could not find driver (Connection: pgsql, Host: 127.0.0.1, Port: 5432, Database: auth_service, SQL: insert into "telescope_entries" ("batch_id", "content", "created_at", "family_hash", "type", "uuid") values (a15011d5-3881-4c3b-b076-7e6462458670, {"level":"info","message":"Procedure registered","context":{"name":"events","class":"Shared\\Procedures\\CrossServiceProcedure","type":"micro"},"hostname":"modal"}, 2026-03-16 12:18:06, ?, log, a15011d4-db6d-4b13-b522-7a459656dd93), (a15011d5-3881-4c3b-b076-7e6462458670, {"level":"info","message":"Procedure registered","context":{"name":"cache","class":"Shared\\Procedures\\CrossServiceProcedure","type":"micro"},"hostname":"modal"}, 2026-03-16 12:18:06, ?, log, a15011d4-dd1c-4d9d-8f7d-5afa7c82fa16), (a15011d5-3881-4c3b-b076-7e6462458670, {"level":"info","message":"Procedure registered","context":{"name":"notification","class":"Shared\\Procedures\\CrossServiceProcedure","type":"micro"},"hostname":"modal"}, 2026-03-16 12:18:06, ?, log, a15011d4-dd3c-4a7d-8e39-20b93c73726c), (a15011d5-3881-4c3b-b076-7e6462458670, {"level":"info","message":"Procedure registered","context":{"name":"validation","class":"Shared\\Procedures\\CrossServiceProcedure","type":"micro"},"hostname":"modal"}, 2026-03-16 12:18:06, ?, log, a15011d4-dd5d-4198-8139-4f68a0a8447f), (a15011d5-3881-4c3b-b076-7e6462458670, {"level":"info","message":"Procedure registered","context":{"name":"security","class":"Shared\\Procedures\\CrossServiceProcedure","type":"micro"},"hostname":"modal"}, 2026-03-16 12:18:06, ?, log, a15011d4-dd7b-4ab2-accb-0181d4d99c31), (a15011d5-3881-4c3b-b076-7e6462458670, {"level":"info","message":"Procedure registered","context":{"name":"circuit_breaker","class":"Shared\\Procedures\\CrossServiceProcedure","type":"micro"},"hostname":"modal"}, 2026-03-16 12:18:06, ?, log, a15011d4-dd99-4cc1-9253-54ea3c01133a), (a15011d5-3881-4c3b-b076-7e6462458670, {"level":"info","message":"Procedure registered","context":{"name":"queue_circuit_breaker","class":"Shared\\Procedures\\CrossServiceProcedure","type":"micro"},"hostname":"modal"}, 2026-03-16 12:18:06, ?, log, a15011d4-ddb9-48e8-8530-571321291176), (a15011d5-3881-4c3b-b076-7e6462458670, {"level":"info","message":"Procedure registered","context":{"name":"third_party_integration","class":"Shared\\Procedures\\CrossServiceProcedure","type":"micro"},"hostname":"modal"}, 2026-03-16 12:18:06, ?, log, a15011d4-ddd6-445c-894e-38ed9a98eab1), (a15011d5-3881-4c3b-b076-7e6462458670, {"level":"info","message":"Procedure registered","context":{"name":"workflow","class":"Shared\\Procedures\\CrossServiceProcedure","type":"macro"},"hostname":"modal"}, 2026-03-16 12:18:06, ?, log, a15011d4-ddf3-488e-aae9-bb41bd27378d), (a15011d5-3881-4c3b-b076-7e6462458670, {"command":"route:list","exit_code":0,"arguments":{"command":"route:list"},"options":{"json":false,"method":null,"action":null,"name":null,"domain":null,"middleware":null,"path":null,"except-path":null,"reverse":false,"sort":"uri","except-vendor":false,"only-vendor":false,"help":false,"silent":false,"quiet":false,"verbose":false,"version":false,"ansi":null,"no-interaction":false,"env":null},"hostname":"modal"}, 2026-03-16 12:18:06, ?, command, a15011d5-382c-42f0-a757-9a7de70f52f6)) {"exception":"[object] (Illuminate\\Database\\QueryException(code: 0): could not find driver (Connection: pgsql, Host: 127.0.0.1, Port: 5432, Database: auth_service, SQL: insert into \"telescope_entries\" (\"batch_id\", \"content\", \"created_at\", \"family_hash\", \"type\", \"uuid\") values (a15011d5-3881-4c3b-b076-7e6462458670, {\"level\":\"info\",\"message\":\"Procedure registered\",\"context\":{\"name\":\"events\",\"class\":\"Shared\\\\Procedures\\\\CrossServiceProcedure\",\"type\":\"micro\"},\"hostname\":\"modal\"}, 2026-03-16 12:18:06, ?, log, a15011d4-db6d-4b13-b522-7a459656dd93), (a15011d5-3881-4c3b-b076-7e6462458670, {\"level\":\"info\",\"message\":\"Procedure registered\",\"context\":{\"name\":\"cache\",\"class\":\"Shared\\\\Procedures\\\\CrossServiceProcedure\",\"type\":\"micro\"},\"hostname\":\"modal\"}, 2026-03-16 12:18:06, ?, log, a15011d4-dd1c-4d9d-8f7d-5afa7c82fa16), (a15011d5-3881-4c3b-b076-7e6462458670, {\"level\":\"info\",\"message\":\"Procedure registered\",\"context\":{\"name\":\"notification\",\"class\":\"Shared\\\\Procedures\\\\CrossServiceProcedure\",\"type\":\"micro\"},\"hostname\":\"modal\"}, 2026-03-16 12:18:06, ?, log, a15011d4-dd3c-4a7d-8e39-20b93c73726c), (a15011d5-3881-4c3b-b076-7e6462458670, {\"level\":\"info\",\"message\":\"Procedure registered\",\"context\":{\"name\":\"validation\",\"class\":\"Shared\\\\Procedures\\\\CrossServiceProcedure\",\"type\":\"micro\"},\"hostname\":\"modal\"}, 2026-03-16 12:18:06, ?, log, a15011d4-dd5d-4198-8139-4f68a0a8447f), (a15011d5-3881-4c3b-b076-7e6462458670, {\"level\":\"info\",\"message\":\"Procedure registered\",\"context\":{\"name\":\"security\",\"class\":\"Shared\\\\Procedures\\\\CrossServiceProcedure\",\"type\":\"micro\"},\"hostname\":\"modal\"}, 2026-03-16 12:18:06, ?, log, a15011d4-dd7b-4ab2-accb-0181d4d99c31), (a15011d5-3881-4c3b-b076-7e6462458670, {\"level\":\"info\",\"message\":\"Procedure registered\",\"context\":{\"name\":\"circuit_breaker\",\"class\":\"Shared\\\\Procedures\\\\CrossServiceProcedure\",\"type\":\"micro\"},\"hostname\":\"modal\"}, 2026-03-16 12:18:06, ?, log, a15011d4-dd99-4cc1-9253-54ea3c01133a), (a15011d5-3881-4c3b-b076-7e6462458670, {\"level\":\"info\",\"message\":\"Procedure registered\",\"context\":{\"name\":\"queue_circuit_breaker\",\"class\":\"Shared\\\\Procedures\\\\CrossServiceProcedure\",\"type\":\"micro\"},\"hostname\":\"modal\"}, 2026-03-16 12:18:06, ?, log, a15011d4-ddb9-48e8-8530-571321291176), (a15011d5-3881-4c3b-b076-7e6462458670, {\"level\":\"info\",\"message\":\"Procedure registered\",\"context\":{\"name\":\"third_party_integration\",\"class\":\"Shared\\\\Procedures\\\\CrossServiceProcedure\",\"type\":\"micro\"},\"hostname\":\"modal\"}, 2026-03-16 12:18:06, ?, log, a15011d4-ddd6-445c-894e-38ed9a98eab1), (a15011d5-3881-4c3b-b076-7e6462458670, {\"level\":\"info\",\"message\":\"Procedure registered\",\"context\":{\"name\":\"workflow\",\"class\":\"Shared\\\\Procedures\\\\CrossServiceProcedure\",\"type\":\"macro\"},\"hostname\":\"modal\"}, 2026-03-16 12:18:06, ?, log, a15011d4-ddf3-488e-aae9-bb41bd27378d), (a15011d5-3881-4c3b-b076-7e6462458670, {\"command\":\"route:list\",\"exit_code\":0,\"arguments\":{\"command\":\"route:list\"},\"options\":{\"json\":false,\"method\":null,\"action\":null,\"name\":null,\"domain\":null,\"middleware\":null,\"path\":null,\"except-path\":null,\"reverse\":false,\"sort\":\"uri\",\"except-vendor\":false,\"only-vendor\":false,\"help\":false,\"silent\":false,\"quiet\":false,\"verbose\":false,\"version\":false,\"ansi\":null,\"no-interaction\":false,\"env\":null},\"hostname\":\"modal\"}, 2026-03-16 12:18:06, ?, command, a15011d5-382c-42f0-a757-9a7de70f52f6)) at /tmp/abdoElHodaky/larvrevrstender/services/auth-service/vendor/laravel/framework/src/Illuminate/Database/Connection.php:838)
[stacktrace]
#0 /tmp/abdoElHodaky/larvrevrstender/services/auth-service/vendor/laravel/framework/src/Illuminate/Database/Connection.php(794): Illuminate\\Database\\Connection->runQueryCallback()
#1 /tmp/abdoElHodaky/larvrevrstender/services/auth-service/vendor/laravel/framework/src/Illuminate/Database/Connection.php(573): Illuminate\\Database\\Connection->run()
#2 /tmp/abdoElHodaky/larvrevrstender/services/auth-service/vendor/laravel/framework/src/Illuminate/Database/Connection.php(537): Illuminate\\Database\\Connection->statement()
#3 /tmp/abdoElHodaky/larvrevrstender/services/auth-service/vendor/laravel/framework/src/Illuminate/Database/Query/Builder.php(4091): Illuminate\\Database\\Connection->insert()
#4 /tmp/abdoElHodaky/larvrevrstender/services/auth-service/vendor/laravel/telescope/src/Storage/DatabaseEntriesRepository.php(145): Illuminate\\Database\\Query\\Builder->insert()
#5 /tmp/abdoElHodaky/larvrevrstender/services/auth-service/vendor/laravel/framework/src/Illuminate/Collections/Traits/EnumeratesValues.php(275): Laravel\\Telescope\\Storage\\DatabaseEntriesRepository->Laravel\\Telescope\\Storage\\{closure}()
#6 /tmp/abdoElHodaky/larvrevrstender/services/auth-service/vendor/laravel/telescope/src/Storage/DatabaseEntriesRepository.php(144): Illuminate\\Support\\Collection->each()
#7 /tmp/abdoElHodaky/larvrevrstender/services/auth-service/vendor/laravel/telescope/src/Telescope.php(664): Laravel\\Telescope\\Storage\\DatabaseEntriesRepository->store()
#8 [internal function]: Laravel\\Telescope\\Telescope::Laravel\\Telescope\\{closure}()
#9 /tmp/abdoElHodaky/larvrevrstender/services/auth-service/vendor/laravel/telescope/src/Telescope.php(289): call_user_func()
#10 /tmp/abdoElHodaky/larvrevrstender/services/auth-service/vendor/laravel/telescope/src/Telescope.php(656): Laravel\\Telescope\\Telescope::withoutRecording()
#11 /tmp/abdoElHodaky/larvrevrstender/services/auth-service/vendor/laravel/telescope/src/ListensForStorageOpportunities.php(65): Laravel\\Telescope\\Telescope::store()
#12 /tmp/abdoElHodaky/larvrevrstender/services/auth-service/vendor/laravel/framework/src/Illuminate/Container/BoundMethod.php(36): Laravel\\Telescope\\Telescope::Laravel\\Telescope\\{closure}()
#13 /tmp/abdoElHodaky/larvrevrstender/services/auth-service/vendor/laravel/framework/src/Illuminate/Container/Util.php(43): Illuminate\\Container\\BoundMethod::Illuminate\\Container\\{closure}()
#14 /tmp/abdoElHodaky/larvrevrstender/services/auth-service/vendor/laravel/framework/src/Illuminate/Container/BoundMethod.php(84): Illuminate\\Container\\Util::unwrapIfClosure()
#15 /tmp/abdoElHodaky/larvrevrstender/services/auth-service/vendor/laravel/framework/src/Illuminate/Container/BoundMethod.php(35): Illuminate\\Container\\BoundMethod::callBoundMethod()
#16 /tmp/abdoElHodaky/larvrevrstender/services/auth-service/vendor/laravel/framework/src/Illuminate/Container/Container.php(799): Illuminate\\Container\\BoundMethod::call()
#17 /tmp/abdoElHodaky/larvrevrstender/services/auth-service/vendor/laravel/framework/src/Illuminate/Foundation/Application.php(1466): Illuminate\\Container\\Container->call()
#18 /tmp/abdoElHodaky/larvrevrstender/services/auth-service/vendor/laravel/framework/src/Illuminate/Foundation/Console/Kernel.php(219): Illuminate\\Foundation\\Application->terminate()
#19 /tmp/abdoElHodaky/larvrevrstender/services/auth-service/artisan(51): Illuminate\\Foundation\\Console\\Kernel->terminate()
#20 {main}

[previous exception] [object] (PDOException(code: 0): could not find driver at /tmp/abdoElHodaky/larvrevrstender/services/auth-service/vendor/laravel/framework/src/Illuminate/Database/Connectors/Connector.php:66)
[stacktrace]
#0 /tmp/abdoElHodaky/larvrevrstender/services/auth-service/vendor/laravel/framework/src/Illuminate/Database/Connectors/Connector.php(66): PDO->__construct()
#1 /tmp/abdoElHodaky/larvrevrstender/services/auth-service/vendor/laravel/framework/src/Illuminate/Database/Connectors/Connector.php(44): Illuminate\\Database\\Connectors\\Connector->createPdoConnection()
#2 /tmp/abdoElHodaky/larvrevrstender/services/auth-service/vendor/laravel/framework/src/Illuminate/Database/Connectors/PostgresConnector.php(35): Illuminate\\Database\\Connectors\\Connector->createConnection()
#3 /tmp/abdoElHodaky/larvrevrstender/services/auth-service/vendor/laravel/framework/src/Illuminate/Database/Connectors/ConnectionFactory.php(186): Illuminate\\Database\\Connectors\\PostgresConnector->connect()
#4 [internal function]: Illuminate\\Database\\Connectors\\ConnectionFactory->Illuminate\\Database\\Connectors\\{closure}()
#5 /tmp/abdoElHodaky/larvrevrstender/services/auth-service/vendor/laravel/framework/src/Illuminate/Database/Connection.php(1257): call_user_func()
#6 /tmp/abdoElHodaky/larvrevrstender/services/auth-service/vendor/laravel/framework/src/Illuminate/Database/Connection.php(578): Illuminate\\Database\\Connection->getPdo()
#7 /tmp/abdoElHodaky/larvrevrstender/services/auth-service/vendor/laravel/framework/src/Illuminate/Database/Connection.php(827): Illuminate\\Database\\Connection->Illuminate\\Database\\{closure}()
#8 /tmp/abdoElHodaky/larvrevrstender/services/auth-service/vendor/laravel/framework/src/Illuminate/Database/Connection.php(794): Illuminate\\Database\\Connection->runQueryCallback()
#9 /tmp/abdoElHodaky/larvrevrstender/services/auth-service/vendor/laravel/framework/src/Illuminate/Database/Connection.php(573): Illuminate\\Database\\Connection->run()
#10 /tmp/abdoElHodaky/larvrevrstender/services/auth-service/vendor/laravel/framework/src/Illuminate/Database/Connection.php(537): Illuminate\\Database\\Connection->statement()
#11 /tmp/abdoElHodaky/larvrevrstender/services/auth-service/vendor/laravel/framework/src/Illuminate/Database/Query/Builder.php(4091): Illuminate\\Database\\Connection->insert()
#12 /tmp/abdoElHodaky/larvrevrstender/services/auth-service/vendor/laravel/telescope/src/Storage/DatabaseEntriesRepository.php(145): Illuminate\\Database\\Query\\Builder->insert()
#13 /tmp/abdoElHodaky/larvrevrstender/services/auth-service/vendor/laravel/framework/src/Illuminate/Collections/Traits/EnumeratesValues.php(275): Laravel\\Telescope\\Storage\\DatabaseEntriesRepository->Laravel\\Telescope\\Storage\\{closure}()
#14 /tmp/abdoElHodaky/larvrevrstender/services/auth-service/vendor/laravel/telescope/src/Storage/DatabaseEntriesRepository.php(144): Illuminate\\Support\\Collection->each()
#15 /tmp/abdoElHodaky/larvrevrstender/services/auth-service/vendor/laravel/telescope/src/Telescope.php(664): Laravel\\Telescope\\Storage\\DatabaseEntriesRepository->store()
#16 [internal function]: Laravel\\Telescope\\Telescope::Laravel\\Telescope\\{closure}()
#17 /tmp/abdoElHodaky/larvrevrstender/services/auth-service/vendor/laravel/telescope/src/Telescope.php(289): call_user_func()
#18 /tmp/abdoElHodaky/larvrevrstender/services/auth-service/vendor/laravel/telescope/src/Telescope.php(656): Laravel\\Telescope\\Telescope::withoutRecording()
#19 /tmp/abdoElHodaky/larvrevrstender/services/auth-service/vendor/laravel/telescope/src/ListensForStorageOpportunities.php(65): Laravel\\Telescope\\Telescope::store()
#20 /tmp/abdoElHodaky/larvrevrstender/services/auth-service/vendor/laravel/framework/src/Illuminate/Container/BoundMethod.php(36): Laravel\\Telescope\\Telescope::Laravel\\Telescope\\{closure}()
#21 /tmp/abdoElHodaky/larvrevrstender/services/auth-service/vendor/laravel/framework/src/Illuminate/Container/Util.php(43): Illuminate\\Container\\BoundMethod::Illuminate\\Container\\{closure}()
#22 /tmp/abdoElHodaky/larvrevrstender/services/auth-service/vendor/laravel/framework/src/Illuminate/Container/BoundMethod.php(84): Illuminate\\Container\\Util::unwrapIfClosure()
#23 /tmp/abdoElHodaky/larvrevrstender/services/auth-service/vendor/laravel/framework/src/Illuminate/Container/BoundMethod.php(35): Illuminate\\Container\\BoundMethod::callBoundMethod()
#24 /tmp/abdoElHodaky/larvrevrstender/services/auth-service/vendor/laravel/framework/src/Illuminate/Container/Container.php(799): Illuminate\\Container\\BoundMethod::call()
#25 /tmp/abdoElHodaky/larvrevrstender/services/auth-service/vendor/laravel/framework/src/Illuminate/Foundation/Application.php(1466): Illuminate\\Container\\Container->call()
#26 /tmp/abdoElHodaky/larvrevrstender/services/auth-service/vendor/laravel/framework/src/Illuminate/Foundation/Console/Kernel.php(219): Illuminate\\Foundation\\Application->terminate()
#27 /tmp/abdoElHodaky/larvrevrstender/services/auth-service/artisan(51): Illuminate\\Foundation\\Console\\Kernel->terminate()
#28 {main}
"} 
