[2026-03-16 11:24:51] local.ERROR: Class "Redis" not found {"exception":"[object] (Error(code: 0): Class \"Redis\" not found at /tmp/abdoElHodaky/larvrevrstender/services/auth-service/vendor/laravel/framework/src/Illuminate/Redis/Connectors/PhpRedisConnector.php:80)
[stacktrace]
#0 /tmp/abdoElHodaky/larvrevrstender/services/auth-service/vendor/laravel/framework/src/Illuminate/Redis/Connectors/PhpRedisConnector.php(34): Illuminate\\Redis\\Connectors\\PhpRedisConnector->createClient()
#1 /tmp/abdoElHodaky/larvrevrstender/services/auth-service/vendor/laravel/framework/src/Illuminate/Redis/Connectors/PhpRedisConnector.php(39): Illuminate\\Redis\\Connectors\\PhpRedisConnector->Illuminate\\Redis\\Connectors\\{closure}()
#2 /tmp/abdoElHodaky/larvrevrstender/services/auth-service/vendor/laravel/framework/src/Illuminate/Redis/RedisManager.php(111): Illuminate\\Redis\\Connectors\\PhpRedisConnector->connect()
#3 /tmp/abdoElHodaky/larvrevrstender/services/auth-service/vendor/laravel/framework/src/Illuminate/Redis/RedisManager.php(92): Illuminate\\Redis\\RedisManager->resolve()
#4 /tmp/abdoElHodaky/larvrevrstender/services/auth-service/vendor/laravel/framework/src/Illuminate/Cache/RedisStore.php(377): Illuminate\\Redis\\RedisManager->connection()
#5 /tmp/abdoElHodaky/larvrevrstender/services/auth-service/vendor/laravel/framework/src/Illuminate/Cache/RedisStore.php(80): Illuminate\\Cache\\RedisStore->connection()
#6 /tmp/abdoElHodaky/larvrevrstender/services/auth-service/vendor/laravel/framework/src/Illuminate/Cache/Repository.php(125): Illuminate\\Cache\\RedisStore->get()
#7 /tmp/abdoElHodaky/larvrevrstender/services/auth-service/vendor/laravel/framework/src/Illuminate/Cache/CacheManager.php(558): Illuminate\\Cache\\Repository->get()
#8 /tmp/abdoElHodaky/larvrevrstender/services/auth-service/vendor/laravel/telescope/src/Watchers/DumpWatcher.php(47): Illuminate\\Cache\\CacheManager->__call()
#9 /tmp/abdoElHodaky/larvrevrstender/services/auth-service/vendor/laravel/telescope/src/RegistersWatchers.php(48): Laravel\\Telescope\\Watchers\\DumpWatcher->register()
#10 /tmp/abdoElHodaky/larvrevrstender/services/auth-service/vendor/laravel/telescope/src/Telescope.php(138): Laravel\\Telescope\\Telescope::registerWatchers()
#11 /tmp/abdoElHodaky/larvrevrstender/services/auth-service/vendor/laravel/telescope/src/TelescopeServiceProvider.php(39): Laravel\\Telescope\\Telescope::start()
#12 /tmp/abdoElHodaky/larvrevrstender/services/auth-service/vendor/laravel/framework/src/Illuminate/Container/BoundMethod.php(36): Laravel\\Telescope\\TelescopeServiceProvider->boot()
#13 /tmp/abdoElHodaky/larvrevrstender/services/auth-service/vendor/laravel/framework/src/Illuminate/Container/Util.php(43): Illuminate\\Container\\BoundMethod::Illuminate\\Container\\{closure}()
#14 /tmp/abdoElHodaky/larvrevrstender/services/auth-service/vendor/laravel/framework/src/Illuminate/Container/BoundMethod.php(96): Illuminate\\Container\\Util::unwrapIfClosure()
#15 /tmp/abdoElHodaky/larvrevrstender/services/auth-service/vendor/laravel/framework/src/Illuminate/Container/BoundMethod.php(35): Illuminate\\Container\\BoundMethod::callBoundMethod()
#16 /tmp/abdoElHodaky/larvrevrstender/services/auth-service/vendor/laravel/framework/src/Illuminate/Container/Container.php(799): Illuminate\\Container\\BoundMethod::call()
#17 /tmp/abdoElHodaky/larvrevrstender/services/auth-service/vendor/laravel/framework/src/Illuminate/Foundation/Application.php(1151): Illuminate\\Container\\Container->call()
#18 /tmp/abdoElHodaky/larvrevrstender/services/auth-service/vendor/laravel/framework/src/Illuminate/Foundation/Application.php(1132): Illuminate\\Foundation\\Application->bootProvider()
#19 [internal function]: Illuminate\\Foundation\\Application->Illuminate\\Foundation\\{closure}()
#20 /tmp/abdoElHodaky/larvrevrstender/services/auth-service/vendor/laravel/framework/src/Illuminate/Foundation/Application.php(1131): array_walk()
#21 /tmp/abdoElHodaky/larvrevrstender/services/auth-service/vendor/laravel/framework/src/Illuminate/Foundation/Bootstrap/BootProviders.php(17): Illuminate\\Foundation\\Application->boot()
#22 /tmp/abdoElHodaky/larvrevrstender/services/auth-service/vendor/laravel/framework/src/Illuminate/Foundation/Application.php(342): Illuminate\\Foundation\\Bootstrap\\BootProviders->bootstrap()
#23 /tmp/abdoElHodaky/larvrevrstender/services/auth-service/vendor/laravel/framework/src/Illuminate/Foundation/Console/Kernel.php(494): Illuminate\\Foundation\\Application->bootstrapWith()
#24 /tmp/abdoElHodaky/larvrevrstender/services/auth-service/vendor/laravel/framework/src/Illuminate/Foundation/Console/Kernel.php(196): Illuminate\\Foundation\\Console\\Kernel->bootstrap()
#25 /tmp/abdoElHodaky/larvrevrstender/services/auth-service/artisan(35): Illuminate\\Foundation\\Console\\Kernel->handle()
#26 {main}
"} 
[2026-03-16 11:25:28] local.INFO: Procedure registered {"name":"events","class":"Shared\\Procedures\\CrossServiceProcedure","type":"micro"} 
[2026-03-16 11:25:28] local.INFO: Procedure registered {"name":"cache","class":"Shared\\Procedures\\CrossServiceProcedure","type":"micro"} 
[2026-03-16 11:25:28] local.INFO: Procedure registered {"name":"notification","class":"Shared\\Procedures\\CrossServiceProcedure","type":"micro"} 
[2026-03-16 11:25:28] local.INFO: Procedure registered {"name":"validation","class":"Shared\\Procedures\\CrossServiceProcedure","type":"micro"} 
[2026-03-16 11:25:28] local.INFO: Procedure registered {"name":"security","class":"Shared\\Procedures\\CrossServiceProcedure","type":"micro"} 
[2026-03-16 11:25:28] local.INFO: Procedure registered {"name":"circuit_breaker","class":"Shared\\Procedures\\CrossServiceProcedure","type":"micro"} 
[2026-03-16 11:25:28] local.INFO: Procedure registered {"name":"queue_circuit_breaker","class":"Shared\\Procedures\\CrossServiceProcedure","type":"micro"} 
[2026-03-16 11:25:28] local.INFO: Procedure registered {"name":"third_party_integration","class":"Shared\\Procedures\\CrossServiceProcedure","type":"micro"} 
[2026-03-16 11:25:28] local.INFO: Procedure registered {"name":"workflow","class":"Shared\\Procedures\\CrossServiceProcedure","type":"macro"} 
[2026-03-16 11:25:28] local.ERROR: could not find driver (Connection: pgsql, Host: 127.0.0.1, Port: 5432, Database: auth_service, SQL: insert into "telescope_entries" ("batch_id", "content", "created_at", "family_hash", "type", "uuid") values (a14fff02-f64d-44ac-b45d-d01a2308b175, {"level":"info","message":"Procedure registered","context":{"name":"events","class":"Shared\\Procedures\\CrossServiceProcedure","type":"micro"},"hostname":"modal"}, 2026-03-16 11:25:28, ?, log, a14fff02-d3bd-4ade-96b1-394de863495a), (a14fff02-f64d-44ac-b45d-d01a2308b175, {"level":"info","message":"Procedure registered","context":{"name":"cache","class":"Shared\\Procedures\\CrossServiceProcedure","type":"micro"},"hostname":"modal"}, 2026-03-16 11:25:28, ?, log, a14fff02-d5c9-4a61-a8b0-6aaa3d04a89f), (a14fff02-f64d-44ac-b45d-d01a2308b175, {"level":"info","message":"Procedure registered","context":{"name":"notification","class":"Shared\\Procedures\\CrossServiceProcedure","type":"micro"},"hostname":"modal"}, 2026-03-16 11:25:28, ?, log, a14fff02-d5e9-4de3-b1b2-b27df9d70208), (a14fff02-f64d-44ac-b45d-d01a2308b175, {"level":"info","message":"Procedure registered","context":{"name":"validation","class":"Shared\\Procedures\\CrossServiceProcedure","type":"micro"},"hostname":"modal"}, 2026-03-16 11:25:28, ?, log, a14fff02-d605-4b53-af59-1c4c6b563b52), (a14fff02-f64d-44ac-b45d-d01a2308b175, {"level":"info","message":"Procedure registered","context":{"name":"security","class":"Shared\\Procedures\\CrossServiceProcedure","type":"micro"},"hostname":"modal"}, 2026-03-16 11:25:28, ?, log, a14fff02-d621-456e-aed5-9f96862d6875), (a14fff02-f64d-44ac-b45d-d01a2308b175, {"level":"info","message":"Procedure registered","context":{"name":"circuit_breaker","class":"Shared\\Procedures\\CrossServiceProcedure","type":"micro"},"hostname":"modal"}, 2026-03-16 11:25:28, ?, log, a14fff02-d639-45bd-bd78-de5026d7b2c4), (a14fff02-f64d-44ac-b45d-d01a2308b175, {"level":"info","message":"Procedure registered","context":{"name":"queue_circuit_breaker","class":"Shared\\Procedures\\CrossServiceProcedure","type":"micro"},"hostname":"modal"}, 2026-03-16 11:25:28, ?, log, a14fff02-d650-493d-bc88-894618423aeb), (a14fff02-f64d-44ac-b45d-d01a2308b175, {"level":"info","message":"Procedure registered","context":{"name":"third_party_integration","class":"Shared\\Procedures\\CrossServiceProcedure","type":"micro"},"hostname":"modal"}, 2026-03-16 11:25:28, ?, log, a14fff02-d666-4b9e-b68c-b6a76e951982), (a14fff02-f64d-44ac-b45d-d01a2308b175, {"level":"info","message":"Procedure registered","context":{"name":"workflow","class":"Shared\\Procedures\\CrossServiceProcedure","type":"macro"},"hostname":"modal"}, 2026-03-16 11:25:28, ?, log, a14fff02-d67e-4e4e-9343-640d23a404dc), (a14fff02-f64d-44ac-b45d-d01a2308b175, {"command":"config:clear","exit_code":0,"arguments":{"command":"config:clear"},"options":{"help":false,"silent":false,"quiet":false,"verbose":false,"version":false,"ansi":true,"no-interaction":false,"env":null},"hostname":"modal"}, 2026-03-16 11:25:28, ?, command, a14fff02-f5b5-47fe-a9b9-e61cc744a89b)) {"exception":"[object] (Illuminate\\Database\\QueryException(code: 0): could not find driver (Connection: pgsql, Host: 127.0.0.1, Port: 5432, Database: auth_service, SQL: insert into \"telescope_entries\" (\"batch_id\", \"content\", \"created_at\", \"family_hash\", \"type\", \"uuid\") values (a14fff02-f64d-44ac-b45d-d01a2308b175, {\"level\":\"info\",\"message\":\"Procedure registered\",\"context\":{\"name\":\"events\",\"class\":\"Shared\\\\Procedures\\\\CrossServiceProcedure\",\"type\":\"micro\"},\"hostname\":\"modal\"}, 2026-03-16 11:25:28, ?, log, a14fff02-d3bd-4ade-96b1-394de863495a), (a14fff02-f64d-44ac-b45d-d01a2308b175, {\"level\":\"info\",\"message\":\"Procedure registered\",\"context\":{\"name\":\"cache\",\"class\":\"Shared\\\\Procedures\\\\CrossServiceProcedure\",\"type\":\"micro\"},\"hostname\":\"modal\"}, 2026-03-16 11:25:28, ?, log, a14fff02-d5c9-4a61-a8b0-6aaa3d04a89f), (a14fff02-f64d-44ac-b45d-d01a2308b175, {\"level\":\"info\",\"message\":\"Procedure registered\",\"context\":{\"name\":\"notification\",\"class\":\"Shared\\\\Procedures\\\\CrossServiceProcedure\",\"type\":\"micro\"},\"hostname\":\"modal\"}, 2026-03-16 11:25:28, ?, log, a14fff02-d5e9-4de3-b1b2-b27df9d70208), (a14fff02-f64d-44ac-b45d-d01a2308b175, {\"level\":\"info\",\"message\":\"Procedure registered\",\"context\":{\"name\":\"validation\",\"class\":\"Shared\\\\Procedures\\\\CrossServiceProcedure\",\"type\":\"micro\"},\"hostname\":\"modal\"}, 2026-03-16 11:25:28, ?, log, a14fff02-d605-4b53-af59-1c4c6b563b52), (a14fff02-f64d-44ac-b45d-d01a2308b175, {\"level\":\"info\",\"message\":\"Procedure registered\",\"context\":{\"name\":\"security\",\"class\":\"Shared\\\\Procedures\\\\CrossServiceProcedure\",\"type\":\"micro\"},\"hostname\":\"modal\"}, 2026-03-16 11:25:28, ?, log, a14fff02-d621-456e-aed5-9f96862d6875), (a14fff02-f64d-44ac-b45d-d01a2308b175, {\"level\":\"info\",\"message\":\"Procedure registered\",\"context\":{\"name\":\"circuit_breaker\",\"class\":\"Shared\\\\Procedures\\\\CrossServiceProcedure\",\"type\":\"micro\"},\"hostname\":\"modal\"}, 2026-03-16 11:25:28, ?, log, a14fff02-d639-45bd-bd78-de5026d7b2c4), (a14fff02-f64d-44ac-b45d-d01a2308b175, {\"level\":\"info\",\"message\":\"Procedure registered\",\"context\":{\"name\":\"queue_circuit_breaker\",\"class\":\"Shared\\\\Procedures\\\\CrossServiceProcedure\",\"type\":\"micro\"},\"hostname\":\"modal\"}, 2026-03-16 11:25:28, ?, log, a14fff02-d650-493d-bc88-894618423aeb), (a14fff02-f64d-44ac-b45d-d01a2308b175, {\"level\":\"info\",\"message\":\"Procedure registered\",\"context\":{\"name\":\"third_party_integration\",\"class\":\"Shared\\\\Procedures\\\\CrossServiceProcedure\",\"type\":\"micro\"},\"hostname\":\"modal\"}, 2026-03-16 11:25:28, ?, log, a14fff02-d666-4b9e-b68c-b6a76e951982), (a14fff02-f64d-44ac-b45d-d01a2308b175, {\"level\":\"info\",\"message\":\"Procedure registered\",\"context\":{\"name\":\"workflow\",\"class\":\"Shared\\\\Procedures\\\\CrossServiceProcedure\",\"type\":\"macro\"},\"hostname\":\"modal\"}, 2026-03-16 11:25:28, ?, log, a14fff02-d67e-4e4e-9343-640d23a404dc), (a14fff02-f64d-44ac-b45d-d01a2308b175, {\"command\":\"config:clear\",\"exit_code\":0,\"arguments\":{\"command\":\"config:clear\"},\"options\":{\"help\":false,\"silent\":false,\"quiet\":false,\"verbose\":false,\"version\":false,\"ansi\":true,\"no-interaction\":false,\"env\":null},\"hostname\":\"modal\"}, 2026-03-16 11:25:28, ?, command, a14fff02-f5b5-47fe-a9b9-e61cc744a89b)) at /tmp/abdoElHodaky/larvrevrstender/services/auth-service/vendor/laravel/framework/src/Illuminate/Database/Connection.php:838)
[stacktrace]
#0 /tmp/abdoElHodaky/larvrevrstender/services/auth-service/vendor/laravel/framework/src/Illuminate/Database/Connection.php(794): Illuminate\\Database\\Connection->runQueryCallback()
#1 /tmp/abdoElHodaky/larvrevrstender/services/auth-service/vendor/laravel/framework/src/Illuminate/Database/Connection.php(573): Illuminate\\Database\\Connection->run()
#2 /tmp/abdoElHodaky/larvrevrstender/services/auth-service/vendor/laravel/framework/src/Illuminate/Database/Connection.php(537): Illuminate\\Database\\Connection->statement()
#3 /tmp/abdoElHodaky/larvrevrstender/services/auth-service/vendor/laravel/framework/src/Illuminate/Database/Query/Builder.php(4091): Illuminate\\Database\\Connection->insert()
#4 /tmp/abdoElHodaky/larvrevrstender/services/auth-service/vendor/laravel/telescope/src/Storage/DatabaseEntriesRepository.php(145): Illuminate\\Database\\Query\\Builder->insert()
#5 /tmp/abdoElHodaky/larvrevrstender/services/auth-service/vendor/laravel/framework/src/Illuminate/Collections/Traits/EnumeratesValues.php(275): Laravel\\Telescope\\Storage\\DatabaseEntriesRepository->Laravel\\Telescope\\Storage\\{closure}()
#6 /tmp/abdoElHodaky/larvrevrstender/services/auth-service/vendor/laravel/telescope/src/Storage/DatabaseEntriesRepository.php(144): Illuminate\\Support\\Collection->each()
#7 /tmp/abdoElHodaky/larvrevrstender/services/auth-service/vendor/laravel/telescope/src/Telescope.php(664): Laravel\\Telescope\\Storage\\DatabaseEntriesRepository->store()
#8 [internal function]: Laravel\\Telescope\\Telescope::Laravel\\Telescope\\{closure}()
#9 /tmp/abdoElHodaky/larvrevrstender/services/auth-service/vendor/laravel/telescope/src/Telescope.php(289): call_user_func()
#10 /tmp/abdoElHodaky/larvrevrstender/services/auth-service/vendor/laravel/telescope/src/Telescope.php(656): Laravel\\Telescope\\Telescope::withoutRecording()
#11 /tmp/abdoElHodaky/larvrevrstender/services/auth-service/vendor/laravel/telescope/src/ListensForStorageOpportunities.php(65): Laravel\\Telescope\\Telescope::store()
#12 /tmp/abdoElHodaky/larvrevrstender/services/auth-service/vendor/laravel/framework/src/Illuminate/Container/BoundMethod.php(36): Laravel\\Telescope\\Telescope::Laravel\\Telescope\\{closure}()
#13 /tmp/abdoElHodaky/larvrevrstender/services/auth-service/vendor/laravel/framework/src/Illuminate/Container/Util.php(43): Illuminate\\Container\\BoundMethod::Illuminate\\Container\\{closure}()
#14 /tmp/abdoElHodaky/larvrevrstender/services/auth-service/vendor/laravel/framework/src/Illuminate/Container/BoundMethod.php(84): Illuminate\\Container\\Util::unwrapIfClosure()
#15 /tmp/abdoElHodaky/larvrevrstender/services/auth-service/vendor/laravel/framework/src/Illuminate/Container/BoundMethod.php(35): Illuminate\\Container\\BoundMethod::callBoundMethod()
#16 /tmp/abdoElHodaky/larvrevrstender/services/auth-service/vendor/laravel/framework/src/Illuminate/Container/Container.php(799): Illuminate\\Container\\BoundMethod::call()
#17 /tmp/abdoElHodaky/larvrevrstender/services/auth-service/vendor/laravel/framework/src/Illuminate/Foundation/Application.php(1466): Illuminate\\Container\\Container->call()
#18 /tmp/abdoElHodaky/larvrevrstender/services/auth-service/vendor/laravel/framework/src/Illuminate/Foundation/Console/Kernel.php(219): Illuminate\\Foundation\\Application->terminate()
#19 /tmp/abdoElHodaky/larvrevrstender/services/auth-service/artisan(51): Illuminate\\Foundation\\Console\\Kernel->terminate()
#20 {main}

[previous exception] [object] (PDOException(code: 0): could not find driver at /tmp/abdoElHodaky/larvrevrstender/services/auth-service/vendor/laravel/framework/src/Illuminate/Database/Connectors/Connector.php:66)
[stacktrace]
#0 /tmp/abdoElHodaky/larvrevrstender/services/auth-service/vendor/laravel/framework/src/Illuminate/Database/Connectors/Connector.php(66): PDO->__construct()
#1 /tmp/abdoElHodaky/larvrevrstender/services/auth-service/vendor/laravel/framework/src/Illuminate/Database/Connectors/Connector.php(44): Illuminate\\Database\\Connectors\\Connector->createPdoConnection()
#2 /tmp/abdoElHodaky/larvrevrstender/services/auth-service/vendor/laravel/framework/src/Illuminate/Database/Connectors/PostgresConnector.php(35): Illuminate\\Database\\Connectors\\Connector->createConnection()
#3 /tmp/abdoElHodaky/larvrevrstender/services/auth-service/vendor/laravel/framework/src/Illuminate/Database/Connectors/ConnectionFactory.php(186): Illuminate\\Database\\Connectors\\PostgresConnector->connect()
#4 [internal function]: Illuminate\\Database\\Connectors\\ConnectionFactory->Illuminate\\Database\\Connectors\\{closure}()
#5 /tmp/abdoElHodaky/larvrevrstender/services/auth-service/vendor/laravel/framework/src/Illuminate/Database/Connection.php(1257): call_user_func()
#6 /tmp/abdoElHodaky/larvrevrstender/services/auth-service/vendor/laravel/framework/src/Illuminate/Database/Connection.php(578): Illuminate\\Database\\Connection->getPdo()
#7 /tmp/abdoElHodaky/larvrevrstender/services/auth-service/vendor/laravel/framework/src/Illuminate/Database/Connection.php(827): Illuminate\\Database\\Connection->Illuminate\\Database\\{closure}()
#8 /tmp/abdoElHodaky/larvrevrstender/services/auth-service/vendor/laravel/framework/src/Illuminate/Database/Connection.php(794): Illuminate\\Database\\Connection->runQueryCallback()
#9 /tmp/abdoElHodaky/larvrevrstender/services/auth-service/vendor/laravel/framework/src/Illuminate/Database/Connection.php(573): Illuminate\\Database\\Connection->run()
#10 /tmp/abdoElHodaky/larvrevrstender/services/auth-service/vendor/laravel/framework/src/Illuminate/Database/Connection.php(537): Illuminate\\Database\\Connection->statement()
#11 /tmp/abdoElHodaky/larvrevrstender/services/auth-service/vendor/laravel/framework/src/Illuminate/Database/Query/Builder.php(4091): Illuminate\\Database\\Connection->insert()
#12 /tmp/abdoElHodaky/larvrevrstender/services/auth-service/vendor/laravel/telescope/src/Storage/DatabaseEntriesRepository.php(145): Illuminate\\Database\\Query\\Builder->insert()
#13 /tmp/abdoElHodaky/larvrevrstender/services/auth-service/vendor/laravel/framework/src/Illuminate/Collections/Traits/EnumeratesValues.php(275): Laravel\\Telescope\\Storage\\DatabaseEntriesRepository->Laravel\\Telescope\\Storage\\{closure}()
#14 /tmp/abdoElHodaky/larvrevrstender/services/auth-service/vendor/laravel/telescope/src/Storage/DatabaseEntriesRepository.php(144): Illuminate\\Support\\Collection->each()
#15 /tmp/abdoElHodaky/larvrevrstender/services/auth-service/vendor/laravel/telescope/src/Telescope.php(664): Laravel\\Telescope\\Storage\\DatabaseEntriesRepository->store()
#16 [internal function]: Laravel\\Telescope\\Telescope::Laravel\\Telescope\\{closure}()
#17 /tmp/abdoElHodaky/larvrevrstender/services/auth-service/vendor/laravel/telescope/src/Telescope.php(289): call_user_func()
#18 /tmp/abdoElHodaky/larvrevrstender/services/auth-service/vendor/laravel/telescope/src/Telescope.php(656): Laravel\\Telescope\\Telescope::withoutRecording()
#19 /tmp/abdoElHodaky/larvrevrstender/services/auth-service/vendor/laravel/telescope/src/ListensForStorageOpportunities.php(65): Laravel\\Telescope\\Telescope::store()
#20 /tmp/abdoElHodaky/larvrevrstender/services/auth-service/vendor/laravel/framework/src/Illuminate/Container/BoundMethod.php(36): Laravel\\Telescope\\Telescope::Laravel\\Telescope\\{closure}()
#21 /tmp/abdoElHodaky/larvrevrstender/services/auth-service/vendor/laravel/framework/src/Illuminate/Container/Util.php(43): Illuminate\\Container\\BoundMethod::Illuminate\\Container\\{closure}()
#22 /tmp/abdoElHodaky/larvrevrstender/services/auth-service/vendor/laravel/framework/src/Illuminate/Container/BoundMethod.php(84): Illuminate\\Container\\Util::unwrapIfClosure()
#23 /tmp/abdoElHodaky/larvrevrstender/services/auth-service/vendor/laravel/framework/src/Illuminate/Container/BoundMethod.php(35): Illuminate\\Container\\BoundMethod::callBoundMethod()
#24 /tmp/abdoElHodaky/larvrevrstender/services/auth-service/vendor/laravel/framework/src/Illuminate/Container/Container.php(799): Illuminate\\Container\\BoundMethod::call()
#25 /tmp/abdoElHodaky/larvrevrstender/services/auth-service/vendor/laravel/framework/src/Illuminate/Foundation/Application.php(1466): Illuminate\\Container\\Container->call()
#26 /tmp/abdoElHodaky/larvrevrstender/services/auth-service/vendor/laravel/framework/src/Illuminate/Foundation/Console/Kernel.php(219): Illuminate\\Foundation\\Application->terminate()
#27 /tmp/abdoElHodaky/larvrevrstender/services/auth-service/artisan(51): Illuminate\\Foundation\\Console\\Kernel->terminate()
#28 {main}
"} 
[2026-03-16 11:25:28] local.INFO: Procedure registered {"name":"events","class":"Shared\\Procedures\\CrossServiceProcedure","type":"micro"} 
[2026-03-16 11:25:28] local.INFO: Procedure registered {"name":"cache","class":"Shared\\Procedures\\CrossServiceProcedure","type":"micro"} 
[2026-03-16 11:25:28] local.INFO: Procedure registered {"name":"notification","class":"Shared\\Procedures\\CrossServiceProcedure","type":"micro"} 
[2026-03-16 11:25:28] local.INFO: Procedure registered {"name":"validation","class":"Shared\\Procedures\\CrossServiceProcedure","type":"micro"} 
[2026-03-16 11:25:28] local.INFO: Procedure registered {"name":"security","class":"Shared\\Procedures\\CrossServiceProcedure","type":"micro"} 
[2026-03-16 11:25:28] local.INFO: Procedure registered {"name":"circuit_breaker","class":"Shared\\Procedures\\CrossServiceProcedure","type":"micro"} 
[2026-03-16 11:25:28] local.INFO: Procedure registered {"name":"queue_circuit_breaker","class":"Shared\\Procedures\\CrossServiceProcedure","type":"micro"} 
[2026-03-16 11:25:28] local.INFO: Procedure registered {"name":"third_party_integration","class":"Shared\\Procedures\\CrossServiceProcedure","type":"micro"} 
[2026-03-16 11:25:28] local.INFO: Procedure registered {"name":"workflow","class":"Shared\\Procedures\\CrossServiceProcedure","type":"macro"} 
[2026-03-16 11:25:29] testing.INFO: Procedure registered {"name":"events","class":"Shared\\Procedures\\CrossServiceProcedure","type":"micro"} 
[2026-03-16 11:25:29] testing.INFO: Procedure registered {"name":"cache","class":"Shared\\Procedures\\CrossServiceProcedure","type":"micro"} 
[2026-03-16 11:25:29] testing.INFO: Procedure registered {"name":"notification","class":"Shared\\Procedures\\CrossServiceProcedure","type":"micro"} 
[2026-03-16 11:25:29] testing.INFO: Procedure registered {"name":"validation","class":"Shared\\Procedures\\CrossServiceProcedure","type":"micro"} 
[2026-03-16 11:25:29] testing.INFO: Procedure registered {"name":"security","class":"Shared\\Procedures\\CrossServiceProcedure","type":"micro"} 
[2026-03-16 11:25:29] testing.INFO: Procedure registered {"name":"circuit_breaker","class":"Shared\\Procedures\\CrossServiceProcedure","type":"micro"} 
[2026-03-16 11:25:29] testing.INFO: Procedure registered {"name":"queue_circuit_breaker","class":"Shared\\Procedures\\CrossServiceProcedure","type":"micro"} 
[2026-03-16 11:25:29] testing.INFO: Procedure registered {"name":"third_party_integration","class":"Shared\\Procedures\\CrossServiceProcedure","type":"micro"} 
[2026-03-16 11:25:29] testing.INFO: Procedure registered {"name":"workflow","class":"Shared\\Procedures\\CrossServiceProcedure","type":"macro"} 
[2026-03-16 11:25:29] testing.INFO: Procedure registered {"name":"events","class":"Shared\\Procedures\\CrossServiceProcedure","type":"micro"} 
[2026-03-16 11:25:29] testing.INFO: Procedure registered {"name":"cache","class":"Shared\\Procedures\\CrossServiceProcedure","type":"micro"} 
[2026-03-16 11:25:29] testing.INFO: Procedure registered {"name":"notification","class":"Shared\\Procedures\\CrossServiceProcedure","type":"micro"} 
[2026-03-16 11:25:29] testing.INFO: Procedure registered {"name":"validation","class":"Shared\\Procedures\\CrossServiceProcedure","type":"micro"} 
[2026-03-16 11:25:29] testing.INFO: Procedure registered {"name":"security","class":"Shared\\Procedures\\CrossServiceProcedure","type":"micro"} 
[2026-03-16 11:25:29] testing.INFO: Procedure registered {"name":"circuit_breaker","class":"Shared\\Procedures\\CrossServiceProcedure","type":"micro"} 
[2026-03-16 11:25:29] testing.INFO: Procedure registered {"name":"queue_circuit_breaker","class":"Shared\\Procedures\\CrossServiceProcedure","type":"micro"} 
[2026-03-16 11:25:29] testing.INFO: Procedure registered {"name":"third_party_integration","class":"Shared\\Procedures\\CrossServiceProcedure","type":"micro"} 
[2026-03-16 11:25:29] testing.INFO: Procedure registered {"name":"workflow","class":"Shared\\Procedures\\CrossServiceProcedure","type":"macro"} 
[2026-03-16 11:25:29] testing.ERROR: Registration failed: Phone number already registered  
[2026-03-16 11:25:29] testing.INFO: Procedure registered {"name":"events","class":"Shared\\Procedures\\CrossServiceProcedure","type":"micro"} 
[2026-03-16 11:25:29] testing.INFO: Procedure registered {"name":"cache","class":"Shared\\Procedures\\CrossServiceProcedure","type":"micro"} 
[2026-03-16 11:25:29] testing.INFO: Procedure registered {"name":"notification","class":"Shared\\Procedures\\CrossServiceProcedure","type":"micro"} 
[2026-03-16 11:25:29] testing.INFO: Procedure registered {"name":"validation","class":"Shared\\Procedures\\CrossServiceProcedure","type":"micro"} 
[2026-03-16 11:25:29] testing.INFO: Procedure registered {"name":"security","class":"Shared\\Procedures\\CrossServiceProcedure","type":"micro"} 
[2026-03-16 11:25:29] testing.INFO: Procedure registered {"name":"circuit_breaker","class":"Shared\\Procedures\\CrossServiceProcedure","type":"micro"} 
[2026-03-16 11:25:29] testing.INFO: Procedure registered {"name":"queue_circuit_breaker","class":"Shared\\Procedures\\CrossServiceProcedure","type":"micro"} 
[2026-03-16 11:25:29] testing.INFO: Procedure registered {"name":"third_party_integration","class":"Shared\\Procedures\\CrossServiceProcedure","type":"micro"} 
[2026-03-16 11:25:29] testing.INFO: Procedure registered {"name":"workflow","class":"Shared\\Procedures\\CrossServiceProcedure","type":"macro"} 
[2026-03-16 11:25:29] testing.WARNING: Token creation failed, using fallback {"error":"Call to undefined method App\\Models\\User::createToken()"} 
[2026-03-16 11:25:29] testing.INFO: User logged in successfully {"user_id":1,"ip":"127.0.0.1","user_agent":"Symfony"} 
[2026-03-16 11:25:29] testing.INFO: Procedure registered {"name":"events","class":"Shared\\Procedures\\CrossServiceProcedure","type":"micro"} 
[2026-03-16 11:25:29] testing.INFO: Procedure registered {"name":"cache","class":"Shared\\Procedures\\CrossServiceProcedure","type":"micro"} 
[2026-03-16 11:25:29] testing.INFO: Procedure registered {"name":"notification","class":"Shared\\Procedures\\CrossServiceProcedure","type":"micro"} 
[2026-03-16 11:25:29] testing.INFO: Procedure registered {"name":"validation","class":"Shared\\Procedures\\CrossServiceProcedure","type":"micro"} 
[2026-03-16 11:25:29] testing.INFO: Procedure registered {"name":"security","class":"Shared\\Procedures\\CrossServiceProcedure","type":"micro"} 
[2026-03-16 11:25:29] testing.INFO: Procedure registered {"name":"circuit_breaker","class":"Shared\\Procedures\\CrossServiceProcedure","type":"micro"} 
[2026-03-16 11:25:29] testing.INFO: Procedure registered {"name":"queue_circuit_breaker","class":"Shared\\Procedures\\CrossServiceProcedure","type":"micro"} 
[2026-03-16 11:25:29] testing.INFO: Procedure registered {"name":"third_party_integration","class":"Shared\\Procedures\\CrossServiceProcedure","type":"micro"} 
[2026-03-16 11:25:29] testing.INFO: Procedure registered {"name":"workflow","class":"Shared\\Procedures\\CrossServiceProcedure","type":"macro"} 
[2026-03-16 11:25:29] testing.WARNING: Login attempt failed {"identifier":"+966501234567","ip":"127.0.0.1","error":"Account is not active"} 
[2026-03-16 11:25:29] testing.INFO: Procedure registered {"name":"events","class":"Shared\\Procedures\\CrossServiceProcedure","type":"micro"} 
[2026-03-16 11:25:29] testing.INFO: Procedure registered {"name":"cache","class":"Shared\\Procedures\\CrossServiceProcedure","type":"micro"} 
[2026-03-16 11:25:29] testing.INFO: Procedure registered {"name":"notification","class":"Shared\\Procedures\\CrossServiceProcedure","type":"micro"} 
[2026-03-16 11:25:29] testing.INFO: Procedure registered {"name":"validation","class":"Shared\\Procedures\\CrossServiceProcedure","type":"micro"} 
[2026-03-16 11:25:29] testing.INFO: Procedure registered {"name":"security","class":"Shared\\Procedures\\CrossServiceProcedure","type":"micro"} 
[2026-03-16 11:25:29] testing.INFO: Procedure registered {"name":"circuit_breaker","class":"Shared\\Procedures\\CrossServiceProcedure","type":"micro"} 
[2026-03-16 11:25:29] testing.INFO: Procedure registered {"name":"queue_circuit_breaker","class":"Shared\\Procedures\\CrossServiceProcedure","type":"micro"} 
[2026-03-16 11:25:29] testing.INFO: Procedure registered {"name":"third_party_integration","class":"Shared\\Procedures\\CrossServiceProcedure","type":"micro"} 
[2026-03-16 11:25:29] testing.INFO: Procedure registered {"name":"workflow","class":"Shared\\Procedures\\CrossServiceProcedure","type":"macro"} 
[2026-03-16 11:25:29] testing.INFO: Procedure registered {"name":"events","class":"Shared\\Procedures\\CrossServiceProcedure","type":"micro"} 
[2026-03-16 11:25:29] testing.INFO: Procedure registered {"name":"cache","class":"Shared\\Procedures\\CrossServiceProcedure","type":"micro"} 
[2026-03-16 11:25:29] testing.INFO: Procedure registered {"name":"notification","class":"Shared\\Procedures\\CrossServiceProcedure","type":"micro"} 
[2026-03-16 11:25:29] testing.INFO: Procedure registered {"name":"validation","class":"Shared\\Procedures\\CrossServiceProcedure","type":"micro"} 
[2026-03-16 11:25:29] testing.INFO: Procedure registered {"name":"security","class":"Shared\\Procedures\\CrossServiceProcedure","type":"micro"} 
[2026-03-16 11:25:29] testing.INFO: Procedure registered {"name":"circuit_breaker","class":"Shared\\Procedures\\CrossServiceProcedure","type":"micro"} 
[2026-03-16 11:25:29] testing.INFO: Procedure registered {"name":"queue_circuit_breaker","class":"Shared\\Procedures\\CrossServiceProcedure","type":"micro"} 
[2026-03-16 11:25:29] testing.INFO: Procedure registered {"name":"third_party_integration","class":"Shared\\Procedures\\CrossServiceProcedure","type":"micro"} 
[2026-03-16 11:25:29] testing.INFO: Procedure registered {"name":"workflow","class":"Shared\\Procedures\\CrossServiceProcedure","type":"macro"} 
[2026-03-16 11:25:29] testing.WARNING: Token creation failed, using fallback {"error":"Call to undefined method App\\Models\\User::createToken()"} 
[2026-03-16 11:25:29] testing.INFO: User logged in successfully {"user_id":1,"ip":"127.0.0.1","user_agent":"Symfony"} 
[2026-03-16 11:25:29] testing.WARNING: Token creation failed, using fallback {"error":"Call to undefined method App\\Models\\User::createToken()"} 
[2026-03-16 11:25:29] testing.INFO: User logged in successfully {"user_id":1,"ip":"127.0.0.1","user_agent":"Symfony"} 
[2026-03-16 11:25:29] local.ERROR: could not find driver (Connection: pgsql, Host: 127.0.0.1, Port: 5432, Database: auth_service, SQL: insert into "telescope_entries" ("batch_id", "content", "created_at", "family_hash", "type", "uuid") values (a14fff04-6e56-46ff-a562-fdc5761e3251, {"level":"info","message":"Procedure registered","context":{"name":"events","class":"Shared\\Procedures\\CrossServiceProcedure","type":"micro"},"hostname":"modal"}, 2026-03-16 11:25:28, ?, log, a14fff03-5811-4536-b6d9-63ea6c663dd7), (a14fff04-6e56-46ff-a562-fdc5761e3251, {"level":"info","message":"Procedure registered","context":{"name":"cache","class":"Shared\\Procedures\\CrossServiceProcedure","type":"micro"},"hostname":"modal"}, 2026-03-16 11:25:28, ?, log, a14fff03-5a07-417c-a312-558db70d2b8e), (a14fff04-6e56-46ff-a562-fdc5761e3251, {"level":"info","message":"Procedure registered","context":{"name":"notification","class":"Shared\\Procedures\\CrossServiceProcedure","type":"micro"},"hostname":"modal"}, 2026-03-16 11:25:28, ?, log, a14fff03-5a29-4625-982a-e496dae1e232), (a14fff04-6e56-46ff-a562-fdc5761e3251, {"level":"info","message":"Procedure registered","context":{"name":"validation","class":"Shared\\Procedures\\CrossServiceProcedure","type":"micro"},"hostname":"modal"}, 2026-03-16 11:25:28, ?, log, a14fff03-5a45-4754-9cba-acebf64af18d), (a14fff04-6e56-46ff-a562-fdc5761e3251, {"level":"info","message":"Procedure registered","context":{"name":"security","class":"Shared\\Procedures\\CrossServiceProcedure","type":"micro"},"hostname":"modal"}, 2026-03-16 11:25:28, ?, log, a14fff03-5a5f-4200-8ff7-b127c1a4ca70), (a14fff04-6e56-46ff-a562-fdc5761e3251, {"level":"info","message":"Procedure registered","context":{"name":"circuit_breaker","class":"Shared\\Procedures\\CrossServiceProcedure","type":"micro"},"hostname":"modal"}, 2026-03-16 11:25:28, ?, log, a14fff03-5a79-452a-b885-a2f57204131f), (a14fff04-6e56-46ff-a562-fdc5761e3251, {"level":"info","message":"Procedure registered","context":{"name":"queue_circuit_breaker","class":"Shared\\Procedures\\CrossServiceProcedure","type":"micro"},"hostname":"modal"}, 2026-03-16 11:25:28, ?, log, a14fff03-5a91-41f3-a3ea-56383aa8eaeb), (a14fff04-6e56-46ff-a562-fdc5761e3251, {"level":"info","message":"Procedure registered","context":{"name":"third_party_integration","class":"Shared\\Procedures\\CrossServiceProcedure","type":"micro"},"hostname":"modal"}, 2026-03-16 11:25:28, ?, log, a14fff03-5aa7-4304-a48e-4d0e1b701d86), (a14fff04-6e56-46ff-a562-fdc5761e3251, {"level":"info","message":"Procedure registered","context":{"name":"workflow","class":"Shared\\Procedures\\CrossServiceProcedure","type":"macro"},"hostname":"modal"}, 2026-03-16 11:25:28, ?, log, a14fff03-5abd-4b9b-93fa-676e76ff1d93), (a14fff04-6e56-46ff-a562-fdc5761e3251, {"command":"test","exit_code":0,"arguments":{"command":"test"},"options":{"without-tty":false,"compact":false,"coverage":false,"min":null,"parallel":false,"profile":false,"recreate-databases":false,"drop-databases":false,"without-databases":false,"help":false,"silent":false,"quiet":false,"verbose":false,"version":false,"ansi":null,"no-interaction":false,"env":null},"hostname":"modal"}, 2026-03-16 11:25:29, ?, command, a14fff04-6d72-48e0-9870-c6bec41ca0bb)) {"exception":"[object] (Illuminate\\Database\\QueryException(code: 0): could not find driver (Connection: pgsql, Host: 127.0.0.1, Port: 5432, Database: auth_service, SQL: insert into \"telescope_entries\" (\"batch_id\", \"content\", \"created_at\", \"family_hash\", \"type\", \"uuid\") values (a14fff04-6e56-46ff-a562-fdc5761e3251, {\"level\":\"info\",\"message\":\"Procedure registered\",\"context\":{\"name\":\"events\",\"class\":\"Shared\\\\Procedures\\\\CrossServiceProcedure\",\"type\":\"micro\"},\"hostname\":\"modal\"}, 2026-03-16 11:25:28, ?, log, a14fff03-5811-4536-b6d9-63ea6c663dd7), (a14fff04-6e56-46ff-a562-fdc5761e3251, {\"level\":\"info\",\"message\":\"Procedure registered\",\"context\":{\"name\":\"cache\",\"class\":\"Shared\\\\Procedures\\\\CrossServiceProcedure\",\"type\":\"micro\"},\"hostname\":\"modal\"}, 2026-03-16 11:25:28, ?, log, a14fff03-5a07-417c-a312-558db70d2b8e), (a14fff04-6e56-46ff-a562-fdc5761e3251, {\"level\":\"info\",\"message\":\"Procedure registered\",\"context\":{\"name\":\"notification\",\"class\":\"Shared\\\\Procedures\\\\CrossServiceProcedure\",\"type\":\"micro\"},\"hostname\":\"modal\"}, 2026-03-16 11:25:28, ?, log, a14fff03-5a29-4625-982a-e496dae1e232), (a14fff04-6e56-46ff-a562-fdc5761e3251, {\"level\":\"info\",\"message\":\"Procedure registered\",\"context\":{\"name\":\"validation\",\"class\":\"Shared\\\\Procedures\\\\CrossServiceProcedure\",\"type\":\"micro\"},\"hostname\":\"modal\"}, 2026-03-16 11:25:28, ?, log, a14fff03-5a45-4754-9cba-acebf64af18d), (a14fff04-6e56-46ff-a562-fdc5761e3251, {\"level\":\"info\",\"message\":\"Procedure registered\",\"context\":{\"name\":\"security\",\"class\":\"Shared\\\\Procedures\\\\CrossServiceProcedure\",\"type\":\"micro\"},\"hostname\":\"modal\"}, 2026-03-16 11:25:28, ?, log, a14fff03-5a5f-4200-8ff7-b127c1a4ca70), (a14fff04-6e56-46ff-a562-fdc5761e3251, {\"level\":\"info\",\"message\":\"Procedure registered\",\"context\":{\"name\":\"circuit_breaker\",\"class\":\"Shared\\\\Procedures\\\\CrossServiceProcedure\",\"type\":\"micro\"},\"hostname\":\"modal\"}, 2026-03-16 11:25:28, ?, log, a14fff03-5a79-452a-b885-a2f57204131f), (a14fff04-6e56-46ff-a562-fdc5761e3251, {\"level\":\"info\",\"message\":\"Procedure registered\",\"context\":{\"name\":\"queue_circuit_breaker\",\"class\":\"Shared\\\\Procedures\\\\CrossServiceProcedure\",\"type\":\"micro\"},\"hostname\":\"modal\"}, 2026-03-16 11:25:28, ?, log, a14fff03-5a91-41f3-a3ea-56383aa8eaeb), (a14fff04-6e56-46ff-a562-fdc5761e3251, {\"level\":\"info\",\"message\":\"Procedure registered\",\"context\":{\"name\":\"third_party_integration\",\"class\":\"Shared\\\\Procedures\\\\CrossServiceProcedure\",\"type\":\"micro\"},\"hostname\":\"modal\"}, 2026-03-16 11:25:28, ?, log, a14fff03-5aa7-4304-a48e-4d0e1b701d86), (a14fff04-6e56-46ff-a562-fdc5761e3251, {\"level\":\"info\",\"message\":\"Procedure registered\",\"context\":{\"name\":\"workflow\",\"class\":\"Shared\\\\Procedures\\\\CrossServiceProcedure\",\"type\":\"macro\"},\"hostname\":\"modal\"}, 2026-03-16 11:25:28, ?, log, a14fff03-5abd-4b9b-93fa-676e76ff1d93), (a14fff04-6e56-46ff-a562-fdc5761e3251, {\"command\":\"test\",\"exit_code\":0,\"arguments\":{\"command\":\"test\"},\"options\":{\"without-tty\":false,\"compact\":false,\"coverage\":false,\"min\":null,\"parallel\":false,\"profile\":false,\"recreate-databases\":false,\"drop-databases\":false,\"without-databases\":false,\"help\":false,\"silent\":false,\"quiet\":false,\"verbose\":false,\"version\":false,\"ansi\":null,\"no-interaction\":false,\"env\":null},\"hostname\":\"modal\"}, 2026-03-16 11:25:29, ?, command, a14fff04-6d72-48e0-9870-c6bec41ca0bb)) at /tmp/abdoElHodaky/larvrevrstender/services/auth-service/vendor/laravel/framework/src/Illuminate/Database/Connection.php:838)
[stacktrace]
#0 /tmp/abdoElHodaky/larvrevrstender/services/auth-service/vendor/laravel/framework/src/Illuminate/Database/Connection.php(794): Illuminate\\Database\\Connection->runQueryCallback()
#1 /tmp/abdoElHodaky/larvrevrstender/services/auth-service/vendor/laravel/framework/src/Illuminate/Database/Connection.php(573): Illuminate\\Database\\Connection->run()
#2 /tmp/abdoElHodaky/larvrevrstender/services/auth-service/vendor/laravel/framework/src/Illuminate/Database/Connection.php(537): Illuminate\\Database\\Connection->statement()
#3 /tmp/abdoElHodaky/larvrevrstender/services/auth-service/vendor/laravel/framework/src/Illuminate/Database/Query/Builder.php(4091): Illuminate\\Database\\Connection->insert()
#4 /tmp/abdoElHodaky/larvrevrstender/services/auth-service/vendor/laravel/telescope/src/Storage/DatabaseEntriesRepository.php(145): Illuminate\\Database\\Query\\Builder->insert()
#5 /tmp/abdoElHodaky/larvrevrstender/services/auth-service/vendor/laravel/framework/src/Illuminate/Collections/Traits/EnumeratesValues.php(275): Laravel\\Telescope\\Storage\\DatabaseEntriesRepository->Laravel\\Telescope\\Storage\\{closure}()
#6 /tmp/abdoElHodaky/larvrevrstender/services/auth-service/vendor/laravel/telescope/src/Storage/DatabaseEntriesRepository.php(144): Illuminate\\Support\\Collection->each()
#7 /tmp/abdoElHodaky/larvrevrstender/services/auth-service/vendor/laravel/telescope/src/Telescope.php(664): Laravel\\Telescope\\Storage\\DatabaseEntriesRepository->store()
#8 [internal function]: Laravel\\Telescope\\Telescope::Laravel\\Telescope\\{closure}()
#9 /tmp/abdoElHodaky/larvrevrstender/services/auth-service/vendor/laravel/telescope/src/Telescope.php(289): call_user_func()
#10 /tmp/abdoElHodaky/larvrevrstender/services/auth-service/vendor/laravel/telescope/src/Telescope.php(656): Laravel\\Telescope\\Telescope::withoutRecording()
#11 /tmp/abdoElHodaky/larvrevrstender/services/auth-service/vendor/laravel/telescope/src/ListensForStorageOpportunities.php(65): Laravel\\Telescope\\Telescope::store()
#12 /tmp/abdoElHodaky/larvrevrstender/services/auth-service/vendor/laravel/framework/src/Illuminate/Container/BoundMethod.php(36): Laravel\\Telescope\\Telescope::Laravel\\Telescope\\{closure}()
#13 /tmp/abdoElHodaky/larvrevrstender/services/auth-service/vendor/laravel/framework/src/Illuminate/Container/Util.php(43): Illuminate\\Container\\BoundMethod::Illuminate\\Container\\{closure}()
#14 /tmp/abdoElHodaky/larvrevrstender/services/auth-service/vendor/laravel/framework/src/Illuminate/Container/BoundMethod.php(84): Illuminate\\Container\\Util::unwrapIfClosure()
#15 /tmp/abdoElHodaky/larvrevrstender/services/auth-service/vendor/laravel/framework/src/Illuminate/Container/BoundMethod.php(35): Illuminate\\Container\\BoundMethod::callBoundMethod()
#16 /tmp/abdoElHodaky/larvrevrstender/services/auth-service/vendor/laravel/framework/src/Illuminate/Container/Container.php(799): Illuminate\\Container\\BoundMethod::call()
#17 /tmp/abdoElHodaky/larvrevrstender/services/auth-service/vendor/laravel/framework/src/Illuminate/Foundation/Application.php(1466): Illuminate\\Container\\Container->call()
#18 /tmp/abdoElHodaky/larvrevrstender/services/auth-service/vendor/laravel/framework/src/Illuminate/Foundation/Console/Kernel.php(219): Illuminate\\Foundation\\Application->terminate()
#19 /tmp/abdoElHodaky/larvrevrstender/services/auth-service/artisan(51): Illuminate\\Foundation\\Console\\Kernel->terminate()
#20 {main}

[previous exception] [object] (PDOException(code: 0): could not find driver at /tmp/abdoElHodaky/larvrevrstender/services/auth-service/vendor/laravel/framework/src/Illuminate/Database/Connectors/Connector.php:66)
[stacktrace]
#0 /tmp/abdoElHodaky/larvrevrstender/services/auth-service/vendor/laravel/framework/src/Illuminate/Database/Connectors/Connector.php(66): PDO->__construct()
#1 /tmp/abdoElHodaky/larvrevrstender/services/auth-service/vendor/laravel/framework/src/Illuminate/Database/Connectors/Connector.php(44): Illuminate\\Database\\Connectors\\Connector->createPdoConnection()
#2 /tmp/abdoElHodaky/larvrevrstender/services/auth-service/vendor/laravel/framework/src/Illuminate/Database/Connectors/PostgresConnector.php(35): Illuminate\\Database\\Connectors\\Connector->createConnection()
#3 /tmp/abdoElHodaky/larvrevrstender/services/auth-service/vendor/laravel/framework/src/Illuminate/Database/Connectors/ConnectionFactory.php(186): Illuminate\\Database\\Connectors\\PostgresConnector->connect()
#4 [internal function]: Illuminate\\Database\\Connectors\\ConnectionFactory->Illuminate\\Database\\Connectors\\{closure}()
#5 /tmp/abdoElHodaky/larvrevrstender/services/auth-service/vendor/laravel/framework/src/Illuminate/Database/Connection.php(1257): call_user_func()
#6 /tmp/abdoElHodaky/larvrevrstender/services/auth-service/vendor/laravel/framework/src/Illuminate/Database/Connection.php(578): Illuminate\\Database\\Connection->getPdo()
#7 /tmp/abdoElHodaky/larvrevrstender/services/auth-service/vendor/laravel/framework/src/Illuminate/Database/Connection.php(827): Illuminate\\Database\\Connection->Illuminate\\Database\\{closure}()
#8 /tmp/abdoElHodaky/larvrevrstender/services/auth-service/vendor/laravel/framework/src/Illuminate/Database/Connection.php(794): Illuminate\\Database\\Connection->runQueryCallback()
#9 /tmp/abdoElHodaky/larvrevrstender/services/auth-service/vendor/laravel/framework/src/Illuminate/Database/Connection.php(573): Illuminate\\Database\\Connection->run()
#10 /tmp/abdoElHodaky/larvrevrstender/services/auth-service/vendor/laravel/framework/src/Illuminate/Database/Connection.php(537): Illuminate\\Database\\Connection->statement()
#11 /tmp/abdoElHodaky/larvrevrstender/services/auth-service/vendor/laravel/framework/src/Illuminate/Database/Query/Builder.php(4091): Illuminate\\Database\\Connection->insert()
#12 /tmp/abdoElHodaky/larvrevrstender/services/auth-service/vendor/laravel/telescope/src/Storage/DatabaseEntriesRepository.php(145): Illuminate\\Database\\Query\\Builder->insert()
#13 /tmp/abdoElHodaky/larvrevrstender/services/auth-service/vendor/laravel/framework/src/Illuminate/Collections/Traits/EnumeratesValues.php(275): Laravel\\Telescope\\Storage\\DatabaseEntriesRepository->Laravel\\Telescope\\Storage\\{closure}()
#14 /tmp/abdoElHodaky/larvrevrstender/services/auth-service/vendor/laravel/telescope/src/Storage/DatabaseEntriesRepository.php(144): Illuminate\\Support\\Collection->each()
#15 /tmp/abdoElHodaky/larvrevrstender/services/auth-service/vendor/laravel/telescope/src/Telescope.php(664): Laravel\\Telescope\\Storage\\DatabaseEntriesRepository->store()
#16 [internal function]: Laravel\\Telescope\\Telescope::Laravel\\Telescope\\{closure}()
#17 /tmp/abdoElHodaky/larvrevrstender/services/auth-service/vendor/laravel/telescope/src/Telescope.php(289): call_user_func()
#18 /tmp/abdoElHodaky/larvrevrstender/services/auth-service/vendor/laravel/telescope/src/Telescope.php(656): Laravel\\Telescope\\Telescope::withoutRecording()
#19 /tmp/abdoElHodaky/larvrevrstender/services/auth-service/vendor/laravel/telescope/src/ListensForStorageOpportunities.php(65): Laravel\\Telescope\\Telescope::store()
#20 /tmp/abdoElHodaky/larvrevrstender/services/auth-service/vendor/laravel/framework/src/Illuminate/Container/BoundMethod.php(36): Laravel\\Telescope\\Telescope::Laravel\\Telescope\\{closure}()
#21 /tmp/abdoElHodaky/larvrevrstender/services/auth-service/vendor/laravel/framework/src/Illuminate/Container/Util.php(43): Illuminate\\Container\\BoundMethod::Illuminate\\Container\\{closure}()
#22 /tmp/abdoElHodaky/larvrevrstender/services/auth-service/vendor/laravel/framework/src/Illuminate/Container/BoundMethod.php(84): Illuminate\\Container\\Util::unwrapIfClosure()
#23 /tmp/abdoElHodaky/larvrevrstender/services/auth-service/vendor/laravel/framework/src/Illuminate/Container/BoundMethod.php(35): Illuminate\\Container\\BoundMethod::callBoundMethod()
#24 /tmp/abdoElHodaky/larvrevrstender/services/auth-service/vendor/laravel/framework/src/Illuminate/Container/Container.php(799): Illuminate\\Container\\BoundMethod::call()
#25 /tmp/abdoElHodaky/larvrevrstender/services/auth-service/vendor/laravel/framework/src/Illuminate/Foundation/Application.php(1466): Illuminate\\Container\\Container->call()
#26 /tmp/abdoElHodaky/larvrevrstender/services/auth-service/vendor/laravel/framework/src/Illuminate/Foundation/Console/Kernel.php(219): Illuminate\\Foundation\\Application->terminate()
#27 /tmp/abdoElHodaky/larvrevrstender/services/auth-service/artisan(51): Illuminate\\Foundation\\Console\\Kernel->terminate()
#28 {main}
"} 
[2026-03-16 11:26:01] local.INFO: Procedure registered {"name":"events","class":"Shared\\Procedures\\CrossServiceProcedure","type":"micro"} 
[2026-03-16 11:26:01] local.INFO: Procedure registered {"name":"cache","class":"Shared\\Procedures\\CrossServiceProcedure","type":"micro"} 
[2026-03-16 11:26:01] local.INFO: Procedure registered {"name":"notification","class":"Shared\\Procedures\\CrossServiceProcedure","type":"micro"} 
[2026-03-16 11:26:01] local.INFO: Procedure registered {"name":"validation","class":"Shared\\Procedures\\CrossServiceProcedure","type":"micro"} 
[2026-03-16 11:26:01] local.INFO: Procedure registered {"name":"security","class":"Shared\\Procedures\\CrossServiceProcedure","type":"micro"} 
[2026-03-16 11:26:01] local.INFO: Procedure registered {"name":"circuit_breaker","class":"Shared\\Procedures\\CrossServiceProcedure","type":"micro"} 
[2026-03-16 11:26:01] local.INFO: Procedure registered {"name":"queue_circuit_breaker","class":"Shared\\Procedures\\CrossServiceProcedure","type":"micro"} 
[2026-03-16 11:26:01] local.INFO: Procedure registered {"name":"third_party_integration","class":"Shared\\Procedures\\CrossServiceProcedure","type":"micro"} 
[2026-03-16 11:26:01] local.INFO: Procedure registered {"name":"workflow","class":"Shared\\Procedures\\CrossServiceProcedure","type":"macro"} 
[2026-03-16 11:26:01] local.ERROR: could not find driver (Connection: pgsql, Host: 127.0.0.1, Port: 5432, Database: auth_service, SQL: insert into "telescope_entries" ("batch_id", "content", "created_at", "family_hash", "type", "uuid") values (a14fff35-97b3-4f24-9e1a-96616339c378, {"level":"info","message":"Procedure registered","context":{"name":"events","class":"Shared\\Procedures\\CrossServiceProcedure","type":"micro"},"hostname":"modal"}, 2026-03-16 11:26:01, ?, log, a14fff35-7505-4857-b060-be1cd27bc02b), (a14fff35-97b3-4f24-9e1a-96616339c378, {"level":"info","message":"Procedure registered","context":{"name":"cache","class":"Shared\\Procedures\\CrossServiceProcedure","type":"micro"},"hostname":"modal"}, 2026-03-16 11:26:01, ?, log, a14fff35-76db-441b-a497-19ab12b8f2af), (a14fff35-97b3-4f24-9e1a-96616339c378, {"level":"info","message":"Procedure registered","context":{"name":"notification","class":"Shared\\Procedures\\CrossServiceProcedure","type":"micro"},"hostname":"modal"}, 2026-03-16 11:26:01, ?, log, a14fff35-76fb-4674-b73d-f57fb90bcf62), (a14fff35-97b3-4f24-9e1a-96616339c378, {"level":"info","message":"Procedure registered","context":{"name":"validation","class":"Shared\\Procedures\\CrossServiceProcedure","type":"micro"},"hostname":"modal"}, 2026-03-16 11:26:01, ?, log, a14fff35-7715-43d5-bb9b-f701cbda564f), (a14fff35-97b3-4f24-9e1a-96616339c378, {"level":"info","message":"Procedure registered","context":{"name":"security","class":"Shared\\Procedures\\CrossServiceProcedure","type":"micro"},"hostname":"modal"}, 2026-03-16 11:26:01, ?, log, a14fff35-772d-4dea-8387-ea32582319ae), (a14fff35-97b3-4f24-9e1a-96616339c378, {"level":"info","message":"Procedure registered","context":{"name":"circuit_breaker","class":"Shared\\Procedures\\CrossServiceProcedure","type":"micro"},"hostname":"modal"}, 2026-03-16 11:26:01, ?, log, a14fff35-7746-4da1-be04-beb4cf8054e4), (a14fff35-97b3-4f24-9e1a-96616339c378, {"level":"info","message":"Procedure registered","context":{"name":"queue_circuit_breaker","class":"Shared\\Procedures\\CrossServiceProcedure","type":"micro"},"hostname":"modal"}, 2026-03-16 11:26:01, ?, log, a14fff35-7760-474d-8229-df7b9c3a10e8), (a14fff35-97b3-4f24-9e1a-96616339c378, {"level":"info","message":"Procedure registered","context":{"name":"third_party_integration","class":"Shared\\Procedures\\CrossServiceProcedure","type":"micro"},"hostname":"modal"}, 2026-03-16 11:26:01, ?, log, a14fff35-7778-439c-bc18-79e25ea8de85), (a14fff35-97b3-4f24-9e1a-96616339c378, {"level":"info","message":"Procedure registered","context":{"name":"workflow","class":"Shared\\Procedures\\CrossServiceProcedure","type":"macro"},"hostname":"modal"}, 2026-03-16 11:26:01, ?, log, a14fff35-778e-45c9-98db-c28b70b4674d), (a14fff35-97b3-4f24-9e1a-96616339c378, {"command":"config:clear","exit_code":0,"arguments":{"command":"config:clear"},"options":{"help":false,"silent":false,"quiet":false,"verbose":false,"version":false,"ansi":true,"no-interaction":false,"env":null},"hostname":"modal"}, 2026-03-16 11:26:01, ?, command, a14fff35-971a-426f-af38-78f080b22cb4)) {"exception":"[object] (Illuminate\\Database\\QueryException(code: 0): could not find driver (Connection: pgsql, Host: 127.0.0.1, Port: 5432, Database: auth_service, SQL: insert into \"telescope_entries\" (\"batch_id\", \"content\", \"created_at\", \"family_hash\", \"type\", \"uuid\") values (a14fff35-97b3-4f24-9e1a-96616339c378, {\"level\":\"info\",\"message\":\"Procedure registered\",\"context\":{\"name\":\"events\",\"class\":\"Shared\\\\Procedures\\\\CrossServiceProcedure\",\"type\":\"micro\"},\"hostname\":\"modal\"}, 2026-03-16 11:26:01, ?, log, a14fff35-7505-4857-b060-be1cd27bc02b), (a14fff35-97b3-4f24-9e1a-96616339c378, {\"level\":\"info\",\"message\":\"Procedure registered\",\"context\":{\"name\":\"cache\",\"class\":\"Shared\\\\Procedures\\\\CrossServiceProcedure\",\"type\":\"micro\"},\"hostname\":\"modal\"}, 2026-03-16 11:26:01, ?, log, a14fff35-76db-441b-a497-19ab12b8f2af), (a14fff35-97b3-4f24-9e1a-96616339c378, {\"level\":\"info\",\"message\":\"Procedure registered\",\"context\":{\"name\":\"notification\",\"class\":\"Shared\\\\Procedures\\\\CrossServiceProcedure\",\"type\":\"micro\"},\"hostname\":\"modal\"}, 2026-03-16 11:26:01, ?, log, a14fff35-76fb-4674-b73d-f57fb90bcf62), (a14fff35-97b3-4f24-9e1a-96616339c378, {\"level\":\"info\",\"message\":\"Procedure registered\",\"context\":{\"name\":\"validation\",\"class\":\"Shared\\\\Procedures\\\\CrossServiceProcedure\",\"type\":\"micro\"},\"hostname\":\"modal\"}, 2026-03-16 11:26:01, ?, log, a14fff35-7715-43d5-bb9b-f701cbda564f), (a14fff35-97b3-4f24-9e1a-96616339c378, {\"level\":\"info\",\"message\":\"Procedure registered\",\"context\":{\"name\":\"security\",\"class\":\"Shared\\\\Procedures\\\\CrossServiceProcedure\",\"type\":\"micro\"},\"hostname\":\"modal\"}, 2026-03-16 11:26:01, ?, log, a14fff35-772d-4dea-8387-ea32582319ae), (a14fff35-97b3-4f24-9e1a-96616339c378, {\"level\":\"info\",\"message\":\"Procedure registered\",\"context\":{\"name\":\"circuit_breaker\",\"class\":\"Shared\\\\Procedures\\\\CrossServiceProcedure\",\"type\":\"micro\"},\"hostname\":\"modal\"}, 2026-03-16 11:26:01, ?, log, a14fff35-7746-4da1-be04-beb4cf8054e4), (a14fff35-97b3-4f24-9e1a-96616339c378, {\"level\":\"info\",\"message\":\"Procedure registered\",\"context\":{\"name\":\"queue_circuit_breaker\",\"class\":\"Shared\\\\Procedures\\\\CrossServiceProcedure\",\"type\":\"micro\"},\"hostname\":\"modal\"}, 2026-03-16 11:26:01, ?, log, a14fff35-7760-474d-8229-df7b9c3a10e8), (a14fff35-97b3-4f24-9e1a-96616339c378, {\"level\":\"info\",\"message\":\"Procedure registered\",\"context\":{\"name\":\"third_party_integration\",\"class\":\"Shared\\\\Procedures\\\\CrossServiceProcedure\",\"type\":\"micro\"},\"hostname\":\"modal\"}, 2026-03-16 11:26:01, ?, log, a14fff35-7778-439c-bc18-79e25ea8de85), (a14fff35-97b3-4f24-9e1a-96616339c378, {\"level\":\"info\",\"message\":\"Procedure registered\",\"context\":{\"name\":\"workflow\",\"class\":\"Shared\\\\Procedures\\\\CrossServiceProcedure\",\"type\":\"macro\"},\"hostname\":\"modal\"}, 2026-03-16 11:26:01, ?, log, a14fff35-778e-45c9-98db-c28b70b4674d), (a14fff35-97b3-4f24-9e1a-96616339c378, {\"command\":\"config:clear\",\"exit_code\":0,\"arguments\":{\"command\":\"config:clear\"},\"options\":{\"help\":false,\"silent\":false,\"quiet\":false,\"verbose\":false,\"version\":false,\"ansi\":true,\"no-interaction\":false,\"env\":null},\"hostname\":\"modal\"}, 2026-03-16 11:26:01, ?, command, a14fff35-971a-426f-af38-78f080b22cb4)) at /tmp/abdoElHodaky/larvrevrstender/services/auth-service/vendor/laravel/framework/src/Illuminate/Database/Connection.php:838)
[stacktrace]
#0 /tmp/abdoElHodaky/larvrevrstender/services/auth-service/vendor/laravel/framework/src/Illuminate/Database/Connection.php(794): Illuminate\\Database\\Connection->runQueryCallback()
#1 /tmp/abdoElHodaky/larvrevrstender/services/auth-service/vendor/laravel/framework/src/Illuminate/Database/Connection.php(573): Illuminate\\Database\\Connection->run()
#2 /tmp/abdoElHodaky/larvrevrstender/services/auth-service/vendor/laravel/framework/src/Illuminate/Database/Connection.php(537): Illuminate\\Database\\Connection->statement()
#3 /tmp/abdoElHodaky/larvrevrstender/services/auth-service/vendor/laravel/framework/src/Illuminate/Database/Query/Builder.php(4091): Illuminate\\Database\\Connection->insert()
#4 /tmp/abdoElHodaky/larvrevrstender/services/auth-service/vendor/laravel/telescope/src/Storage/DatabaseEntriesRepository.php(145): Illuminate\\Database\\Query\\Builder->insert()
#5 /tmp/abdoElHodaky/larvrevrstender/services/auth-service/vendor/laravel/framework/src/Illuminate/Collections/Traits/EnumeratesValues.php(275): Laravel\\Telescope\\Storage\\DatabaseEntriesRepository->Laravel\\Telescope\\Storage\\{closure}()
#6 /tmp/abdoElHodaky/larvrevrstender/services/auth-service/vendor/laravel/telescope/src/Storage/DatabaseEntriesRepository.php(144): Illuminate\\Support\\Collection->each()
#7 /tmp/abdoElHodaky/larvrevrstender/services/auth-service/vendor/laravel/telescope/src/Telescope.php(664): Laravel\\Telescope\\Storage\\DatabaseEntriesRepository->store()
#8 [internal function]: Laravel\\Telescope\\Telescope::Laravel\\Telescope\\{closure}()
#9 /tmp/abdoElHodaky/larvrevrstender/services/auth-service/vendor/laravel/telescope/src/Telescope.php(289): call_user_func()
#10 /tmp/abdoElHodaky/larvrevrstender/services/auth-service/vendor/laravel/telescope/src/Telescope.php(656): Laravel\\Telescope\\Telescope::withoutRecording()
#11 /tmp/abdoElHodaky/larvrevrstender/services/auth-service/vendor/laravel/telescope/src/ListensForStorageOpportunities.php(65): Laravel\\Telescope\\Telescope::store()
#12 /tmp/abdoElHodaky/larvrevrstender/services/auth-service/vendor/laravel/framework/src/Illuminate/Container/BoundMethod.php(36): Laravel\\Telescope\\Telescope::Laravel\\Telescope\\{closure}()
#13 /tmp/abdoElHodaky/larvrevrstender/services/auth-service/vendor/laravel/framework/src/Illuminate/Container/Util.php(43): Illuminate\\Container\\BoundMethod::Illuminate\\Container\\{closure}()
#14 /tmp/abdoElHodaky/larvrevrstender/services/auth-service/vendor/laravel/framework/src/Illuminate/Container/BoundMethod.php(84): Illuminate\\Container\\Util::unwrapIfClosure()
#15 /tmp/abdoElHodaky/larvrevrstender/services/auth-service/vendor/laravel/framework/src/Illuminate/Container/BoundMethod.php(35): Illuminate\\Container\\BoundMethod::callBoundMethod()
#16 /tmp/abdoElHodaky/larvrevrstender/services/auth-service/vendor/laravel/framework/src/Illuminate/Container/Container.php(799): Illuminate\\Container\\BoundMethod::call()
#17 /tmp/abdoElHodaky/larvrevrstender/services/auth-service/vendor/laravel/framework/src/Illuminate/Foundation/Application.php(1466): Illuminate\\Container\\Container->call()
#18 /tmp/abdoElHodaky/larvrevrstender/services/auth-service/vendor/laravel/framework/src/Illuminate/Foundation/Console/Kernel.php(219): Illuminate\\Foundation\\Application->terminate()
#19 /tmp/abdoElHodaky/larvrevrstender/services/auth-service/artisan(51): Illuminate\\Foundation\\Console\\Kernel->terminate()
#20 {main}

[previous exception] [object] (PDOException(code: 0): could not find driver at /tmp/abdoElHodaky/larvrevrstender/services/auth-service/vendor/laravel/framework/src/Illuminate/Database/Connectors/Connector.php:66)
[stacktrace]
#0 /tmp/abdoElHodaky/larvrevrstender/services/auth-service/vendor/laravel/framework/src/Illuminate/Database/Connectors/Connector.php(66): PDO->__construct()
#1 /tmp/abdoElHodaky/larvrevrstender/services/auth-service/vendor/laravel/framework/src/Illuminate/Database/Connectors/Connector.php(44): Illuminate\\Database\\Connectors\\Connector->createPdoConnection()
#2 /tmp/abdoElHodaky/larvrevrstender/services/auth-service/vendor/laravel/framework/src/Illuminate/Database/Connectors/PostgresConnector.php(35): Illuminate\\Database\\Connectors\\Connector->createConnection()
#3 /tmp/abdoElHodaky/larvrevrstender/services/auth-service/vendor/laravel/framework/src/Illuminate/Database/Connectors/ConnectionFactory.php(186): Illuminate\\Database\\Connectors\\PostgresConnector->connect()
#4 [internal function]: Illuminate\\Database\\Connectors\\ConnectionFactory->Illuminate\\Database\\Connectors\\{closure}()
#5 /tmp/abdoElHodaky/larvrevrstender/services/auth-service/vendor/laravel/framework/src/Illuminate/Database/Connection.php(1257): call_user_func()
#6 /tmp/abdoElHodaky/larvrevrstender/services/auth-service/vendor/laravel/framework/src/Illuminate/Database/Connection.php(578): Illuminate\\Database\\Connection->getPdo()
#7 /tmp/abdoElHodaky/larvrevrstender/services/auth-service/vendor/laravel/framework/src/Illuminate/Database/Connection.php(827): Illuminate\\Database\\Connection->Illuminate\\Database\\{closure}()
#8 /tmp/abdoElHodaky/larvrevrstender/services/auth-service/vendor/laravel/framework/src/Illuminate/Database/Connection.php(794): Illuminate\\Database\\Connection->runQueryCallback()
#9 /tmp/abdoElHodaky/larvrevrstender/services/auth-service/vendor/laravel/framework/src/Illuminate/Database/Connection.php(573): Illuminate\\Database\\Connection->run()
#10 /tmp/abdoElHodaky/larvrevrstender/services/auth-service/vendor/laravel/framework/src/Illuminate/Database/Connection.php(537): Illuminate\\Database\\Connection->statement()
#11 /tmp/abdoElHodaky/larvrevrstender/services/auth-service/vendor/laravel/framework/src/Illuminate/Database/Query/Builder.php(4091): Illuminate\\Database\\Connection->insert()
#12 /tmp/abdoElHodaky/larvrevrstender/services/auth-service/vendor/laravel/telescope/src/Storage/DatabaseEntriesRepository.php(145): Illuminate\\Database\\Query\\Builder->insert()
#13 /tmp/abdoElHodaky/larvrevrstender/services/auth-service/vendor/laravel/framework/src/Illuminate/Collections/Traits/EnumeratesValues.php(275): Laravel\\Telescope\\Storage\\DatabaseEntriesRepository->Laravel\\Telescope\\Storage\\{closure}()
#14 /tmp/abdoElHodaky/larvrevrstender/services/auth-service/vendor/laravel/telescope/src/Storage/DatabaseEntriesRepository.php(144): Illuminate\\Support\\Collection->each()
#15 /tmp/abdoElHodaky/larvrevrstender/services/auth-service/vendor/laravel/telescope/src/Telescope.php(664): Laravel\\Telescope\\Storage\\DatabaseEntriesRepository->store()
#16 [internal function]: Laravel\\Telescope\\Telescope::Laravel\\Telescope\\{closure}()
#17 /tmp/abdoElHodaky/larvrevrstender/services/auth-service/vendor/laravel/telescope/src/Telescope.php(289): call_user_func()
#18 /tmp/abdoElHodaky/larvrevrstender/services/auth-service/vendor/laravel/telescope/src/Telescope.php(656): Laravel\\Telescope\\Telescope::withoutRecording()
#19 /tmp/abdoElHodaky/larvrevrstender/services/auth-service/vendor/laravel/telescope/src/ListensForStorageOpportunities.php(65): Laravel\\Telescope\\Telescope::store()
#20 /tmp/abdoElHodaky/larvrevrstender/services/auth-service/vendor/laravel/framework/src/Illuminate/Container/BoundMethod.php(36): Laravel\\Telescope\\Telescope::Laravel\\Telescope\\{closure}()
#21 /tmp/abdoElHodaky/larvrevrstender/services/auth-service/vendor/laravel/framework/src/Illuminate/Container/Util.php(43): Illuminate\\Container\\BoundMethod::Illuminate\\Container\\{closure}()
#22 /tmp/abdoElHodaky/larvrevrstender/services/auth-service/vendor/laravel/framework/src/Illuminate/Container/BoundMethod.php(84): Illuminate\\Container\\Util::unwrapIfClosure()
#23 /tmp/abdoElHodaky/larvrevrstender/services/auth-service/vendor/laravel/framework/src/Illuminate/Container/BoundMethod.php(35): Illuminate\\Container\\BoundMethod::callBoundMethod()
#24 /tmp/abdoElHodaky/larvrevrstender/services/auth-service/vendor/laravel/framework/src/Illuminate/Container/Container.php(799): Illuminate\\Container\\BoundMethod::call()
#25 /tmp/abdoElHodaky/larvrevrstender/services/auth-service/vendor/laravel/framework/src/Illuminate/Foundation/Application.php(1466): Illuminate\\Container\\Container->call()
#26 /tmp/abdoElHodaky/larvrevrstender/services/auth-service/vendor/laravel/framework/src/Illuminate/Foundation/Console/Kernel.php(219): Illuminate\\Foundation\\Application->terminate()
#27 /tmp/abdoElHodaky/larvrevrstender/services/auth-service/artisan(51): Illuminate\\Foundation\\Console\\Kernel->terminate()
#28 {main}
"} 
[2026-03-16 11:26:02] local.INFO: Procedure registered {"name":"events","class":"Shared\\Procedures\\CrossServiceProcedure","type":"micro"} 
[2026-03-16 11:26:02] local.INFO: Procedure registered {"name":"cache","class":"Shared\\Procedures\\CrossServiceProcedure","type":"micro"} 
[2026-03-16 11:26:02] local.INFO: Procedure registered {"name":"notification","class":"Shared\\Procedures\\CrossServiceProcedure","type":"micro"} 
[2026-03-16 11:26:02] local.INFO: Procedure registered {"name":"validation","class":"Shared\\Procedures\\CrossServiceProcedure","type":"micro"} 
[2026-03-16 11:26:02] local.INFO: Procedure registered {"name":"security","class":"Shared\\Procedures\\CrossServiceProcedure","type":"micro"} 
[2026-03-16 11:26:02] local.INFO: Procedure registered {"name":"circuit_breaker","class":"Shared\\Procedures\\CrossServiceProcedure","type":"micro"} 
[2026-03-16 11:26:02] local.INFO: Procedure registered {"name":"queue_circuit_breaker","class":"Shared\\Procedures\\CrossServiceProcedure","type":"micro"} 
[2026-03-16 11:26:02] local.INFO: Procedure registered {"name":"third_party_integration","class":"Shared\\Procedures\\CrossServiceProcedure","type":"micro"} 
[2026-03-16 11:26:02] local.INFO: Procedure registered {"name":"workflow","class":"Shared\\Procedures\\CrossServiceProcedure","type":"macro"} 
[2026-03-16 11:26:02] testing.INFO: Procedure registered {"name":"events","class":"Shared\\Procedures\\CrossServiceProcedure","type":"micro"} 
[2026-03-16 11:26:02] testing.INFO: Procedure registered {"name":"cache","class":"Shared\\Procedures\\CrossServiceProcedure","type":"micro"} 
[2026-03-16 11:26:02] testing.INFO: Procedure registered {"name":"notification","class":"Shared\\Procedures\\CrossServiceProcedure","type":"micro"} 
[2026-03-16 11:26:02] testing.INFO: Procedure registered {"name":"validation","class":"Shared\\Procedures\\CrossServiceProcedure","type":"micro"} 
[2026-03-16 11:26:02] testing.INFO: Procedure registered {"name":"security","class":"Shared\\Procedures\\CrossServiceProcedure","type":"micro"} 
[2026-03-16 11:26:02] testing.INFO: Procedure registered {"name":"circuit_breaker","class":"Shared\\Procedures\\CrossServiceProcedure","type":"micro"} 
[2026-03-16 11:26:02] testing.INFO: Procedure registered {"name":"queue_circuit_breaker","class":"Shared\\Procedures\\CrossServiceProcedure","type":"micro"} 
[2026-03-16 11:26:02] testing.INFO: Procedure registered {"name":"third_party_integration","class":"Shared\\Procedures\\CrossServiceProcedure","type":"micro"} 
[2026-03-16 11:26:02] testing.INFO: Procedure registered {"name":"workflow","class":"Shared\\Procedures\\CrossServiceProcedure","type":"macro"} 
[2026-03-16 11:26:02] testing.INFO: Procedure registered {"name":"events","class":"Shared\\Procedures\\CrossServiceProcedure","type":"micro"} 
[2026-03-16 11:26:02] testing.INFO: Procedure registered {"name":"cache","class":"Shared\\Procedures\\CrossServiceProcedure","type":"micro"} 
[2026-03-16 11:26:02] testing.INFO: Procedure registered {"name":"notification","class":"Shared\\Procedures\\CrossServiceProcedure","type":"micro"} 
[2026-03-16 11:26:02] testing.INFO: Procedure registered {"name":"validation","class":"Shared\\Procedures\\CrossServiceProcedure","type":"micro"} 
[2026-03-16 11:26:02] testing.INFO: Procedure registered {"name":"security","class":"Shared\\Procedures\\CrossServiceProcedure","type":"micro"} 
[2026-03-16 11:26:02] testing.INFO: Procedure registered {"name":"circuit_breaker","class":"Shared\\Procedures\\CrossServiceProcedure","type":"micro"} 
[2026-03-16 11:26:02] testing.INFO: Procedure registered {"name":"queue_circuit_breaker","class":"Shared\\Procedures\\CrossServiceProcedure","type":"micro"} 
[2026-03-16 11:26:02] testing.INFO: Procedure registered {"name":"third_party_integration","class":"Shared\\Procedures\\CrossServiceProcedure","type":"micro"} 
[2026-03-16 11:26:02] testing.INFO: Procedure registered {"name":"workflow","class":"Shared\\Procedures\\CrossServiceProcedure","type":"macro"} 
[2026-03-16 11:26:02] testing.ERROR: Registration failed: Phone number already registered  
[2026-03-16 11:26:02] testing.INFO: Procedure registered {"name":"events","class":"Shared\\Procedures\\CrossServiceProcedure","type":"micro"} 
[2026-03-16 11:26:02] testing.INFO: Procedure registered {"name":"cache","class":"Shared\\Procedures\\CrossServiceProcedure","type":"micro"} 
[2026-03-16 11:26:02] testing.INFO: Procedure registered {"name":"notification","class":"Shared\\Procedures\\CrossServiceProcedure","type":"micro"} 
[2026-03-16 11:26:02] testing.INFO: Procedure registered {"name":"validation","class":"Shared\\Procedures\\CrossServiceProcedure","type":"micro"} 
[2026-03-16 11:26:02] testing.INFO: Procedure registered {"name":"security","class":"Shared\\Procedures\\CrossServiceProcedure","type":"micro"} 
[2026-03-16 11:26:02] testing.INFO: Procedure registered {"name":"circuit_breaker","class":"Shared\\Procedures\\CrossServiceProcedure","type":"micro"} 
[2026-03-16 11:26:02] testing.INFO: Procedure registered {"name":"queue_circuit_breaker","class":"Shared\\Procedures\\CrossServiceProcedure","type":"micro"} 
[2026-03-16 11:26:02] testing.INFO: Procedure registered {"name":"third_party_integration","class":"Shared\\Procedures\\CrossServiceProcedure","type":"micro"} 
[2026-03-16 11:26:02] testing.INFO: Procedure registered {"name":"workflow","class":"Shared\\Procedures\\CrossServiceProcedure","type":"macro"} 
[2026-03-16 11:26:02] testing.WARNING: Token creation failed, using fallback {"error":"Call to undefined method App\\Models\\User::createToken()"} 
[2026-03-16 11:26:02] testing.INFO: User logged in successfully {"user_id":1,"ip":"127.0.0.1","user_agent":"Symfony"} 
[2026-03-16 11:26:02] testing.INFO: Procedure registered {"name":"events","class":"Shared\\Procedures\\CrossServiceProcedure","type":"micro"} 
[2026-03-16 11:26:02] testing.INFO: Procedure registered {"name":"cache","class":"Shared\\Procedures\\CrossServiceProcedure","type":"micro"} 
[2026-03-16 11:26:02] testing.INFO: Procedure registered {"name":"notification","class":"Shared\\Procedures\\CrossServiceProcedure","type":"micro"} 
[2026-03-16 11:26:02] testing.INFO: Procedure registered {"name":"validation","class":"Shared\\Procedures\\CrossServiceProcedure","type":"micro"} 
[2026-03-16 11:26:02] testing.INFO: Procedure registered {"name":"security","class":"Shared\\Procedures\\CrossServiceProcedure","type":"micro"} 
[2026-03-16 11:26:02] testing.INFO: Procedure registered {"name":"circuit_breaker","class":"Shared\\Procedures\\CrossServiceProcedure","type":"micro"} 
[2026-03-16 11:26:02] testing.INFO: Procedure registered {"name":"queue_circuit_breaker","class":"Shared\\Procedures\\CrossServiceProcedure","type":"micro"} 
[2026-03-16 11:26:02] testing.INFO: Procedure registered {"name":"third_party_integration","class":"Shared\\Procedures\\CrossServiceProcedure","type":"micro"} 
[2026-03-16 11:26:02] testing.INFO: Procedure registered {"name":"workflow","class":"Shared\\Procedures\\CrossServiceProcedure","type":"macro"} 
[2026-03-16 11:26:02] testing.WARNING: Login attempt failed {"identifier":"+966501234567","ip":"127.0.0.1","error":"Account is not active"} 
[2026-03-16 11:26:02] testing.INFO: Procedure registered {"name":"events","class":"Shared\\Procedures\\CrossServiceProcedure","type":"micro"} 
[2026-03-16 11:26:02] testing.INFO: Procedure registered {"name":"cache","class":"Shared\\Procedures\\CrossServiceProcedure","type":"micro"} 
[2026-03-16 11:26:02] testing.INFO: Procedure registered {"name":"notification","class":"Shared\\Procedures\\CrossServiceProcedure","type":"micro"} 
[2026-03-16 11:26:02] testing.INFO: Procedure registered {"name":"validation","class":"Shared\\Procedures\\CrossServiceProcedure","type":"micro"} 
[2026-03-16 11:26:02] testing.INFO: Procedure registered {"name":"security","class":"Shared\\Procedures\\CrossServiceProcedure","type":"micro"} 
[2026-03-16 11:26:02] testing.INFO: Procedure registered {"name":"circuit_breaker","class":"Shared\\Procedures\\CrossServiceProcedure","type":"micro"} 
[2026-03-16 11:26:02] testing.INFO: Procedure registered {"name":"queue_circuit_breaker","class":"Shared\\Procedures\\CrossServiceProcedure","type":"micro"} 
[2026-03-16 11:26:02] testing.INFO: Procedure registered {"name":"third_party_integration","class":"Shared\\Procedures\\CrossServiceProcedure","type":"micro"} 
[2026-03-16 11:26:02] testing.INFO: Procedure registered {"name":"workflow","class":"Shared\\Procedures\\CrossServiceProcedure","type":"macro"} 
[2026-03-16 11:26:02] testing.INFO: Procedure registered {"name":"events","class":"Shared\\Procedures\\CrossServiceProcedure","type":"micro"} 
[2026-03-16 11:26:02] testing.INFO: Procedure registered {"name":"cache","class":"Shared\\Procedures\\CrossServiceProcedure","type":"micro"} 
[2026-03-16 11:26:02] testing.INFO: Procedure registered {"name":"notification","class":"Shared\\Procedures\\CrossServiceProcedure","type":"micro"} 
[2026-03-16 11:26:02] testing.INFO: Procedure registered {"name":"validation","class":"Shared\\Procedures\\CrossServiceProcedure","type":"micro"} 
[2026-03-16 11:26:02] testing.INFO: Procedure registered {"name":"security","class":"Shared\\Procedures\\CrossServiceProcedure","type":"micro"} 
[2026-03-16 11:26:02] testing.INFO: Procedure registered {"name":"circuit_breaker","class":"Shared\\Procedures\\CrossServiceProcedure","type":"micro"} 
[2026-03-16 11:26:02] testing.INFO: Procedure registered {"name":"queue_circuit_breaker","class":"Shared\\Procedures\\CrossServiceProcedure","type":"micro"} 
[2026-03-16 11:26:02] testing.INFO: Procedure registered {"name":"third_party_integration","class":"Shared\\Procedures\\CrossServiceProcedure","type":"micro"} 
[2026-03-16 11:26:02] testing.INFO: Procedure registered {"name":"workflow","class":"Shared\\Procedures\\CrossServiceProcedure","type":"macro"} 
[2026-03-16 11:26:02] testing.WARNING: Token creation failed, using fallback {"error":"Call to undefined method App\\Models\\User::createToken()"} 
[2026-03-16 11:26:02] testing.INFO: User logged in successfully {"user_id":1,"ip":"127.0.0.1","user_agent":"Symfony"} 
[2026-03-16 11:26:02] testing.WARNING: Token creation failed, using fallback {"error":"Call to undefined method App\\Models\\User::createToken()"} 
[2026-03-16 11:26:02] testing.INFO: User logged in successfully {"user_id":1,"ip":"127.0.0.1","user_agent":"Symfony"} 
[2026-03-16 11:26:02] local.ERROR: could not find driver (Connection: pgsql, Host: 127.0.0.1, Port: 5432, Database: auth_service, SQL: insert into "telescope_entries" ("batch_id", "content", "created_at", "family_hash", "type", "uuid") values (a14fff37-05eb-4de7-9353-88bd884d5906, {"level":"info","message":"Procedure registered","context":{"name":"events","class":"Shared\\Procedures\\CrossServiceProcedure","type":"micro"},"hostname":"modal"}, 2026-03-16 11:26:02, ?, log, a14fff35-f9f3-49c4-9d1e-96d4759d28af), (a14fff37-05eb-4de7-9353-88bd884d5906, {"level":"info","message":"Procedure registered","context":{"name":"cache","class":"Shared\\Procedures\\CrossServiceProcedure","type":"micro"},"hostname":"modal"}, 2026-03-16 11:26:02, ?, log, a14fff35-fbb5-44d8-9b81-baa1ccd312dc), (a14fff37-05eb-4de7-9353-88bd884d5906, {"level":"info","message":"Procedure registered","context":{"name":"notification","class":"Shared\\Procedures\\CrossServiceProcedure","type":"micro"},"hostname":"modal"}, 2026-03-16 11:26:02, ?, log, a14fff35-fbd5-4298-9235-9ab117e6f768), (a14fff37-05eb-4de7-9353-88bd884d5906, {"level":"info","message":"Procedure registered","context":{"name":"validation","class":"Shared\\Procedures\\CrossServiceProcedure","type":"micro"},"hostname":"modal"}, 2026-03-16 11:26:02, ?, log, a14fff35-fbf0-476e-8679-e5ef840fabf5), (a14fff37-05eb-4de7-9353-88bd884d5906, {"level":"info","message":"Procedure registered","context":{"name":"security","class":"Shared\\Procedures\\CrossServiceProcedure","type":"micro"},"hostname":"modal"}, 2026-03-16 11:26:02, ?, log, a14fff35-fc08-4434-8176-bb1db17859f3), (a14fff37-05eb-4de7-9353-88bd884d5906, {"level":"info","message":"Procedure registered","context":{"name":"circuit_breaker","class":"Shared\\Procedures\\CrossServiceProcedure","type":"micro"},"hostname":"modal"}, 2026-03-16 11:26:02, ?, log, a14fff35-fc1f-4ed8-9700-654b0b325f3e), (a14fff37-05eb-4de7-9353-88bd884d5906, {"level":"info","message":"Procedure registered","context":{"name":"queue_circuit_breaker","class":"Shared\\Procedures\\CrossServiceProcedure","type":"micro"},"hostname":"modal"}, 2026-03-16 11:26:02, ?, log, a14fff35-fc38-4fbf-b6bf-f5179a23b3b1), (a14fff37-05eb-4de7-9353-88bd884d5906, {"level":"info","message":"Procedure registered","context":{"name":"third_party_integration","class":"Shared\\Procedures\\CrossServiceProcedure","type":"micro"},"hostname":"modal"}, 2026-03-16 11:26:02, ?, log, a14fff35-fc4e-4916-87a5-4f97c95e57a9), (a14fff37-05eb-4de7-9353-88bd884d5906, {"level":"info","message":"Procedure registered","context":{"name":"workflow","class":"Shared\\Procedures\\CrossServiceProcedure","type":"macro"},"hostname":"modal"}, 2026-03-16 11:26:02, ?, log, a14fff35-fc64-46e9-96d0-3d19bde9fb90), (a14fff37-05eb-4de7-9353-88bd884d5906, {"command":"test","exit_code":0,"arguments":{"command":"test"},"options":{"without-tty":false,"compact":false,"coverage":false,"min":null,"parallel":false,"profile":false,"recreate-databases":false,"drop-databases":false,"without-databases":false,"help":false,"silent":false,"quiet":false,"verbose":false,"version":false,"ansi":null,"no-interaction":false,"env":null},"hostname":"modal"}, 2026-03-16 11:26:02, ?, command, a14fff37-04de-41d6-b1fe-d034519a86e7)) {"exception":"[object] (Illuminate\\Database\\QueryException(code: 0): could not find driver (Connection: pgsql, Host: 127.0.0.1, Port: 5432, Database: auth_service, SQL: insert into \"telescope_entries\" (\"batch_id\", \"content\", \"created_at\", \"family_hash\", \"type\", \"uuid\") values (a14fff37-05eb-4de7-9353-88bd884d5906, {\"level\":\"info\",\"message\":\"Procedure registered\",\"context\":{\"name\":\"events\",\"class\":\"Shared\\\\Procedures\\\\CrossServiceProcedure\",\"type\":\"micro\"},\"hostname\":\"modal\"}, 2026-03-16 11:26:02, ?, log, a14fff35-f9f3-49c4-9d1e-96d4759d28af), (a14fff37-05eb-4de7-9353-88bd884d5906, {\"level\":\"info\",\"message\":\"Procedure registered\",\"context\":{\"name\":\"cache\",\"class\":\"Shared\\\\Procedures\\\\CrossServiceProcedure\",\"type\":\"micro\"},\"hostname\":\"modal\"}, 2026-03-16 11:26:02, ?, log, a14fff35-fbb5-44d8-9b81-baa1ccd312dc), (a14fff37-05eb-4de7-9353-88bd884d5906, {\"level\":\"info\",\"message\":\"Procedure registered\",\"context\":{\"name\":\"notification\",\"class\":\"Shared\\\\Procedures\\\\CrossServiceProcedure\",\"type\":\"micro\"},\"hostname\":\"modal\"}, 2026-03-16 11:26:02, ?, log, a14fff35-fbd5-4298-9235-9ab117e6f768), (a14fff37-05eb-4de7-9353-88bd884d5906, {\"level\":\"info\",\"message\":\"Procedure registered\",\"context\":{\"name\":\"validation\",\"class\":\"Shared\\\\Procedures\\\\CrossServiceProcedure\",\"type\":\"micro\"},\"hostname\":\"modal\"}, 2026-03-16 11:26:02, ?, log, a14fff35-fbf0-476e-8679-e5ef840fabf5), (a14fff37-05eb-4de7-9353-88bd884d5906, {\"level\":\"info\",\"message\":\"Procedure registered\",\"context\":{\"name\":\"security\",\"class\":\"Shared\\\\Procedures\\\\CrossServiceProcedure\",\"type\":\"micro\"},\"hostname\":\"modal\"}, 2026-03-16 11:26:02, ?, log, a14fff35-fc08-4434-8176-bb1db17859f3), (a14fff37-05eb-4de7-9353-88bd884d5906, {\"level\":\"info\",\"message\":\"Procedure registered\",\"context\":{\"name\":\"circuit_breaker\",\"class\":\"Shared\\\\Procedures\\\\CrossServiceProcedure\",\"type\":\"micro\"},\"hostname\":\"modal\"}, 2026-03-16 11:26:02, ?, log, a14fff35-fc1f-4ed8-9700-654b0b325f3e), (a14fff37-05eb-4de7-9353-88bd884d5906, {\"level\":\"info\",\"message\":\"Procedure registered\",\"context\":{\"name\":\"queue_circuit_breaker\",\"class\":\"Shared\\\\Procedures\\\\CrossServiceProcedure\",\"type\":\"micro\"},\"hostname\":\"modal\"}, 2026-03-16 11:26:02, ?, log, a14fff35-fc38-4fbf-b6bf-f5179a23b3b1), (a14fff37-05eb-4de7-9353-88bd884d5906, {\"level\":\"info\",\"message\":\"Procedure registered\",\"context\":{\"name\":\"third_party_integration\",\"class\":\"Shared\\\\Procedures\\\\CrossServiceProcedure\",\"type\":\"micro\"},\"hostname\":\"modal\"}, 2026-03-16 11:26:02, ?, log, a14fff35-fc4e-4916-87a5-4f97c95e57a9), (a14fff37-05eb-4de7-9353-88bd884d5906, {\"level\":\"info\",\"message\":\"Procedure registered\",\"context\":{\"name\":\"workflow\",\"class\":\"Shared\\\\Procedures\\\\CrossServiceProcedure\",\"type\":\"macro\"},\"hostname\":\"modal\"}, 2026-03-16 11:26:02, ?, log, a14fff35-fc64-46e9-96d0-3d19bde9fb90), (a14fff37-05eb-4de7-9353-88bd884d5906, {\"command\":\"test\",\"exit_code\":0,\"arguments\":{\"command\":\"test\"},\"options\":{\"without-tty\":false,\"compact\":false,\"coverage\":false,\"min\":null,\"parallel\":false,\"profile\":false,\"recreate-databases\":false,\"drop-databases\":false,\"without-databases\":false,\"help\":false,\"silent\":false,\"quiet\":false,\"verbose\":false,\"version\":false,\"ansi\":null,\"no-interaction\":false,\"env\":null},\"hostname\":\"modal\"}, 2026-03-16 11:26:02, ?, command, a14fff37-04de-41d6-b1fe-d034519a86e7)) at /tmp/abdoElHodaky/larvrevrstender/services/auth-service/vendor/laravel/framework/src/Illuminate/Database/Connection.php:838)
[stacktrace]
#0 /tmp/abdoElHodaky/larvrevrstender/services/auth-service/vendor/laravel/framework/src/Illuminate/Database/Connection.php(794): Illuminate\\Database\\Connection->runQueryCallback()
#1 /tmp/abdoElHodaky/larvrevrstender/services/auth-service/vendor/laravel/framework/src/Illuminate/Database/Connection.php(573): Illuminate\\Database\\Connection->run()
#2 /tmp/abdoElHodaky/larvrevrstender/services/auth-service/vendor/laravel/framework/src/Illuminate/Database/Connection.php(537): Illuminate\\Database\\Connection->statement()
#3 /tmp/abdoElHodaky/larvrevrstender/services/auth-service/vendor/laravel/framework/src/Illuminate/Database/Query/Builder.php(4091): Illuminate\\Database\\Connection->insert()
#4 /tmp/abdoElHodaky/larvrevrstender/services/auth-service/vendor/laravel/telescope/src/Storage/DatabaseEntriesRepository.php(145): Illuminate\\Database\\Query\\Builder->insert()
#5 /tmp/abdoElHodaky/larvrevrstender/services/auth-service/vendor/laravel/framework/src/Illuminate/Collections/Traits/EnumeratesValues.php(275): Laravel\\Telescope\\Storage\\DatabaseEntriesRepository->Laravel\\Telescope\\Storage\\{closure}()
#6 /tmp/abdoElHodaky/larvrevrstender/services/auth-service/vendor/laravel/telescope/src/Storage/DatabaseEntriesRepository.php(144): Illuminate\\Support\\Collection->each()
#7 /tmp/abdoElHodaky/larvrevrstender/services/auth-service/vendor/laravel/telescope/src/Telescope.php(664): Laravel\\Telescope\\Storage\\DatabaseEntriesRepository->store()
#8 [internal function]: Laravel\\Telescope\\Telescope::Laravel\\Telescope\\{closure}()
#9 /tmp/abdoElHodaky/larvrevrstender/services/auth-service/vendor/laravel/telescope/src/Telescope.php(289): call_user_func()
#10 /tmp/abdoElHodaky/larvrevrstender/services/auth-service/vendor/laravel/telescope/src/Telescope.php(656): Laravel\\Telescope\\Telescope::withoutRecording()
#11 /tmp/abdoElHodaky/larvrevrstender/services/auth-service/vendor/laravel/telescope/src/ListensForStorageOpportunities.php(65): Laravel\\Telescope\\Telescope::store()
#12 /tmp/abdoElHodaky/larvrevrstender/services/auth-service/vendor/laravel/framework/src/Illuminate/Container/BoundMethod.php(36): Laravel\\Telescope\\Telescope::Laravel\\Telescope\\{closure}()
#13 /tmp/abdoElHodaky/larvrevrstender/services/auth-service/vendor/laravel/framework/src/Illuminate/Container/Util.php(43): Illuminate\\Container\\BoundMethod::Illuminate\\Container\\{closure}()
#14 /tmp/abdoElHodaky/larvrevrstender/services/auth-service/vendor/laravel/framework/src/Illuminate/Container/BoundMethod.php(84): Illuminate\\Container\\Util::unwrapIfClosure()
#15 /tmp/abdoElHodaky/larvrevrstender/services/auth-service/vendor/laravel/framework/src/Illuminate/Container/BoundMethod.php(35): Illuminate\\Container\\BoundMethod::callBoundMethod()
#16 /tmp/abdoElHodaky/larvrevrstender/services/auth-service/vendor/laravel/framework/src/Illuminate/Container/Container.php(799): Illuminate\\Container\\BoundMethod::call()
#17 /tmp/abdoElHodaky/larvrevrstender/services/auth-service/vendor/laravel/framework/src/Illuminate/Foundation/Application.php(1466): Illuminate\\Container\\Container->call()
#18 /tmp/abdoElHodaky/larvrevrstender/services/auth-service/vendor/laravel/framework/src/Illuminate/Foundation/Console/Kernel.php(219): Illuminate\\Foundation\\Application->terminate()
#19 /tmp/abdoElHodaky/larvrevrstender/services/auth-service/artisan(51): Illuminate\\Foundation\\Console\\Kernel->terminate()
#20 {main}

[previous exception] [object] (PDOException(code: 0): could not find driver at /tmp/abdoElHodaky/larvrevrstender/services/auth-service/vendor/laravel/framework/src/Illuminate/Database/Connectors/Connector.php:66)
[stacktrace]
#0 /tmp/abdoElHodaky/larvrevrstender/services/auth-service/vendor/laravel/framework/src/Illuminate/Database/Connectors/Connector.php(66): PDO->__construct()
#1 /tmp/abdoElHodaky/larvrevrstender/services/auth-service/vendor/laravel/framework/src/Illuminate/Database/Connectors/Connector.php(44): Illuminate\\Database\\Connectors\\Connector->createPdoConnection()
#2 /tmp/abdoElHodaky/larvrevrstender/services/auth-service/vendor/laravel/framework/src/Illuminate/Database/Connectors/PostgresConnector.php(35): Illuminate\\Database\\Connectors\\Connector->createConnection()
#3 /tmp/abdoElHodaky/larvrevrstender/services/auth-service/vendor/laravel/framework/src/Illuminate/Database/Connectors/ConnectionFactory.php(186): Illuminate\\Database\\Connectors\\PostgresConnector->connect()
#4 [internal function]: Illuminate\\Database\\Connectors\\ConnectionFactory->Illuminate\\Database\\Connectors\\{closure}()
#5 /tmp/abdoElHodaky/larvrevrstender/services/auth-service/vendor/laravel/framework/src/Illuminate/Database/Connection.php(1257): call_user_func()
#6 /tmp/abdoElHodaky/larvrevrstender/services/auth-service/vendor/laravel/framework/src/Illuminate/Database/Connection.php(578): Illuminate\\Database\\Connection->getPdo()
#7 /tmp/abdoElHodaky/larvrevrstender/services/auth-service/vendor/laravel/framework/src/Illuminate/Database/Connection.php(827): Illuminate\\Database\\Connection->Illuminate\\Database\\{closure}()
#8 /tmp/abdoElHodaky/larvrevrstender/services/auth-service/vendor/laravel/framework/src/Illuminate/Database/Connection.php(794): Illuminate\\Database\\Connection->runQueryCallback()
#9 /tmp/abdoElHodaky/larvrevrstender/services/auth-service/vendor/laravel/framework/src/Illuminate/Database/Connection.php(573): Illuminate\\Database\\Connection->run()
#10 /tmp/abdoElHodaky/larvrevrstender/services/auth-service/vendor/laravel/framework/src/Illuminate/Database/Connection.php(537): Illuminate\\Database\\Connection->statement()
#11 /tmp/abdoElHodaky/larvrevrstender/services/auth-service/vendor/laravel/framework/src/Illuminate/Database/Query/Builder.php(4091): Illuminate\\Database\\Connection->insert()
#12 /tmp/abdoElHodaky/larvrevrstender/services/auth-service/vendor/laravel/telescope/src/Storage/DatabaseEntriesRepository.php(145): Illuminate\\Database\\Query\\Builder->insert()
#13 /tmp/abdoElHodaky/larvrevrstender/services/auth-service/vendor/laravel/framework/src/Illuminate/Collections/Traits/EnumeratesValues.php(275): Laravel\\Telescope\\Storage\\DatabaseEntriesRepository->Laravel\\Telescope\\Storage\\{closure}()
#14 /tmp/abdoElHodaky/larvrevrstender/services/auth-service/vendor/laravel/telescope/src/Storage/DatabaseEntriesRepository.php(144): Illuminate\\Support\\Collection->each()
#15 /tmp/abdoElHodaky/larvrevrstender/services/auth-service/vendor/laravel/telescope/src/Telescope.php(664): Laravel\\Telescope\\Storage\\DatabaseEntriesRepository->store()
#16 [internal function]: Laravel\\Telescope\\Telescope::Laravel\\Telescope\\{closure}()
#17 /tmp/abdoElHodaky/larvrevrstender/services/auth-service/vendor/laravel/telescope/src/Telescope.php(289): call_user_func()
#18 /tmp/abdoElHodaky/larvrevrstender/services/auth-service/vendor/laravel/telescope/src/Telescope.php(656): Laravel\\Telescope\\Telescope::withoutRecording()
#19 /tmp/abdoElHodaky/larvrevrstender/services/auth-service/vendor/laravel/telescope/src/ListensForStorageOpportunities.php(65): Laravel\\Telescope\\Telescope::store()
#20 /tmp/abdoElHodaky/larvrevrstender/services/auth-service/vendor/laravel/framework/src/Illuminate/Container/BoundMethod.php(36): Laravel\\Telescope\\Telescope::Laravel\\Telescope\\{closure}()
#21 /tmp/abdoElHodaky/larvrevrstender/services/auth-service/vendor/laravel/framework/src/Illuminate/Container/Util.php(43): Illuminate\\Container\\BoundMethod::Illuminate\\Container\\{closure}()
#22 /tmp/abdoElHodaky/larvrevrstender/services/auth-service/vendor/laravel/framework/src/Illuminate/Container/BoundMethod.php(84): Illuminate\\Container\\Util::unwrapIfClosure()
#23 /tmp/abdoElHodaky/larvrevrstender/services/auth-service/vendor/laravel/framework/src/Illuminate/Container/BoundMethod.php(35): Illuminate\\Container\\BoundMethod::callBoundMethod()
#24 /tmp/abdoElHodaky/larvrevrstender/services/auth-service/vendor/laravel/framework/src/Illuminate/Container/Container.php(799): Illuminate\\Container\\BoundMethod::call()
#25 /tmp/abdoElHodaky/larvrevrstender/services/auth-service/vendor/laravel/framework/src/Illuminate/Foundation/Application.php(1466): Illuminate\\Container\\Container->call()
#26 /tmp/abdoElHodaky/larvrevrstender/services/auth-service/vendor/laravel/framework/src/Illuminate/Foundation/Console/Kernel.php(219): Illuminate\\Foundation\\Application->terminate()
#27 /tmp/abdoElHodaky/larvrevrstender/services/auth-service/artisan(51): Illuminate\\Foundation\\Console\\Kernel->terminate()
#28 {main}
"} 
[2026-03-16 12:13:37] local.INFO: Procedure registered {"name":"events","class":"Shared\\Procedures\\CrossServiceProcedure","type":"micro"} 
[2026-03-16 12:13:37] local.INFO: Procedure registered {"name":"cache","class":"Shared\\Procedures\\CrossServiceProcedure","type":"micro"} 
[2026-03-16 12:13:37] local.INFO: Procedure registered {"name":"notification","class":"Shared\\Procedures\\CrossServiceProcedure","type":"micro"} 
[2026-03-16 12:13:37] local.INFO: Procedure registered {"name":"validation","class":"Shared\\Procedures\\CrossServiceProcedure","type":"micro"} 
[2026-03-16 12:13:37] local.INFO: Procedure registered {"name":"security","class":"Shared\\Procedures\\CrossServiceProcedure","type":"micro"} 
[2026-03-16 12:13:37] local.INFO: Procedure registered {"name":"circuit_breaker","class":"Shared\\Procedures\\CrossServiceProcedure","type":"micro"} 
[2026-03-16 12:13:37] local.INFO: Procedure registered {"name":"queue_circuit_breaker","class":"Shared\\Procedures\\CrossServiceProcedure","type":"micro"} 
[2026-03-16 12:13:37] local.INFO: Procedure registered {"name":"third_party_integration","class":"Shared\\Procedures\\CrossServiceProcedure","type":"micro"} 
[2026-03-16 12:13:37] local.INFO: Procedure registered {"name":"workflow","class":"Shared\\Procedures\\CrossServiceProcedure","type":"macro"} 
[2026-03-16 12:13:37] local.ERROR: could not find driver (Connection: pgsql, Host: 127.0.0.1, Port: 5432, Database: auth_service, SQL: insert into "telescope_entries" ("batch_id", "content", "created_at", "family_hash", "type", "uuid") values (a150103a-63d0-463c-bcdd-e67f3592a1a0, {"level":"info","message":"Procedure registered","context":{"name":"events","class":"Shared\\Procedures\\CrossServiceProcedure","type":"micro"},"hostname":"modal"}, 2026-03-16 12:13:37, ?, log, a150103a-304b-4d3a-9caf-ba305bd75fe9), (a150103a-63d0-463c-bcdd-e67f3592a1a0, {"level":"info","message":"Procedure registered","context":{"name":"cache","class":"Shared\\Procedures\\CrossServiceProcedure","type":"micro"},"hostname":"modal"}, 2026-03-16 12:13:37, ?, log, a150103a-3291-48ba-8a0f-6f644e062060), (a150103a-63d0-463c-bcdd-e67f3592a1a0, {"level":"info","message":"Procedure registered","context":{"name":"notification","class":"Shared\\Procedures\\CrossServiceProcedure","type":"micro"},"hostname":"modal"}, 2026-03-16 12:13:37, ?, log, a150103a-32c0-4631-a06c-d5c273f0a3de), (a150103a-63d0-463c-bcdd-e67f3592a1a0, {"level":"info","message":"Procedure registered","context":{"name":"validation","class":"Shared\\Procedures\\CrossServiceProcedure","type":"micro"},"hostname":"modal"}, 2026-03-16 12:13:37, ?, log, a150103a-32ea-4bd0-9a53-4a115f7b6193), (a150103a-63d0-463c-bcdd-e67f3592a1a0, {"level":"info","message":"Procedure registered","context":{"name":"security","class":"Shared\\Procedures\\CrossServiceProcedure","type":"micro"},"hostname":"modal"}, 2026-03-16 12:13:37, ?, log, a150103a-330c-4a95-8586-c66e270d5a84), (a150103a-63d0-463c-bcdd-e67f3592a1a0, {"level":"info","message":"Procedure registered","context":{"name":"circuit_breaker","class":"Shared\\Procedures\\CrossServiceProcedure","type":"micro"},"hostname":"modal"}, 2026-03-16 12:13:37, ?, log, a150103a-332b-4c02-82f5-c7e9a42b4578), (a150103a-63d0-463c-bcdd-e67f3592a1a0, {"level":"info","message":"Procedure registered","context":{"name":"queue_circuit_breaker","class":"Shared\\Procedures\\CrossServiceProcedure","type":"micro"},"hostname":"modal"}, 2026-03-16 12:13:37, ?, log, a150103a-334d-460d-9f20-ff1e5692770b), (a150103a-63d0-463c-bcdd-e67f3592a1a0, {"level":"info","message":"Procedure registered","context":{"name":"third_party_integration","class":"Shared\\Procedures\\CrossServiceProcedure","type":"micro"},"hostname":"modal"}, 2026-03-16 12:13:37, ?, log, a150103a-336d-4406-8983-a1589d10ded7), (a150103a-63d0-463c-bcdd-e67f3592a1a0, {"level":"info","message":"Procedure registered","context":{"name":"workflow","class":"Shared\\Procedures\\CrossServiceProcedure","type":"macro"},"hostname":"modal"}, 2026-03-16 12:13:37, ?, log, a150103a-338d-4d3f-a7a6-171a2d398883)) {"exception":"[object] (Illuminate\\Database\\QueryException(code: 0): could not find driver (Connection: pgsql, Host: 127.0.0.1, Port: 5432, Database: auth_service, SQL: insert into \"telescope_entries\" (\"batch_id\", \"content\", \"created_at\", \"family_hash\", \"type\", \"uuid\") values (a150103a-63d0-463c-bcdd-e67f3592a1a0, {\"level\":\"info\",\"message\":\"Procedure registered\",\"context\":{\"name\":\"events\",\"class\":\"Shared\\\\Procedures\\\\CrossServiceProcedure\",\"type\":\"micro\"},\"hostname\":\"modal\"}, 2026-03-16 12:13:37, ?, log, a150103a-304b-4d3a-9caf-ba305bd75fe9), (a150103a-63d0-463c-bcdd-e67f3592a1a0, {\"level\":\"info\",\"message\":\"Procedure registered\",\"context\":{\"name\":\"cache\",\"class\":\"Shared\\\\Procedures\\\\CrossServiceProcedure\",\"type\":\"micro\"},\"hostname\":\"modal\"}, 2026-03-16 12:13:37, ?, log, a150103a-3291-48ba-8a0f-6f644e062060), (a150103a-63d0-463c-bcdd-e67f3592a1a0, {\"level\":\"info\",\"message\":\"Procedure registered\",\"context\":{\"name\":\"notification\",\"class\":\"Shared\\\\Procedures\\\\CrossServiceProcedure\",\"type\":\"micro\"},\"hostname\":\"modal\"}, 2026-03-16 12:13:37, ?, log, a150103a-32c0-4631-a06c-d5c273f0a3de), (a150103a-63d0-463c-bcdd-e67f3592a1a0, {\"level\":\"info\",\"message\":\"Procedure registered\",\"context\":{\"name\":\"validation\",\"class\":\"Shared\\\\Procedures\\\\CrossServiceProcedure\",\"type\":\"micro\"},\"hostname\":\"modal\"}, 2026-03-16 12:13:37, ?, log, a150103a-32ea-4bd0-9a53-4a115f7b6193), (a150103a-63d0-463c-bcdd-e67f3592a1a0, {\"level\":\"info\",\"message\":\"Procedure registered\",\"context\":{\"name\":\"security\",\"class\":\"Shared\\\\Procedures\\\\CrossServiceProcedure\",\"type\":\"micro\"},\"hostname\":\"modal\"}, 2026-03-16 12:13:37, ?, log, a150103a-330c-4a95-8586-c66e270d5a84), (a150103a-63d0-463c-bcdd-e67f3592a1a0, {\"level\":\"info\",\"message\":\"Procedure registered\",\"context\":{\"name\":\"circuit_breaker\",\"class\":\"Shared\\\\Procedures\\\\CrossServiceProcedure\",\"type\":\"micro\"},\"hostname\":\"modal\"}, 2026-03-16 12:13:37, ?, log, a150103a-332b-4c02-82f5-c7e9a42b4578), (a150103a-63d0-463c-bcdd-e67f3592a1a0, {\"level\":\"info\",\"message\":\"Procedure registered\",\"context\":{\"name\":\"queue_circuit_breaker\",\"class\":\"Shared\\\\Procedures\\\\CrossServiceProcedure\",\"type\":\"micro\"},\"hostname\":\"modal\"}, 2026-03-16 12:13:37, ?, log, a150103a-334d-460d-9f20-ff1e5692770b), (a150103a-63d0-463c-bcdd-e67f3592a1a0, {\"level\":\"info\",\"message\":\"Procedure registered\",\"context\":{\"name\":\"third_party_integration\",\"class\":\"Shared\\\\Procedures\\\\CrossServiceProcedure\",\"type\":\"micro\"},\"hostname\":\"modal\"}, 2026-03-16 12:13:37, ?, log, a150103a-336d-4406-8983-a1589d10ded7), (a150103a-63d0-463c-bcdd-e67f3592a1a0, {\"level\":\"info\",\"message\":\"Procedure registered\",\"context\":{\"name\":\"workflow\",\"class\":\"Shared\\\\Procedures\\\\CrossServiceProcedure\",\"type\":\"macro\"},\"hostname\":\"modal\"}, 2026-03-16 12:13:37, ?, log, a150103a-338d-4d3f-a7a6-171a2d398883)) at /tmp/abdoElHodaky/larvrevrstender/services/auth-service/vendor/laravel/framework/src/Illuminate/Database/Connection.php:838)
[stacktrace]
#0 /tmp/abdoElHodaky/larvrevrstender/services/auth-service/vendor/laravel/framework/src/Illuminate/Database/Connection.php(794): Illuminate\\Database\\Connection->runQueryCallback()
#1 /tmp/abdoElHodaky/larvrevrstender/services/auth-service/vendor/laravel/framework/src/Illuminate/Database/Connection.php(573): Illuminate\\Database\\Connection->run()
#2 /tmp/abdoElHodaky/larvrevrstender/services/auth-service/vendor/laravel/framework/src/Illuminate/Database/Connection.php(537): Illuminate\\Database\\Connection->statement()
#3 /tmp/abdoElHodaky/larvrevrstender/services/auth-service/vendor/laravel/framework/src/Illuminate/Database/Query/Builder.php(4091): Illuminate\\Database\\Connection->insert()
#4 /tmp/abdoElHodaky/larvrevrstender/services/auth-service/vendor/laravel/telescope/src/Storage/DatabaseEntriesRepository.php(145): Illuminate\\Database\\Query\\Builder->insert()
#5 /tmp/abdoElHodaky/larvrevrstender/services/auth-service/vendor/laravel/framework/src/Illuminate/Collections/Traits/EnumeratesValues.php(275): Laravel\\Telescope\\Storage\\DatabaseEntriesRepository->Laravel\\Telescope\\Storage\\{closure}()
#6 /tmp/abdoElHodaky/larvrevrstender/services/auth-service/vendor/laravel/telescope/src/Storage/DatabaseEntriesRepository.php(144): Illuminate\\Support\\Collection->each()
#7 /tmp/abdoElHodaky/larvrevrstender/services/auth-service/vendor/laravel/telescope/src/Telescope.php(664): Laravel\\Telescope\\Storage\\DatabaseEntriesRepository->store()
#8 [internal function]: Laravel\\Telescope\\Telescope::Laravel\\Telescope\\{closure}()
#9 /tmp/abdoElHodaky/larvrevrstender/services/auth-service/vendor/laravel/telescope/src/Telescope.php(289): call_user_func()
#10 /tmp/abdoElHodaky/larvrevrstender/services/auth-service/vendor/laravel/telescope/src/Telescope.php(656): Laravel\\Telescope\\Telescope::withoutRecording()
#11 /tmp/abdoElHodaky/larvrevrstender/services/auth-service/vendor/laravel/telescope/src/ListensForStorageOpportunities.php(65): Laravel\\Telescope\\Telescope::store()
#12 /tmp/abdoElHodaky/larvrevrstender/services/auth-service/vendor/laravel/framework/src/Illuminate/Container/BoundMethod.php(36): Laravel\\Telescope\\Telescope::Laravel\\Telescope\\{closure}()
#13 /tmp/abdoElHodaky/larvrevrstender/services/auth-service/vendor/laravel/framework/src/Illuminate/Container/Util.php(43): Illuminate\\Container\\BoundMethod::Illuminate\\Container\\{closure}()
#14 /tmp/abdoElHodaky/larvrevrstender/services/auth-service/vendor/laravel/framework/src/Illuminate/Container/BoundMethod.php(84): Illuminate\\Container\\Util::unwrapIfClosure()
#15 /tmp/abdoElHodaky/larvrevrstender/services/auth-service/vendor/laravel/framework/src/Illuminate/Container/BoundMethod.php(35): Illuminate\\Container\\BoundMethod::callBoundMethod()
#16 /tmp/abdoElHodaky/larvrevrstender/services/auth-service/vendor/laravel/framework/src/Illuminate/Container/Container.php(799): Illuminate\\Container\\BoundMethod::call()
#17 /tmp/abdoElHodaky/larvrevrstender/services/auth-service/vendor/laravel/framework/src/Illuminate/Foundation/Application.php(1466): Illuminate\\Container\\Container->call()
#18 /tmp/abdoElHodaky/larvrevrstender/services/auth-service/vendor/laravel/framework/src/Illuminate/Foundation/Console/Kernel.php(219): Illuminate\\Foundation\\Application->terminate()
#19 /tmp/abdoElHodaky/larvrevrstender/services/auth-service/artisan(51): Illuminate\\Foundation\\Console\\Kernel->terminate()
#20 {main}

[previous exception] [object] (PDOException(code: 0): could not find driver at /tmp/abdoElHodaky/larvrevrstender/services/auth-service/vendor/laravel/framework/src/Illuminate/Database/Connectors/Connector.php:66)
[stacktrace]
#0 /tmp/abdoElHodaky/larvrevrstender/services/auth-service/vendor/laravel/framework/src/Illuminate/Database/Connectors/Connector.php(66): PDO->__construct()
#1 /tmp/abdoElHodaky/larvrevrstender/services/auth-service/vendor/laravel/framework/src/Illuminate/Database/Connectors/Connector.php(44): Illuminate\\Database\\Connectors\\Connector->createPdoConnection()
#2 /tmp/abdoElHodaky/larvrevrstender/services/auth-service/vendor/laravel/framework/src/Illuminate/Database/Connectors/PostgresConnector.php(35): Illuminate\\Database\\Connectors\\Connector->createConnection()
#3 /tmp/abdoElHodaky/larvrevrstender/services/auth-service/vendor/laravel/framework/src/Illuminate/Database/Connectors/ConnectionFactory.php(186): Illuminate\\Database\\Connectors\\PostgresConnector->connect()
#4 [internal function]: Illuminate\\Database\\Connectors\\ConnectionFactory->Illuminate\\Database\\Connectors\\{closure}()
#5 /tmp/abdoElHodaky/larvrevrstender/services/auth-service/vendor/laravel/framework/src/Illuminate/Database/Connection.php(1257): call_user_func()
#6 /tmp/abdoElHodaky/larvrevrstender/services/auth-service/vendor/laravel/framework/src/Illuminate/Database/Connection.php(578): Illuminate\\Database\\Connection->getPdo()
#7 /tmp/abdoElHodaky/larvrevrstender/services/auth-service/vendor/laravel/framework/src/Illuminate/Database/Connection.php(827): Illuminate\\Database\\Connection->Illuminate\\Database\\{closure}()
#8 /tmp/abdoElHodaky/larvrevrstender/services/auth-service/vendor/laravel/framework/src/Illuminate/Database/Connection.php(794): Illuminate\\Database\\Connection->runQueryCallback()
#9 /tmp/abdoElHodaky/larvrevrstender/services/auth-service/vendor/laravel/framework/src/Illuminate/Database/Connection.php(573): Illuminate\\Database\\Connection->run()
#10 /tmp/abdoElHodaky/larvrevrstender/services/auth-service/vendor/laravel/framework/src/Illuminate/Database/Connection.php(537): Illuminate\\Database\\Connection->statement()
#11 /tmp/abdoElHodaky/larvrevrstender/services/auth-service/vendor/laravel/framework/src/Illuminate/Database/Query/Builder.php(4091): Illuminate\\Database\\Connection->insert()
#12 /tmp/abdoElHodaky/larvrevrstender/services/auth-service/vendor/laravel/telescope/src/Storage/DatabaseEntriesRepository.php(145): Illuminate\\Database\\Query\\Builder->insert()
#13 /tmp/abdoElHodaky/larvrevrstender/services/auth-service/vendor/laravel/framework/src/Illuminate/Collections/Traits/EnumeratesValues.php(275): Laravel\\Telescope\\Storage\\DatabaseEntriesRepository->Laravel\\Telescope\\Storage\\{closure}()
#14 /tmp/abdoElHodaky/larvrevrstender/services/auth-service/vendor/laravel/telescope/src/Storage/DatabaseEntriesRepository.php(144): Illuminate\\Support\\Collection->each()
#15 /tmp/abdoElHodaky/larvrevrstender/services/auth-service/vendor/laravel/telescope/src/Telescope.php(664): Laravel\\Telescope\\Storage\\DatabaseEntriesRepository->store()
#16 [internal function]: Laravel\\Telescope\\Telescope::Laravel\\Telescope\\{closure}()
#17 /tmp/abdoElHodaky/larvrevrstender/services/auth-service/vendor/laravel/telescope/src/Telescope.php(289): call_user_func()
#18 /tmp/abdoElHodaky/larvrevrstender/services/auth-service/vendor/laravel/telescope/src/Telescope.php(656): Laravel\\Telescope\\Telescope::withoutRecording()
#19 /tmp/abdoElHodaky/larvrevrstender/services/auth-service/vendor/laravel/telescope/src/ListensForStorageOpportunities.php(65): Laravel\\Telescope\\Telescope::store()
#20 /tmp/abdoElHodaky/larvrevrstender/services/auth-service/vendor/laravel/framework/src/Illuminate/Container/BoundMethod.php(36): Laravel\\Telescope\\Telescope::Laravel\\Telescope\\{closure}()
#21 /tmp/abdoElHodaky/larvrevrstender/services/auth-service/vendor/laravel/framework/src/Illuminate/Container/Util.php(43): Illuminate\\Container\\BoundMethod::Illuminate\\Container\\{closure}()
#22 /tmp/abdoElHodaky/larvrevrstender/services/auth-service/vendor/laravel/framework/src/Illuminate/Container/BoundMethod.php(84): Illuminate\\Container\\Util::unwrapIfClosure()
#23 /tmp/abdoElHodaky/larvrevrstender/services/auth-service/vendor/laravel/framework/src/Illuminate/Container/BoundMethod.php(35): Illuminate\\Container\\BoundMethod::callBoundMethod()
#24 /tmp/abdoElHodaky/larvrevrstender/services/auth-service/vendor/laravel/framework/src/Illuminate/Container/Container.php(799): Illuminate\\Container\\BoundMethod::call()
#25 /tmp/abdoElHodaky/larvrevrstender/services/auth-service/vendor/laravel/framework/src/Illuminate/Foundation/Application.php(1466): Illuminate\\Container\\Container->call()
#26 /tmp/abdoElHodaky/larvrevrstender/services/auth-service/vendor/laravel/framework/src/Illuminate/Foundation/Console/Kernel.php(219): Illuminate\\Foundation\\Application->terminate()
#27 /tmp/abdoElHodaky/larvrevrstender/services/auth-service/artisan(51): Illuminate\\Foundation\\Console\\Kernel->terminate()
#28 {main}
"} 
[2026-03-16 12:14:52] local.INFO: Procedure registered {"name":"events","class":"Shared\\Procedures\\CrossServiceProcedure","type":"micro"} 
[2026-03-16 12:14:52] local.INFO: Procedure registered {"name":"cache","class":"Shared\\Procedures\\CrossServiceProcedure","type":"micro"} 
[2026-03-16 12:14:52] local.INFO: Procedure registered {"name":"notification","class":"Shared\\Procedures\\CrossServiceProcedure","type":"micro"} 
[2026-03-16 12:14:52] local.INFO: Procedure registered {"name":"validation","class":"Shared\\Procedures\\CrossServiceProcedure","type":"micro"} 
[2026-03-16 12:14:52] local.INFO: Procedure registered {"name":"security","class":"Shared\\Procedures\\CrossServiceProcedure","type":"micro"} 
[2026-03-16 12:14:52] local.INFO: Procedure registered {"name":"circuit_breaker","class":"Shared\\Procedures\\CrossServiceProcedure","type":"micro"} 
[2026-03-16 12:14:52] local.INFO: Procedure registered {"name":"queue_circuit_breaker","class":"Shared\\Procedures\\CrossServiceProcedure","type":"micro"} 
[2026-03-16 12:14:52] local.INFO: Procedure registered {"name":"third_party_integration","class":"Shared\\Procedures\\CrossServiceProcedure","type":"micro"} 
[2026-03-16 12:14:52] local.INFO: Procedure registered {"name":"workflow","class":"Shared\\Procedures\\CrossServiceProcedure","type":"macro"} 
[2026-03-16 12:14:52] local.INFO: Procedure registered {"name":"events","class":"Shared\\Procedures\\CrossServiceProcedure","type":"micro"} 
[2026-03-16 12:14:52] local.INFO: Procedure registered {"name":"cache","class":"Shared\\Procedures\\CrossServiceProcedure","type":"micro"} 
[2026-03-16 12:14:52] local.INFO: Procedure registered {"name":"notification","class":"Shared\\Procedures\\CrossServiceProcedure","type":"micro"} 
[2026-03-16 12:14:52] local.INFO: Procedure registered {"name":"validation","class":"Shared\\Procedures\\CrossServiceProcedure","type":"micro"} 
[2026-03-16 12:14:52] local.INFO: Procedure registered {"name":"security","class":"Shared\\Procedures\\CrossServiceProcedure","type":"micro"} 
[2026-03-16 12:14:52] local.INFO: Procedure registered {"name":"circuit_breaker","class":"Shared\\Procedures\\CrossServiceProcedure","type":"micro"} 
[2026-03-16 12:14:52] local.INFO: Procedure registered {"name":"queue_circuit_breaker","class":"Shared\\Procedures\\CrossServiceProcedure","type":"micro"} 
[2026-03-16 12:14:52] local.INFO: Procedure registered {"name":"third_party_integration","class":"Shared\\Procedures\\CrossServiceProcedure","type":"micro"} 
[2026-03-16 12:14:52] local.INFO: Procedure registered {"name":"workflow","class":"Shared\\Procedures\\CrossServiceProcedure","type":"macro"} 
[2026-03-16 12:14:52] local.ERROR: could not find driver (Connection: pgsql, Host: 127.0.0.1, Port: 5432, Database: auth_service, SQL: insert into "telescope_entries" ("batch_id", "content", "created_at", "family_hash", "type", "uuid") values (a15010ad-e4f8-4a3b-b040-a7e288243b75, {"level":"info","message":"Procedure registered","context":{"name":"events","class":"Shared\\Procedures\\CrossServiceProcedure","type":"micro"},"hostname":"modal"}, 2026-03-16 12:14:52, ?, log, a15010ad-abc0-4527-ac36-1b6bc725a678), (a15010ad-e4f8-4a3b-b040-a7e288243b75, {"level":"info","message":"Procedure registered","context":{"name":"cache","class":"Shared\\Procedures\\CrossServiceProcedure","type":"micro"},"hostname":"modal"}, 2026-03-16 12:14:52, ?, log, a15010ad-adbb-4576-9105-a0250faa0ed2), (a15010ad-e4f8-4a3b-b040-a7e288243b75, {"level":"info","message":"Procedure registered","context":{"name":"notification","class":"Shared\\Procedures\\CrossServiceProcedure","type":"micro"},"hostname":"modal"}, 2026-03-16 12:14:52, ?, log, a15010ad-addc-46fd-a6bd-72f124664152), (a15010ad-e4f8-4a3b-b040-a7e288243b75, {"level":"info","message":"Procedure registered","context":{"name":"validation","class":"Shared\\Procedures\\CrossServiceProcedure","type":"micro"},"hostname":"modal"}, 2026-03-16 12:14:52, ?, log, a15010ad-adfa-4fb2-ad39-2b1c37065715), (a15010ad-e4f8-4a3b-b040-a7e288243b75, {"level":"info","message":"Procedure registered","context":{"name":"security","class":"Shared\\Procedures\\CrossServiceProcedure","type":"micro"},"hostname":"modal"}, 2026-03-16 12:14:52, ?, log, a15010ad-ae23-4f93-a847-26db33f7400a), (a15010ad-e4f8-4a3b-b040-a7e288243b75, {"level":"info","message":"Procedure registered","context":{"name":"circuit_breaker","class":"Shared\\Procedures\\CrossServiceProcedure","type":"micro"},"hostname":"modal"}, 2026-03-16 12:14:52, ?, log, a15010ad-ae41-422c-b190-30146aa09315), (a15010ad-e4f8-4a3b-b040-a7e288243b75, {"level":"info","message":"Procedure registered","context":{"name":"queue_circuit_breaker","class":"Shared\\Procedures\\CrossServiceProcedure","type":"micro"},"hostname":"modal"}, 2026-03-16 12:14:52, ?, log, a15010ad-ae60-440f-b185-5c294ad94d36), (a15010ad-e4f8-4a3b-b040-a7e288243b75, {"level":"info","message":"Procedure registered","context":{"name":"third_party_integration","class":"Shared\\Procedures\\CrossServiceProcedure","type":"micro"},"hostname":"modal"}, 2026-03-16 12:14:52, ?, log, a15010ad-ae7f-42ff-a23a-9d4dfe3581a8), (a15010ad-e4f8-4a3b-b040-a7e288243b75, {"level":"info","message":"Procedure registered","context":{"name":"workflow","class":"Shared\\Procedures\\CrossServiceProcedure","type":"macro"},"hostname":"modal"}, 2026-03-16 12:14:52, ?, log, a15010ad-ae9d-403f-a425-6e0b5d07db91), (a15010ad-e4f8-4a3b-b040-a7e288243b75, {"level":"info","message":"Procedure registered","context":{"name":"events","class":"Shared\\Procedures\\CrossServiceProcedure","type":"micro"},"hostname":"modal"}, 2026-03-16 12:14:52, ?, log, a15010ad-e004-4f18-9a21-e64b9d1dff4c), (a15010ad-e4f8-4a3b-b040-a7e288243b75, {"level":"info","message":"Procedure registered","context":{"name":"cache","class":"Shared\\Procedures\\CrossServiceProcedure","type":"micro"},"hostname":"modal"}, 2026-03-16 12:14:52, ?, log, a15010ad-e02a-47cc-97af-0be8a35c3900), (a15010ad-e4f8-4a3b-b040-a7e288243b75, {"level":"info","message":"Procedure registered","context":{"name":"notification","class":"Shared\\Procedures\\CrossServiceProcedure","type":"micro"},"hostname":"modal"}, 2026-03-16 12:14:52, ?, log, a15010ad-e049-49fe-a549-00a63bfbeca8), (a15010ad-e4f8-4a3b-b040-a7e288243b75, {"level":"info","message":"Procedure registered","context":{"name":"validation","class":"Shared\\Procedures\\CrossServiceProcedure","type":"micro"},"hostname":"modal"}, 2026-03-16 12:14:52, ?, log, a15010ad-e068-4c0f-ad08-77dd45d6d468), (a15010ad-e4f8-4a3b-b040-a7e288243b75, {"level":"info","message":"Procedure registered","context":{"name":"security","class":"Shared\\Procedures\\CrossServiceProcedure","type":"micro"},"hostname":"modal"}, 2026-03-16 12:14:52, ?, log, a15010ad-e092-4125-9801-9cf0ffc3627d), (a15010ad-e4f8-4a3b-b040-a7e288243b75, {"level":"info","message":"Procedure registered","context":{"name":"circuit_breaker","class":"Shared\\Procedures\\CrossServiceProcedure","type":"micro"},"hostname":"modal"}, 2026-03-16 12:14:52, ?, log, a15010ad-e0b0-47f2-9a5d-1ac8b15c124d), (a15010ad-e4f8-4a3b-b040-a7e288243b75, {"level":"info","message":"Procedure registered","context":{"name":"queue_circuit_breaker","class":"Shared\\Procedures\\CrossServiceProcedure","type":"micro"},"hostname":"modal"}, 2026-03-16 12:14:52, ?, log, a15010ad-e0ce-48c7-ae28-6c4814a5f95f), (a15010ad-e4f8-4a3b-b040-a7e288243b75, {"level":"info","message":"Procedure registered","context":{"name":"third_party_integration","class":"Shared\\Procedures\\CrossServiceProcedure","type":"micro"},"hostname":"modal"}, 2026-03-16 12:14:52, ?, log, a15010ad-e0f1-4830-a467-4f3c2729df67), (a15010ad-e4f8-4a3b-b040-a7e288243b75, {"level":"info","message":"Procedure registered","context":{"name":"workflow","class":"Shared\\Procedures\\CrossServiceProcedure","type":"macro"},"hostname":"modal"}, 2026-03-16 12:14:52, ?, log, a15010ad-e10f-4ba1-8b1e-074f6e72e634), (a15010ad-e4f8-4a3b-b040-a7e288243b75, {"command":"config:cache","exit_code":0,"arguments":{"command":"config:cache"},"options":{"help":false,"silent":false,"quiet":false,"verbose":false,"version":false,"ansi":null,"no-interaction":false,"env":null},"hostname":"modal"}, 2026-03-16 12:14:52, ?, command, a15010ad-e463-4c17-b37c-c77cc993ddbb)) {"exception":"[object] (Illuminate\\Database\\QueryException(code: 0): could not find driver (Connection: pgsql, Host: 127.0.0.1, Port: 5432, Database: auth_service, SQL: insert into \"telescope_entries\" (\"batch_id\", \"content\", \"created_at\", \"family_hash\", \"type\", \"uuid\") values (a15010ad-e4f8-4a3b-b040-a7e288243b75, {\"level\":\"info\",\"message\":\"Procedure registered\",\"context\":{\"name\":\"events\",\"class\":\"Shared\\\\Procedures\\\\CrossServiceProcedure\",\"type\":\"micro\"},\"hostname\":\"modal\"}, 2026-03-16 12:14:52, ?, log, a15010ad-abc0-4527-ac36-1b6bc725a678), (a15010ad-e4f8-4a3b-b040-a7e288243b75, {\"level\":\"info\",\"message\":\"Procedure registered\",\"context\":{\"name\":\"cache\",\"class\":\"Shared\\\\Procedures\\\\CrossServiceProcedure\",\"type\":\"micro\"},\"hostname\":\"modal\"}, 2026-03-16 12:14:52, ?, log, a15010ad-adbb-4576-9105-a0250faa0ed2), (a15010ad-e4f8-4a3b-b040-a7e288243b75, {\"level\":\"info\",\"message\":\"Procedure registered\",\"context\":{\"name\":\"notification\",\"class\":\"Shared\\\\Procedures\\\\CrossServiceProcedure\",\"type\":\"micro\"},\"hostname\":\"modal\"}, 2026-03-16 12:14:52, ?, log, a15010ad-addc-46fd-a6bd-72f124664152), (a15010ad-e4f8-4a3b-b040-a7e288243b75, {\"level\":\"info\",\"message\":\"Procedure registered\",\"context\":{\"name\":\"validation\",\"class\":\"Shared\\\\Procedures\\\\CrossServiceProcedure\",\"type\":\"micro\"},\"hostname\":\"modal\"}, 2026-03-16 12:14:52, ?, log, a15010ad-adfa-4fb2-ad39-2b1c37065715), (a15010ad-e4f8-4a3b-b040-a7e288243b75, {\"level\":\"info\",\"message\":\"Procedure registered\",\"context\":{\"name\":\"security\",\"class\":\"Shared\\\\Procedures\\\\CrossServiceProcedure\",\"type\":\"micro\"},\"hostname\":\"modal\"}, 2026-03-16 12:14:52, ?, log, a15010ad-ae23-4f93-a847-26db33f7400a), (a15010ad-e4f8-4a3b-b040-a7e288243b75, {\"level\":\"info\",\"message\":\"Procedure registered\",\"context\":{\"name\":\"circuit_breaker\",\"class\":\"Shared\\\\Procedures\\\\CrossServiceProcedure\",\"type\":\"micro\"},\"hostname\":\"modal\"}, 2026-03-16 12:14:52, ?, log, a15010ad-ae41-422c-b190-30146aa09315), (a15010ad-e4f8-4a3b-b040-a7e288243b75, {\"level\":\"info\",\"message\":\"Procedure registered\",\"context\":{\"name\":\"queue_circuit_breaker\",\"class\":\"Shared\\\\Procedures\\\\CrossServiceProcedure\",\"type\":\"micro\"},\"hostname\":\"modal\"}, 2026-03-16 12:14:52, ?, log, a15010ad-ae60-440f-b185-5c294ad94d36), (a15010ad-e4f8-4a3b-b040-a7e288243b75, {\"level\":\"info\",\"message\":\"Procedure registered\",\"context\":{\"name\":\"third_party_integration\",\"class\":\"Shared\\\\Procedures\\\\CrossServiceProcedure\",\"type\":\"micro\"},\"hostname\":\"modal\"}, 2026-03-16 12:14:52, ?, log, a15010ad-ae7f-42ff-a23a-9d4dfe3581a8), (a15010ad-e4f8-4a3b-b040-a7e288243b75, {\"level\":\"info\",\"message\":\"Procedure registered\",\"context\":{\"name\":\"workflow\",\"class\":\"Shared\\\\Procedures\\\\CrossServiceProcedure\",\"type\":\"macro\"},\"hostname\":\"modal\"}, 2026-03-16 12:14:52, ?, log, a15010ad-ae9d-403f-a425-6e0b5d07db91), (a15010ad-e4f8-4a3b-b040-a7e288243b75, {\"level\":\"info\",\"message\":\"Procedure registered\",\"context\":{\"name\":\"events\",\"class\":\"Shared\\\\Procedures\\\\CrossServiceProcedure\",\"type\":\"micro\"},\"hostname\":\"modal\"}, 2026-03-16 12:14:52, ?, log, a15010ad-e004-4f18-9a21-e64b9d1dff4c), (a15010ad-e4f8-4a3b-b040-a7e288243b75, {\"level\":\"info\",\"message\":\"Procedure registered\",\"context\":{\"name\":\"cache\",\"class\":\"Shared\\\\Procedures\\\\CrossServiceProcedure\",\"type\":\"micro\"},\"hostname\":\"modal\"}, 2026-03-16 12:14:52, ?, log, a15010ad-e02a-47cc-97af-0be8a35c3900), (a15010ad-e4f8-4a3b-b040-a7e288243b75, {\"level\":\"info\",\"message\":\"Procedure registered\",\"context\":{\"name\":\"notification\",\"class\":\"Shared\\\\Procedures\\\\CrossServiceProcedure\",\"type\":\"micro\"},\"hostname\":\"modal\"}, 2026-03-16 12:14:52, ?, log, a15010ad-e049-49fe-a549-00a63bfbeca8), (a15010ad-e4f8-4a3b-b040-a7e288243b75, {\"level\":\"info\",\"message\":\"Procedure registered\",\"context\":{\"name\":\"validation\",\"class\":\"Shared\\\\Procedures\\\\CrossServiceProcedure\",\"type\":\"micro\"},\"hostname\":\"modal\"}, 2026-03-16 12:14:52, ?, log, a15010ad-e068-4c0f-ad08-77dd45d6d468), (a15010ad-e4f8-4a3b-b040-a7e288243b75, {\"level\":\"info\",\"message\":\"Procedure registered\",\"context\":{\"name\":\"security\",\"class\":\"Shared\\\\Procedures\\\\CrossServiceProcedure\",\"type\":\"micro\"},\"hostname\":\"modal\"}, 2026-03-16 12:14:52, ?, log, a15010ad-e092-4125-9801-9cf0ffc3627d), (a15010ad-e4f8-4a3b-b040-a7e288243b75, {\"level\":\"info\",\"message\":\"Procedure registered\",\"context\":{\"name\":\"circuit_breaker\",\"class\":\"Shared\\\\Procedures\\\\CrossServiceProcedure\",\"type\":\"micro\"},\"hostname\":\"modal\"}, 2026-03-16 12:14:52, ?, log, a15010ad-e0b0-47f2-9a5d-1ac8b15c124d), (a15010ad-e4f8-4a3b-b040-a7e288243b75, {\"level\":\"info\",\"message\":\"Procedure registered\",\"context\":{\"name\":\"queue_circuit_breaker\",\"class\":\"Shared\\\\Procedures\\\\CrossServiceProcedure\",\"type\":\"micro\"},\"hostname\":\"modal\"}, 2026-03-16 12:14:52, ?, log, a15010ad-e0ce-48c7-ae28-6c4814a5f95f), (a15010ad-e4f8-4a3b-b040-a7e288243b75, {\"level\":\"info\",\"message\":\"Procedure registered\",\"context\":{\"name\":\"third_party_integration\",\"class\":\"Shared\\\\Procedures\\\\CrossServiceProcedure\",\"type\":\"micro\"},\"hostname\":\"modal\"}, 2026-03-16 12:14:52, ?, log, a15010ad-e0f1-4830-a467-4f3c2729df67), (a15010ad-e4f8-4a3b-b040-a7e288243b75, {\"level\":\"info\",\"message\":\"Procedure registered\",\"context\":{\"name\":\"workflow\",\"class\":\"Shared\\\\Procedures\\\\CrossServiceProcedure\",\"type\":\"macro\"},\"hostname\":\"modal\"}, 2026-03-16 12:14:52, ?, log, a15010ad-e10f-4ba1-8b1e-074f6e72e634), (a15010ad-e4f8-4a3b-b040-a7e288243b75, {\"command\":\"config:cache\",\"exit_code\":0,\"arguments\":{\"command\":\"config:cache\"},\"options\":{\"help\":false,\"silent\":false,\"quiet\":false,\"verbose\":false,\"version\":false,\"ansi\":null,\"no-interaction\":false,\"env\":null},\"hostname\":\"modal\"}, 2026-03-16 12:14:52, ?, command, a15010ad-e463-4c17-b37c-c77cc993ddbb)) at /tmp/abdoElHodaky/larvrevrstender/services/auth-service/vendor/laravel/framework/src/Illuminate/Database/Connection.php:838)
[stacktrace]
#0 /tmp/abdoElHodaky/larvrevrstender/services/auth-service/vendor/laravel/framework/src/Illuminate/Database/Connection.php(794): Illuminate\\Database\\Connection->runQueryCallback()
#1 /tmp/abdoElHodaky/larvrevrstender/services/auth-service/vendor/laravel/framework/src/Illuminate/Database/Connection.php(573): Illuminate\\Database\\Connection->run()
#2 /tmp/abdoElHodaky/larvrevrstender/services/auth-service/vendor/laravel/framework/src/Illuminate/Database/Connection.php(537): Illuminate\\Database\\Connection->statement()
#3 /tmp/abdoElHodaky/larvrevrstender/services/auth-service/vendor/laravel/framework/src/Illuminate/Database/Query/Builder.php(4091): Illuminate\\Database\\Connection->insert()
#4 /tmp/abdoElHodaky/larvrevrstender/services/auth-service/vendor/laravel/telescope/src/Storage/DatabaseEntriesRepository.php(145): Illuminate\\Database\\Query\\Builder->insert()
#5 /tmp/abdoElHodaky/larvrevrstender/services/auth-service/vendor/laravel/framework/src/Illuminate/Collections/Traits/EnumeratesValues.php(275): Laravel\\Telescope\\Storage\\DatabaseEntriesRepository->Laravel\\Telescope\\Storage\\{closure}()
#6 /tmp/abdoElHodaky/larvrevrstender/services/auth-service/vendor/laravel/telescope/src/Storage/DatabaseEntriesRepository.php(144): Illuminate\\Support\\Collection->each()
#7 /tmp/abdoElHodaky/larvrevrstender/services/auth-service/vendor/laravel/telescope/src/Telescope.php(664): Laravel\\Telescope\\Storage\\DatabaseEntriesRepository->store()
#8 [internal function]: Laravel\\Telescope\\Telescope::Laravel\\Telescope\\{closure}()
#9 /tmp/abdoElHodaky/larvrevrstender/services/auth-service/vendor/laravel/telescope/src/Telescope.php(289): call_user_func()
#10 /tmp/abdoElHodaky/larvrevrstender/services/auth-service/vendor/laravel/telescope/src/Telescope.php(656): Laravel\\Telescope\\Telescope::withoutRecording()
#11 /tmp/abdoElHodaky/larvrevrstender/services/auth-service/vendor/laravel/telescope/src/ListensForStorageOpportunities.php(65): Laravel\\Telescope\\Telescope::store()
#12 /tmp/abdoElHodaky/larvrevrstender/services/auth-service/vendor/laravel/framework/src/Illuminate/Container/BoundMethod.php(36): Laravel\\Telescope\\Telescope::Laravel\\Telescope\\{closure}()
#13 /tmp/abdoElHodaky/larvrevrstender/services/auth-service/vendor/laravel/framework/src/Illuminate/Container/Util.php(43): Illuminate\\Container\\BoundMethod::Illuminate\\Container\\{closure}()
#14 /tmp/abdoElHodaky/larvrevrstender/services/auth-service/vendor/laravel/framework/src/Illuminate/Container/BoundMethod.php(84): Illuminate\\Container\\Util::unwrapIfClosure()
#15 /tmp/abdoElHodaky/larvrevrstender/services/auth-service/vendor/laravel/framework/src/Illuminate/Container/BoundMethod.php(35): Illuminate\\Container\\BoundMethod::callBoundMethod()
#16 /tmp/abdoElHodaky/larvrevrstender/services/auth-service/vendor/laravel/framework/src/Illuminate/Container/Container.php(799): Illuminate\\Container\\BoundMethod::call()
#17 /tmp/abdoElHodaky/larvrevrstender/services/auth-service/vendor/laravel/framework/src/Illuminate/Foundation/Application.php(1466): Illuminate\\Container\\Container->call()
#18 /tmp/abdoElHodaky/larvrevrstender/services/auth-service/vendor/laravel/framework/src/Illuminate/Foundation/Console/Kernel.php(219): Illuminate\\Foundation\\Application->terminate()
#19 /tmp/abdoElHodaky/larvrevrstender/services/auth-service/artisan(51): Illuminate\\Foundation\\Console\\Kernel->terminate()
#20 {main}

[previous exception] [object] (PDOException(code: 0): could not find driver at /tmp/abdoElHodaky/larvrevrstender/services/auth-service/vendor/laravel/framework/src/Illuminate/Database/Connectors/Connector.php:66)
[stacktrace]
#0 /tmp/abdoElHodaky/larvrevrstender/services/auth-service/vendor/laravel/framework/src/Illuminate/Database/Connectors/Connector.php(66): PDO->__construct()
#1 /tmp/abdoElHodaky/larvrevrstender/services/auth-service/vendor/laravel/framework/src/Illuminate/Database/Connectors/Connector.php(44): Illuminate\\Database\\Connectors\\Connector->createPdoConnection()
#2 /tmp/abdoElHodaky/larvrevrstender/services/auth-service/vendor/laravel/framework/src/Illuminate/Database/Connectors/PostgresConnector.php(35): Illuminate\\Database\\Connectors\\Connector->createConnection()
#3 /tmp/abdoElHodaky/larvrevrstender/services/auth-service/vendor/laravel/framework/src/Illuminate/Database/Connectors/ConnectionFactory.php(186): Illuminate\\Database\\Connectors\\PostgresConnector->connect()
#4 [internal function]: Illuminate\\Database\\Connectors\\ConnectionFactory->Illuminate\\Database\\Connectors\\{closure}()
#5 /tmp/abdoElHodaky/larvrevrstender/services/auth-service/vendor/laravel/framework/src/Illuminate/Database/Connection.php(1257): call_user_func()
#6 /tmp/abdoElHodaky/larvrevrstender/services/auth-service/vendor/laravel/framework/src/Illuminate/Database/Connection.php(578): Illuminate\\Database\\Connection->getPdo()
#7 /tmp/abdoElHodaky/larvrevrstender/services/auth-service/vendor/laravel/framework/src/Illuminate/Database/Connection.php(827): Illuminate\\Database\\Connection->Illuminate\\Database\\{closure}()
#8 /tmp/abdoElHodaky/larvrevrstender/services/auth-service/vendor/laravel/framework/src/Illuminate/Database/Connection.php(794): Illuminate\\Database\\Connection->runQueryCallback()
#9 /tmp/abdoElHodaky/larvrevrstender/services/auth-service/vendor/laravel/framework/src/Illuminate/Database/Connection.php(573): Illuminate\\Database\\Connection->run()
#10 /tmp/abdoElHodaky/larvrevrstender/services/auth-service/vendor/laravel/framework/src/Illuminate/Database/Connection.php(537): Illuminate\\Database\\Connection->statement()
#11 /tmp/abdoElHodaky/larvrevrstender/services/auth-service/vendor/laravel/framework/src/Illuminate/Database/Query/Builder.php(4091): Illuminate\\Database\\Connection->insert()
#12 /tmp/abdoElHodaky/larvrevrstender/services/auth-service/vendor/laravel/telescope/src/Storage/DatabaseEntriesRepository.php(145): Illuminate\\Database\\Query\\Builder->insert()
#13 /tmp/abdoElHodaky/larvrevrstender/services/auth-service/vendor/laravel/framework/src/Illuminate/Collections/Traits/EnumeratesValues.php(275): Laravel\\Telescope\\Storage\\DatabaseEntriesRepository->Laravel\\Telescope\\Storage\\{closure}()
#14 /tmp/abdoElHodaky/larvrevrstender/services/auth-service/vendor/laravel/telescope/src/Storage/DatabaseEntriesRepository.php(144): Illuminate\\Support\\Collection->each()
#15 /tmp/abdoElHodaky/larvrevrstender/services/auth-service/vendor/laravel/telescope/src/Telescope.php(664): Laravel\\Telescope\\Storage\\DatabaseEntriesRepository->store()
#16 [internal function]: Laravel\\Telescope\\Telescope::Laravel\\Telescope\\{closure}()
#17 /tmp/abdoElHodaky/larvrevrstender/services/auth-service/vendor/laravel/telescope/src/Telescope.php(289): call_user_func()
#18 /tmp/abdoElHodaky/larvrevrstender/services/auth-service/vendor/laravel/telescope/src/Telescope.php(656): Laravel\\Telescope\\Telescope::withoutRecording()
#19 /tmp/abdoElHodaky/larvrevrstender/services/auth-service/vendor/laravel/telescope/src/ListensForStorageOpportunities.php(65): Laravel\\Telescope\\Telescope::store()
#20 /tmp/abdoElHodaky/larvrevrstender/services/auth-service/vendor/laravel/framework/src/Illuminate/Container/BoundMethod.php(36): Laravel\\Telescope\\Telescope::Laravel\\Telescope\\{closure}()
#21 /tmp/abdoElHodaky/larvrevrstender/services/auth-service/vendor/laravel/framework/src/Illuminate/Container/Util.php(43): Illuminate\\Container\\BoundMethod::Illuminate\\Container\\{closure}()
#22 /tmp/abdoElHodaky/larvrevrstender/services/auth-service/vendor/laravel/framework/src/Illuminate/Container/BoundMethod.php(84): Illuminate\\Container\\Util::unwrapIfClosure()
#23 /tmp/abdoElHodaky/larvrevrstender/services/auth-service/vendor/laravel/framework/src/Illuminate/Container/BoundMethod.php(35): Illuminate\\Container\\BoundMethod::callBoundMethod()
#24 /tmp/abdoElHodaky/larvrevrstender/services/auth-service/vendor/laravel/framework/src/Illuminate/Container/Container.php(799): Illuminate\\Container\\BoundMethod::call()
#25 /tmp/abdoElHodaky/larvrevrstender/services/auth-service/vendor/laravel/framework/src/Illuminate/Foundation/Application.php(1466): Illuminate\\Container\\Container->call()
#26 /tmp/abdoElHodaky/larvrevrstender/services/auth-service/vendor/laravel/framework/src/Illuminate/Foundation/Console/Kernel.php(219): Illuminate\\Foundation\\Application->terminate()
#27 /tmp/abdoElHodaky/larvrevrstender/services/auth-service/artisan(51): Illuminate\\Foundation\\Console\\Kernel->terminate()
#28 {main}
"} 
[2026-03-16 12:14:59] local.INFO: Procedure registered {"name":"events","class":"Shared\\Procedures\\CrossServiceProcedure","type":"micro"} 
[2026-03-16 12:14:59] local.INFO: Procedure registered {"name":"cache","class":"Shared\\Procedures\\CrossServiceProcedure","type":"micro"} 
[2026-03-16 12:14:59] local.INFO: Procedure registered {"name":"notification","class":"Shared\\Procedures\\CrossServiceProcedure","type":"micro"} 
[2026-03-16 12:14:59] local.INFO: Procedure registered {"name":"validation","class":"Shared\\Procedures\\CrossServiceProcedure","type":"micro"} 
[2026-03-16 12:14:59] local.INFO: Procedure registered {"name":"security","class":"Shared\\Procedures\\CrossServiceProcedure","type":"micro"} 
[2026-03-16 12:14:59] local.INFO: Procedure registered {"name":"circuit_breaker","class":"Shared\\Procedures\\CrossServiceProcedure","type":"micro"} 
[2026-03-16 12:14:59] local.INFO: Procedure registered {"name":"queue_circuit_breaker","class":"Shared\\Procedures\\CrossServiceProcedure","type":"micro"} 
[2026-03-16 12:14:59] local.INFO: Procedure registered {"name":"third_party_integration","class":"Shared\\Procedures\\CrossServiceProcedure","type":"micro"} 
[2026-03-16 12:14:59] local.INFO: Procedure registered {"name":"workflow","class":"Shared\\Procedures\\CrossServiceProcedure","type":"macro"} 
[2026-03-16 12:14:59] local.ERROR: The "--compact" option does not exist. {"exception":"[object] (Symfony\\Component\\Console\\Exception\\RuntimeException(code: 0): The \"--compact\" option does not exist. at /tmp/abdoElHodaky/larvrevrstender/services/auth-service/vendor/symfony/console/Input/ArgvInput.php:226)
[stacktrace]
#0 /tmp/abdoElHodaky/larvrevrstender/services/auth-service/vendor/symfony/console/Input/ArgvInput.php(155): Symfony\\Component\\Console\\Input\\ArgvInput->addLongOption()
#1 /tmp/abdoElHodaky/larvrevrstender/services/auth-service/vendor/symfony/console/Input/ArgvInput.php(88): Symfony\\Component\\Console\\Input\\ArgvInput->parseLongOption()
#2 /tmp/abdoElHodaky/larvrevrstender/services/auth-service/vendor/symfony/console/Input/ArgvInput.php(77): Symfony\\Component\\Console\\Input\\ArgvInput->parseToken()
#3 /tmp/abdoElHodaky/larvrevrstender/services/auth-service/vendor/symfony/console/Input/Input.php(53): Symfony\\Component\\Console\\Input\\ArgvInput->parse()
#4 /tmp/abdoElHodaky/larvrevrstender/services/auth-service/vendor/symfony/console/Command/Command.php(295): Symfony\\Component\\Console\\Input\\Input->bind()
#5 /tmp/abdoElHodaky/larvrevrstender/services/auth-service/vendor/laravel/framework/src/Illuminate/Console/Command.php(180): Symfony\\Component\\Console\\Command\\Command->run()
#6 /tmp/abdoElHodaky/larvrevrstender/services/auth-service/vendor/symfony/console/Application.php(1117): Illuminate\\Console\\Command->run()
#7 /tmp/abdoElHodaky/larvrevrstender/services/auth-service/vendor/symfony/console/Application.php(356): Symfony\\Component\\Console\\Application->doRunCommand()
#8 /tmp/abdoElHodaky/larvrevrstender/services/auth-service/vendor/symfony/console/Application.php(195): Symfony\\Component\\Console\\Application->doRun()
#9 /tmp/abdoElHodaky/larvrevrstender/services/auth-service/vendor/laravel/framework/src/Illuminate/Foundation/Console/Kernel.php(198): Symfony\\Component\\Console\\Application->run()
#10 /tmp/abdoElHodaky/larvrevrstender/services/auth-service/artisan(35): Illuminate\\Foundation\\Console\\Kernel->handle()
#11 {main}
"} 
[2026-03-16 12:14:59] local.ERROR: could not find driver (Connection: pgsql, Host: 127.0.0.1, Port: 5432, Database: auth_service, SQL: select count(*) as aggregate from "telescope_entries" where "type" = exception and "family_hash" = 0339c38e589444d0083adfab7820c490) {"exception":"[object] (Illuminate\\Database\\QueryException(code: 0): could not find driver (Connection: pgsql, Host: 127.0.0.1, Port: 5432, Database: auth_service, SQL: select count(*) as aggregate from \"telescope_entries\" where \"type\" = exception and \"family_hash\" = 0339c38e589444d0083adfab7820c490) at /tmp/abdoElHodaky/larvrevrstender/services/auth-service/vendor/laravel/framework/src/Illuminate/Database/Connection.php:838)
[stacktrace]
#0 /tmp/abdoElHodaky/larvrevrstender/services/auth-service/vendor/laravel/framework/src/Illuminate/Database/Connection.php(794): Illuminate\\Database\\Connection->runQueryCallback()
#1 /tmp/abdoElHodaky/larvrevrstender/services/auth-service/vendor/laravel/framework/src/Illuminate/Database/Connection.php(411): Illuminate\\Database\\Connection->run()
#2 /tmp/abdoElHodaky/larvrevrstender/services/auth-service/vendor/laravel/framework/src/Illuminate/Database/Query/Builder.php(3475): Illuminate\\Database\\Connection->select()
#3 /tmp/abdoElHodaky/larvrevrstender/services/auth-service/vendor/laravel/framework/src/Illuminate/Database/Query/Builder.php(3460): Illuminate\\Database\\Query\\Builder->runSelect()
#4 /tmp/abdoElHodaky/larvrevrstender/services/auth-service/vendor/laravel/framework/src/Illuminate/Database/Query/Builder.php(4050): Illuminate\\Database\\Query\\Builder->Illuminate\\Database\\Query\\{closure}()
#5 /tmp/abdoElHodaky/larvrevrstender/services/auth-service/vendor/laravel/framework/src/Illuminate/Database/Query/Builder.php(3459): Illuminate\\Database\\Query\\Builder->onceWithColumns()
#6 /tmp/abdoElHodaky/larvrevrstender/services/auth-service/vendor/laravel/framework/src/Illuminate/Database/Query/Builder.php(3974): Illuminate\\Database\\Query\\Builder->get()
#7 /tmp/abdoElHodaky/larvrevrstender/services/auth-service/vendor/laravel/framework/src/Illuminate/Database/Query/Builder.php(3902): Illuminate\\Database\\Query\\Builder->aggregate()
#8 /tmp/abdoElHodaky/larvrevrstender/services/auth-service/vendor/laravel/telescope/src/Storage/DatabaseEntriesRepository.php(123): Illuminate\\Database\\Query\\Builder->count()
#9 /tmp/abdoElHodaky/larvrevrstender/services/auth-service/vendor/laravel/telescope/src/Storage/DatabaseEntriesRepository.php(165): Laravel\\Telescope\\Storage\\DatabaseEntriesRepository->countExceptionOccurences()
#10 [internal function]: Laravel\\Telescope\\Storage\\DatabaseEntriesRepository->Laravel\\Telescope\\Storage\\{closure}()
#11 /tmp/abdoElHodaky/larvrevrstender/services/auth-service/vendor/laravel/framework/src/Illuminate/Collections/Arr.php(840): array_map()
#12 /tmp/abdoElHodaky/larvrevrstender/services/auth-service/vendor/laravel/framework/src/Illuminate/Collections/Collection.php(829): Illuminate\\Support\\Arr::map()
#13 /tmp/abdoElHodaky/larvrevrstender/services/auth-service/vendor/laravel/telescope/src/Storage/DatabaseEntriesRepository.php(164): Illuminate\\Support\\Collection->map()
#14 /tmp/abdoElHodaky/larvrevrstender/services/auth-service/vendor/laravel/framework/src/Illuminate/Collections/Traits/EnumeratesValues.php(275): Laravel\\Telescope\\Storage\\DatabaseEntriesRepository->Laravel\\Telescope\\Storage\\{closure}()
#15 /tmp/abdoElHodaky/larvrevrstender/services/auth-service/vendor/laravel/telescope/src/Storage/DatabaseEntriesRepository.php(163): Illuminate\\Support\\Collection->each()
#16 /tmp/abdoElHodaky/larvrevrstender/services/auth-service/vendor/laravel/telescope/src/Storage/DatabaseEntriesRepository.php(140): Laravel\\Telescope\\Storage\\DatabaseEntriesRepository->storeExceptions()
#17 /tmp/abdoElHodaky/larvrevrstender/services/auth-service/vendor/laravel/telescope/src/Telescope.php(664): Laravel\\Telescope\\Storage\\DatabaseEntriesRepository->store()
#18 [internal function]: Laravel\\Telescope\\Telescope::Laravel\\Telescope\\{closure}()
#19 /tmp/abdoElHodaky/larvrevrstender/services/auth-service/vendor/laravel/telescope/src/Telescope.php(289): call_user_func()
#20 /tmp/abdoElHodaky/larvrevrstender/services/auth-service/vendor/laravel/telescope/src/Telescope.php(656): Laravel\\Telescope\\Telescope::withoutRecording()
#21 /tmp/abdoElHodaky/larvrevrstender/services/auth-service/vendor/laravel/telescope/src/ListensForStorageOpportunities.php(65): Laravel\\Telescope\\Telescope::store()
#22 /tmp/abdoElHodaky/larvrevrstender/services/auth-service/vendor/laravel/framework/src/Illuminate/Container/BoundMethod.php(36): Laravel\\Telescope\\Telescope::Laravel\\Telescope\\{closure}()
#23 /tmp/abdoElHodaky/larvrevrstender/services/auth-service/vendor/laravel/framework/src/Illuminate/Container/Util.php(43): Illuminate\\Container\\BoundMethod::Illuminate\\Container\\{closure}()
#24 /tmp/abdoElHodaky/larvrevrstender/services/auth-service/vendor/laravel/framework/src/Illuminate/Container/BoundMethod.php(84): Illuminate\\Container\\Util::unwrapIfClosure()
#25 /tmp/abdoElHodaky/larvrevrstender/services/auth-service/vendor/laravel/framework/src/Illuminate/Container/BoundMethod.php(35): Illuminate\\Container\\BoundMethod::callBoundMethod()
#26 /tmp/abdoElHodaky/larvrevrstender/services/auth-service/vendor/laravel/framework/src/Illuminate/Container/Container.php(799): Illuminate\\Container\\BoundMethod::call()
#27 /tmp/abdoElHodaky/larvrevrstender/services/auth-service/vendor/laravel/framework/src/Illuminate/Foundation/Application.php(1466): Illuminate\\Container\\Container->call()
#28 /tmp/abdoElHodaky/larvrevrstender/services/auth-service/vendor/laravel/framework/src/Illuminate/Foundation/Console/Kernel.php(219): Illuminate\\Foundation\\Application->terminate()
#29 /tmp/abdoElHodaky/larvrevrstender/services/auth-service/artisan(51): Illuminate\\Foundation\\Console\\Kernel->terminate()
#30 {main}

[previous exception] [object] (PDOException(code: 0): could not find driver at /tmp/abdoElHodaky/larvrevrstender/services/auth-service/vendor/laravel/framework/src/Illuminate/Database/Connectors/Connector.php:66)
[stacktrace]
#0 /tmp/abdoElHodaky/larvrevrstender/services/auth-service/vendor/laravel/framework/src/Illuminate/Database/Connectors/Connector.php(66): PDO->__construct()
#1 /tmp/abdoElHodaky/larvrevrstender/services/auth-service/vendor/laravel/framework/src/Illuminate/Database/Connectors/Connector.php(44): Illuminate\\Database\\Connectors\\Connector->createPdoConnection()
#2 /tmp/abdoElHodaky/larvrevrstender/services/auth-service/vendor/laravel/framework/src/Illuminate/Database/Connectors/PostgresConnector.php(35): Illuminate\\Database\\Connectors\\Connector->createConnection()
#3 /tmp/abdoElHodaky/larvrevrstender/services/auth-service/vendor/laravel/framework/src/Illuminate/Database/Connectors/ConnectionFactory.php(186): Illuminate\\Database\\Connectors\\PostgresConnector->connect()
#4 [internal function]: Illuminate\\Database\\Connectors\\ConnectionFactory->Illuminate\\Database\\Connectors\\{closure}()
#5 /tmp/abdoElHodaky/larvrevrstender/services/auth-service/vendor/laravel/framework/src/Illuminate/Database/Connection.php(1257): call_user_func()
#6 /tmp/abdoElHodaky/larvrevrstender/services/auth-service/vendor/laravel/framework/src/Illuminate/Database/Connection.php(1295): Illuminate\\Database\\Connection->getPdo()
#7 /tmp/abdoElHodaky/larvrevrstender/services/auth-service/vendor/laravel/framework/src/Illuminate/Database/Connection.php(525): Illuminate\\Database\\Connection->getReadPdo()
#8 /tmp/abdoElHodaky/larvrevrstender/services/auth-service/vendor/laravel/framework/src/Illuminate/Database/Connection.php(420): Illuminate\\Database\\Connection->getPdoForSelect()
#9 /tmp/abdoElHodaky/larvrevrstender/services/auth-service/vendor/laravel/framework/src/Illuminate/Database/Connection.php(827): Illuminate\\Database\\Connection->Illuminate\\Database\\{closure}()
#10 /tmp/abdoElHodaky/larvrevrstender/services/auth-service/vendor/laravel/framework/src/Illuminate/Database/Connection.php(794): Illuminate\\Database\\Connection->runQueryCallback()
#11 /tmp/abdoElHodaky/larvrevrstender/services/auth-service/vendor/laravel/framework/src/Illuminate/Database/Connection.php(411): Illuminate\\Database\\Connection->run()
#12 /tmp/abdoElHodaky/larvrevrstender/services/auth-service/vendor/laravel/framework/src/Illuminate/Database/Query/Builder.php(3475): Illuminate\\Database\\Connection->select()
#13 /tmp/abdoElHodaky/larvrevrstender/services/auth-service/vendor/laravel/framework/src/Illuminate/Database/Query/Builder.php(3460): Illuminate\\Database\\Query\\Builder->runSelect()
#14 /tmp/abdoElHodaky/larvrevrstender/services/auth-service/vendor/laravel/framework/src/Illuminate/Database/Query/Builder.php(4050): Illuminate\\Database\\Query\\Builder->Illuminate\\Database\\Query\\{closure}()
#15 /tmp/abdoElHodaky/larvrevrstender/services/auth-service/vendor/laravel/framework/src/Illuminate/Database/Query/Builder.php(3459): Illuminate\\Database\\Query\\Builder->onceWithColumns()
#16 /tmp/abdoElHodaky/larvrevrstender/services/auth-service/vendor/laravel/framework/src/Illuminate/Database/Query/Builder.php(3974): Illuminate\\Database\\Query\\Builder->get()
#17 /tmp/abdoElHodaky/larvrevrstender/services/auth-service/vendor/laravel/framework/src/Illuminate/Database/Query/Builder.php(3902): Illuminate\\Database\\Query\\Builder->aggregate()
#18 /tmp/abdoElHodaky/larvrevrstender/services/auth-service/vendor/laravel/telescope/src/Storage/DatabaseEntriesRepository.php(123): Illuminate\\Database\\Query\\Builder->count()
#19 /tmp/abdoElHodaky/larvrevrstender/services/auth-service/vendor/laravel/telescope/src/Storage/DatabaseEntriesRepository.php(165): Laravel\\Telescope\\Storage\\DatabaseEntriesRepository->countExceptionOccurences()
#20 [internal function]: Laravel\\Telescope\\Storage\\DatabaseEntriesRepository->Laravel\\Telescope\\Storage\\{closure}()
#21 /tmp/abdoElHodaky/larvrevrstender/services/auth-service/vendor/laravel/framework/src/Illuminate/Collections/Arr.php(840): array_map()
#22 /tmp/abdoElHodaky/larvrevrstender/services/auth-service/vendor/laravel/framework/src/Illuminate/Collections/Collection.php(829): Illuminate\\Support\\Arr::map()
#23 /tmp/abdoElHodaky/larvrevrstender/services/auth-service/vendor/laravel/telescope/src/Storage/DatabaseEntriesRepository.php(164): Illuminate\\Support\\Collection->map()
#24 /tmp/abdoElHodaky/larvrevrstender/services/auth-service/vendor/laravel/framework/src/Illuminate/Collections/Traits/EnumeratesValues.php(275): Laravel\\Telescope\\Storage\\DatabaseEntriesRepository->Laravel\\Telescope\\Storage\\{closure}()
#25 /tmp/abdoElHodaky/larvrevrstender/services/auth-service/vendor/laravel/telescope/src/Storage/DatabaseEntriesRepository.php(163): Illuminate\\Support\\Collection->each()
#26 /tmp/abdoElHodaky/larvrevrstender/services/auth-service/vendor/laravel/telescope/src/Storage/DatabaseEntriesRepository.php(140): Laravel\\Telescope\\Storage\\DatabaseEntriesRepository->storeExceptions()
#27 /tmp/abdoElHodaky/larvrevrstender/services/auth-service/vendor/laravel/telescope/src/Telescope.php(664): Laravel\\Telescope\\Storage\\DatabaseEntriesRepository->store()
#28 [internal function]: Laravel\\Telescope\\Telescope::Laravel\\Telescope\\{closure}()
#29 /tmp/abdoElHodaky/larvrevrstender/services/auth-service/vendor/laravel/telescope/src/Telescope.php(289): call_user_func()
#30 /tmp/abdoElHodaky/larvrevrstender/services/auth-service/vendor/laravel/telescope/src/Telescope.php(656): Laravel\\Telescope\\Telescope::withoutRecording()
#31 /tmp/abdoElHodaky/larvrevrstender/services/auth-service/vendor/laravel/telescope/src/ListensForStorageOpportunities.php(65): Laravel\\Telescope\\Telescope::store()
#32 /tmp/abdoElHodaky/larvrevrstender/services/auth-service/vendor/laravel/framework/src/Illuminate/Container/BoundMethod.php(36): Laravel\\Telescope\\Telescope::Laravel\\Telescope\\{closure}()
#33 /tmp/abdoElHodaky/larvrevrstender/services/auth-service/vendor/laravel/framework/src/Illuminate/Container/Util.php(43): Illuminate\\Container\\BoundMethod::Illuminate\\Container\\{closure}()
#34 /tmp/abdoElHodaky/larvrevrstender/services/auth-service/vendor/laravel/framework/src/Illuminate/Container/BoundMethod.php(84): Illuminate\\Container\\Util::unwrapIfClosure()
#35 /tmp/abdoElHodaky/larvrevrstender/services/auth-service/vendor/laravel/framework/src/Illuminate/Container/BoundMethod.php(35): Illuminate\\Container\\BoundMethod::callBoundMethod()
#36 /tmp/abdoElHodaky/larvrevrstender/services/auth-service/vendor/laravel/framework/src/Illuminate/Container/Container.php(799): Illuminate\\Container\\BoundMethod::call()
#37 /tmp/abdoElHodaky/larvrevrstender/services/auth-service/vendor/laravel/framework/src/Illuminate/Foundation/Application.php(1466): Illuminate\\Container\\Container->call()
#38 /tmp/abdoElHodaky/larvrevrstender/services/auth-service/vendor/laravel/framework/src/Illuminate/Foundation/Console/Kernel.php(219): Illuminate\\Foundation\\Application->terminate()
#39 /tmp/abdoElHodaky/larvrevrstender/services/auth-service/artisan(51): Illuminate\\Foundation\\Console\\Kernel->terminate()
#40 {main}
"} 
[2026-03-16 12:15:06] local.INFO: Procedure registered {"name":"events","class":"Shared\\Procedures\\CrossServiceProcedure","type":"micro"} 
[2026-03-16 12:15:06] local.INFO: Procedure registered {"name":"cache","class":"Shared\\Procedures\\CrossServiceProcedure","type":"micro"} 
[2026-03-16 12:15:06] local.INFO: Procedure registered {"name":"notification","class":"Shared\\Procedures\\CrossServiceProcedure","type":"micro"} 
[2026-03-16 12:15:06] local.INFO: Procedure registered {"name":"validation","class":"Shared\\Procedures\\CrossServiceProcedure","type":"micro"} 
[2026-03-16 12:15:06] local.INFO: Procedure registered {"name":"security","class":"Shared\\Procedures\\CrossServiceProcedure","type":"micro"} 
[2026-03-16 12:15:06] local.INFO: Procedure registered {"name":"circuit_breaker","class":"Shared\\Procedures\\CrossServiceProcedure","type":"micro"} 
[2026-03-16 12:15:06] local.INFO: Procedure registered {"name":"queue_circuit_breaker","class":"Shared\\Procedures\\CrossServiceProcedure","type":"micro"} 
[2026-03-16 12:15:06] local.INFO: Procedure registered {"name":"third_party_integration","class":"Shared\\Procedures\\CrossServiceProcedure","type":"micro"} 
[2026-03-16 12:15:06] local.INFO: Procedure registered {"name":"workflow","class":"Shared\\Procedures\\CrossServiceProcedure","type":"macro"} 
[2026-03-16 12:15:06] local.ERROR: Class "App\Http\Controllers\UserController" does not exist {"exception":"[object] (ReflectionException(code: -1): Class \"App\\Http\\Controllers\\UserController\" does not exist at /tmp/abdoElHodaky/larvrevrstender/services/auth-service/vendor/laravel/framework/src/Illuminate/Foundation/Console/RouteListCommand.php:235)
[stacktrace]
#0 /tmp/abdoElHodaky/larvrevrstender/services/auth-service/vendor/laravel/framework/src/Illuminate/Foundation/Console/RouteListCommand.php(235): ReflectionClass->__construct()
#1 /tmp/abdoElHodaky/larvrevrstender/services/auth-service/vendor/laravel/framework/src/Illuminate/Foundation/Console/RouteListCommand.php(149): Illuminate\\Foundation\\Console\\RouteListCommand->isVendorRoute()
#2 /tmp/abdoElHodaky/larvrevrstender/services/auth-service/vendor/laravel/framework/src/Illuminate/Foundation/Console/RouteListCommand.php(117): Illuminate\\Foundation\\Console\\RouteListCommand->getRouteInformation()
#3 [internal function]: Illuminate\\Foundation\\Console\\RouteListCommand->Illuminate\\Foundation\\Console\\{closure}()
#4 /tmp/abdoElHodaky/larvrevrstender/services/auth-service/vendor/laravel/framework/src/Illuminate/Collections/Arr.php(840): array_map()
#5 /tmp/abdoElHodaky/larvrevrstender/services/auth-service/vendor/laravel/framework/src/Illuminate/Collections/Collection.php(829): Illuminate\\Support\\Arr::map()
#6 /tmp/abdoElHodaky/larvrevrstender/services/auth-service/vendor/laravel/framework/src/Illuminate/Foundation/Console/RouteListCommand.php(117): Illuminate\\Support\\Collection->map()
#7 /tmp/abdoElHodaky/larvrevrstender/services/auth-service/vendor/laravel/framework/src/Illuminate/Foundation/Console/RouteListCommand.php(102): Illuminate\\Foundation\\Console\\RouteListCommand->getRoutes()
#8 /tmp/abdoElHodaky/larvrevrstender/services/auth-service/vendor/laravel/framework/src/Illuminate/Container/BoundMethod.php(36): Illuminate\\Foundation\\Console\\RouteListCommand->handle()
#9 /tmp/abdoElHodaky/larvrevrstender/services/auth-service/vendor/laravel/framework/src/Illuminate/Container/Util.php(43): Illuminate\\Container\\BoundMethod::Illuminate\\Container\\{closure}()
#10 /tmp/abdoElHodaky/larvrevrstender/services/auth-service/vendor/laravel/framework/src/Illuminate/Container/BoundMethod.php(96): Illuminate\\Container\\Util::unwrapIfClosure()
#11 /tmp/abdoElHodaky/larvrevrstender/services/auth-service/vendor/laravel/framework/src/Illuminate/Container/BoundMethod.php(35): Illuminate\\Container\\BoundMethod::callBoundMethod()
#12 /tmp/abdoElHodaky/larvrevrstender/services/auth-service/vendor/laravel/framework/src/Illuminate/Container/Container.php(799): Illuminate\\Container\\BoundMethod::call()
#13 /tmp/abdoElHodaky/larvrevrstender/services/auth-service/vendor/laravel/framework/src/Illuminate/Console/Command.php(211): Illuminate\\Container\\Container->call()
#14 /tmp/abdoElHodaky/larvrevrstender/services/auth-service/vendor/symfony/console/Command/Command.php(341): Illuminate\\Console\\Command->execute()
#15 /tmp/abdoElHodaky/larvrevrstender/services/auth-service/vendor/laravel/framework/src/Illuminate/Console/Command.php(180): Symfony\\Component\\Console\\Command\\Command->run()
#16 /tmp/abdoElHodaky/larvrevrstender/services/auth-service/vendor/symfony/console/Application.php(1117): Illuminate\\Console\\Command->run()
#17 /tmp/abdoElHodaky/larvrevrstender/services/auth-service/vendor/symfony/console/Application.php(356): Symfony\\Component\\Console\\Application->doRunCommand()
#18 /tmp/abdoElHodaky/larvrevrstender/services/auth-service/vendor/symfony/console/Application.php(195): Symfony\\Component\\Console\\Application->doRun()
#19 /tmp/abdoElHodaky/larvrevrstender/services/auth-service/vendor/laravel/framework/src/Illuminate/Foundation/Console/Kernel.php(198): Symfony\\Component\\Console\\Application->run()
#20 /tmp/abdoElHodaky/larvrevrstender/services/auth-service/artisan(35): Illuminate\\Foundation\\Console\\Kernel->handle()
#21 {main}
"} 
[2026-03-16 12:15:06] local.ERROR: could not find driver (Connection: pgsql, Host: 127.0.0.1, Port: 5432, Database: auth_service, SQL: select count(*) as aggregate from "telescope_entries" where "type" = exception and "family_hash" = 7fff167a9193ccc6e698b75f4703abd1) {"exception":"[object] (Illuminate\\Database\\QueryException(code: 0): could not find driver (Connection: pgsql, Host: 127.0.0.1, Port: 5432, Database: auth_service, SQL: select count(*) as aggregate from \"telescope_entries\" where \"type\" = exception and \"family_hash\" = 7fff167a9193ccc6e698b75f4703abd1) at /tmp/abdoElHodaky/larvrevrstender/services/auth-service/vendor/laravel/framework/src/Illuminate/Database/Connection.php:838)
[stacktrace]
#0 /tmp/abdoElHodaky/larvrevrstender/services/auth-service/vendor/laravel/framework/src/Illuminate/Database/Connection.php(794): Illuminate\\Database\\Connection->runQueryCallback()
#1 /tmp/abdoElHodaky/larvrevrstender/services/auth-service/vendor/laravel/framework/src/Illuminate/Database/Connection.php(411): Illuminate\\Database\\Connection->run()
#2 /tmp/abdoElHodaky/larvrevrstender/services/auth-service/vendor/laravel/framework/src/Illuminate/Database/Query/Builder.php(3475): Illuminate\\Database\\Connection->select()
#3 /tmp/abdoElHodaky/larvrevrstender/services/auth-service/vendor/laravel/framework/src/Illuminate/Database/Query/Builder.php(3460): Illuminate\\Database\\Query\\Builder->runSelect()
#4 /tmp/abdoElHodaky/larvrevrstender/services/auth-service/vendor/laravel/framework/src/Illuminate/Database/Query/Builder.php(4050): Illuminate\\Database\\Query\\Builder->Illuminate\\Database\\Query\\{closure}()
#5 /tmp/abdoElHodaky/larvrevrstender/services/auth-service/vendor/laravel/framework/src/Illuminate/Database/Query/Builder.php(3459): Illuminate\\Database\\Query\\Builder->onceWithColumns()
#6 /tmp/abdoElHodaky/larvrevrstender/services/auth-service/vendor/laravel/framework/src/Illuminate/Database/Query/Builder.php(3974): Illuminate\\Database\\Query\\Builder->get()
#7 /tmp/abdoElHodaky/larvrevrstender/services/auth-service/vendor/laravel/framework/src/Illuminate/Database/Query/Builder.php(3902): Illuminate\\Database\\Query\\Builder->aggregate()
#8 /tmp/abdoElHodaky/larvrevrstender/services/auth-service/vendor/laravel/telescope/src/Storage/DatabaseEntriesRepository.php(123): Illuminate\\Database\\Query\\Builder->count()
#9 /tmp/abdoElHodaky/larvrevrstender/services/auth-service/vendor/laravel/telescope/src/Storage/DatabaseEntriesRepository.php(165): Laravel\\Telescope\\Storage\\DatabaseEntriesRepository->countExceptionOccurences()
#10 [internal function]: Laravel\\Telescope\\Storage\\DatabaseEntriesRepository->Laravel\\Telescope\\Storage\\{closure}()
#11 /tmp/abdoElHodaky/larvrevrstender/services/auth-service/vendor/laravel/framework/src/Illuminate/Collections/Arr.php(840): array_map()
#12 /tmp/abdoElHodaky/larvrevrstender/services/auth-service/vendor/laravel/framework/src/Illuminate/Collections/Collection.php(829): Illuminate\\Support\\Arr::map()
#13 /tmp/abdoElHodaky/larvrevrstender/services/auth-service/vendor/laravel/telescope/src/Storage/DatabaseEntriesRepository.php(164): Illuminate\\Support\\Collection->map()
#14 /tmp/abdoElHodaky/larvrevrstender/services/auth-service/vendor/laravel/framework/src/Illuminate/Collections/Traits/EnumeratesValues.php(275): Laravel\\Telescope\\Storage\\DatabaseEntriesRepository->Laravel\\Telescope\\Storage\\{closure}()
#15 /tmp/abdoElHodaky/larvrevrstender/services/auth-service/vendor/laravel/telescope/src/Storage/DatabaseEntriesRepository.php(163): Illuminate\\Support\\Collection->each()
#16 /tmp/abdoElHodaky/larvrevrstender/services/auth-service/vendor/laravel/telescope/src/Storage/DatabaseEntriesRepository.php(140): Laravel\\Telescope\\Storage\\DatabaseEntriesRepository->storeExceptions()
#17 /tmp/abdoElHodaky/larvrevrstender/services/auth-service/vendor/laravel/telescope/src/Telescope.php(664): Laravel\\Telescope\\Storage\\DatabaseEntriesRepository->store()
#18 [internal function]: Laravel\\Telescope\\Telescope::Laravel\\Telescope\\{closure}()
#19 /tmp/abdoElHodaky/larvrevrstender/services/auth-service/vendor/laravel/telescope/src/Telescope.php(289): call_user_func()
#20 /tmp/abdoElHodaky/larvrevrstender/services/auth-service/vendor/laravel/telescope/src/Telescope.php(656): Laravel\\Telescope\\Telescope::withoutRecording()
#21 /tmp/abdoElHodaky/larvrevrstender/services/auth-service/vendor/laravel/telescope/src/ListensForStorageOpportunities.php(65): Laravel\\Telescope\\Telescope::store()
#22 /tmp/abdoElHodaky/larvrevrstender/services/auth-service/vendor/laravel/framework/src/Illuminate/Container/BoundMethod.php(36): Laravel\\Telescope\\Telescope::Laravel\\Telescope\\{closure}()
#23 /tmp/abdoElHodaky/larvrevrstender/services/auth-service/vendor/laravel/framework/src/Illuminate/Container/Util.php(43): Illuminate\\Container\\BoundMethod::Illuminate\\Container\\{closure}()
#24 /tmp/abdoElHodaky/larvrevrstender/services/auth-service/vendor/laravel/framework/src/Illuminate/Container/BoundMethod.php(84): Illuminate\\Container\\Util::unwrapIfClosure()
#25 /tmp/abdoElHodaky/larvrevrstender/services/auth-service/vendor/laravel/framework/src/Illuminate/Container/BoundMethod.php(35): Illuminate\\Container\\BoundMethod::callBoundMethod()
#26 /tmp/abdoElHodaky/larvrevrstender/services/auth-service/vendor/laravel/framework/src/Illuminate/Container/Container.php(799): Illuminate\\Container\\BoundMethod::call()
#27 /tmp/abdoElHodaky/larvrevrstender/services/auth-service/vendor/laravel/framework/src/Illuminate/Foundation/Application.php(1466): Illuminate\\Container\\Container->call()
#28 /tmp/abdoElHodaky/larvrevrstender/services/auth-service/vendor/laravel/framework/src/Illuminate/Foundation/Console/Kernel.php(219): Illuminate\\Foundation\\Application->terminate()
#29 /tmp/abdoElHodaky/larvrevrstender/services/auth-service/artisan(51): Illuminate\\Foundation\\Console\\Kernel->terminate()
#30 {main}

[previous exception] [object] (PDOException(code: 0): could not find driver at /tmp/abdoElHodaky/larvrevrstender/services/auth-service/vendor/laravel/framework/src/Illuminate/Database/Connectors/Connector.php:66)
[stacktrace]
#0 /tmp/abdoElHodaky/larvrevrstender/services/auth-service/vendor/laravel/framework/src/Illuminate/Database/Connectors/Connector.php(66): PDO->__construct()
#1 /tmp/abdoElHodaky/larvrevrstender/services/auth-service/vendor/laravel/framework/src/Illuminate/Database/Connectors/Connector.php(44): Illuminate\\Database\\Connectors\\Connector->createPdoConnection()
#2 /tmp/abdoElHodaky/larvrevrstender/services/auth-service/vendor/laravel/framework/src/Illuminate/Database/Connectors/PostgresConnector.php(35): Illuminate\\Database\\Connectors\\Connector->createConnection()
#3 /tmp/abdoElHodaky/larvrevrstender/services/auth-service/vendor/laravel/framework/src/Illuminate/Database/Connectors/ConnectionFactory.php(186): Illuminate\\Database\\Connectors\\PostgresConnector->connect()
#4 [internal function]: Illuminate\\Database\\Connectors\\ConnectionFactory->Illuminate\\Database\\Connectors\\{closure}()
#5 /tmp/abdoElHodaky/larvrevrstender/services/auth-service/vendor/laravel/framework/src/Illuminate/Database/Connection.php(1257): call_user_func()
#6 /tmp/abdoElHodaky/larvrevrstender/services/auth-service/vendor/laravel/framework/src/Illuminate/Database/Connection.php(1295): Illuminate\\Database\\Connection->getPdo()
#7 /tmp/abdoElHodaky/larvrevrstender/services/auth-service/vendor/laravel/framework/src/Illuminate/Database/Connection.php(525): Illuminate\\Database\\Connection->getReadPdo()
#8 /tmp/abdoElHodaky/larvrevrstender/services/auth-service/vendor/laravel/framework/src/Illuminate/Database/Connection.php(420): Illuminate\\Database\\Connection->getPdoForSelect()
#9 /tmp/abdoElHodaky/larvrevrstender/services/auth-service/vendor/laravel/framework/src/Illuminate/Database/Connection.php(827): Illuminate\\Database\\Connection->Illuminate\\Database\\{closure}()
#10 /tmp/abdoElHodaky/larvrevrstender/services/auth-service/vendor/laravel/framework/src/Illuminate/Database/Connection.php(794): Illuminate\\Database\\Connection->runQueryCallback()
#11 /tmp/abdoElHodaky/larvrevrstender/services/auth-service/vendor/laravel/framework/src/Illuminate/Database/Connection.php(411): Illuminate\\Database\\Connection->run()
#12 /tmp/abdoElHodaky/larvrevrstender/services/auth-service/vendor/laravel/framework/src/Illuminate/Database/Query/Builder.php(3475): Illuminate\\Database\\Connection->select()
#13 /tmp/abdoElHodaky/larvrevrstender/services/auth-service/vendor/laravel/framework/src/Illuminate/Database/Query/Builder.php(3460): Illuminate\\Database\\Query\\Builder->runSelect()
#14 /tmp/abdoElHodaky/larvrevrstender/services/auth-service/vendor/laravel/framework/src/Illuminate/Database/Query/Builder.php(4050): Illuminate\\Database\\Query\\Builder->Illuminate\\Database\\Query\\{closure}()
#15 /tmp/abdoElHodaky/larvrevrstender/services/auth-service/vendor/laravel/framework/src/Illuminate/Database/Query/Builder.php(3459): Illuminate\\Database\\Query\\Builder->onceWithColumns()
#16 /tmp/abdoElHodaky/larvrevrstender/services/auth-service/vendor/laravel/framework/src/Illuminate/Database/Query/Builder.php(3974): Illuminate\\Database\\Query\\Builder->get()
#17 /tmp/abdoElHodaky/larvrevrstender/services/auth-service/vendor/laravel/framework/src/Illuminate/Database/Query/Builder.php(3902): Illuminate\\Database\\Query\\Builder->aggregate()
#18 /tmp/abdoElHodaky/larvrevrstender/services/auth-service/vendor/laravel/telescope/src/Storage/DatabaseEntriesRepository.php(123): Illuminate\\Database\\Query\\Builder->count()
#19 /tmp/abdoElHodaky/larvrevrstender/services/auth-service/vendor/laravel/telescope/src/Storage/DatabaseEntriesRepository.php(165): Laravel\\Telescope\\Storage\\DatabaseEntriesRepository->countExceptionOccurences()
#20 [internal function]: Laravel\\Telescope\\Storage\\DatabaseEntriesRepository->Laravel\\Telescope\\Storage\\{closure}()
#21 /tmp/abdoElHodaky/larvrevrstender/services/auth-service/vendor/laravel/framework/src/Illuminate/Collections/Arr.php(840): array_map()
#22 /tmp/abdoElHodaky/larvrevrstender/services/auth-service/vendor/laravel/framework/src/Illuminate/Collections/Collection.php(829): Illuminate\\Support\\Arr::map()
#23 /tmp/abdoElHodaky/larvrevrstender/services/auth-service/vendor/laravel/telescope/src/Storage/DatabaseEntriesRepository.php(164): Illuminate\\Support\\Collection->map()
#24 /tmp/abdoElHodaky/larvrevrstender/services/auth-service/vendor/laravel/framework/src/Illuminate/Collections/Traits/EnumeratesValues.php(275): Laravel\\Telescope\\Storage\\DatabaseEntriesRepository->Laravel\\Telescope\\Storage\\{closure}()
#25 /tmp/abdoElHodaky/larvrevrstender/services/auth-service/vendor/laravel/telescope/src/Storage/DatabaseEntriesRepository.php(163): Illuminate\\Support\\Collection->each()
#26 /tmp/abdoElHodaky/larvrevrstender/services/auth-service/vendor/laravel/telescope/src/Storage/DatabaseEntriesRepository.php(140): Laravel\\Telescope\\Storage\\DatabaseEntriesRepository->storeExceptions()
#27 /tmp/abdoElHodaky/larvrevrstender/services/auth-service/vendor/laravel/telescope/src/Telescope.php(664): Laravel\\Telescope\\Storage\\DatabaseEntriesRepository->store()
#28 [internal function]: Laravel\\Telescope\\Telescope::Laravel\\Telescope\\{closure}()
#29 /tmp/abdoElHodaky/larvrevrstender/services/auth-service/vendor/laravel/telescope/src/Telescope.php(289): call_user_func()
#30 /tmp/abdoElHodaky/larvrevrstender/services/auth-service/vendor/laravel/telescope/src/Telescope.php(656): Laravel\\Telescope\\Telescope::withoutRecording()
#31 /tmp/abdoElHodaky/larvrevrstender/services/auth-service/vendor/laravel/telescope/src/ListensForStorageOpportunities.php(65): Laravel\\Telescope\\Telescope::store()
#32 /tmp/abdoElHodaky/larvrevrstender/services/auth-service/vendor/laravel/framework/src/Illuminate/Container/BoundMethod.php(36): Laravel\\Telescope\\Telescope::Laravel\\Telescope\\{closure}()
#33 /tmp/abdoElHodaky/larvrevrstender/services/auth-service/vendor/laravel/framework/src/Illuminate/Container/Util.php(43): Illuminate\\Container\\BoundMethod::Illuminate\\Container\\{closure}()
#34 /tmp/abdoElHodaky/larvrevrstender/services/auth-service/vendor/laravel/framework/src/Illuminate/Container/BoundMethod.php(84): Illuminate\\Container\\Util::unwrapIfClosure()
#35 /tmp/abdoElHodaky/larvrevrstender/services/auth-service/vendor/laravel/framework/src/Illuminate/Container/BoundMethod.php(35): Illuminate\\Container\\BoundMethod::callBoundMethod()
#36 /tmp/abdoElHodaky/larvrevrstender/services/auth-service/vendor/laravel/framework/src/Illuminate/Container/Container.php(799): Illuminate\\Container\\BoundMethod::call()
#37 /tmp/abdoElHodaky/larvrevrstender/services/auth-service/vendor/laravel/framework/src/Illuminate/Foundation/Application.php(1466): Illuminate\\Container\\Container->call()
#38 /tmp/abdoElHodaky/larvrevrstender/services/auth-service/vendor/laravel/framework/src/Illuminate/Foundation/Console/Kernel.php(219): Illuminate\\Foundation\\Application->terminate()
#39 /tmp/abdoElHodaky/larvrevrstender/services/auth-service/artisan(51): Illuminate\\Foundation\\Console\\Kernel->terminate()
#40 {main}
"} 
[2026-03-16 12:16:13] local.INFO: Procedure registered {"name":"events","class":"Shared\\Procedures\\CrossServiceProcedure","type":"micro"} 
[2026-03-16 12:16:13] local.INFO: Procedure registered {"name":"cache","class":"Shared\\Procedures\\CrossServiceProcedure","type":"micro"} 
[2026-03-16 12:16:13] local.INFO: Procedure registered {"name":"notification","class":"Shared\\Procedures\\CrossServiceProcedure","type":"micro"} 
[2026-03-16 12:16:13] local.INFO: Procedure registered {"name":"validation","class":"Shared\\Procedures\\CrossServiceProcedure","type":"micro"} 
[2026-03-16 12:16:13] local.INFO: Procedure registered {"name":"security","class":"Shared\\Procedures\\CrossServiceProcedure","type":"micro"} 
[2026-03-16 12:16:13] local.INFO: Procedure registered {"name":"circuit_breaker","class":"Shared\\Procedures\\CrossServiceProcedure","type":"micro"} 
[2026-03-16 12:16:13] local.INFO: Procedure registered {"name":"queue_circuit_breaker","class":"Shared\\Procedures\\CrossServiceProcedure","type":"micro"} 
[2026-03-16 12:16:13] local.INFO: Procedure registered {"name":"third_party_integration","class":"Shared\\Procedures\\CrossServiceProcedure","type":"micro"} 
[2026-03-16 12:16:13] local.INFO: Procedure registered {"name":"workflow","class":"Shared\\Procedures\\CrossServiceProcedure","type":"macro"} 
[2026-03-16 12:16:14] local.ERROR: Class "App\Http\Controllers\ActivityController" does not exist {"exception":"[object] (ReflectionException(code: -1): Class \"App\\Http\\Controllers\\ActivityController\" does not exist at /tmp/abdoElHodaky/larvrevrstender/services/auth-service/vendor/laravel/framework/src/Illuminate/Foundation/Console/RouteListCommand.php:235)
[stacktrace]
#0 /tmp/abdoElHodaky/larvrevrstender/services/auth-service/vendor/laravel/framework/src/Illuminate/Foundation/Console/RouteListCommand.php(235): ReflectionClass->__construct()
#1 /tmp/abdoElHodaky/larvrevrstender/services/auth-service/vendor/laravel/framework/src/Illuminate/Foundation/Console/RouteListCommand.php(149): Illuminate\\Foundation\\Console\\RouteListCommand->isVendorRoute()
#2 /tmp/abdoElHodaky/larvrevrstender/services/auth-service/vendor/laravel/framework/src/Illuminate/Foundation/Console/RouteListCommand.php(117): Illuminate\\Foundation\\Console\\RouteListCommand->getRouteInformation()
#3 [internal function]: Illuminate\\Foundation\\Console\\RouteListCommand->Illuminate\\Foundation\\Console\\{closure}()
#4 /tmp/abdoElHodaky/larvrevrstender/services/auth-service/vendor/laravel/framework/src/Illuminate/Collections/Arr.php(840): array_map()
#5 /tmp/abdoElHodaky/larvrevrstender/services/auth-service/vendor/laravel/framework/src/Illuminate/Collections/Collection.php(829): Illuminate\\Support\\Arr::map()
#6 /tmp/abdoElHodaky/larvrevrstender/services/auth-service/vendor/laravel/framework/src/Illuminate/Foundation/Console/RouteListCommand.php(117): Illuminate\\Support\\Collection->map()
#7 /tmp/abdoElHodaky/larvrevrstender/services/auth-service/vendor/laravel/framework/src/Illuminate/Foundation/Console/RouteListCommand.php(102): Illuminate\\Foundation\\Console\\RouteListCommand->getRoutes()
#8 /tmp/abdoElHodaky/larvrevrstender/services/auth-service/vendor/laravel/framework/src/Illuminate/Container/BoundMethod.php(36): Illuminate\\Foundation\\Console\\RouteListCommand->handle()
#9 /tmp/abdoElHodaky/larvrevrstender/services/auth-service/vendor/laravel/framework/src/Illuminate/Container/Util.php(43): Illuminate\\Container\\BoundMethod::Illuminate\\Container\\{closure}()
#10 /tmp/abdoElHodaky/larvrevrstender/services/auth-service/vendor/laravel/framework/src/Illuminate/Container/BoundMethod.php(96): Illuminate\\Container\\Util::unwrapIfClosure()
#11 /tmp/abdoElHodaky/larvrevrstender/services/auth-service/vendor/laravel/framework/src/Illuminate/Container/BoundMethod.php(35): Illuminate\\Container\\BoundMethod::callBoundMethod()
#12 /tmp/abdoElHodaky/larvrevrstender/services/auth-service/vendor/laravel/framework/src/Illuminate/Container/Container.php(799): Illuminate\\Container\\BoundMethod::call()
#13 /tmp/abdoElHodaky/larvrevrstender/services/auth-service/vendor/laravel/framework/src/Illuminate/Console/Command.php(211): Illuminate\\Container\\Container->call()
#14 /tmp/abdoElHodaky/larvrevrstender/services/auth-service/vendor/symfony/console/Command/Command.php(341): Illuminate\\Console\\Command->execute()
#15 /tmp/abdoElHodaky/larvrevrstender/services/auth-service/vendor/laravel/framework/src/Illuminate/Console/Command.php(180): Symfony\\Component\\Console\\Command\\Command->run()
#16 /tmp/abdoElHodaky/larvrevrstender/services/auth-service/vendor/symfony/console/Application.php(1117): Illuminate\\Console\\Command->run()
#17 /tmp/abdoElHodaky/larvrevrstender/services/auth-service/vendor/symfony/console/Application.php(356): Symfony\\Component\\Console\\Application->doRunCommand()
#18 /tmp/abdoElHodaky/larvrevrstender/services/auth-service/vendor/symfony/console/Application.php(195): Symfony\\Component\\Console\\Application->doRun()
#19 /tmp/abdoElHodaky/larvrevrstender/services/auth-service/vendor/laravel/framework/src/Illuminate/Foundation/Console/Kernel.php(198): Symfony\\Component\\Console\\Application->run()
#20 /tmp/abdoElHodaky/larvrevrstender/services/auth-service/artisan(35): Illuminate\\Foundation\\Console\\Kernel->handle()
#21 {main}
"} 
[2026-03-16 12:16:14] local.ERROR: could not find driver (Connection: pgsql, Host: 127.0.0.1, Port: 5432, Database: auth_service, SQL: select count(*) as aggregate from "telescope_entries" where "type" = exception and "family_hash" = 7fff167a9193ccc6e698b75f4703abd1) {"exception":"[object] (Illuminate\\Database\\QueryException(code: 0): could not find driver (Connection: pgsql, Host: 127.0.0.1, Port: 5432, Database: auth_service, SQL: select count(*) as aggregate from \"telescope_entries\" where \"type\" = exception and \"family_hash\" = 7fff167a9193ccc6e698b75f4703abd1) at /tmp/abdoElHodaky/larvrevrstender/services/auth-service/vendor/laravel/framework/src/Illuminate/Database/Connection.php:838)
[stacktrace]
#0 /tmp/abdoElHodaky/larvrevrstender/services/auth-service/vendor/laravel/framework/src/Illuminate/Database/Connection.php(794): Illuminate\\Database\\Connection->runQueryCallback()
#1 /tmp/abdoElHodaky/larvrevrstender/services/auth-service/vendor/laravel/framework/src/Illuminate/Database/Connection.php(411): Illuminate\\Database\\Connection->run()
#2 /tmp/abdoElHodaky/larvrevrstender/services/auth-service/vendor/laravel/framework/src/Illuminate/Database/Query/Builder.php(3475): Illuminate\\Database\\Connection->select()
#3 /tmp/abdoElHodaky/larvrevrstender/services/auth-service/vendor/laravel/framework/src/Illuminate/Database/Query/Builder.php(3460): Illuminate\\Database\\Query\\Builder->runSelect()
#4 /tmp/abdoElHodaky/larvrevrstender/services/auth-service/vendor/laravel/framework/src/Illuminate/Database/Query/Builder.php(4050): Illuminate\\Database\\Query\\Builder->Illuminate\\Database\\Query\\{closure}()
#5 /tmp/abdoElHodaky/larvrevrstender/services/auth-service/vendor/laravel/framework/src/Illuminate/Database/Query/Builder.php(3459): Illuminate\\Database\\Query\\Builder->onceWithColumns()
#6 /tmp/abdoElHodaky/larvrevrstender/services/auth-service/vendor/laravel/framework/src/Illuminate/Database/Query/Builder.php(3974): Illuminate\\Database\\Query\\Builder->get()
#7 /tmp/abdoElHodaky/larvrevrstender/services/auth-service/vendor/laravel/framework/src/Illuminate/Database/Query/Builder.php(3902): Illuminate\\Database\\Query\\Builder->aggregate()
#8 /tmp/abdoElHodaky/larvrevrstender/services/auth-service/vendor/laravel/telescope/src/Storage/DatabaseEntriesRepository.php(123): Illuminate\\Database\\Query\\Builder->count()
#9 /tmp/abdoElHodaky/larvrevrstender/services/auth-service/vendor/laravel/telescope/src/Storage/DatabaseEntriesRepository.php(165): Laravel\\Telescope\\Storage\\DatabaseEntriesRepository->countExceptionOccurences()
#10 [internal function]: Laravel\\Telescope\\Storage\\DatabaseEntriesRepository->Laravel\\Telescope\\Storage\\{closure}()
#11 /tmp/abdoElHodaky/larvrevrstender/services/auth-service/vendor/laravel/framework/src/Illuminate/Collections/Arr.php(840): array_map()
#12 /tmp/abdoElHodaky/larvrevrstender/services/auth-service/vendor/laravel/framework/src/Illuminate/Collections/Collection.php(829): Illuminate\\Support\\Arr::map()
#13 /tmp/abdoElHodaky/larvrevrstender/services/auth-service/vendor/laravel/telescope/src/Storage/DatabaseEntriesRepository.php(164): Illuminate\\Support\\Collection->map()
#14 /tmp/abdoElHodaky/larvrevrstender/services/auth-service/vendor/laravel/framework/src/Illuminate/Collections/Traits/EnumeratesValues.php(275): Laravel\\Telescope\\Storage\\DatabaseEntriesRepository->Laravel\\Telescope\\Storage\\{closure}()
#15 /tmp/abdoElHodaky/larvrevrstender/services/auth-service/vendor/laravel/telescope/src/Storage/DatabaseEntriesRepository.php(163): Illuminate\\Support\\Collection->each()
#16 /tmp/abdoElHodaky/larvrevrstender/services/auth-service/vendor/laravel/telescope/src/Storage/DatabaseEntriesRepository.php(140): Laravel\\Telescope\\Storage\\DatabaseEntriesRepository->storeExceptions()
#17 /tmp/abdoElHodaky/larvrevrstender/services/auth-service/vendor/laravel/telescope/src/Telescope.php(664): Laravel\\Telescope\\Storage\\DatabaseEntriesRepository->store()
#18 [internal function]: Laravel\\Telescope\\Telescope::Laravel\\Telescope\\{closure}()
#19 /tmp/abdoElHodaky/larvrevrstender/services/auth-service/vendor/laravel/telescope/src/Telescope.php(289): call_user_func()
#20 /tmp/abdoElHodaky/larvrevrstender/services/auth-service/vendor/laravel/telescope/src/Telescope.php(656): Laravel\\Telescope\\Telescope::withoutRecording()
#21 /tmp/abdoElHodaky/larvrevrstender/services/auth-service/vendor/laravel/telescope/src/ListensForStorageOpportunities.php(65): Laravel\\Telescope\\Telescope::store()
#22 /tmp/abdoElHodaky/larvrevrstender/services/auth-service/vendor/laravel/framework/src/Illuminate/Container/BoundMethod.php(36): Laravel\\Telescope\\Telescope::Laravel\\Telescope\\{closure}()
#23 /tmp/abdoElHodaky/larvrevrstender/services/auth-service/vendor/laravel/framework/src/Illuminate/Container/Util.php(43): Illuminate\\Container\\BoundMethod::Illuminate\\Container\\{closure}()
#24 /tmp/abdoElHodaky/larvrevrstender/services/auth-service/vendor/laravel/framework/src/Illuminate/Container/BoundMethod.php(84): Illuminate\\Container\\Util::unwrapIfClosure()
#25 /tmp/abdoElHodaky/larvrevrstender/services/auth-service/vendor/laravel/framework/src/Illuminate/Container/BoundMethod.php(35): Illuminate\\Container\\BoundMethod::callBoundMethod()
#26 /tmp/abdoElHodaky/larvrevrstender/services/auth-service/vendor/laravel/framework/src/Illuminate/Container/Container.php(799): Illuminate\\Container\\BoundMethod::call()
#27 /tmp/abdoElHodaky/larvrevrstender/services/auth-service/vendor/laravel/framework/src/Illuminate/Foundation/Application.php(1466): Illuminate\\Container\\Container->call()
#28 /tmp/abdoElHodaky/larvrevrstender/services/auth-service/vendor/laravel/framework/src/Illuminate/Foundation/Console/Kernel.php(219): Illuminate\\Foundation\\Application->terminate()
#29 /tmp/abdoElHodaky/larvrevrstender/services/auth-service/artisan(51): Illuminate\\Foundation\\Console\\Kernel->terminate()
#30 {main}

[previous exception] [object] (PDOException(code: 0): could not find driver at /tmp/abdoElHodaky/larvrevrstender/services/auth-service/vendor/laravel/framework/src/Illuminate/Database/Connectors/Connector.php:66)
[stacktrace]
#0 /tmp/abdoElHodaky/larvrevrstender/services/auth-service/vendor/laravel/framework/src/Illuminate/Database/Connectors/Connector.php(66): PDO->__construct()
#1 /tmp/abdoElHodaky/larvrevrstender/services/auth-service/vendor/laravel/framework/src/Illuminate/Database/Connectors/Connector.php(44): Illuminate\\Database\\Connectors\\Connector->createPdoConnection()
#2 /tmp/abdoElHodaky/larvrevrstender/services/auth-service/vendor/laravel/framework/src/Illuminate/Database/Connectors/PostgresConnector.php(35): Illuminate\\Database\\Connectors\\Connector->createConnection()
#3 /tmp/abdoElHodaky/larvrevrstender/services/auth-service/vendor/laravel/framework/src/Illuminate/Database/Connectors/ConnectionFactory.php(186): Illuminate\\Database\\Connectors\\PostgresConnector->connect()
#4 [internal function]: Illuminate\\Database\\Connectors\\ConnectionFactory->Illuminate\\Database\\Connectors\\{closure}()
#5 /tmp/abdoElHodaky/larvrevrstender/services/auth-service/vendor/laravel/framework/src/Illuminate/Database/Connection.php(1257): call_user_func()
#6 /tmp/abdoElHodaky/larvrevrstender/services/auth-service/vendor/laravel/framework/src/Illuminate/Database/Connection.php(1295): Illuminate\\Database\\Connection->getPdo()
#7 /tmp/abdoElHodaky/larvrevrstender/services/auth-service/vendor/laravel/framework/src/Illuminate/Database/Connection.php(525): Illuminate\\Database\\Connection->getReadPdo()
#8 /tmp/abdoElHodaky/larvrevrstender/services/auth-service/vendor/laravel/framework/src/Illuminate/Database/Connection.php(420): Illuminate\\Database\\Connection->getPdoForSelect()
#9 /tmp/abdoElHodaky/larvrevrstender/services/auth-service/vendor/laravel/framework/src/Illuminate/Database/Connection.php(827): Illuminate\\Database\\Connection->Illuminate\\Database\\{closure}()
#10 /tmp/abdoElHodaky/larvrevrstender/services/auth-service/vendor/laravel/framework/src/Illuminate/Database/Connection.php(794): Illuminate\\Database\\Connection->runQueryCallback()
#11 /tmp/abdoElHodaky/larvrevrstender/services/auth-service/vendor/laravel/framework/src/Illuminate/Database/Connection.php(411): Illuminate\\Database\\Connection->run()
#12 /tmp/abdoElHodaky/larvrevrstender/services/auth-service/vendor/laravel/framework/src/Illuminate/Database/Query/Builder.php(3475): Illuminate\\Database\\Connection->select()
#13 /tmp/abdoElHodaky/larvrevrstender/services/auth-service/vendor/laravel/framework/src/Illuminate/Database/Query/Builder.php(3460): Illuminate\\Database\\Query\\Builder->runSelect()
#14 /tmp/abdoElHodaky/larvrevrstender/services/auth-service/vendor/laravel/framework/src/Illuminate/Database/Query/Builder.php(4050): Illuminate\\Database\\Query\\Builder->Illuminate\\Database\\Query\\{closure}()
#15 /tmp/abdoElHodaky/larvrevrstender/services/auth-service/vendor/laravel/framework/src/Illuminate/Database/Query/Builder.php(3459): Illuminate\\Database\\Query\\Builder->onceWithColumns()
#16 /tmp/abdoElHodaky/larvrevrstender/services/auth-service/vendor/laravel/framework/src/Illuminate/Database/Query/Builder.php(3974): Illuminate\\Database\\Query\\Builder->get()
#17 /tmp/abdoElHodaky/larvrevrstender/services/auth-service/vendor/laravel/framework/src/Illuminate/Database/Query/Builder.php(3902): Illuminate\\Database\\Query\\Builder->aggregate()
#18 /tmp/abdoElHodaky/larvrevrstender/services/auth-service/vendor/laravel/telescope/src/Storage/DatabaseEntriesRepository.php(123): Illuminate\\Database\\Query\\Builder->count()
#19 /tmp/abdoElHodaky/larvrevrstender/services/auth-service/vendor/laravel/telescope/src/Storage/DatabaseEntriesRepository.php(165): Laravel\\Telescope\\Storage\\DatabaseEntriesRepository->countExceptionOccurences()
#20 [internal function]: Laravel\\Telescope\\Storage\\DatabaseEntriesRepository->Laravel\\Telescope\\Storage\\{closure}()
#21 /tmp/abdoElHodaky/larvrevrstender/services/auth-service/vendor/laravel/framework/src/Illuminate/Collections/Arr.php(840): array_map()
#22 /tmp/abdoElHodaky/larvrevrstender/services/auth-service/vendor/laravel/framework/src/Illuminate/Collections/Collection.php(829): Illuminate\\Support\\Arr::map()
#23 /tmp/abdoElHodaky/larvrevrstender/services/auth-service/vendor/laravel/telescope/src/Storage/DatabaseEntriesRepository.php(164): Illuminate\\Support\\Collection->map()
#24 /tmp/abdoElHodaky/larvrevrstender/services/auth-service/vendor/laravel/framework/src/Illuminate/Collections/Traits/EnumeratesValues.php(275): Laravel\\Telescope\\Storage\\DatabaseEntriesRepository->Laravel\\Telescope\\Storage\\{closure}()
#25 /tmp/abdoElHodaky/larvrevrstender/services/auth-service/vendor/laravel/telescope/src/Storage/DatabaseEntriesRepository.php(163): Illuminate\\Support\\Collection->each()
#26 /tmp/abdoElHodaky/larvrevrstender/services/auth-service/vendor/laravel/telescope/src/Storage/DatabaseEntriesRepository.php(140): Laravel\\Telescope\\Storage\\DatabaseEntriesRepository->storeExceptions()
#27 /tmp/abdoElHodaky/larvrevrstender/services/auth-service/vendor/laravel/telescope/src/Telescope.php(664): Laravel\\Telescope\\Storage\\DatabaseEntriesRepository->store()
#28 [internal function]: Laravel\\Telescope\\Telescope::Laravel\\Telescope\\{closure}()
#29 /tmp/abdoElHodaky/larvrevrstender/services/auth-service/vendor/laravel/telescope/src/Telescope.php(289): call_user_func()
#30 /tmp/abdoElHodaky/larvrevrstender/services/auth-service/vendor/laravel/telescope/src/Telescope.php(656): Laravel\\Telescope\\Telescope::withoutRecording()
#31 /tmp/abdoElHodaky/larvrevrstender/services/auth-service/vendor/laravel/telescope/src/ListensForStorageOpportunities.php(65): Laravel\\Telescope\\Telescope::store()
#32 /tmp/abdoElHodaky/larvrevrstender/services/auth-service/vendor/laravel/framework/src/Illuminate/Container/BoundMethod.php(36): Laravel\\Telescope\\Telescope::Laravel\\Telescope\\{closure}()
#33 /tmp/abdoElHodaky/larvrevrstender/services/auth-service/vendor/laravel/framework/src/Illuminate/Container/Util.php(43): Illuminate\\Container\\BoundMethod::Illuminate\\Container\\{closure}()
#34 /tmp/abdoElHodaky/larvrevrstender/services/auth-service/vendor/laravel/framework/src/Illuminate/Container/BoundMethod.php(84): Illuminate\\Container\\Util::unwrapIfClosure()
#35 /tmp/abdoElHodaky/larvrevrstender/services/auth-service/vendor/laravel/framework/src/Illuminate/Container/BoundMethod.php(35): Illuminate\\Container\\BoundMethod::callBoundMethod()
#36 /tmp/abdoElHodaky/larvrevrstender/services/auth-service/vendor/laravel/framework/src/Illuminate/Container/Container.php(799): Illuminate\\Container\\BoundMethod::call()
#37 /tmp/abdoElHodaky/larvrevrstender/services/auth-service/vendor/laravel/framework/src/Illuminate/Foundation/Application.php(1466): Illuminate\\Container\\Container->call()
#38 /tmp/abdoElHodaky/larvrevrstender/services/auth-service/vendor/laravel/framework/src/Illuminate/Foundation/Console/Kernel.php(219): Illuminate\\Foundation\\Application->terminate()
#39 /tmp/abdoElHodaky/larvrevrstender/services/auth-service/artisan(51): Illuminate\\Foundation\\Console\\Kernel->terminate()
#40 {main}
"} 
[2026-03-16 12:18:06] local.INFO: Procedure registered {"name":"events","class":"Shared\\Procedures\\CrossServiceProcedure","type":"micro"} 
[2026-03-16 12:18:06] local.INFO: Procedure registered {"name":"cache","class":"Shared\\Procedures\\CrossServiceProcedure","type":"micro"} 
[2026-03-16 12:18:06] local.INFO: Procedure registered {"name":"notification","class":"Shared\\Procedures\\CrossServiceProcedure","type":"micro"} 
[2026-03-16 12:18:06] local.INFO: Procedure registered {"name":"validation","class":"Shared\\Procedures\\CrossServiceProcedure","type":"micro"} 
[2026-03-16 12:18:06] local.INFO: Procedure registered {"name":"security","class":"Shared\\Procedures\\CrossServiceProcedure","type":"micro"} 
[2026-03-16 12:18:06] local.INFO: Procedure registered {"name":"circuit_breaker","class":"Shared\\Procedures\\CrossServiceProcedure","type":"micro"} 
[2026-03-16 12:18:06] local.INFO: Procedure registered {"name":"queue_circuit_breaker","class":"Shared\\Procedures\\CrossServiceProcedure","type":"micro"} 
[2026-03-16 12:18:06] local.INFO: Procedure registered {"name":"third_party_integration","class":"Shared\\Procedures\\CrossServiceProcedure","type":"micro"} 
[2026-03-16 12:18:06] local.INFO: Procedure registered {"name":"workflow","class":"Shared\\Procedures\\CrossServiceProcedure","type":"macro"} 
[2026-03-16 12:18:06] local.ERROR: could not find driver (Connection: pgsql, Host: 127.0.0.1, Port: 5432, Database: auth_service, SQL: insert into "telescope_entries" ("batch_id", "content", "created_at", "family_hash", "type", "uuid") values (a15011d5-3881-4c3b-b076-7e6462458670, {"level":"info","message":"Procedure registered","context":{"name":"events","class":"Shared\\Procedures\\CrossServiceProcedure","type":"micro"},"hostname":"modal"}, 2026-03-16 12:18:06, ?, log, a15011d4-db6d-4b13-b522-7a459656dd93), (a15011d5-3881-4c3b-b076-7e6462458670, {"level":"info","message":"Procedure registered","context":{"name":"cache","class":"Shared\\Procedures\\CrossServiceProcedure","type":"micro"},"hostname":"modal"}, 2026-03-16 12:18:06, ?, log, a15011d4-dd1c-4d9d-8f7d-5afa7c82fa16), (a15011d5-3881-4c3b-b076-7e6462458670, {"level":"info","message":"Procedure registered","context":{"name":"notification","class":"Shared\\Procedures\\CrossServiceProcedure","type":"micro"},"hostname":"modal"}, 2026-03-16 12:18:06, ?, log, a15011d4-dd3c-4a7d-8e39-20b93c73726c), (a15011d5-3881-4c3b-b076-7e6462458670, {"level":"info","message":"Procedure registered","context":{"name":"validation","class":"Shared\\Procedures\\CrossServiceProcedure","type":"micro"},"hostname":"modal"}, 2026-03-16 12:18:06, ?, log, a15011d4-dd5d-4198-8139-4f68a0a8447f), (a15011d5-3881-4c3b-b076-7e6462458670, {"level":"info","message":"Procedure registered","context":{"name":"security","class":"Shared\\Procedures\\CrossServiceProcedure","type":"micro"},"hostname":"modal"}, 2026-03-16 12:18:06, ?, log, a15011d4-dd7b-4ab2-accb-0181d4d99c31), (a15011d5-3881-4c3b-b076-7e6462458670, {"level":"info","message":"Procedure registered","context":{"name":"circuit_breaker","class":"Shared\\Procedures\\CrossServiceProcedure","type":"micro"},"hostname":"modal"}, 2026-03-16 12:18:06, ?, log, a15011d4-dd99-4cc1-9253-54ea3c01133a), (a15011d5-3881-4c3b-b076-7e6462458670, {"level":"info","message":"Procedure registered","context":{"name":"queue_circuit_breaker","class":"Shared\\Procedures\\CrossServiceProcedure","type":"micro"},"hostname":"modal"}, 2026-03-16 12:18:06, ?, log, a15011d4-ddb9-48e8-8530-571321291176), (a15011d5-3881-4c3b-b076-7e6462458670, {"level":"info","message":"Procedure registered","context":{"name":"third_party_integration","class":"Shared\\Procedures\\CrossServiceProcedure","type":"micro"},"hostname":"modal"}, 2026-03-16 12:18:06, ?, log, a15011d4-ddd6-445c-894e-38ed9a98eab1), (a15011d5-3881-4c3b-b076-7e6462458670, {"level":"info","message":"Procedure registered","context":{"name":"workflow","class":"Shared\\Procedures\\CrossServiceProcedure","type":"macro"},"hostname":"modal"}, 2026-03-16 12:18:06, ?, log, a15011d4-ddf3-488e-aae9-bb41bd27378d), (a15011d5-3881-4c3b-b076-7e6462458670, {"command":"route:list","exit_code":0,"arguments":{"command":"route:list"},"options":{"json":false,"method":null,"action":null,"name":null,"domain":null,"middleware":null,"path":null,"except-path":null,"reverse":false,"sort":"uri","except-vendor":false,"only-vendor":false,"help":false,"silent":false,"quiet":false,"verbose":false,"version":false,"ansi":null,"no-interaction":false,"env":null},"hostname":"modal"}, 2026-03-16 12:18:06, ?, command, a15011d5-382c-42f0-a757-9a7de70f52f6)) {"exception":"[object] (Illuminate\\Database\\QueryException(code: 0): could not find driver (Connection: pgsql, Host: 127.0.0.1, Port: 5432, Database: auth_service, SQL: insert into \"telescope_entries\" (\"batch_id\", \"content\", \"created_at\", \"family_hash\", \"type\", \"uuid\") values (a15011d5-3881-4c3b-b076-7e6462458670, {\"level\":\"info\",\"message\":\"Procedure registered\",\"context\":{\"name\":\"events\",\"class\":\"Shared\\\\Procedures\\\\CrossServiceProcedure\",\"type\":\"micro\"},\"hostname\":\"modal\"}, 2026-03-16 12:18:06, ?, log, a15011d4-db6d-4b13-b522-7a459656dd93), (a15011d5-3881-4c3b-b076-7e6462458670, {\"level\":\"info\",\"message\":\"Procedure registered\",\"context\":{\"name\":\"cache\",\"class\":\"Shared\\\\Procedures\\\\CrossServiceProcedure\",\"type\":\"micro\"},\"hostname\":\"modal\"}, 2026-03-16 12:18:06, ?, log, a15011d4-dd1c-4d9d-8f7d-5afa7c82fa16), (a15011d5-3881-4c3b-b076-7e6462458670, {\"level\":\"info\",\"message\":\"Procedure registered\",\"context\":{\"name\":\"notification\",\"class\":\"Shared\\\\Procedures\\\\CrossServiceProcedure\",\"type\":\"micro\"},\"hostname\":\"modal\"}, 2026-03-16 12:18:06, ?, log, a15011d4-dd3c-4a7d-8e39-20b93c73726c), (a15011d5-3881-4c3b-b076-7e6462458670, {\"level\":\"info\",\"message\":\"Procedure registered\",\"context\":{\"name\":\"validation\",\"class\":\"Shared\\\\Procedures\\\\CrossServiceProcedure\",\"type\":\"micro\"},\"hostname\":\"modal\"}, 2026-03-16 12:18:06, ?, log, a15011d4-dd5d-4198-8139-4f68a0a8447f), (a15011d5-3881-4c3b-b076-7e6462458670, {\"level\":\"info\",\"message\":\"Procedure registered\",\"context\":{\"name\":\"security\",\"class\":\"Shared\\\\Procedures\\\\CrossServiceProcedure\",\"type\":\"micro\"},\"hostname\":\"modal\"}, 2026-03-16 12:18:06, ?, log, a15011d4-dd7b-4ab2-accb-0181d4d99c31), (a15011d5-3881-4c3b-b076-7e6462458670, {\"level\":\"info\",\"message\":\"Procedure registered\",\"context\":{\"name\":\"circuit_breaker\",\"class\":\"Shared\\\\Procedures\\\\CrossServiceProcedure\",\"type\":\"micro\"},\"hostname\":\"modal\"}, 2026-03-16 12:18:06, ?, log, a15011d4-dd99-4cc1-9253-54ea3c01133a), (a15011d5-3881-4c3b-b076-7e6462458670, {\"level\":\"info\",\"message\":\"Procedure registered\",\"context\":{\"name\":\"queue_circuit_breaker\",\"class\":\"Shared\\\\Procedures\\\\CrossServiceProcedure\",\"type\":\"micro\"},\"hostname\":\"modal\"}, 2026-03-16 12:18:06, ?, log, a15011d4-ddb9-48e8-8530-571321291176), (a15011d5-3881-4c3b-b076-7e6462458670, {\"level\":\"info\",\"message\":\"Procedure registered\",\"context\":{\"name\":\"third_party_integration\",\"class\":\"Shared\\\\Procedures\\\\CrossServiceProcedure\",\"type\":\"micro\"},\"hostname\":\"modal\"}, 2026-03-16 12:18:06, ?, log, a15011d4-ddd6-445c-894e-38ed9a98eab1), (a15011d5-3881-4c3b-b076-7e6462458670, {\"level\":\"info\",\"message\":\"Procedure registered\",\"context\":{\"name\":\"workflow\",\"class\":\"Shared\\\\Procedures\\\\CrossServiceProcedure\",\"type\":\"macro\"},\"hostname\":\"modal\"}, 2026-03-16 12:18:06, ?, log, a15011d4-ddf3-488e-aae9-bb41bd27378d), (a15011d5-3881-4c3b-b076-7e6462458670, {\"command\":\"route:list\",\"exit_code\":0,\"arguments\":{\"command\":\"route:list\"},\"options\":{\"json\":false,\"method\":null,\"action\":null,\"name\":null,\"domain\":null,\"middleware\":null,\"path\":null,\"except-path\":null,\"reverse\":false,\"sort\":\"uri\",\"except-vendor\":false,\"only-vendor\":false,\"help\":false,\"silent\":false,\"quiet\":false,\"verbose\":false,\"version\":false,\"ansi\":null,\"no-interaction\":false,\"env\":null},\"hostname\":\"modal\"}, 2026-03-16 12:18:06, ?, command, a15011d5-382c-42f0-a757-9a7de70f52f6)) at /tmp/abdoElHodaky/larvrevrstender/services/auth-service/vendor/laravel/framework/src/Illuminate/Database/Connection.php:838)
[stacktrace]
#0 /tmp/abdoElHodaky/larvrevrstender/services/auth-service/vendor/laravel/framework/src/Illuminate/Database/Connection.php(794): Illuminate\\Database\\Connection->runQueryCallback()
#1 /tmp/abdoElHodaky/larvrevrstender/services/auth-service/vendor/laravel/framework/src/Illuminate/Database/Connection.php(573): Illuminate\\Database\\Connection->run()
#2 /tmp/abdoElHodaky/larvrevrstender/services/auth-service/vendor/laravel/framework/src/Illuminate/Database/Connection.php(537): Illuminate\\Database\\Connection->statement()
#3 /tmp/abdoElHodaky/larvrevrstender/services/auth-service/vendor/laravel/framework/src/Illuminate/Database/Query/Builder.php(4091): Illuminate\\Database\\Connection->insert()
#4 /tmp/abdoElHodaky/larvrevrstender/services/auth-service/vendor/laravel/telescope/src/Storage/DatabaseEntriesRepository.php(145): Illuminate\\Database\\Query\\Builder->insert()
#5 /tmp/abdoElHodaky/larvrevrstender/services/auth-service/vendor/laravel/framework/src/Illuminate/Collections/Traits/EnumeratesValues.php(275): Laravel\\Telescope\\Storage\\DatabaseEntriesRepository->Laravel\\Telescope\\Storage\\{closure}()
#6 /tmp/abdoElHodaky/larvrevrstender/services/auth-service/vendor/laravel/telescope/src/Storage/DatabaseEntriesRepository.php(144): Illuminate\\Support\\Collection->each()
#7 /tmp/abdoElHodaky/larvrevrstender/services/auth-service/vendor/laravel/telescope/src/Telescope.php(664): Laravel\\Telescope\\Storage\\DatabaseEntriesRepository->store()
#8 [internal function]: Laravel\\Telescope\\Telescope::Laravel\\Telescope\\{closure}()
#9 /tmp/abdoElHodaky/larvrevrstender/services/auth-service/vendor/laravel/telescope/src/Telescope.php(289): call_user_func()
#10 /tmp/abdoElHodaky/larvrevrstender/services/auth-service/vendor/laravel/telescope/src/Telescope.php(656): Laravel\\Telescope\\Telescope::withoutRecording()
#11 /tmp/abdoElHodaky/larvrevrstender/services/auth-service/vendor/laravel/telescope/src/ListensForStorageOpportunities.php(65): Laravel\\Telescope\\Telescope::store()
#12 /tmp/abdoElHodaky/larvrevrstender/services/auth-service/vendor/laravel/framework/src/Illuminate/Container/BoundMethod.php(36): Laravel\\Telescope\\Telescope::Laravel\\Telescope\\{closure}()
#13 /tmp/abdoElHodaky/larvrevrstender/services/auth-service/vendor/laravel/framework/src/Illuminate/Container/Util.php(43): Illuminate\\Container\\BoundMethod::Illuminate\\Container\\{closure}()
#14 /tmp/abdoElHodaky/larvrevrstender/services/auth-service/vendor/laravel/framework/src/Illuminate/Container/BoundMethod.php(84): Illuminate\\Container\\Util::unwrapIfClosure()
#15 /tmp/abdoElHodaky/larvrevrstender/services/auth-service/vendor/laravel/framework/src/Illuminate/Container/BoundMethod.php(35): Illuminate\\Container\\BoundMethod::callBoundMethod()
#16 /tmp/abdoElHodaky/larvrevrstender/services/auth-service/vendor/laravel/framework/src/Illuminate/Container/Container.php(799): Illuminate\\Container\\BoundMethod::call()
#17 /tmp/abdoElHodaky/larvrevrstender/services/auth-service/vendor/laravel/framework/src/Illuminate/Foundation/Application.php(1466): Illuminate\\Container\\Container->call()
#18 /tmp/abdoElHodaky/larvrevrstender/services/auth-service/vendor/laravel/framework/src/Illuminate/Foundation/Console/Kernel.php(219): Illuminate\\Foundation\\Application->terminate()
#19 /tmp/abdoElHodaky/larvrevrstender/services/auth-service/artisan(51): Illuminate\\Foundation\\Console\\Kernel->terminate()
#20 {main}

[previous exception] [object] (PDOException(code: 0): could not find driver at /tmp/abdoElHodaky/larvrevrstender/services/auth-service/vendor/laravel/framework/src/Illuminate/Database/Connectors/Connector.php:66)
[stacktrace]
#0 /tmp/abdoElHodaky/larvrevrstender/services/auth-service/vendor/laravel/framework/src/Illuminate/Database/Connectors/Connector.php(66): PDO->__construct()
#1 /tmp/abdoElHodaky/larvrevrstender/services/auth-service/vendor/laravel/framework/src/Illuminate/Database/Connectors/Connector.php(44): Illuminate\\Database\\Connectors\\Connector->createPdoConnection()
#2 /tmp/abdoElHodaky/larvrevrstender/services/auth-service/vendor/laravel/framework/src/Illuminate/Database/Connectors/PostgresConnector.php(35): Illuminate\\Database\\Connectors\\Connector->createConnection()
#3 /tmp/abdoElHodaky/larvrevrstender/services/auth-service/vendor/laravel/framework/src/Illuminate/Database/Connectors/ConnectionFactory.php(186): Illuminate\\Database\\Connectors\\PostgresConnector->connect()
#4 [internal function]: Illuminate\\Database\\Connectors\\ConnectionFactory->Illuminate\\Database\\Connectors\\{closure}()
#5 /tmp/abdoElHodaky/larvrevrstender/services/auth-service/vendor/laravel/framework/src/Illuminate/Database/Connection.php(1257): call_user_func()
#6 /tmp/abdoElHodaky/larvrevrstender/services/auth-service/vendor/laravel/framework/src/Illuminate/Database/Connection.php(578): Illuminate\\Database\\Connection->getPdo()
#7 /tmp/abdoElHodaky/larvrevrstender/services/auth-service/vendor/laravel/framework/src/Illuminate/Database/Connection.php(827): Illuminate\\Database\\Connection->Illuminate\\Database\\{closure}()
#8 /tmp/abdoElHodaky/larvrevrstender/services/auth-service/vendor/laravel/framework/src/Illuminate/Database/Connection.php(794): Illuminate\\Database\\Connection->runQueryCallback()
#9 /tmp/abdoElHodaky/larvrevrstender/services/auth-service/vendor/laravel/framework/src/Illuminate/Database/Connection.php(573): Illuminate\\Database\\Connection->run()
#10 /tmp/abdoElHodaky/larvrevrstender/services/auth-service/vendor/laravel/framework/src/Illuminate/Database/Connection.php(537): Illuminate\\Database\\Connection->statement()
#11 /tmp/abdoElHodaky/larvrevrstender/services/auth-service/vendor/laravel/framework/src/Illuminate/Database/Query/Builder.php(4091): Illuminate\\Database\\Connection->insert()
#12 /tmp/abdoElHodaky/larvrevrstender/services/auth-service/vendor/laravel/telescope/src/Storage/DatabaseEntriesRepository.php(145): Illuminate\\Database\\Query\\Builder->insert()
#13 /tmp/abdoElHodaky/larvrevrstender/services/auth-service/vendor/laravel/framework/src/Illuminate/Collections/Traits/EnumeratesValues.php(275): Laravel\\Telescope\\Storage\\DatabaseEntriesRepository->Laravel\\Telescope\\Storage\\{closure}()
#14 /tmp/abdoElHodaky/larvrevrstender/services/auth-service/vendor/laravel/telescope/src/Storage/DatabaseEntriesRepository.php(144): Illuminate\\Support\\Collection->each()
#15 /tmp/abdoElHodaky/larvrevrstender/services/auth-service/vendor/laravel/telescope/src/Telescope.php(664): Laravel\\Telescope\\Storage\\DatabaseEntriesRepository->store()
#16 [internal function]: Laravel\\Telescope\\Telescope::Laravel\\Telescope\\{closure}()
#17 /tmp/abdoElHodaky/larvrevrstender/services/auth-service/vendor/laravel/telescope/src/Telescope.php(289): call_user_func()
#18 /tmp/abdoElHodaky/larvrevrstender/services/auth-service/vendor/laravel/telescope/src/Telescope.php(656): Laravel\\Telescope\\Telescope::withoutRecording()
#19 /tmp/abdoElHodaky/larvrevrstender/services/auth-service/vendor/laravel/telescope/src/ListensForStorageOpportunities.php(65): Laravel\\Telescope\\Telescope::store()
#20 /tmp/abdoElHodaky/larvrevrstender/services/auth-service/vendor/laravel/framework/src/Illuminate/Container/BoundMethod.php(36): Laravel\\Telescope\\Telescope::Laravel\\Telescope\\{closure}()
#21 /tmp/abdoElHodaky/larvrevrstender/services/auth-service/vendor/laravel/framework/src/Illuminate/Container/Util.php(43): Illuminate\\Container\\BoundMethod::Illuminate\\Container\\{closure}()
#22 /tmp/abdoElHodaky/larvrevrstender/services/auth-service/vendor/laravel/framework/src/Illuminate/Container/BoundMethod.php(84): Illuminate\\Container\\Util::unwrapIfClosure()
#23 /tmp/abdoElHodaky/larvrevrstender/services/auth-service/vendor/laravel/framework/src/Illuminate/Container/BoundMethod.php(35): Illuminate\\Container\\BoundMethod::callBoundMethod()
#24 /tmp/abdoElHodaky/larvrevrstender/services/auth-service/vendor/laravel/framework/src/Illuminate/Container/Container.php(799): Illuminate\\Container\\BoundMethod::call()
#25 /tmp/abdoElHodaky/larvrevrstender/services/auth-service/vendor/laravel/framework/src/Illuminate/Foundation/Application.php(1466): Illuminate\\Container\\Container->call()
#26 /tmp/abdoElHodaky/larvrevrstender/services/auth-service/vendor/laravel/framework/src/Illuminate/Foundation/Console/Kernel.php(219): Illuminate\\Foundation\\Application->terminate()
#27 /tmp/abdoElHodaky/larvrevrstender/services/auth-service/artisan(51): Illuminate\\Foundation\\Console\\Kernel->terminate()
#28 {main}
"} 
[2026-03-16 12:58:22] local.INFO: Procedure registered {"name":"events","class":"Shared\\Procedures\\CrossServiceProcedure","type":"micro"} 
[2026-03-16 12:58:22] local.INFO: Procedure registered {"name":"cache","class":"Shared\\Procedures\\CrossServiceProcedure","type":"micro"} 
[2026-03-16 12:58:22] local.INFO: Procedure registered {"name":"notification","class":"Shared\\Procedures\\CrossServiceProcedure","type":"micro"} 
[2026-03-16 12:58:22] local.INFO: Procedure registered {"name":"validation","class":"Shared\\Procedures\\CrossServiceProcedure","type":"micro"} 
[2026-03-16 12:58:22] local.INFO: Procedure registered {"name":"security","class":"Shared\\Procedures\\CrossServiceProcedure","type":"micro"} 
[2026-03-16 12:58:22] local.INFO: Procedure registered {"name":"circuit_breaker","class":"Shared\\Procedures\\CrossServiceProcedure","type":"micro"} 
[2026-03-16 12:58:22] local.INFO: Procedure registered {"name":"queue_circuit_breaker","class":"Shared\\Procedures\\CrossServiceProcedure","type":"micro"} 
[2026-03-16 12:58:22] local.INFO: Procedure registered {"name":"third_party_integration","class":"Shared\\Procedures\\CrossServiceProcedure","type":"micro"} 
[2026-03-16 12:58:22] local.INFO: Procedure registered {"name":"workflow","class":"Shared\\Procedures\\CrossServiceProcedure","type":"macro"} 
[2026-03-16 12:58:22] local.ERROR: The "--compact" option does not exist. {"exception":"[object] (Symfony\\Component\\Console\\Exception\\RuntimeException(code: 0): The \"--compact\" option does not exist. at /tmp/abdoElHodaky/larvrevrstender/services/auth-service/vendor/symfony/console/Input/ArgvInput.php:226)
[stacktrace]
#0 /tmp/abdoElHodaky/larvrevrstender/services/auth-service/vendor/symfony/console/Input/ArgvInput.php(155): Symfony\\Component\\Console\\Input\\ArgvInput->addLongOption()
#1 /tmp/abdoElHodaky/larvrevrstender/services/auth-service/vendor/symfony/console/Input/ArgvInput.php(88): Symfony\\Component\\Console\\Input\\ArgvInput->parseLongOption()
#2 /tmp/abdoElHodaky/larvrevrstender/services/auth-service/vendor/symfony/console/Input/ArgvInput.php(77): Symfony\\Component\\Console\\Input\\ArgvInput->parseToken()
#3 /tmp/abdoElHodaky/larvrevrstender/services/auth-service/vendor/symfony/console/Input/Input.php(53): Symfony\\Component\\Console\\Input\\ArgvInput->parse()
#4 /tmp/abdoElHodaky/larvrevrstender/services/auth-service/vendor/symfony/console/Command/Command.php(295): Symfony\\Component\\Console\\Input\\Input->bind()
#5 /tmp/abdoElHodaky/larvrevrstender/services/auth-service/vendor/laravel/framework/src/Illuminate/Console/Command.php(180): Symfony\\Component\\Console\\Command\\Command->run()
#6 /tmp/abdoElHodaky/larvrevrstender/services/auth-service/vendor/symfony/console/Application.php(1117): Illuminate\\Console\\Command->run()
#7 /tmp/abdoElHodaky/larvrevrstender/services/auth-service/vendor/symfony/console/Application.php(356): Symfony\\Component\\Console\\Application->doRunCommand()
#8 /tmp/abdoElHodaky/larvrevrstender/services/auth-service/vendor/symfony/console/Application.php(195): Symfony\\Component\\Console\\Application->doRun()
#9 /tmp/abdoElHodaky/larvrevrstender/services/auth-service/vendor/laravel/framework/src/Illuminate/Foundation/Console/Kernel.php(198): Symfony\\Component\\Console\\Application->run()
#10 /tmp/abdoElHodaky/larvrevrstender/services/auth-service/artisan(35): Illuminate\\Foundation\\Console\\Kernel->handle()
#11 {main}
"} 
[2026-03-16 12:58:22] local.ERROR: could not find driver (Connection: pgsql, Host: 127.0.0.1, Port: 5432, Database: auth_service, SQL: select count(*) as aggregate from "telescope_entries" where "type" = exception and "family_hash" = 0339c38e589444d0083adfab7820c490) {"exception":"[object] (Illuminate\\Database\\QueryException(code: 0): could not find driver (Connection: pgsql, Host: 127.0.0.1, Port: 5432, Database: auth_service, SQL: select count(*) as aggregate from \"telescope_entries\" where \"type\" = exception and \"family_hash\" = 0339c38e589444d0083adfab7820c490) at /tmp/abdoElHodaky/larvrevrstender/services/auth-service/vendor/laravel/framework/src/Illuminate/Database/Connection.php:838)
[stacktrace]
#0 /tmp/abdoElHodaky/larvrevrstender/services/auth-service/vendor/laravel/framework/src/Illuminate/Database/Connection.php(794): Illuminate\\Database\\Connection->runQueryCallback()
#1 /tmp/abdoElHodaky/larvrevrstender/services/auth-service/vendor/laravel/framework/src/Illuminate/Database/Connection.php(411): Illuminate\\Database\\Connection->run()
#2 /tmp/abdoElHodaky/larvrevrstender/services/auth-service/vendor/laravel/framework/src/Illuminate/Database/Query/Builder.php(3475): Illuminate\\Database\\Connection->select()
#3 /tmp/abdoElHodaky/larvrevrstender/services/auth-service/vendor/laravel/framework/src/Illuminate/Database/Query/Builder.php(3460): Illuminate\\Database\\Query\\Builder->runSelect()
#4 /tmp/abdoElHodaky/larvrevrstender/services/auth-service/vendor/laravel/framework/src/Illuminate/Database/Query/Builder.php(4050): Illuminate\\Database\\Query\\Builder->Illuminate\\Database\\Query\\{closure}()
#5 /tmp/abdoElHodaky/larvrevrstender/services/auth-service/vendor/laravel/framework/src/Illuminate/Database/Query/Builder.php(3459): Illuminate\\Database\\Query\\Builder->onceWithColumns()
#6 /tmp/abdoElHodaky/larvrevrstender/services/auth-service/vendor/laravel/framework/src/Illuminate/Database/Query/Builder.php(3974): Illuminate\\Database\\Query\\Builder->get()
#7 /tmp/abdoElHodaky/larvrevrstender/services/auth-service/vendor/laravel/framework/src/Illuminate/Database/Query/Builder.php(3902): Illuminate\\Database\\Query\\Builder->aggregate()
#8 /tmp/abdoElHodaky/larvrevrstender/services/auth-service/vendor/laravel/telescope/src/Storage/DatabaseEntriesRepository.php(123): Illuminate\\Database\\Query\\Builder->count()
#9 /tmp/abdoElHodaky/larvrevrstender/services/auth-service/vendor/laravel/telescope/src/Storage/DatabaseEntriesRepository.php(165): Laravel\\Telescope\\Storage\\DatabaseEntriesRepository->countExceptionOccurences()
#10 [internal function]: Laravel\\Telescope\\Storage\\DatabaseEntriesRepository->Laravel\\Telescope\\Storage\\{closure}()
#11 /tmp/abdoElHodaky/larvrevrstender/services/auth-service/vendor/laravel/framework/src/Illuminate/Collections/Arr.php(840): array_map()
#12 /tmp/abdoElHodaky/larvrevrstender/services/auth-service/vendor/laravel/framework/src/Illuminate/Collections/Collection.php(829): Illuminate\\Support\\Arr::map()
#13 /tmp/abdoElHodaky/larvrevrstender/services/auth-service/vendor/laravel/telescope/src/Storage/DatabaseEntriesRepository.php(164): Illuminate\\Support\\Collection->map()
#14 /tmp/abdoElHodaky/larvrevrstender/services/auth-service/vendor/laravel/framework/src/Illuminate/Collections/Traits/EnumeratesValues.php(275): Laravel\\Telescope\\Storage\\DatabaseEntriesRepository->Laravel\\Telescope\\Storage\\{closure}()
#15 /tmp/abdoElHodaky/larvrevrstender/services/auth-service/vendor/laravel/telescope/src/Storage/DatabaseEntriesRepository.php(163): Illuminate\\Support\\Collection->each()
#16 /tmp/abdoElHodaky/larvrevrstender/services/auth-service/vendor/laravel/telescope/src/Storage/DatabaseEntriesRepository.php(140): Laravel\\Telescope\\Storage\\DatabaseEntriesRepository->storeExceptions()
#17 /tmp/abdoElHodaky/larvrevrstender/services/auth-service/vendor/laravel/telescope/src/Telescope.php(664): Laravel\\Telescope\\Storage\\DatabaseEntriesRepository->store()
#18 [internal function]: Laravel\\Telescope\\Telescope::Laravel\\Telescope\\{closure}()
#19 /tmp/abdoElHodaky/larvrevrstender/services/auth-service/vendor/laravel/telescope/src/Telescope.php(289): call_user_func()
#20 /tmp/abdoElHodaky/larvrevrstender/services/auth-service/vendor/laravel/telescope/src/Telescope.php(656): Laravel\\Telescope\\Telescope::withoutRecording()
#21 /tmp/abdoElHodaky/larvrevrstender/services/auth-service/vendor/laravel/telescope/src/ListensForStorageOpportunities.php(65): Laravel\\Telescope\\Telescope::store()
#22 /tmp/abdoElHodaky/larvrevrstender/services/auth-service/vendor/laravel/framework/src/Illuminate/Container/BoundMethod.php(36): Laravel\\Telescope\\Telescope::Laravel\\Telescope\\{closure}()
#23 /tmp/abdoElHodaky/larvrevrstender/services/auth-service/vendor/laravel/framework/src/Illuminate/Container/Util.php(43): Illuminate\\Container\\BoundMethod::Illuminate\\Container\\{closure}()
#24 /tmp/abdoElHodaky/larvrevrstender/services/auth-service/vendor/laravel/framework/src/Illuminate/Container/BoundMethod.php(84): Illuminate\\Container\\Util::unwrapIfClosure()
#25 /tmp/abdoElHodaky/larvrevrstender/services/auth-service/vendor/laravel/framework/src/Illuminate/Container/BoundMethod.php(35): Illuminate\\Container\\BoundMethod::callBoundMethod()
#26 /tmp/abdoElHodaky/larvrevrstender/services/auth-service/vendor/laravel/framework/src/Illuminate/Container/Container.php(799): Illuminate\\Container\\BoundMethod::call()
#27 /tmp/abdoElHodaky/larvrevrstender/services/auth-service/vendor/laravel/framework/src/Illuminate/Foundation/Application.php(1466): Illuminate\\Container\\Container->call()
#28 /tmp/abdoElHodaky/larvrevrstender/services/auth-service/vendor/laravel/framework/src/Illuminate/Foundation/Console/Kernel.php(219): Illuminate\\Foundation\\Application->terminate()
#29 /tmp/abdoElHodaky/larvrevrstender/services/auth-service/artisan(51): Illuminate\\Foundation\\Console\\Kernel->terminate()
#30 {main}

[previous exception] [object] (PDOException(code: 0): could not find driver at /tmp/abdoElHodaky/larvrevrstender/services/auth-service/vendor/laravel/framework/src/Illuminate/Database/Connectors/Connector.php:66)
[stacktrace]
#0 /tmp/abdoElHodaky/larvrevrstender/services/auth-service/vendor/laravel/framework/src/Illuminate/Database/Connectors/Connector.php(66): PDO->__construct()
#1 /tmp/abdoElHodaky/larvrevrstender/services/auth-service/vendor/laravel/framework/src/Illuminate/Database/Connectors/Connector.php(44): Illuminate\\Database\\Connectors\\Connector->createPdoConnection()
#2 /tmp/abdoElHodaky/larvrevrstender/services/auth-service/vendor/laravel/framework/src/Illuminate/Database/Connectors/PostgresConnector.php(35): Illuminate\\Database\\Connectors\\Connector->createConnection()
#3 /tmp/abdoElHodaky/larvrevrstender/services/auth-service/vendor/laravel/framework/src/Illuminate/Database/Connectors/ConnectionFactory.php(186): Illuminate\\Database\\Connectors\\PostgresConnector->connect()
#4 [internal function]: Illuminate\\Database\\Connectors\\ConnectionFactory->Illuminate\\Database\\Connectors\\{closure}()
#5 /tmp/abdoElHodaky/larvrevrstender/services/auth-service/vendor/laravel/framework/src/Illuminate/Database/Connection.php(1257): call_user_func()
#6 /tmp/abdoElHodaky/larvrevrstender/services/auth-service/vendor/laravel/framework/src/Illuminate/Database/Connection.php(1295): Illuminate\\Database\\Connection->getPdo()
#7 /tmp/abdoElHodaky/larvrevrstender/services/auth-service/vendor/laravel/framework/src/Illuminate/Database/Connection.php(525): Illuminate\\Database\\Connection->getReadPdo()
#8 /tmp/abdoElHodaky/larvrevrstender/services/auth-service/vendor/laravel/framework/src/Illuminate/Database/Connection.php(420): Illuminate\\Database\\Connection->getPdoForSelect()
#9 /tmp/abdoElHodaky/larvrevrstender/services/auth-service/vendor/laravel/framework/src/Illuminate/Database/Connection.php(827): Illuminate\\Database\\Connection->Illuminate\\Database\\{closure}()
#10 /tmp/abdoElHodaky/larvrevrstender/services/auth-service/vendor/laravel/framework/src/Illuminate/Database/Connection.php(794): Illuminate\\Database\\Connection->runQueryCallback()
#11 /tmp/abdoElHodaky/larvrevrstender/services/auth-service/vendor/laravel/framework/src/Illuminate/Database/Connection.php(411): Illuminate\\Database\\Connection->run()
#12 /tmp/abdoElHodaky/larvrevrstender/services/auth-service/vendor/laravel/framework/src/Illuminate/Database/Query/Builder.php(3475): Illuminate\\Database\\Connection->select()
#13 /tmp/abdoElHodaky/larvrevrstender/services/auth-service/vendor/laravel/framework/src/Illuminate/Database/Query/Builder.php(3460): Illuminate\\Database\\Query\\Builder->runSelect()
#14 /tmp/abdoElHodaky/larvrevrstender/services/auth-service/vendor/laravel/framework/src/Illuminate/Database/Query/Builder.php(4050): Illuminate\\Database\\Query\\Builder->Illuminate\\Database\\Query\\{closure}()
#15 /tmp/abdoElHodaky/larvrevrstender/services/auth-service/vendor/laravel/framework/src/Illuminate/Database/Query/Builder.php(3459): Illuminate\\Database\\Query\\Builder->onceWithColumns()
#16 /tmp/abdoElHodaky/larvrevrstender/services/auth-service/vendor/laravel/framework/src/Illuminate/Database/Query/Builder.php(3974): Illuminate\\Database\\Query\\Builder->get()
#17 /tmp/abdoElHodaky/larvrevrstender/services/auth-service/vendor/laravel/framework/src/Illuminate/Database/Query/Builder.php(3902): Illuminate\\Database\\Query\\Builder->aggregate()
#18 /tmp/abdoElHodaky/larvrevrstender/services/auth-service/vendor/laravel/telescope/src/Storage/DatabaseEntriesRepository.php(123): Illuminate\\Database\\Query\\Builder->count()
#19 /tmp/abdoElHodaky/larvrevrstender/services/auth-service/vendor/laravel/telescope/src/Storage/DatabaseEntriesRepository.php(165): Laravel\\Telescope\\Storage\\DatabaseEntriesRepository->countExceptionOccurences()
#20 [internal function]: Laravel\\Telescope\\Storage\\DatabaseEntriesRepository->Laravel\\Telescope\\Storage\\{closure}()
#21 /tmp/abdoElHodaky/larvrevrstender/services/auth-service/vendor/laravel/framework/src/Illuminate/Collections/Arr.php(840): array_map()
#22 /tmp/abdoElHodaky/larvrevrstender/services/auth-service/vendor/laravel/framework/src/Illuminate/Collections/Collection.php(829): Illuminate\\Support\\Arr::map()
#23 /tmp/abdoElHodaky/larvrevrstender/services/auth-service/vendor/laravel/telescope/src/Storage/DatabaseEntriesRepository.php(164): Illuminate\\Support\\Collection->map()
#24 /tmp/abdoElHodaky/larvrevrstender/services/auth-service/vendor/laravel/framework/src/Illuminate/Collections/Traits/EnumeratesValues.php(275): Laravel\\Telescope\\Storage\\DatabaseEntriesRepository->Laravel\\Telescope\\Storage\\{closure}()
#25 /tmp/abdoElHodaky/larvrevrstender/services/auth-service/vendor/laravel/telescope/src/Storage/DatabaseEntriesRepository.php(163): Illuminate\\Support\\Collection->each()
#26 /tmp/abdoElHodaky/larvrevrstender/services/auth-service/vendor/laravel/telescope/src/Storage/DatabaseEntriesRepository.php(140): Laravel\\Telescope\\Storage\\DatabaseEntriesRepository->storeExceptions()
#27 /tmp/abdoElHodaky/larvrevrstender/services/auth-service/vendor/laravel/telescope/src/Telescope.php(664): Laravel\\Telescope\\Storage\\DatabaseEntriesRepository->store()
#28 [internal function]: Laravel\\Telescope\\Telescope::Laravel\\Telescope\\{closure}()
#29 /tmp/abdoElHodaky/larvrevrstender/services/auth-service/vendor/laravel/telescope/src/Telescope.php(289): call_user_func()
#30 /tmp/abdoElHodaky/larvrevrstender/services/auth-service/vendor/laravel/telescope/src/Telescope.php(656): Laravel\\Telescope\\Telescope::withoutRecording()
#31 /tmp/abdoElHodaky/larvrevrstender/services/auth-service/vendor/laravel/telescope/src/ListensForStorageOpportunities.php(65): Laravel\\Telescope\\Telescope::store()
#32 /tmp/abdoElHodaky/larvrevrstender/services/auth-service/vendor/laravel/framework/src/Illuminate/Container/BoundMethod.php(36): Laravel\\Telescope\\Telescope::Laravel\\Telescope\\{closure}()
#33 /tmp/abdoElHodaky/larvrevrstender/services/auth-service/vendor/laravel/framework/src/Illuminate/Container/Util.php(43): Illuminate\\Container\\BoundMethod::Illuminate\\Container\\{closure}()
#34 /tmp/abdoElHodaky/larvrevrstender/services/auth-service/vendor/laravel/framework/src/Illuminate/Container/BoundMethod.php(84): Illuminate\\Container\\Util::unwrapIfClosure()
#35 /tmp/abdoElHodaky/larvrevrstender/services/auth-service/vendor/laravel/framework/src/Illuminate/Container/BoundMethod.php(35): Illuminate\\Container\\BoundMethod::callBoundMethod()
#36 /tmp/abdoElHodaky/larvrevrstender/services/auth-service/vendor/laravel/framework/src/Illuminate/Container/Container.php(799): Illuminate\\Container\\BoundMethod::call()
#37 /tmp/abdoElHodaky/larvrevrstender/services/auth-service/vendor/laravel/framework/src/Illuminate/Foundation/Application.php(1466): Illuminate\\Container\\Container->call()
#38 /tmp/abdoElHodaky/larvrevrstender/services/auth-service/vendor/laravel/framework/src/Illuminate/Foundation/Console/Kernel.php(219): Illuminate\\Foundation\\Application->terminate()
#39 /tmp/abdoElHodaky/larvrevrstender/services/auth-service/artisan(51): Illuminate\\Foundation\\Console\\Kernel->terminate()
#40 {main}
"} 
[2026-03-16 12:58:29] local.INFO: Procedure registered {"name":"events","class":"Shared\\Procedures\\CrossServiceProcedure","type":"micro"} 
[2026-03-16 12:58:29] local.INFO: Procedure registered {"name":"cache","class":"Shared\\Procedures\\CrossServiceProcedure","type":"micro"} 
[2026-03-16 12:58:29] local.INFO: Procedure registered {"name":"notification","class":"Shared\\Procedures\\CrossServiceProcedure","type":"micro"} 
[2026-03-16 12:58:29] local.INFO: Procedure registered {"name":"validation","class":"Shared\\Procedures\\CrossServiceProcedure","type":"micro"} 
[2026-03-16 12:58:29] local.INFO: Procedure registered {"name":"security","class":"Shared\\Procedures\\CrossServiceProcedure","type":"micro"} 
[2026-03-16 12:58:29] local.INFO: Procedure registered {"name":"circuit_breaker","class":"Shared\\Procedures\\CrossServiceProcedure","type":"micro"} 
[2026-03-16 12:58:29] local.INFO: Procedure registered {"name":"queue_circuit_breaker","class":"Shared\\Procedures\\CrossServiceProcedure","type":"micro"} 
[2026-03-16 12:58:29] local.INFO: Procedure registered {"name":"third_party_integration","class":"Shared\\Procedures\\CrossServiceProcedure","type":"micro"} 
[2026-03-16 12:58:29] local.INFO: Procedure registered {"name":"workflow","class":"Shared\\Procedures\\CrossServiceProcedure","type":"macro"} 
[2026-03-16 12:58:29] local.ERROR: Target class [Shared\Health\HealthChecker] does not exist. {"exception":"[object] (Illuminate\\Contracts\\Container\\BindingResolutionException(code: 0): Target class [Shared\\Health\\HealthChecker] does not exist. at /tmp/abdoElHodaky/larvrevrstender/services/auth-service/vendor/laravel/framework/src/Illuminate/Container/Container.php:1124)
[stacktrace]
#0 /tmp/abdoElHodaky/larvrevrstender/services/auth-service/vendor/laravel/framework/src/Illuminate/Container/Container.php(933): Illuminate\\Container\\Container->build()
#1 /tmp/abdoElHodaky/larvrevrstender/services/auth-service/vendor/laravel/framework/src/Illuminate/Foundation/Application.php(1078): Illuminate\\Container\\Container->resolve()
#2 /tmp/abdoElHodaky/larvrevrstender/services/auth-service/vendor/laravel/framework/src/Illuminate/Container/Container.php(864): Illuminate\\Foundation\\Application->resolve()
#3 /tmp/abdoElHodaky/larvrevrstender/services/auth-service/vendor/laravel/framework/src/Illuminate/Foundation/Application.php(1058): Illuminate\\Container\\Container->make()
#4 /tmp/abdoElHodaky/larvrevrstender/services/auth-service/vendor/laravel/framework/src/Illuminate/Container/Container.php(1336): Illuminate\\Foundation\\Application->make()
#5 /tmp/abdoElHodaky/larvrevrstender/services/auth-service/vendor/laravel/framework/src/Illuminate/Container/Container.php(1237): Illuminate\\Container\\Container->resolveClass()
#6 /tmp/abdoElHodaky/larvrevrstender/services/auth-service/vendor/laravel/framework/src/Illuminate/Container/Container.php(1162): Illuminate\\Container\\Container->resolveDependencies()
#7 /tmp/abdoElHodaky/larvrevrstender/services/auth-service/vendor/laravel/framework/src/Illuminate/Container/Container.php(933): Illuminate\\Container\\Container->build()
#8 /tmp/abdoElHodaky/larvrevrstender/services/auth-service/vendor/laravel/framework/src/Illuminate/Foundation/Application.php(1078): Illuminate\\Container\\Container->resolve()
#9 /tmp/abdoElHodaky/larvrevrstender/services/auth-service/vendor/laravel/framework/src/Illuminate/Container/Container.php(864): Illuminate\\Foundation\\Application->resolve()
#10 /tmp/abdoElHodaky/larvrevrstender/services/auth-service/vendor/laravel/framework/src/Illuminate/Foundation/Application.php(1058): Illuminate\\Container\\Container->make()
#11 /tmp/abdoElHodaky/larvrevrstender/services/auth-service/vendor/laravel/framework/src/Illuminate/Routing/Route.php(286): Illuminate\\Foundation\\Application->make()
#12 /tmp/abdoElHodaky/larvrevrstender/services/auth-service/vendor/laravel/framework/src/Illuminate/Routing/Route.php(1133): Illuminate\\Routing\\Route->getController()
#13 /tmp/abdoElHodaky/larvrevrstender/services/auth-service/vendor/laravel/framework/src/Illuminate/Routing/Route.php(1062): Illuminate\\Routing\\Route->controllerMiddleware()
#14 /tmp/abdoElHodaky/larvrevrstender/services/auth-service/vendor/laravel/framework/src/Illuminate/Routing/Router.php(834): Illuminate\\Routing\\Route->gatherMiddleware()
#15 /tmp/abdoElHodaky/larvrevrstender/services/auth-service/vendor/laravel/framework/src/Illuminate/Foundation/Console/RouteListCommand.php(211): Illuminate\\Routing\\Router->gatherRouteMiddleware()
#16 /tmp/abdoElHodaky/larvrevrstender/services/auth-service/vendor/laravel/framework/src/Illuminate/Foundation/Console/RouteListCommand.php(148): Illuminate\\Foundation\\Console\\RouteListCommand->getMiddleware()
#17 /tmp/abdoElHodaky/larvrevrstender/services/auth-service/vendor/laravel/framework/src/Illuminate/Foundation/Console/RouteListCommand.php(117): Illuminate\\Foundation\\Console\\RouteListCommand->getRouteInformation()
#18 [internal function]: Illuminate\\Foundation\\Console\\RouteListCommand->Illuminate\\Foundation\\Console\\{closure}()
#19 /tmp/abdoElHodaky/larvrevrstender/services/auth-service/vendor/laravel/framework/src/Illuminate/Collections/Arr.php(840): array_map()
#20 /tmp/abdoElHodaky/larvrevrstender/services/auth-service/vendor/laravel/framework/src/Illuminate/Collections/Collection.php(829): Illuminate\\Support\\Arr::map()
#21 /tmp/abdoElHodaky/larvrevrstender/services/auth-service/vendor/laravel/framework/src/Illuminate/Foundation/Console/RouteListCommand.php(117): Illuminate\\Support\\Collection->map()
#22 /tmp/abdoElHodaky/larvrevrstender/services/auth-service/vendor/laravel/framework/src/Illuminate/Foundation/Console/RouteListCommand.php(102): Illuminate\\Foundation\\Console\\RouteListCommand->getRoutes()
#23 /tmp/abdoElHodaky/larvrevrstender/services/auth-service/vendor/laravel/framework/src/Illuminate/Container/BoundMethod.php(36): Illuminate\\Foundation\\Console\\RouteListCommand->handle()
#24 /tmp/abdoElHodaky/larvrevrstender/services/auth-service/vendor/laravel/framework/src/Illuminate/Container/Util.php(43): Illuminate\\Container\\BoundMethod::Illuminate\\Container\\{closure}()
#25 /tmp/abdoElHodaky/larvrevrstender/services/auth-service/vendor/laravel/framework/src/Illuminate/Container/BoundMethod.php(96): Illuminate\\Container\\Util::unwrapIfClosure()
#26 /tmp/abdoElHodaky/larvrevrstender/services/auth-service/vendor/laravel/framework/src/Illuminate/Container/BoundMethod.php(35): Illuminate\\Container\\BoundMethod::callBoundMethod()
#27 /tmp/abdoElHodaky/larvrevrstender/services/auth-service/vendor/laravel/framework/src/Illuminate/Container/Container.php(799): Illuminate\\Container\\BoundMethod::call()
#28 /tmp/abdoElHodaky/larvrevrstender/services/auth-service/vendor/laravel/framework/src/Illuminate/Console/Command.php(211): Illuminate\\Container\\Container->call()
#29 /tmp/abdoElHodaky/larvrevrstender/services/auth-service/vendor/symfony/console/Command/Command.php(341): Illuminate\\Console\\Command->execute()
#30 /tmp/abdoElHodaky/larvrevrstender/services/auth-service/vendor/laravel/framework/src/Illuminate/Console/Command.php(180): Symfony\\Component\\Console\\Command\\Command->run()
#31 /tmp/abdoElHodaky/larvrevrstender/services/auth-service/vendor/symfony/console/Application.php(1117): Illuminate\\Console\\Command->run()
#32 /tmp/abdoElHodaky/larvrevrstender/services/auth-service/vendor/symfony/console/Application.php(356): Symfony\\Component\\Console\\Application->doRunCommand()
#33 /tmp/abdoElHodaky/larvrevrstender/services/auth-service/vendor/symfony/console/Application.php(195): Symfony\\Component\\Console\\Application->doRun()
#34 /tmp/abdoElHodaky/larvrevrstender/services/auth-service/vendor/laravel/framework/src/Illuminate/Foundation/Console/Kernel.php(198): Symfony\\Component\\Console\\Application->run()
#35 /tmp/abdoElHodaky/larvrevrstender/services/auth-service/artisan(35): Illuminate\\Foundation\\Console\\Kernel->handle()
#36 {main}

[previous exception] [object] (ReflectionException(code: -1): Class \"Shared\\Health\\HealthChecker\" does not exist at /tmp/abdoElHodaky/larvrevrstender/services/auth-service/vendor/laravel/framework/src/Illuminate/Container/Container.php:1122)
[stacktrace]
#0 /tmp/abdoElHodaky/larvrevrstender/services/auth-service/vendor/laravel/framework/src/Illuminate/Container/Container.php(1122): ReflectionClass->__construct()
#1 /tmp/abdoElHodaky/larvrevrstender/services/auth-service/vendor/laravel/framework/src/Illuminate/Container/Container.php(933): Illuminate\\Container\\Container->build()
#2 /tmp/abdoElHodaky/larvrevrstender/services/auth-service/vendor/laravel/framework/src/Illuminate/Foundation/Application.php(1078): Illuminate\\Container\\Container->resolve()
#3 /tmp/abdoElHodaky/larvrevrstender/services/auth-service/vendor/laravel/framework/src/Illuminate/Container/Container.php(864): Illuminate\\Foundation\\Application->resolve()
#4 /tmp/abdoElHodaky/larvrevrstender/services/auth-service/vendor/laravel/framework/src/Illuminate/Foundation/Application.php(1058): Illuminate\\Container\\Container->make()
#5 /tmp/abdoElHodaky/larvrevrstender/services/auth-service/vendor/laravel/framework/src/Illuminate/Container/Container.php(1336): Illuminate\\Foundation\\Application->make()
#6 /tmp/abdoElHodaky/larvrevrstender/services/auth-service/vendor/laravel/framework/src/Illuminate/Container/Container.php(1237): Illuminate\\Container\\Container->resolveClass()
#7 /tmp/abdoElHodaky/larvrevrstender/services/auth-service/vendor/laravel/framework/src/Illuminate/Container/Container.php(1162): Illuminate\\Container\\Container->resolveDependencies()
#8 /tmp/abdoElHodaky/larvrevrstender/services/auth-service/vendor/laravel/framework/src/Illuminate/Container/Container.php(933): Illuminate\\Container\\Container->build()
#9 /tmp/abdoElHodaky/larvrevrstender/services/auth-service/vendor/laravel/framework/src/Illuminate/Foundation/Application.php(1078): Illuminate\\Container\\Container->resolve()
#10 /tmp/abdoElHodaky/larvrevrstender/services/auth-service/vendor/laravel/framework/src/Illuminate/Container/Container.php(864): Illuminate\\Foundation\\Application->resolve()
#11 /tmp/abdoElHodaky/larvrevrstender/services/auth-service/vendor/laravel/framework/src/Illuminate/Foundation/Application.php(1058): Illuminate\\Container\\Container->make()
#12 /tmp/abdoElHodaky/larvrevrstender/services/auth-service/vendor/laravel/framework/src/Illuminate/Routing/Route.php(286): Illuminate\\Foundation\\Application->make()
#13 /tmp/abdoElHodaky/larvrevrstender/services/auth-service/vendor/laravel/framework/src/Illuminate/Routing/Route.php(1133): Illuminate\\Routing\\Route->getController()
#14 /tmp/abdoElHodaky/larvrevrstender/services/auth-service/vendor/laravel/framework/src/Illuminate/Routing/Route.php(1062): Illuminate\\Routing\\Route->controllerMiddleware()
#15 /tmp/abdoElHodaky/larvrevrstender/services/auth-service/vendor/laravel/framework/src/Illuminate/Routing/Router.php(834): Illuminate\\Routing\\Route->gatherMiddleware()
#16 /tmp/abdoElHodaky/larvrevrstender/services/auth-service/vendor/laravel/framework/src/Illuminate/Foundation/Console/RouteListCommand.php(211): Illuminate\\Routing\\Router->gatherRouteMiddleware()
#17 /tmp/abdoElHodaky/larvrevrstender/services/auth-service/vendor/laravel/framework/src/Illuminate/Foundation/Console/RouteListCommand.php(148): Illuminate\\Foundation\\Console\\RouteListCommand->getMiddleware()
#18 /tmp/abdoElHodaky/larvrevrstender/services/auth-service/vendor/laravel/framework/src/Illuminate/Foundation/Console/RouteListCommand.php(117): Illuminate\\Foundation\\Console\\RouteListCommand->getRouteInformation()
#19 [internal function]: Illuminate\\Foundation\\Console\\RouteListCommand->Illuminate\\Foundation\\Console\\{closure}()
#20 /tmp/abdoElHodaky/larvrevrstender/services/auth-service/vendor/laravel/framework/src/Illuminate/Collections/Arr.php(840): array_map()
#21 /tmp/abdoElHodaky/larvrevrstender/services/auth-service/vendor/laravel/framework/src/Illuminate/Collections/Collection.php(829): Illuminate\\Support\\Arr::map()
#22 /tmp/abdoElHodaky/larvrevrstender/services/auth-service/vendor/laravel/framework/src/Illuminate/Foundation/Console/RouteListCommand.php(117): Illuminate\\Support\\Collection->map()
#23 /tmp/abdoElHodaky/larvrevrstender/services/auth-service/vendor/laravel/framework/src/Illuminate/Foundation/Console/RouteListCommand.php(102): Illuminate\\Foundation\\Console\\RouteListCommand->getRoutes()
#24 /tmp/abdoElHodaky/larvrevrstender/services/auth-service/vendor/laravel/framework/src/Illuminate/Container/BoundMethod.php(36): Illuminate\\Foundation\\Console\\RouteListCommand->handle()
#25 /tmp/abdoElHodaky/larvrevrstender/services/auth-service/vendor/laravel/framework/src/Illuminate/Container/Util.php(43): Illuminate\\Container\\BoundMethod::Illuminate\\Container\\{closure}()
#26 /tmp/abdoElHodaky/larvrevrstender/services/auth-service/vendor/laravel/framework/src/Illuminate/Container/BoundMethod.php(96): Illuminate\\Container\\Util::unwrapIfClosure()
#27 /tmp/abdoElHodaky/larvrevrstender/services/auth-service/vendor/laravel/framework/src/Illuminate/Container/BoundMethod.php(35): Illuminate\\Container\\BoundMethod::callBoundMethod()
#28 /tmp/abdoElHodaky/larvrevrstender/services/auth-service/vendor/laravel/framework/src/Illuminate/Container/Container.php(799): Illuminate\\Container\\BoundMethod::call()
#29 /tmp/abdoElHodaky/larvrevrstender/services/auth-service/vendor/laravel/framework/src/Illuminate/Console/Command.php(211): Illuminate\\Container\\Container->call()
#30 /tmp/abdoElHodaky/larvrevrstender/services/auth-service/vendor/symfony/console/Command/Command.php(341): Illuminate\\Console\\Command->execute()
#31 /tmp/abdoElHodaky/larvrevrstender/services/auth-service/vendor/laravel/framework/src/Illuminate/Console/Command.php(180): Symfony\\Component\\Console\\Command\\Command->run()
#32 /tmp/abdoElHodaky/larvrevrstender/services/auth-service/vendor/symfony/console/Application.php(1117): Illuminate\\Console\\Command->run()
#33 /tmp/abdoElHodaky/larvrevrstender/services/auth-service/vendor/symfony/console/Application.php(356): Symfony\\Component\\Console\\Application->doRunCommand()
#34 /tmp/abdoElHodaky/larvrevrstender/services/auth-service/vendor/symfony/console/Application.php(195): Symfony\\Component\\Console\\Application->doRun()
#35 /tmp/abdoElHodaky/larvrevrstender/services/auth-service/vendor/laravel/framework/src/Illuminate/Foundation/Console/Kernel.php(198): Symfony\\Component\\Console\\Application->run()
#36 /tmp/abdoElHodaky/larvrevrstender/services/auth-service/artisan(35): Illuminate\\Foundation\\Console\\Kernel->handle()
#37 {main}
"} 
[2026-03-16 12:58:29] local.ERROR: could not find driver (Connection: pgsql, Host: 127.0.0.1, Port: 5432, Database: auth_service, SQL: select count(*) as aggregate from "telescope_entries" where "type" = exception and "family_hash" = e10b32190e3eb0914ecc2e593125672d) {"exception":"[object] (Illuminate\\Database\\QueryException(code: 0): could not find driver (Connection: pgsql, Host: 127.0.0.1, Port: 5432, Database: auth_service, SQL: select count(*) as aggregate from \"telescope_entries\" where \"type\" = exception and \"family_hash\" = e10b32190e3eb0914ecc2e593125672d) at /tmp/abdoElHodaky/larvrevrstender/services/auth-service/vendor/laravel/framework/src/Illuminate/Database/Connection.php:838)
[stacktrace]
#0 /tmp/abdoElHodaky/larvrevrstender/services/auth-service/vendor/laravel/framework/src/Illuminate/Database/Connection.php(794): Illuminate\\Database\\Connection->runQueryCallback()
#1 /tmp/abdoElHodaky/larvrevrstender/services/auth-service/vendor/laravel/framework/src/Illuminate/Database/Connection.php(411): Illuminate\\Database\\Connection->run()
#2 /tmp/abdoElHodaky/larvrevrstender/services/auth-service/vendor/laravel/framework/src/Illuminate/Database/Query/Builder.php(3475): Illuminate\\Database\\Connection->select()
#3 /tmp/abdoElHodaky/larvrevrstender/services/auth-service/vendor/laravel/framework/src/Illuminate/Database/Query/Builder.php(3460): Illuminate\\Database\\Query\\Builder->runSelect()
#4 /tmp/abdoElHodaky/larvrevrstender/services/auth-service/vendor/laravel/framework/src/Illuminate/Database/Query/Builder.php(4050): Illuminate\\Database\\Query\\Builder->Illuminate\\Database\\Query\\{closure}()
#5 /tmp/abdoElHodaky/larvrevrstender/services/auth-service/vendor/laravel/framework/src/Illuminate/Database/Query/Builder.php(3459): Illuminate\\Database\\Query\\Builder->onceWithColumns()
#6 /tmp/abdoElHodaky/larvrevrstender/services/auth-service/vendor/laravel/framework/src/Illuminate/Database/Query/Builder.php(3974): Illuminate\\Database\\Query\\Builder->get()
#7 /tmp/abdoElHodaky/larvrevrstender/services/auth-service/vendor/laravel/framework/src/Illuminate/Database/Query/Builder.php(3902): Illuminate\\Database\\Query\\Builder->aggregate()
#8 /tmp/abdoElHodaky/larvrevrstender/services/auth-service/vendor/laravel/telescope/src/Storage/DatabaseEntriesRepository.php(123): Illuminate\\Database\\Query\\Builder->count()
#9 /tmp/abdoElHodaky/larvrevrstender/services/auth-service/vendor/laravel/telescope/src/Storage/DatabaseEntriesRepository.php(165): Laravel\\Telescope\\Storage\\DatabaseEntriesRepository->countExceptionOccurences()
#10 [internal function]: Laravel\\Telescope\\Storage\\DatabaseEntriesRepository->Laravel\\Telescope\\Storage\\{closure}()
#11 /tmp/abdoElHodaky/larvrevrstender/services/auth-service/vendor/laravel/framework/src/Illuminate/Collections/Arr.php(840): array_map()
#12 /tmp/abdoElHodaky/larvrevrstender/services/auth-service/vendor/laravel/framework/src/Illuminate/Collections/Collection.php(829): Illuminate\\Support\\Arr::map()
#13 /tmp/abdoElHodaky/larvrevrstender/services/auth-service/vendor/laravel/telescope/src/Storage/DatabaseEntriesRepository.php(164): Illuminate\\Support\\Collection->map()
#14 /tmp/abdoElHodaky/larvrevrstender/services/auth-service/vendor/laravel/framework/src/Illuminate/Collections/Traits/EnumeratesValues.php(275): Laravel\\Telescope\\Storage\\DatabaseEntriesRepository->Laravel\\Telescope\\Storage\\{closure}()
#15 /tmp/abdoElHodaky/larvrevrstender/services/auth-service/vendor/laravel/telescope/src/Storage/DatabaseEntriesRepository.php(163): Illuminate\\Support\\Collection->each()
#16 /tmp/abdoElHodaky/larvrevrstender/services/auth-service/vendor/laravel/telescope/src/Storage/DatabaseEntriesRepository.php(140): Laravel\\Telescope\\Storage\\DatabaseEntriesRepository->storeExceptions()
#17 /tmp/abdoElHodaky/larvrevrstender/services/auth-service/vendor/laravel/telescope/src/Telescope.php(664): Laravel\\Telescope\\Storage\\DatabaseEntriesRepository->store()
#18 [internal function]: Laravel\\Telescope\\Telescope::Laravel\\Telescope\\{closure}()
#19 /tmp/abdoElHodaky/larvrevrstender/services/auth-service/vendor/laravel/telescope/src/Telescope.php(289): call_user_func()
#20 /tmp/abdoElHodaky/larvrevrstender/services/auth-service/vendor/laravel/telescope/src/Telescope.php(656): Laravel\\Telescope\\Telescope::withoutRecording()
#21 /tmp/abdoElHodaky/larvrevrstender/services/auth-service/vendor/laravel/telescope/src/ListensForStorageOpportunities.php(65): Laravel\\Telescope\\Telescope::store()
#22 /tmp/abdoElHodaky/larvrevrstender/services/auth-service/vendor/laravel/framework/src/Illuminate/Container/BoundMethod.php(36): Laravel\\Telescope\\Telescope::Laravel\\Telescope\\{closure}()
#23 /tmp/abdoElHodaky/larvrevrstender/services/auth-service/vendor/laravel/framework/src/Illuminate/Container/Util.php(43): Illuminate\\Container\\BoundMethod::Illuminate\\Container\\{closure}()
#24 /tmp/abdoElHodaky/larvrevrstender/services/auth-service/vendor/laravel/framework/src/Illuminate/Container/BoundMethod.php(84): Illuminate\\Container\\Util::unwrapIfClosure()
#25 /tmp/abdoElHodaky/larvrevrstender/services/auth-service/vendor/laravel/framework/src/Illuminate/Container/BoundMethod.php(35): Illuminate\\Container\\BoundMethod::callBoundMethod()
#26 /tmp/abdoElHodaky/larvrevrstender/services/auth-service/vendor/laravel/framework/src/Illuminate/Container/Container.php(799): Illuminate\\Container\\BoundMethod::call()
#27 /tmp/abdoElHodaky/larvrevrstender/services/auth-service/vendor/laravel/framework/src/Illuminate/Foundation/Application.php(1466): Illuminate\\Container\\Container->call()
#28 /tmp/abdoElHodaky/larvrevrstender/services/auth-service/vendor/laravel/framework/src/Illuminate/Foundation/Console/Kernel.php(219): Illuminate\\Foundation\\Application->terminate()
#29 /tmp/abdoElHodaky/larvrevrstender/services/auth-service/artisan(51): Illuminate\\Foundation\\Console\\Kernel->terminate()
#30 {main}

[previous exception] [object] (PDOException(code: 0): could not find driver at /tmp/abdoElHodaky/larvrevrstender/services/auth-service/vendor/laravel/framework/src/Illuminate/Database/Connectors/Connector.php:66)
[stacktrace]
#0 /tmp/abdoElHodaky/larvrevrstender/services/auth-service/vendor/laravel/framework/src/Illuminate/Database/Connectors/Connector.php(66): PDO->__construct()
#1 /tmp/abdoElHodaky/larvrevrstender/services/auth-service/vendor/laravel/framework/src/Illuminate/Database/Connectors/Connector.php(44): Illuminate\\Database\\Connectors\\Connector->createPdoConnection()
#2 /tmp/abdoElHodaky/larvrevrstender/services/auth-service/vendor/laravel/framework/src/Illuminate/Database/Connectors/PostgresConnector.php(35): Illuminate\\Database\\Connectors\\Connector->createConnection()
#3 /tmp/abdoElHodaky/larvrevrstender/services/auth-service/vendor/laravel/framework/src/Illuminate/Database/Connectors/ConnectionFactory.php(186): Illuminate\\Database\\Connectors\\PostgresConnector->connect()
#4 [internal function]: Illuminate\\Database\\Connectors\\ConnectionFactory->Illuminate\\Database\\Connectors\\{closure}()
#5 /tmp/abdoElHodaky/larvrevrstender/services/auth-service/vendor/laravel/framework/src/Illuminate/Database/Connection.php(1257): call_user_func()
#6 /tmp/abdoElHodaky/larvrevrstender/services/auth-service/vendor/laravel/framework/src/Illuminate/Database/Connection.php(1295): Illuminate\\Database\\Connection->getPdo()
#7 /tmp/abdoElHodaky/larvrevrstender/services/auth-service/vendor/laravel/framework/src/Illuminate/Database/Connection.php(525): Illuminate\\Database\\Connection->getReadPdo()
#8 /tmp/abdoElHodaky/larvrevrstender/services/auth-service/vendor/laravel/framework/src/Illuminate/Database/Connection.php(420): Illuminate\\Database\\Connection->getPdoForSelect()
#9 /tmp/abdoElHodaky/larvrevrstender/services/auth-service/vendor/laravel/framework/src/Illuminate/Database/Connection.php(827): Illuminate\\Database\\Connection->Illuminate\\Database\\{closure}()
#10 /tmp/abdoElHodaky/larvrevrstender/services/auth-service/vendor/laravel/framework/src/Illuminate/Database/Connection.php(794): Illuminate\\Database\\Connection->runQueryCallback()
#11 /tmp/abdoElHodaky/larvrevrstender/services/auth-service/vendor/laravel/framework/src/Illuminate/Database/Connection.php(411): Illuminate\\Database\\Connection->run()
#12 /tmp/abdoElHodaky/larvrevrstender/services/auth-service/vendor/laravel/framework/src/Illuminate/Database/Query/Builder.php(3475): Illuminate\\Database\\Connection->select()
#13 /tmp/abdoElHodaky/larvrevrstender/services/auth-service/vendor/laravel/framework/src/Illuminate/Database/Query/Builder.php(3460): Illuminate\\Database\\Query\\Builder->runSelect()
#14 /tmp/abdoElHodaky/larvrevrstender/services/auth-service/vendor/laravel/framework/src/Illuminate/Database/Query/Builder.php(4050): Illuminate\\Database\\Query\\Builder->Illuminate\\Database\\Query\\{closure}()
#15 /tmp/abdoElHodaky/larvrevrstender/services/auth-service/vendor/laravel/framework/src/Illuminate/Database/Query/Builder.php(3459): Illuminate\\Database\\Query\\Builder->onceWithColumns()
#16 /tmp/abdoElHodaky/larvrevrstender/services/auth-service/vendor/laravel/framework/src/Illuminate/Database/Query/Builder.php(3974): Illuminate\\Database\\Query\\Builder->get()
#17 /tmp/abdoElHodaky/larvrevrstender/services/auth-service/vendor/laravel/framework/src/Illuminate/Database/Query/Builder.php(3902): Illuminate\\Database\\Query\\Builder->aggregate()
#18 /tmp/abdoElHodaky/larvrevrstender/services/auth-service/vendor/laravel/telescope/src/Storage/DatabaseEntriesRepository.php(123): Illuminate\\Database\\Query\\Builder->count()
#19 /tmp/abdoElHodaky/larvrevrstender/services/auth-service/vendor/laravel/telescope/src/Storage/DatabaseEntriesRepository.php(165): Laravel\\Telescope\\Storage\\DatabaseEntriesRepository->countExceptionOccurences()
#20 [internal function]: Laravel\\Telescope\\Storage\\DatabaseEntriesRepository->Laravel\\Telescope\\Storage\\{closure}()
#21 /tmp/abdoElHodaky/larvrevrstender/services/auth-service/vendor/laravel/framework/src/Illuminate/Collections/Arr.php(840): array_map()
#22 /tmp/abdoElHodaky/larvrevrstender/services/auth-service/vendor/laravel/framework/src/Illuminate/Collections/Collection.php(829): Illuminate\\Support\\Arr::map()
#23 /tmp/abdoElHodaky/larvrevrstender/services/auth-service/vendor/laravel/telescope/src/Storage/DatabaseEntriesRepository.php(164): Illuminate\\Support\\Collection->map()
#24 /tmp/abdoElHodaky/larvrevrstender/services/auth-service/vendor/laravel/framework/src/Illuminate/Collections/Traits/EnumeratesValues.php(275): Laravel\\Telescope\\Storage\\DatabaseEntriesRepository->Laravel\\Telescope\\Storage\\{closure}()
#25 /tmp/abdoElHodaky/larvrevrstender/services/auth-service/vendor/laravel/telescope/src/Storage/DatabaseEntriesRepository.php(163): Illuminate\\Support\\Collection->each()
#26 /tmp/abdoElHodaky/larvrevrstender/services/auth-service/vendor/laravel/telescope/src/Storage/DatabaseEntriesRepository.php(140): Laravel\\Telescope\\Storage\\DatabaseEntriesRepository->storeExceptions()
#27 /tmp/abdoElHodaky/larvrevrstender/services/auth-service/vendor/laravel/telescope/src/Telescope.php(664): Laravel\\Telescope\\Storage\\DatabaseEntriesRepository->store()
#28 [internal function]: Laravel\\Telescope\\Telescope::Laravel\\Telescope\\{closure}()
#29 /tmp/abdoElHodaky/larvrevrstender/services/auth-service/vendor/laravel/telescope/src/Telescope.php(289): call_user_func()
#30 /tmp/abdoElHodaky/larvrevrstender/services/auth-service/vendor/laravel/telescope/src/Telescope.php(656): Laravel\\Telescope\\Telescope::withoutRecording()
#31 /tmp/abdoElHodaky/larvrevrstender/services/auth-service/vendor/laravel/telescope/src/ListensForStorageOpportunities.php(65): Laravel\\Telescope\\Telescope::store()
#32 /tmp/abdoElHodaky/larvrevrstender/services/auth-service/vendor/laravel/framework/src/Illuminate/Container/BoundMethod.php(36): Laravel\\Telescope\\Telescope::Laravel\\Telescope\\{closure}()
#33 /tmp/abdoElHodaky/larvrevrstender/services/auth-service/vendor/laravel/framework/src/Illuminate/Container/Util.php(43): Illuminate\\Container\\BoundMethod::Illuminate\\Container\\{closure}()
#34 /tmp/abdoElHodaky/larvrevrstender/services/auth-service/vendor/laravel/framework/src/Illuminate/Container/BoundMethod.php(84): Illuminate\\Container\\Util::unwrapIfClosure()
#35 /tmp/abdoElHodaky/larvrevrstender/services/auth-service/vendor/laravel/framework/src/Illuminate/Container/BoundMethod.php(35): Illuminate\\Container\\BoundMethod::callBoundMethod()
#36 /tmp/abdoElHodaky/larvrevrstender/services/auth-service/vendor/laravel/framework/src/Illuminate/Container/Container.php(799): Illuminate\\Container\\BoundMethod::call()
#37 /tmp/abdoElHodaky/larvrevrstender/services/auth-service/vendor/laravel/framework/src/Illuminate/Foundation/Application.php(1466): Illuminate\\Container\\Container->call()
#38 /tmp/abdoElHodaky/larvrevrstender/services/auth-service/vendor/laravel/framework/src/Illuminate/Foundation/Console/Kernel.php(219): Illuminate\\Foundation\\Application->terminate()
#39 /tmp/abdoElHodaky/larvrevrstender/services/auth-service/artisan(51): Illuminate\\Foundation\\Console\\Kernel->terminate()
#40 {main}
"} 
[2026-03-16 13:00:58] local.INFO: Procedure registered {"name":"events","class":"Shared\\Procedures\\CrossServiceProcedure","type":"micro"} 
[2026-03-16 13:00:58] local.INFO: Procedure registered {"name":"cache","class":"Shared\\Procedures\\CrossServiceProcedure","type":"micro"} 
[2026-03-16 13:00:58] local.INFO: Procedure registered {"name":"notification","class":"Shared\\Procedures\\CrossServiceProcedure","type":"micro"} 
[2026-03-16 13:00:58] local.INFO: Procedure registered {"name":"validation","class":"Shared\\Procedures\\CrossServiceProcedure","type":"micro"} 
[2026-03-16 13:00:58] local.INFO: Procedure registered {"name":"security","class":"Shared\\Procedures\\CrossServiceProcedure","type":"micro"} 
[2026-03-16 13:00:58] local.INFO: Procedure registered {"name":"circuit_breaker","class":"Shared\\Procedures\\CrossServiceProcedure","type":"micro"} 
[2026-03-16 13:00:58] local.INFO: Procedure registered {"name":"queue_circuit_breaker","class":"Shared\\Procedures\\CrossServiceProcedure","type":"micro"} 
[2026-03-16 13:00:58] local.INFO: Procedure registered {"name":"third_party_integration","class":"Shared\\Procedures\\CrossServiceProcedure","type":"micro"} 
[2026-03-16 13:00:58] local.INFO: Procedure registered {"name":"workflow","class":"Shared\\Procedures\\CrossServiceProcedure","type":"macro"} 
[2026-03-16 13:00:58] local.ERROR: could not find driver (Connection: pgsql, Host: 127.0.0.1, Port: 5432, Database: auth_service, SQL: insert into "telescope_entries" ("batch_id", "content", "created_at", "family_hash", "type", "uuid") values (a1502129-c0e1-4b93-ae0b-5510d2ba5168, {"level":"info","message":"Procedure registered","context":{"name":"events","class":"Shared\\Procedures\\CrossServiceProcedure","type":"micro"},"hostname":"modal"}, 2026-03-16 13:00:58, ?, log, a1502129-6c81-4f75-8855-faff16bf7aae), (a1502129-c0e1-4b93-ae0b-5510d2ba5168, {"level":"info","message":"Procedure registered","context":{"name":"cache","class":"Shared\\Procedures\\CrossServiceProcedure","type":"micro"},"hostname":"modal"}, 2026-03-16 13:00:58, ?, log, a1502129-6e2d-4449-82df-e8d4e03af6eb), (a1502129-c0e1-4b93-ae0b-5510d2ba5168, {"level":"info","message":"Procedure registered","context":{"name":"notification","class":"Shared\\Procedures\\CrossServiceProcedure","type":"micro"},"hostname":"modal"}, 2026-03-16 13:00:58, ?, log, a1502129-6e5b-4194-aa16-30d27574938a), (a1502129-c0e1-4b93-ae0b-5510d2ba5168, {"level":"info","message":"Procedure registered","context":{"name":"validation","class":"Shared\\Procedures\\CrossServiceProcedure","type":"micro"},"hostname":"modal"}, 2026-03-16 13:00:58, ?, log, a1502129-6e7d-495c-b465-081ed9b8a6b8), (a1502129-c0e1-4b93-ae0b-5510d2ba5168, {"level":"info","message":"Procedure registered","context":{"name":"security","class":"Shared\\Procedures\\CrossServiceProcedure","type":"micro"},"hostname":"modal"}, 2026-03-16 13:00:58, ?, log, a1502129-6e9d-4f8c-aa29-bade89c1f920), (a1502129-c0e1-4b93-ae0b-5510d2ba5168, {"level":"info","message":"Procedure registered","context":{"name":"circuit_breaker","class":"Shared\\Procedures\\CrossServiceProcedure","type":"micro"},"hostname":"modal"}, 2026-03-16 13:00:58, ?, log, a1502129-6ebf-4101-b0df-17337aff4d7e), (a1502129-c0e1-4b93-ae0b-5510d2ba5168, {"level":"info","message":"Procedure registered","context":{"name":"queue_circuit_breaker","class":"Shared\\Procedures\\CrossServiceProcedure","type":"micro"},"hostname":"modal"}, 2026-03-16 13:00:58, ?, log, a1502129-6edd-4466-9c29-0565c9d0a845), (a1502129-c0e1-4b93-ae0b-5510d2ba5168, {"level":"info","message":"Procedure registered","context":{"name":"third_party_integration","class":"Shared\\Procedures\\CrossServiceProcedure","type":"micro"},"hostname":"modal"}, 2026-03-16 13:00:58, ?, log, a1502129-6efb-4075-a9d7-38aa204faacd), (a1502129-c0e1-4b93-ae0b-5510d2ba5168, {"level":"info","message":"Procedure registered","context":{"name":"workflow","class":"Shared\\Procedures\\CrossServiceProcedure","type":"macro"},"hostname":"modal"}, 2026-03-16 13:00:58, ?, log, a1502129-6f1b-4876-8406-540479b311c9), (a1502129-c0e1-4b93-ae0b-5510d2ba5168, {"command":"route:list","exit_code":0,"arguments":{"command":"route:list"},"options":{"json":false,"method":null,"action":null,"name":null,"domain":null,"middleware":null,"path":null,"except-path":null,"reverse":false,"sort":"uri","except-vendor":false,"only-vendor":false,"help":false,"silent":false,"quiet":false,"verbose":false,"version":false,"ansi":null,"no-interaction":false,"env":null},"hostname":"modal"}, 2026-03-16 13:00:58, ?, command, a1502129-c097-4e2c-9022-386851013af6)) {"exception":"[object] (Illuminate\\Database\\QueryException(code: 0): could not find driver (Connection: pgsql, Host: 127.0.0.1, Port: 5432, Database: auth_service, SQL: insert into \"telescope_entries\" (\"batch_id\", \"content\", \"created_at\", \"family_hash\", \"type\", \"uuid\") values (a1502129-c0e1-4b93-ae0b-5510d2ba5168, {\"level\":\"info\",\"message\":\"Procedure registered\",\"context\":{\"name\":\"events\",\"class\":\"Shared\\\\Procedures\\\\CrossServiceProcedure\",\"type\":\"micro\"},\"hostname\":\"modal\"}, 2026-03-16 13:00:58, ?, log, a1502129-6c81-4f75-8855-faff16bf7aae), (a1502129-c0e1-4b93-ae0b-5510d2ba5168, {\"level\":\"info\",\"message\":\"Procedure registered\",\"context\":{\"name\":\"cache\",\"class\":\"Shared\\\\Procedures\\\\CrossServiceProcedure\",\"type\":\"micro\"},\"hostname\":\"modal\"}, 2026-03-16 13:00:58, ?, log, a1502129-6e2d-4449-82df-e8d4e03af6eb), (a1502129-c0e1-4b93-ae0b-5510d2ba5168, {\"level\":\"info\",\"message\":\"Procedure registered\",\"context\":{\"name\":\"notification\",\"class\":\"Shared\\\\Procedures\\\\CrossServiceProcedure\",\"type\":\"micro\"},\"hostname\":\"modal\"}, 2026-03-16 13:00:58, ?, log, a1502129-6e5b-4194-aa16-30d27574938a), (a1502129-c0e1-4b93-ae0b-5510d2ba5168, {\"level\":\"info\",\"message\":\"Procedure registered\",\"context\":{\"name\":\"validation\",\"class\":\"Shared\\\\Procedures\\\\CrossServiceProcedure\",\"type\":\"micro\"},\"hostname\":\"modal\"}, 2026-03-16 13:00:58, ?, log, a1502129-6e7d-495c-b465-081ed9b8a6b8), (a1502129-c0e1-4b93-ae0b-5510d2ba5168, {\"level\":\"info\",\"message\":\"Procedure registered\",\"context\":{\"name\":\"security\",\"class\":\"Shared\\\\Procedures\\\\CrossServiceProcedure\",\"type\":\"micro\"},\"hostname\":\"modal\"}, 2026-03-16 13:00:58, ?, log, a1502129-6e9d-4f8c-aa29-bade89c1f920), (a1502129-c0e1-4b93-ae0b-5510d2ba5168, {\"level\":\"info\",\"message\":\"Procedure registered\",\"context\":{\"name\":\"circuit_breaker\",\"class\":\"Shared\\\\Procedures\\\\CrossServiceProcedure\",\"type\":\"micro\"},\"hostname\":\"modal\"}, 2026-03-16 13:00:58, ?, log, a1502129-6ebf-4101-b0df-17337aff4d7e), (a1502129-c0e1-4b93-ae0b-5510d2ba5168, {\"level\":\"info\",\"message\":\"Procedure registered\",\"context\":{\"name\":\"queue_circuit_breaker\",\"class\":\"Shared\\\\Procedures\\\\CrossServiceProcedure\",\"type\":\"micro\"},\"hostname\":\"modal\"}, 2026-03-16 13:00:58, ?, log, a1502129-6edd-4466-9c29-0565c9d0a845), (a1502129-c0e1-4b93-ae0b-5510d2ba5168, {\"level\":\"info\",\"message\":\"Procedure registered\",\"context\":{\"name\":\"third_party_integration\",\"class\":\"Shared\\\\Procedures\\\\CrossServiceProcedure\",\"type\":\"micro\"},\"hostname\":\"modal\"}, 2026-03-16 13:00:58, ?, log, a1502129-6efb-4075-a9d7-38aa204faacd), (a1502129-c0e1-4b93-ae0b-5510d2ba5168, {\"level\":\"info\",\"message\":\"Procedure registered\",\"context\":{\"name\":\"workflow\",\"class\":\"Shared\\\\Procedures\\\\CrossServiceProcedure\",\"type\":\"macro\"},\"hostname\":\"modal\"}, 2026-03-16 13:00:58, ?, log, a1502129-6f1b-4876-8406-540479b311c9), (a1502129-c0e1-4b93-ae0b-5510d2ba5168, {\"command\":\"route:list\",\"exit_code\":0,\"arguments\":{\"command\":\"route:list\"},\"options\":{\"json\":false,\"method\":null,\"action\":null,\"name\":null,\"domain\":null,\"middleware\":null,\"path\":null,\"except-path\":null,\"reverse\":false,\"sort\":\"uri\",\"except-vendor\":false,\"only-vendor\":false,\"help\":false,\"silent\":false,\"quiet\":false,\"verbose\":false,\"version\":false,\"ansi\":null,\"no-interaction\":false,\"env\":null},\"hostname\":\"modal\"}, 2026-03-16 13:00:58, ?, command, a1502129-c097-4e2c-9022-386851013af6)) at /tmp/abdoElHodaky/larvrevrstender/services/auth-service/vendor/laravel/framework/src/Illuminate/Database/Connection.php:838)
[stacktrace]
#0 /tmp/abdoElHodaky/larvrevrstender/services/auth-service/vendor/laravel/framework/src/Illuminate/Database/Connection.php(794): Illuminate\\Database\\Connection->runQueryCallback()
#1 /tmp/abdoElHodaky/larvrevrstender/services/auth-service/vendor/laravel/framework/src/Illuminate/Database/Connection.php(573): Illuminate\\Database\\Connection->run()
#2 /tmp/abdoElHodaky/larvrevrstender/services/auth-service/vendor/laravel/framework/src/Illuminate/Database/Connection.php(537): Illuminate\\Database\\Connection->statement()
#3 /tmp/abdoElHodaky/larvrevrstender/services/auth-service/vendor/laravel/framework/src/Illuminate/Database/Query/Builder.php(4091): Illuminate\\Database\\Connection->insert()
#4 /tmp/abdoElHodaky/larvrevrstender/services/auth-service/vendor/laravel/telescope/src/Storage/DatabaseEntriesRepository.php(145): Illuminate\\Database\\Query\\Builder->insert()
#5 /tmp/abdoElHodaky/larvrevrstender/services/auth-service/vendor/laravel/framework/src/Illuminate/Collections/Traits/EnumeratesValues.php(275): Laravel\\Telescope\\Storage\\DatabaseEntriesRepository->Laravel\\Telescope\\Storage\\{closure}()
#6 /tmp/abdoElHodaky/larvrevrstender/services/auth-service/vendor/laravel/telescope/src/Storage/DatabaseEntriesRepository.php(144): Illuminate\\Support\\Collection->each()
#7 /tmp/abdoElHodaky/larvrevrstender/services/auth-service/vendor/laravel/telescope/src/Telescope.php(664): Laravel\\Telescope\\Storage\\DatabaseEntriesRepository->store()
#8 [internal function]: Laravel\\Telescope\\Telescope::Laravel\\Telescope\\{closure}()
#9 /tmp/abdoElHodaky/larvrevrstender/services/auth-service/vendor/laravel/telescope/src/Telescope.php(289): call_user_func()
#10 /tmp/abdoElHodaky/larvrevrstender/services/auth-service/vendor/laravel/telescope/src/Telescope.php(656): Laravel\\Telescope\\Telescope::withoutRecording()
#11 /tmp/abdoElHodaky/larvrevrstender/services/auth-service/vendor/laravel/telescope/src/ListensForStorageOpportunities.php(65): Laravel\\Telescope\\Telescope::store()
#12 /tmp/abdoElHodaky/larvrevrstender/services/auth-service/vendor/laravel/framework/src/Illuminate/Container/BoundMethod.php(36): Laravel\\Telescope\\Telescope::Laravel\\Telescope\\{closure}()
#13 /tmp/abdoElHodaky/larvrevrstender/services/auth-service/vendor/laravel/framework/src/Illuminate/Container/Util.php(43): Illuminate\\Container\\BoundMethod::Illuminate\\Container\\{closure}()
#14 /tmp/abdoElHodaky/larvrevrstender/services/auth-service/vendor/laravel/framework/src/Illuminate/Container/BoundMethod.php(84): Illuminate\\Container\\Util::unwrapIfClosure()
#15 /tmp/abdoElHodaky/larvrevrstender/services/auth-service/vendor/laravel/framework/src/Illuminate/Container/BoundMethod.php(35): Illuminate\\Container\\BoundMethod::callBoundMethod()
#16 /tmp/abdoElHodaky/larvrevrstender/services/auth-service/vendor/laravel/framework/src/Illuminate/Container/Container.php(799): Illuminate\\Container\\BoundMethod::call()
#17 /tmp/abdoElHodaky/larvrevrstender/services/auth-service/vendor/laravel/framework/src/Illuminate/Foundation/Application.php(1466): Illuminate\\Container\\Container->call()
#18 /tmp/abdoElHodaky/larvrevrstender/services/auth-service/vendor/laravel/framework/src/Illuminate/Foundation/Console/Kernel.php(219): Illuminate\\Foundation\\Application->terminate()
#19 /tmp/abdoElHodaky/larvrevrstender/services/auth-service/artisan(51): Illuminate\\Foundation\\Console\\Kernel->terminate()
#20 {main}

[previous exception] [object] (PDOException(code: 0): could not find driver at /tmp/abdoElHodaky/larvrevrstender/services/auth-service/vendor/laravel/framework/src/Illuminate/Database/Connectors/Connector.php:66)
[stacktrace]
#0 /tmp/abdoElHodaky/larvrevrstender/services/auth-service/vendor/laravel/framework/src/Illuminate/Database/Connectors/Connector.php(66): PDO->__construct()
#1 /tmp/abdoElHodaky/larvrevrstender/services/auth-service/vendor/laravel/framework/src/Illuminate/Database/Connectors/Connector.php(44): Illuminate\\Database\\Connectors\\Connector->createPdoConnection()
#2 /tmp/abdoElHodaky/larvrevrstender/services/auth-service/vendor/laravel/framework/src/Illuminate/Database/Connectors/PostgresConnector.php(35): Illuminate\\Database\\Connectors\\Connector->createConnection()
#3 /tmp/abdoElHodaky/larvrevrstender/services/auth-service/vendor/laravel/framework/src/Illuminate/Database/Connectors/ConnectionFactory.php(186): Illuminate\\Database\\Connectors\\PostgresConnector->connect()
#4 [internal function]: Illuminate\\Database\\Connectors\\ConnectionFactory->Illuminate\\Database\\Connectors\\{closure}()
#5 /tmp/abdoElHodaky/larvrevrstender/services/auth-service/vendor/laravel/framework/src/Illuminate/Database/Connection.php(1257): call_user_func()
#6 /tmp/abdoElHodaky/larvrevrstender/services/auth-service/vendor/laravel/framework/src/Illuminate/Database/Connection.php(578): Illuminate\\Database\\Connection->getPdo()
#7 /tmp/abdoElHodaky/larvrevrstender/services/auth-service/vendor/laravel/framework/src/Illuminate/Database/Connection.php(827): Illuminate\\Database\\Connection->Illuminate\\Database\\{closure}()
#8 /tmp/abdoElHodaky/larvrevrstender/services/auth-service/vendor/laravel/framework/src/Illuminate/Database/Connection.php(794): Illuminate\\Database\\Connection->runQueryCallback()
#9 /tmp/abdoElHodaky/larvrevrstender/services/auth-service/vendor/laravel/framework/src/Illuminate/Database/Connection.php(573): Illuminate\\Database\\Connection->run()
#10 /tmp/abdoElHodaky/larvrevrstender/services/auth-service/vendor/laravel/framework/src/Illuminate/Database/Connection.php(537): Illuminate\\Database\\Connection->statement()
#11 /tmp/abdoElHodaky/larvrevrstender/services/auth-service/vendor/laravel/framework/src/Illuminate/Database/Query/Builder.php(4091): Illuminate\\Database\\Connection->insert()
#12 /tmp/abdoElHodaky/larvrevrstender/services/auth-service/vendor/laravel/telescope/src/Storage/DatabaseEntriesRepository.php(145): Illuminate\\Database\\Query\\Builder->insert()
#13 /tmp/abdoElHodaky/larvrevrstender/services/auth-service/vendor/laravel/framework/src/Illuminate/Collections/Traits/EnumeratesValues.php(275): Laravel\\Telescope\\Storage\\DatabaseEntriesRepository->Laravel\\Telescope\\Storage\\{closure}()
#14 /tmp/abdoElHodaky/larvrevrstender/services/auth-service/vendor/laravel/telescope/src/Storage/DatabaseEntriesRepository.php(144): Illuminate\\Support\\Collection->each()
#15 /tmp/abdoElHodaky/larvrevrstender/services/auth-service/vendor/laravel/telescope/src/Telescope.php(664): Laravel\\Telescope\\Storage\\DatabaseEntriesRepository->store()
#16 [internal function]: Laravel\\Telescope\\Telescope::Laravel\\Telescope\\{closure}()
#17 /tmp/abdoElHodaky/larvrevrstender/services/auth-service/vendor/laravel/telescope/src/Telescope.php(289): call_user_func()
#18 /tmp/abdoElHodaky/larvrevrstender/services/auth-service/vendor/laravel/telescope/src/Telescope.php(656): Laravel\\Telescope\\Telescope::withoutRecording()
#19 /tmp/abdoElHodaky/larvrevrstender/services/auth-service/vendor/laravel/telescope/src/ListensForStorageOpportunities.php(65): Laravel\\Telescope\\Telescope::store()
#20 /tmp/abdoElHodaky/larvrevrstender/services/auth-service/vendor/laravel/framework/src/Illuminate/Container/BoundMethod.php(36): Laravel\\Telescope\\Telescope::Laravel\\Telescope\\{closure}()
#21 /tmp/abdoElHodaky/larvrevrstender/services/auth-service/vendor/laravel/framework/src/Illuminate/Container/Util.php(43): Illuminate\\Container\\BoundMethod::Illuminate\\Container\\{closure}()
#22 /tmp/abdoElHodaky/larvrevrstender/services/auth-service/vendor/laravel/framework/src/Illuminate/Container/BoundMethod.php(84): Illuminate\\Container\\Util::unwrapIfClosure()
#23 /tmp/abdoElHodaky/larvrevrstender/services/auth-service/vendor/laravel/framework/src/Illuminate/Container/BoundMethod.php(35): Illuminate\\Container\\BoundMethod::callBoundMethod()
#24 /tmp/abdoElHodaky/larvrevrstender/services/auth-service/vendor/laravel/framework/src/Illuminate/Container/Container.php(799): Illuminate\\Container\\BoundMethod::call()
#25 /tmp/abdoElHodaky/larvrevrstender/services/auth-service/vendor/laravel/framework/src/Illuminate/Foundation/Application.php(1466): Illuminate\\Container\\Container->call()
#26 /tmp/abdoElHodaky/larvrevrstender/services/auth-service/vendor/laravel/framework/src/Illuminate/Foundation/Console/Kernel.php(219): Illuminate\\Foundation\\Application->terminate()
#27 /tmp/abdoElHodaky/larvrevrstender/services/auth-service/artisan(51): Illuminate\\Foundation\\Console\\Kernel->terminate()
#28 {main}
"} 
