[2026-03-08 13:21:33] local.INFO: Procedure registered {"name":"events","class":"Shared\\Procedures\\CrossServiceProcedure","type":"micro"} 
[2026-03-08 13:21:33] local.INFO: Procedure registered {"name":"cache","class":"Shared\\Procedures\\CrossServiceProcedure","type":"micro"} 
[2026-03-08 13:21:33] local.INFO: Procedure registered {"name":"notification","class":"Shared\\Procedures\\CrossServiceProcedure","type":"micro"} 
[2026-03-08 13:21:33] local.INFO: Procedure registered {"name":"validation","class":"Shared\\Procedures\\CrossServiceProcedure","type":"micro"} 
[2026-03-08 13:21:33] local.INFO: Procedure registered {"name":"security","class":"Shared\\Procedures\\CrossServiceProcedure","type":"micro"} 
[2026-03-08 13:21:33] local.INFO: Procedure registered {"name":"circuit_breaker","class":"Shared\\Procedures\\CrossServiceProcedure","type":"micro"} 
[2026-03-08 13:21:33] local.INFO: Procedure registered {"name":"queue_circuit_breaker","class":"Shared\\Procedures\\CrossServiceProcedure","type":"micro"} 
[2026-03-08 13:21:33] local.INFO: Procedure registered {"name":"third_party_integration","class":"Shared\\Procedures\\CrossServiceProcedure","type":"micro"} 
[2026-03-08 13:21:33] local.INFO: Procedure registered {"name":"workflow","class":"Shared\\Procedures\\CrossServiceProcedure","type":"macro"} 
[2026-03-08 13:21:33] local.ERROR: Call to undefined method Illuminate\Foundation\Console\Kernel::resolve() {"exception":"[object] (Error(code: 0): Call to undefined method Illuminate\\Foundation\\Console\\Kernel::resolve() at /tmp/abdoElHodaky/larvrevrstender/services/auth-service/vendor/laravel/framework/src/Illuminate/Support/Facades/Facade.php:363)
[stacktrace]
#0 /tmp/abdoElHodaky/larvrevrstender/services/auth-service/routes/console.php(23): Illuminate\\Support\\Facades\\Facade::__callStatic()
#1 /tmp/abdoElHodaky/larvrevrstender/services/auth-service/vendor/laravel/framework/src/Illuminate/Foundation/Console/Kernel.php(523): require('...')
#2 /tmp/abdoElHodaky/larvrevrstender/services/auth-service/vendor/laravel/framework/src/Illuminate/Foundation/Console/Kernel.php(503): Illuminate\\Foundation\\Console\\Kernel->discoverCommands()
#3 /tmp/abdoElHodaky/larvrevrstender/services/auth-service/vendor/laravel/framework/src/Illuminate/Foundation/Console/Kernel.php(196): Illuminate\\Foundation\\Console\\Kernel->bootstrap()
#4 /tmp/abdoElHodaky/larvrevrstender/services/auth-service/artisan(35): Illuminate\\Foundation\\Console\\Kernel->handle()
#5 {main}
"} 
[2026-03-08 13:21:34] local.ERROR: SQLSTATE[08006] [7] connection to server at "127.0.0.1", port 5432 failed: Connection refused
	Is the server running on that host and accepting TCP/IP connections? (Connection: pgsql, Host: 127.0.0.1, Port: 5432, Database: auth_service, SQL: select count(*) as aggregate from "telescope_entries" where "type" = exception and "family_hash" = 8da4954c72a6ea8a3878fcf63f29d033) {"exception":"[object] (Illuminate\\Database\\QueryException(code: 7): SQLSTATE[08006] [7] connection to server at \"127.0.0.1\", port 5432 failed: Connection refused
\tIs the server running on that host and accepting TCP/IP connections? (Connection: pgsql, Host: 127.0.0.1, Port: 5432, Database: auth_service, SQL: select count(*) as aggregate from \"telescope_entries\" where \"type\" = exception and \"family_hash\" = 8da4954c72a6ea8a3878fcf63f29d033) at /tmp/abdoElHodaky/larvrevrstender/services/auth-service/vendor/laravel/framework/src/Illuminate/Database/Connection.php:838)
[stacktrace]
#0 /tmp/abdoElHodaky/larvrevrstender/services/auth-service/vendor/laravel/framework/src/Illuminate/Database/Connection.php(794): Illuminate\\Database\\Connection->runQueryCallback()
#1 /tmp/abdoElHodaky/larvrevrstender/services/auth-service/vendor/laravel/framework/src/Illuminate/Database/Connection.php(411): Illuminate\\Database\\Connection->run()
#2 /tmp/abdoElHodaky/larvrevrstender/services/auth-service/vendor/laravel/framework/src/Illuminate/Database/Query/Builder.php(3475): Illuminate\\Database\\Connection->select()
#3 /tmp/abdoElHodaky/larvrevrstender/services/auth-service/vendor/laravel/framework/src/Illuminate/Database/Query/Builder.php(3460): Illuminate\\Database\\Query\\Builder->runSelect()
#4 /tmp/abdoElHodaky/larvrevrstender/services/auth-service/vendor/laravel/framework/src/Illuminate/Database/Query/Builder.php(4050): Illuminate\\Database\\Query\\Builder->Illuminate\\Database\\Query\\{closure}()
#5 /tmp/abdoElHodaky/larvrevrstender/services/auth-service/vendor/laravel/framework/src/Illuminate/Database/Query/Builder.php(3459): Illuminate\\Database\\Query\\Builder->onceWithColumns()
#6 /tmp/abdoElHodaky/larvrevrstender/services/auth-service/vendor/laravel/framework/src/Illuminate/Database/Query/Builder.php(3974): Illuminate\\Database\\Query\\Builder->get()
#7 /tmp/abdoElHodaky/larvrevrstender/services/auth-service/vendor/laravel/framework/src/Illuminate/Database/Query/Builder.php(3902): Illuminate\\Database\\Query\\Builder->aggregate()
#8 /tmp/abdoElHodaky/larvrevrstender/services/auth-service/vendor/laravel/telescope/src/Storage/DatabaseEntriesRepository.php(123): Illuminate\\Database\\Query\\Builder->count()
#9 /tmp/abdoElHodaky/larvrevrstender/services/auth-service/vendor/laravel/telescope/src/Storage/DatabaseEntriesRepository.php(165): Laravel\\Telescope\\Storage\\DatabaseEntriesRepository->countExceptionOccurences()
#10 [internal function]: Laravel\\Telescope\\Storage\\DatabaseEntriesRepository->Laravel\\Telescope\\Storage\\{closure}()
#11 /tmp/abdoElHodaky/larvrevrstender/services/auth-service/vendor/laravel/framework/src/Illuminate/Collections/Arr.php(840): array_map()
#12 /tmp/abdoElHodaky/larvrevrstender/services/auth-service/vendor/laravel/framework/src/Illuminate/Collections/Collection.php(829): Illuminate\\Support\\Arr::map()
#13 /tmp/abdoElHodaky/larvrevrstender/services/auth-service/vendor/laravel/telescope/src/Storage/DatabaseEntriesRepository.php(164): Illuminate\\Support\\Collection->map()
#14 /tmp/abdoElHodaky/larvrevrstender/services/auth-service/vendor/laravel/framework/src/Illuminate/Collections/Traits/EnumeratesValues.php(275): Laravel\\Telescope\\Storage\\DatabaseEntriesRepository->Laravel\\Telescope\\Storage\\{closure}()
#15 /tmp/abdoElHodaky/larvrevrstender/services/auth-service/vendor/laravel/telescope/src/Storage/DatabaseEntriesRepository.php(163): Illuminate\\Support\\Collection->each()
#16 /tmp/abdoElHodaky/larvrevrstender/services/auth-service/vendor/laravel/telescope/src/Storage/DatabaseEntriesRepository.php(140): Laravel\\Telescope\\Storage\\DatabaseEntriesRepository->storeExceptions()
#17 /tmp/abdoElHodaky/larvrevrstender/services/auth-service/vendor/laravel/telescope/src/Telescope.php(664): Laravel\\Telescope\\Storage\\DatabaseEntriesRepository->store()
#18 [internal function]: Laravel\\Telescope\\Telescope::Laravel\\Telescope\\{closure}()
#19 /tmp/abdoElHodaky/larvrevrstender/services/auth-service/vendor/laravel/telescope/src/Telescope.php(289): call_user_func()
#20 /tmp/abdoElHodaky/larvrevrstender/services/auth-service/vendor/laravel/telescope/src/Telescope.php(656): Laravel\\Telescope\\Telescope::withoutRecording()
#21 /tmp/abdoElHodaky/larvrevrstender/services/auth-service/vendor/laravel/telescope/src/ListensForStorageOpportunities.php(65): Laravel\\Telescope\\Telescope::store()
#22 /tmp/abdoElHodaky/larvrevrstender/services/auth-service/vendor/laravel/framework/src/Illuminate/Container/BoundMethod.php(36): Laravel\\Telescope\\Telescope::Laravel\\Telescope\\{closure}()
#23 /tmp/abdoElHodaky/larvrevrstender/services/auth-service/vendor/laravel/framework/src/Illuminate/Container/Util.php(43): Illuminate\\Container\\BoundMethod::Illuminate\\Container\\{closure}()
#24 /tmp/abdoElHodaky/larvrevrstender/services/auth-service/vendor/laravel/framework/src/Illuminate/Container/BoundMethod.php(84): Illuminate\\Container\\Util::unwrapIfClosure()
#25 /tmp/abdoElHodaky/larvrevrstender/services/auth-service/vendor/laravel/framework/src/Illuminate/Container/BoundMethod.php(35): Illuminate\\Container\\BoundMethod::callBoundMethod()
#26 /tmp/abdoElHodaky/larvrevrstender/services/auth-service/vendor/laravel/framework/src/Illuminate/Container/Container.php(799): Illuminate\\Container\\BoundMethod::call()
#27 /tmp/abdoElHodaky/larvrevrstender/services/auth-service/vendor/laravel/framework/src/Illuminate/Foundation/Application.php(1466): Illuminate\\Container\\Container->call()
#28 /tmp/abdoElHodaky/larvrevrstender/services/auth-service/vendor/laravel/framework/src/Illuminate/Foundation/Console/Kernel.php(219): Illuminate\\Foundation\\Application->terminate()
#29 /tmp/abdoElHodaky/larvrevrstender/services/auth-service/artisan(51): Illuminate\\Foundation\\Console\\Kernel->terminate()
#30 {main}

[previous exception] [object] (PDOException(code: 7): SQLSTATE[08006] [7] connection to server at \"127.0.0.1\", port 5432 failed: Connection refused
\tIs the server running on that host and accepting TCP/IP connections? at /tmp/abdoElHodaky/larvrevrstender/services/auth-service/vendor/laravel/framework/src/Illuminate/Database/Connectors/Connector.php:66)
[stacktrace]
#0 /tmp/abdoElHodaky/larvrevrstender/services/auth-service/vendor/laravel/framework/src/Illuminate/Database/Connectors/Connector.php(66): PDO->__construct()
#1 /tmp/abdoElHodaky/larvrevrstender/services/auth-service/vendor/laravel/framework/src/Illuminate/Database/Connectors/Connector.php(44): Illuminate\\Database\\Connectors\\Connector->createPdoConnection()
#2 /tmp/abdoElHodaky/larvrevrstender/services/auth-service/vendor/laravel/framework/src/Illuminate/Database/Connectors/PostgresConnector.php(35): Illuminate\\Database\\Connectors\\Connector->createConnection()
#3 /tmp/abdoElHodaky/larvrevrstender/services/auth-service/vendor/laravel/framework/src/Illuminate/Database/Connectors/ConnectionFactory.php(186): Illuminate\\Database\\Connectors\\PostgresConnector->connect()
#4 [internal function]: Illuminate\\Database\\Connectors\\ConnectionFactory->Illuminate\\Database\\Connectors\\{closure}()
#5 /tmp/abdoElHodaky/larvrevrstender/services/auth-service/vendor/laravel/framework/src/Illuminate/Database/Connection.php(1257): call_user_func()
#6 /tmp/abdoElHodaky/larvrevrstender/services/auth-service/vendor/laravel/framework/src/Illuminate/Database/Connection.php(1295): Illuminate\\Database\\Connection->getPdo()
#7 /tmp/abdoElHodaky/larvrevrstender/services/auth-service/vendor/laravel/framework/src/Illuminate/Database/Connection.php(525): Illuminate\\Database\\Connection->getReadPdo()
#8 /tmp/abdoElHodaky/larvrevrstender/services/auth-service/vendor/laravel/framework/src/Illuminate/Database/Connection.php(420): Illuminate\\Database\\Connection->getPdoForSelect()
#9 /tmp/abdoElHodaky/larvrevrstender/services/auth-service/vendor/laravel/framework/src/Illuminate/Database/Connection.php(827): Illuminate\\Database\\Connection->Illuminate\\Database\\{closure}()
#10 /tmp/abdoElHodaky/larvrevrstender/services/auth-service/vendor/laravel/framework/src/Illuminate/Database/Connection.php(794): Illuminate\\Database\\Connection->runQueryCallback()
#11 /tmp/abdoElHodaky/larvrevrstender/services/auth-service/vendor/laravel/framework/src/Illuminate/Database/Connection.php(411): Illuminate\\Database\\Connection->run()
#12 /tmp/abdoElHodaky/larvrevrstender/services/auth-service/vendor/laravel/framework/src/Illuminate/Database/Query/Builder.php(3475): Illuminate\\Database\\Connection->select()
#13 /tmp/abdoElHodaky/larvrevrstender/services/auth-service/vendor/laravel/framework/src/Illuminate/Database/Query/Builder.php(3460): Illuminate\\Database\\Query\\Builder->runSelect()
#14 /tmp/abdoElHodaky/larvrevrstender/services/auth-service/vendor/laravel/framework/src/Illuminate/Database/Query/Builder.php(4050): Illuminate\\Database\\Query\\Builder->Illuminate\\Database\\Query\\{closure}()
#15 /tmp/abdoElHodaky/larvrevrstender/services/auth-service/vendor/laravel/framework/src/Illuminate/Database/Query/Builder.php(3459): Illuminate\\Database\\Query\\Builder->onceWithColumns()
#16 /tmp/abdoElHodaky/larvrevrstender/services/auth-service/vendor/laravel/framework/src/Illuminate/Database/Query/Builder.php(3974): Illuminate\\Database\\Query\\Builder->get()
#17 /tmp/abdoElHodaky/larvrevrstender/services/auth-service/vendor/laravel/framework/src/Illuminate/Database/Query/Builder.php(3902): Illuminate\\Database\\Query\\Builder->aggregate()
#18 /tmp/abdoElHodaky/larvrevrstender/services/auth-service/vendor/laravel/telescope/src/Storage/DatabaseEntriesRepository.php(123): Illuminate\\Database\\Query\\Builder->count()
#19 /tmp/abdoElHodaky/larvrevrstender/services/auth-service/vendor/laravel/telescope/src/Storage/DatabaseEntriesRepository.php(165): Laravel\\Telescope\\Storage\\DatabaseEntriesRepository->countExceptionOccurences()
#20 [internal function]: Laravel\\Telescope\\Storage\\DatabaseEntriesRepository->Laravel\\Telescope\\Storage\\{closure}()
#21 /tmp/abdoElHodaky/larvrevrstender/services/auth-service/vendor/laravel/framework/src/Illuminate/Collections/Arr.php(840): array_map()
#22 /tmp/abdoElHodaky/larvrevrstender/services/auth-service/vendor/laravel/framework/src/Illuminate/Collections/Collection.php(829): Illuminate\\Support\\Arr::map()
#23 /tmp/abdoElHodaky/larvrevrstender/services/auth-service/vendor/laravel/telescope/src/Storage/DatabaseEntriesRepository.php(164): Illuminate\\Support\\Collection->map()
#24 /tmp/abdoElHodaky/larvrevrstender/services/auth-service/vendor/laravel/framework/src/Illuminate/Collections/Traits/EnumeratesValues.php(275): Laravel\\Telescope\\Storage\\DatabaseEntriesRepository->Laravel\\Telescope\\Storage\\{closure}()
#25 /tmp/abdoElHodaky/larvrevrstender/services/auth-service/vendor/laravel/telescope/src/Storage/DatabaseEntriesRepository.php(163): Illuminate\\Support\\Collection->each()
#26 /tmp/abdoElHodaky/larvrevrstender/services/auth-service/vendor/laravel/telescope/src/Storage/DatabaseEntriesRepository.php(140): Laravel\\Telescope\\Storage\\DatabaseEntriesRepository->storeExceptions()
#27 /tmp/abdoElHodaky/larvrevrstender/services/auth-service/vendor/laravel/telescope/src/Telescope.php(664): Laravel\\Telescope\\Storage\\DatabaseEntriesRepository->store()
#28 [internal function]: Laravel\\Telescope\\Telescope::Laravel\\Telescope\\{closure}()
#29 /tmp/abdoElHodaky/larvrevrstender/services/auth-service/vendor/laravel/telescope/src/Telescope.php(289): call_user_func()
#30 /tmp/abdoElHodaky/larvrevrstender/services/auth-service/vendor/laravel/telescope/src/Telescope.php(656): Laravel\\Telescope\\Telescope::withoutRecording()
#31 /tmp/abdoElHodaky/larvrevrstender/services/auth-service/vendor/laravel/telescope/src/ListensForStorageOpportunities.php(65): Laravel\\Telescope\\Telescope::store()
#32 /tmp/abdoElHodaky/larvrevrstender/services/auth-service/vendor/laravel/framework/src/Illuminate/Container/BoundMethod.php(36): Laravel\\Telescope\\Telescope::Laravel\\Telescope\\{closure}()
#33 /tmp/abdoElHodaky/larvrevrstender/services/auth-service/vendor/laravel/framework/src/Illuminate/Container/Util.php(43): Illuminate\\Container\\BoundMethod::Illuminate\\Container\\{closure}()
#34 /tmp/abdoElHodaky/larvrevrstender/services/auth-service/vendor/laravel/framework/src/Illuminate/Container/BoundMethod.php(84): Illuminate\\Container\\Util::unwrapIfClosure()
#35 /tmp/abdoElHodaky/larvrevrstender/services/auth-service/vendor/laravel/framework/src/Illuminate/Container/BoundMethod.php(35): Illuminate\\Container\\BoundMethod::callBoundMethod()
#36 /tmp/abdoElHodaky/larvrevrstender/services/auth-service/vendor/laravel/framework/src/Illuminate/Container/Container.php(799): Illuminate\\Container\\BoundMethod::call()
#37 /tmp/abdoElHodaky/larvrevrstender/services/auth-service/vendor/laravel/framework/src/Illuminate/Foundation/Application.php(1466): Illuminate\\Container\\Container->call()
#38 /tmp/abdoElHodaky/larvrevrstender/services/auth-service/vendor/laravel/framework/src/Illuminate/Foundation/Console/Kernel.php(219): Illuminate\\Foundation\\Application->terminate()
#39 /tmp/abdoElHodaky/larvrevrstender/services/auth-service/artisan(51): Illuminate\\Foundation\\Console\\Kernel->terminate()
#40 {main}
"} 
[2026-03-08 13:23:26] local.INFO: Procedure registered {"name":"events","class":"Shared\\Procedures\\CrossServiceProcedure","type":"micro"} 
[2026-03-08 13:23:26] local.INFO: Procedure registered {"name":"cache","class":"Shared\\Procedures\\CrossServiceProcedure","type":"micro"} 
[2026-03-08 13:23:26] local.INFO: Procedure registered {"name":"notification","class":"Shared\\Procedures\\CrossServiceProcedure","type":"micro"} 
[2026-03-08 13:23:26] local.INFO: Procedure registered {"name":"validation","class":"Shared\\Procedures\\CrossServiceProcedure","type":"micro"} 
[2026-03-08 13:23:26] local.INFO: Procedure registered {"name":"security","class":"Shared\\Procedures\\CrossServiceProcedure","type":"micro"} 
[2026-03-08 13:23:26] local.INFO: Procedure registered {"name":"circuit_breaker","class":"Shared\\Procedures\\CrossServiceProcedure","type":"micro"} 
[2026-03-08 13:23:26] local.INFO: Procedure registered {"name":"queue_circuit_breaker","class":"Shared\\Procedures\\CrossServiceProcedure","type":"micro"} 
[2026-03-08 13:23:26] local.INFO: Procedure registered {"name":"third_party_integration","class":"Shared\\Procedures\\CrossServiceProcedure","type":"micro"} 
[2026-03-08 13:23:26] local.INFO: Procedure registered {"name":"workflow","class":"Shared\\Procedures\\CrossServiceProcedure","type":"macro"} 
[2026-03-08 13:23:27] local.ERROR: SQLSTATE[08006] [7] connection to server at "127.0.0.1", port 5432 failed: Connection refused
	Is the server running on that host and accepting TCP/IP connections? (Connection: pgsql, Host: 127.0.0.1, Port: 5432, Database: auth_service, SQL: insert into "telescope_entries" ("batch_id", "content", "created_at", "family_hash", "type", "uuid") values (a1401154-2db6-46b6-94ea-d06388d19b90, {"level":"info","message":"Procedure registered","context":{"name":"events","class":"Shared\\Procedures\\CrossServiceProcedure","type":"micro"},"hostname":"modal"}, 2026-03-08 13:23:26, ?, log, a1401153-df34-42f2-96d0-2bfb465143a1), (a1401154-2db6-46b6-94ea-d06388d19b90, {"level":"info","message":"Procedure registered","context":{"name":"cache","class":"Shared\\Procedures\\CrossServiceProcedure","type":"micro"},"hostname":"modal"}, 2026-03-08 13:23:26, ?, log, a1401153-e19a-4409-b1e6-e89654ec2232), (a1401154-2db6-46b6-94ea-d06388d19b90, {"level":"info","message":"Procedure registered","context":{"name":"notification","class":"Shared\\Procedures\\CrossServiceProcedure","type":"micro"},"hostname":"modal"}, 2026-03-08 13:23:26, ?, log, a1401153-e1eb-4768-af5a-9cae27af54ae), (a1401154-2db6-46b6-94ea-d06388d19b90, {"level":"info","message":"Procedure registered","context":{"name":"validation","class":"Shared\\Procedures\\CrossServiceProcedure","type":"micro"},"hostname":"modal"}, 2026-03-08 13:23:26, ?, log, a1401153-e23c-4e07-a722-dcf55c2d28da), (a1401154-2db6-46b6-94ea-d06388d19b90, {"level":"info","message":"Procedure registered","context":{"name":"security","class":"Shared\\Procedures\\CrossServiceProcedure","type":"micro"},"hostname":"modal"}, 2026-03-08 13:23:26, ?, log, a1401153-e285-487f-9b00-73dd3a458385), (a1401154-2db6-46b6-94ea-d06388d19b90, {"level":"info","message":"Procedure registered","context":{"name":"circuit_breaker","class":"Shared\\Procedures\\CrossServiceProcedure","type":"micro"},"hostname":"modal"}, 2026-03-08 13:23:26, ?, log, a1401153-e2cc-4942-968e-640fd6111c8c), (a1401154-2db6-46b6-94ea-d06388d19b90, {"level":"info","message":"Procedure registered","context":{"name":"queue_circuit_breaker","class":"Shared\\Procedures\\CrossServiceProcedure","type":"micro"},"hostname":"modal"}, 2026-03-08 13:23:26, ?, log, a1401153-e316-40fa-a45a-d1929bd552b2), (a1401154-2db6-46b6-94ea-d06388d19b90, {"level":"info","message":"Procedure registered","context":{"name":"third_party_integration","class":"Shared\\Procedures\\CrossServiceProcedure","type":"micro"},"hostname":"modal"}, 2026-03-08 13:23:26, ?, log, a1401153-e35d-4c2b-a597-d36d24bf0fca), (a1401154-2db6-46b6-94ea-d06388d19b90, {"level":"info","message":"Procedure registered","context":{"name":"workflow","class":"Shared\\Procedures\\CrossServiceProcedure","type":"macro"},"hostname":"modal"}, 2026-03-08 13:23:26, ?, log, a1401153-e3a2-44a3-9279-9b94c13c2c7d), (a1401154-2db6-46b6-94ea-d06388d19b90, {"command":"help","exit_code":0,"arguments":{"command":"rpc:generate-tokens","command_name":"help"},"options":{"format":"txt","raw":false,"help":true,"silent":false,"quiet":false,"verbose":false,"version":false,"ansi":null,"no-interaction":false,"env":null},"hostname":"modal"}, 2026-03-08 13:23:27, ?, command, a1401154-2cc0-4c88-8257-196bd4689ed3)) {"exception":"[object] (Illuminate\\Database\\QueryException(code: 7): SQLSTATE[08006] [7] connection to server at \"127.0.0.1\", port 5432 failed: Connection refused
\tIs the server running on that host and accepting TCP/IP connections? (Connection: pgsql, Host: 127.0.0.1, Port: 5432, Database: auth_service, SQL: insert into \"telescope_entries\" (\"batch_id\", \"content\", \"created_at\", \"family_hash\", \"type\", \"uuid\") values (a1401154-2db6-46b6-94ea-d06388d19b90, {\"level\":\"info\",\"message\":\"Procedure registered\",\"context\":{\"name\":\"events\",\"class\":\"Shared\\\\Procedures\\\\CrossServiceProcedure\",\"type\":\"micro\"},\"hostname\":\"modal\"}, 2026-03-08 13:23:26, ?, log, a1401153-df34-42f2-96d0-2bfb465143a1), (a1401154-2db6-46b6-94ea-d06388d19b90, {\"level\":\"info\",\"message\":\"Procedure registered\",\"context\":{\"name\":\"cache\",\"class\":\"Shared\\\\Procedures\\\\CrossServiceProcedure\",\"type\":\"micro\"},\"hostname\":\"modal\"}, 2026-03-08 13:23:26, ?, log, a1401153-e19a-4409-b1e6-e89654ec2232), (a1401154-2db6-46b6-94ea-d06388d19b90, {\"level\":\"info\",\"message\":\"Procedure registered\",\"context\":{\"name\":\"notification\",\"class\":\"Shared\\\\Procedures\\\\CrossServiceProcedure\",\"type\":\"micro\"},\"hostname\":\"modal\"}, 2026-03-08 13:23:26, ?, log, a1401153-e1eb-4768-af5a-9cae27af54ae), (a1401154-2db6-46b6-94ea-d06388d19b90, {\"level\":\"info\",\"message\":\"Procedure registered\",\"context\":{\"name\":\"validation\",\"class\":\"Shared\\\\Procedures\\\\CrossServiceProcedure\",\"type\":\"micro\"},\"hostname\":\"modal\"}, 2026-03-08 13:23:26, ?, log, a1401153-e23c-4e07-a722-dcf55c2d28da), (a1401154-2db6-46b6-94ea-d06388d19b90, {\"level\":\"info\",\"message\":\"Procedure registered\",\"context\":{\"name\":\"security\",\"class\":\"Shared\\\\Procedures\\\\CrossServiceProcedure\",\"type\":\"micro\"},\"hostname\":\"modal\"}, 2026-03-08 13:23:26, ?, log, a1401153-e285-487f-9b00-73dd3a458385), (a1401154-2db6-46b6-94ea-d06388d19b90, {\"level\":\"info\",\"message\":\"Procedure registered\",\"context\":{\"name\":\"circuit_breaker\",\"class\":\"Shared\\\\Procedures\\\\CrossServiceProcedure\",\"type\":\"micro\"},\"hostname\":\"modal\"}, 2026-03-08 13:23:26, ?, log, a1401153-e2cc-4942-968e-640fd6111c8c), (a1401154-2db6-46b6-94ea-d06388d19b90, {\"level\":\"info\",\"message\":\"Procedure registered\",\"context\":{\"name\":\"queue_circuit_breaker\",\"class\":\"Shared\\\\Procedures\\\\CrossServiceProcedure\",\"type\":\"micro\"},\"hostname\":\"modal\"}, 2026-03-08 13:23:26, ?, log, a1401153-e316-40fa-a45a-d1929bd552b2), (a1401154-2db6-46b6-94ea-d06388d19b90, {\"level\":\"info\",\"message\":\"Procedure registered\",\"context\":{\"name\":\"third_party_integration\",\"class\":\"Shared\\\\Procedures\\\\CrossServiceProcedure\",\"type\":\"micro\"},\"hostname\":\"modal\"}, 2026-03-08 13:23:26, ?, log, a1401153-e35d-4c2b-a597-d36d24bf0fca), (a1401154-2db6-46b6-94ea-d06388d19b90, {\"level\":\"info\",\"message\":\"Procedure registered\",\"context\":{\"name\":\"workflow\",\"class\":\"Shared\\\\Procedures\\\\CrossServiceProcedure\",\"type\":\"macro\"},\"hostname\":\"modal\"}, 2026-03-08 13:23:26, ?, log, a1401153-e3a2-44a3-9279-9b94c13c2c7d), (a1401154-2db6-46b6-94ea-d06388d19b90, {\"command\":\"help\",\"exit_code\":0,\"arguments\":{\"command\":\"rpc:generate-tokens\",\"command_name\":\"help\"},\"options\":{\"format\":\"txt\",\"raw\":false,\"help\":true,\"silent\":false,\"quiet\":false,\"verbose\":false,\"version\":false,\"ansi\":null,\"no-interaction\":false,\"env\":null},\"hostname\":\"modal\"}, 2026-03-08 13:23:27, ?, command, a1401154-2cc0-4c88-8257-196bd4689ed3)) at /tmp/abdoElHodaky/larvrevrstender/services/auth-service/vendor/laravel/framework/src/Illuminate/Database/Connection.php:838)
[stacktrace]
#0 /tmp/abdoElHodaky/larvrevrstender/services/auth-service/vendor/laravel/framework/src/Illuminate/Database/Connection.php(794): Illuminate\\Database\\Connection->runQueryCallback()
#1 /tmp/abdoElHodaky/larvrevrstender/services/auth-service/vendor/laravel/framework/src/Illuminate/Database/Connection.php(573): Illuminate\\Database\\Connection->run()
#2 /tmp/abdoElHodaky/larvrevrstender/services/auth-service/vendor/laravel/framework/src/Illuminate/Database/Connection.php(537): Illuminate\\Database\\Connection->statement()
#3 /tmp/abdoElHodaky/larvrevrstender/services/auth-service/vendor/laravel/framework/src/Illuminate/Database/Query/Builder.php(4091): Illuminate\\Database\\Connection->insert()
#4 /tmp/abdoElHodaky/larvrevrstender/services/auth-service/vendor/laravel/telescope/src/Storage/DatabaseEntriesRepository.php(145): Illuminate\\Database\\Query\\Builder->insert()
#5 /tmp/abdoElHodaky/larvrevrstender/services/auth-service/vendor/laravel/framework/src/Illuminate/Collections/Traits/EnumeratesValues.php(275): Laravel\\Telescope\\Storage\\DatabaseEntriesRepository->Laravel\\Telescope\\Storage\\{closure}()
#6 /tmp/abdoElHodaky/larvrevrstender/services/auth-service/vendor/laravel/telescope/src/Storage/DatabaseEntriesRepository.php(144): Illuminate\\Support\\Collection->each()
#7 /tmp/abdoElHodaky/larvrevrstender/services/auth-service/vendor/laravel/telescope/src/Telescope.php(664): Laravel\\Telescope\\Storage\\DatabaseEntriesRepository->store()
#8 [internal function]: Laravel\\Telescope\\Telescope::Laravel\\Telescope\\{closure}()
#9 /tmp/abdoElHodaky/larvrevrstender/services/auth-service/vendor/laravel/telescope/src/Telescope.php(289): call_user_func()
#10 /tmp/abdoElHodaky/larvrevrstender/services/auth-service/vendor/laravel/telescope/src/Telescope.php(656): Laravel\\Telescope\\Telescope::withoutRecording()
#11 /tmp/abdoElHodaky/larvrevrstender/services/auth-service/vendor/laravel/telescope/src/ListensForStorageOpportunities.php(65): Laravel\\Telescope\\Telescope::store()
#12 /tmp/abdoElHodaky/larvrevrstender/services/auth-service/vendor/laravel/framework/src/Illuminate/Container/BoundMethod.php(36): Laravel\\Telescope\\Telescope::Laravel\\Telescope\\{closure}()
#13 /tmp/abdoElHodaky/larvrevrstender/services/auth-service/vendor/laravel/framework/src/Illuminate/Container/Util.php(43): Illuminate\\Container\\BoundMethod::Illuminate\\Container\\{closure}()
#14 /tmp/abdoElHodaky/larvrevrstender/services/auth-service/vendor/laravel/framework/src/Illuminate/Container/BoundMethod.php(84): Illuminate\\Container\\Util::unwrapIfClosure()
#15 /tmp/abdoElHodaky/larvrevrstender/services/auth-service/vendor/laravel/framework/src/Illuminate/Container/BoundMethod.php(35): Illuminate\\Container\\BoundMethod::callBoundMethod()
#16 /tmp/abdoElHodaky/larvrevrstender/services/auth-service/vendor/laravel/framework/src/Illuminate/Container/Container.php(799): Illuminate\\Container\\BoundMethod::call()
#17 /tmp/abdoElHodaky/larvrevrstender/services/auth-service/vendor/laravel/framework/src/Illuminate/Foundation/Application.php(1466): Illuminate\\Container\\Container->call()
#18 /tmp/abdoElHodaky/larvrevrstender/services/auth-service/vendor/laravel/framework/src/Illuminate/Foundation/Console/Kernel.php(219): Illuminate\\Foundation\\Application->terminate()
#19 /tmp/abdoElHodaky/larvrevrstender/services/auth-service/artisan(51): Illuminate\\Foundation\\Console\\Kernel->terminate()
#20 {main}

[previous exception] [object] (PDOException(code: 7): SQLSTATE[08006] [7] connection to server at \"127.0.0.1\", port 5432 failed: Connection refused
\tIs the server running on that host and accepting TCP/IP connections? at /tmp/abdoElHodaky/larvrevrstender/services/auth-service/vendor/laravel/framework/src/Illuminate/Database/Connectors/Connector.php:66)
[stacktrace]
#0 /tmp/abdoElHodaky/larvrevrstender/services/auth-service/vendor/laravel/framework/src/Illuminate/Database/Connectors/Connector.php(66): PDO->__construct()
#1 /tmp/abdoElHodaky/larvrevrstender/services/auth-service/vendor/laravel/framework/src/Illuminate/Database/Connectors/Connector.php(44): Illuminate\\Database\\Connectors\\Connector->createPdoConnection()
#2 /tmp/abdoElHodaky/larvrevrstender/services/auth-service/vendor/laravel/framework/src/Illuminate/Database/Connectors/PostgresConnector.php(35): Illuminate\\Database\\Connectors\\Connector->createConnection()
#3 /tmp/abdoElHodaky/larvrevrstender/services/auth-service/vendor/laravel/framework/src/Illuminate/Database/Connectors/ConnectionFactory.php(186): Illuminate\\Database\\Connectors\\PostgresConnector->connect()
#4 [internal function]: Illuminate\\Database\\Connectors\\ConnectionFactory->Illuminate\\Database\\Connectors\\{closure}()
#5 /tmp/abdoElHodaky/larvrevrstender/services/auth-service/vendor/laravel/framework/src/Illuminate/Database/Connection.php(1257): call_user_func()
#6 /tmp/abdoElHodaky/larvrevrstender/services/auth-service/vendor/laravel/framework/src/Illuminate/Database/Connection.php(578): Illuminate\\Database\\Connection->getPdo()
#7 /tmp/abdoElHodaky/larvrevrstender/services/auth-service/vendor/laravel/framework/src/Illuminate/Database/Connection.php(827): Illuminate\\Database\\Connection->Illuminate\\Database\\{closure}()
#8 /tmp/abdoElHodaky/larvrevrstender/services/auth-service/vendor/laravel/framework/src/Illuminate/Database/Connection.php(794): Illuminate\\Database\\Connection->runQueryCallback()
#9 /tmp/abdoElHodaky/larvrevrstender/services/auth-service/vendor/laravel/framework/src/Illuminate/Database/Connection.php(573): Illuminate\\Database\\Connection->run()
#10 /tmp/abdoElHodaky/larvrevrstender/services/auth-service/vendor/laravel/framework/src/Illuminate/Database/Connection.php(537): Illuminate\\Database\\Connection->statement()
#11 /tmp/abdoElHodaky/larvrevrstender/services/auth-service/vendor/laravel/framework/src/Illuminate/Database/Query/Builder.php(4091): Illuminate\\Database\\Connection->insert()
#12 /tmp/abdoElHodaky/larvrevrstender/services/auth-service/vendor/laravel/telescope/src/Storage/DatabaseEntriesRepository.php(145): Illuminate\\Database\\Query\\Builder->insert()
#13 /tmp/abdoElHodaky/larvrevrstender/services/auth-service/vendor/laravel/framework/src/Illuminate/Collections/Traits/EnumeratesValues.php(275): Laravel\\Telescope\\Storage\\DatabaseEntriesRepository->Laravel\\Telescope\\Storage\\{closure}()
#14 /tmp/abdoElHodaky/larvrevrstender/services/auth-service/vendor/laravel/telescope/src/Storage/DatabaseEntriesRepository.php(144): Illuminate\\Support\\Collection->each()
#15 /tmp/abdoElHodaky/larvrevrstender/services/auth-service/vendor/laravel/telescope/src/Telescope.php(664): Laravel\\Telescope\\Storage\\DatabaseEntriesRepository->store()
#16 [internal function]: Laravel\\Telescope\\Telescope::Laravel\\Telescope\\{closure}()
#17 /tmp/abdoElHodaky/larvrevrstender/services/auth-service/vendor/laravel/telescope/src/Telescope.php(289): call_user_func()
#18 /tmp/abdoElHodaky/larvrevrstender/services/auth-service/vendor/laravel/telescope/src/Telescope.php(656): Laravel\\Telescope\\Telescope::withoutRecording()
#19 /tmp/abdoElHodaky/larvrevrstender/services/auth-service/vendor/laravel/telescope/src/ListensForStorageOpportunities.php(65): Laravel\\Telescope\\Telescope::store()
#20 /tmp/abdoElHodaky/larvrevrstender/services/auth-service/vendor/laravel/framework/src/Illuminate/Container/BoundMethod.php(36): Laravel\\Telescope\\Telescope::Laravel\\Telescope\\{closure}()
#21 /tmp/abdoElHodaky/larvrevrstender/services/auth-service/vendor/laravel/framework/src/Illuminate/Container/Util.php(43): Illuminate\\Container\\BoundMethod::Illuminate\\Container\\{closure}()
#22 /tmp/abdoElHodaky/larvrevrstender/services/auth-service/vendor/laravel/framework/src/Illuminate/Container/BoundMethod.php(84): Illuminate\\Container\\Util::unwrapIfClosure()
#23 /tmp/abdoElHodaky/larvrevrstender/services/auth-service/vendor/laravel/framework/src/Illuminate/Container/BoundMethod.php(35): Illuminate\\Container\\BoundMethod::callBoundMethod()
#24 /tmp/abdoElHodaky/larvrevrstender/services/auth-service/vendor/laravel/framework/src/Illuminate/Container/Container.php(799): Illuminate\\Container\\BoundMethod::call()
#25 /tmp/abdoElHodaky/larvrevrstender/services/auth-service/vendor/laravel/framework/src/Illuminate/Foundation/Application.php(1466): Illuminate\\Container\\Container->call()
#26 /tmp/abdoElHodaky/larvrevrstender/services/auth-service/vendor/laravel/framework/src/Illuminate/Foundation/Console/Kernel.php(219): Illuminate\\Foundation\\Application->terminate()
#27 /tmp/abdoElHodaky/larvrevrstender/services/auth-service/artisan(51): Illuminate\\Foundation\\Console\\Kernel->terminate()
#28 {main}
"} 
[2026-03-08 13:23:42] local.INFO: Procedure registered {"name":"events","class":"Shared\\Procedures\\CrossServiceProcedure","type":"micro"} 
[2026-03-08 13:23:42] local.INFO: Procedure registered {"name":"cache","class":"Shared\\Procedures\\CrossServiceProcedure","type":"micro"} 
[2026-03-08 13:23:42] local.INFO: Procedure registered {"name":"notification","class":"Shared\\Procedures\\CrossServiceProcedure","type":"micro"} 
[2026-03-08 13:23:42] local.INFO: Procedure registered {"name":"validation","class":"Shared\\Procedures\\CrossServiceProcedure","type":"micro"} 
[2026-03-08 13:23:42] local.INFO: Procedure registered {"name":"security","class":"Shared\\Procedures\\CrossServiceProcedure","type":"micro"} 
[2026-03-08 13:23:42] local.INFO: Procedure registered {"name":"circuit_breaker","class":"Shared\\Procedures\\CrossServiceProcedure","type":"micro"} 
[2026-03-08 13:23:42] local.INFO: Procedure registered {"name":"queue_circuit_breaker","class":"Shared\\Procedures\\CrossServiceProcedure","type":"micro"} 
[2026-03-08 13:23:42] local.INFO: Procedure registered {"name":"third_party_integration","class":"Shared\\Procedures\\CrossServiceProcedure","type":"micro"} 
[2026-03-08 13:23:42] local.INFO: Procedure registered {"name":"workflow","class":"Shared\\Procedures\\CrossServiceProcedure","type":"macro"} 
[2026-03-08 13:23:42] local.ERROR: SQLSTATE[08006] [7] connection to server at "127.0.0.1", port 5432 failed: Connection refused
	Is the server running on that host and accepting TCP/IP connections? (Connection: pgsql, Host: 127.0.0.1, Port: 5432, Database: auth_service, SQL: select exists (select 1 from pg_class c, pg_namespace n where n.nspname = current_schema() and c.relname = 'migrations' and c.relkind in ('r', 'p') and n.oid = c.relnamespace)) {"exception":"[object] (Illuminate\\Database\\QueryException(code: 7): SQLSTATE[08006] [7] connection to server at \"127.0.0.1\", port 5432 failed: Connection refused
\tIs the server running on that host and accepting TCP/IP connections? (Connection: pgsql, Host: 127.0.0.1, Port: 5432, Database: auth_service, SQL: select exists (select 1 from pg_class c, pg_namespace n where n.nspname = current_schema() and c.relname = 'migrations' and c.relkind in ('r', 'p') and n.oid = c.relnamespace)) at /tmp/abdoElHodaky/larvrevrstender/services/auth-service/vendor/laravel/framework/src/Illuminate/Database/Connection.php:838)
[stacktrace]
#0 /tmp/abdoElHodaky/larvrevrstender/services/auth-service/vendor/laravel/framework/src/Illuminate/Database/Connection.php(794): Illuminate\\Database\\Connection->runQueryCallback()
#1 /tmp/abdoElHodaky/larvrevrstender/services/auth-service/vendor/laravel/framework/src/Illuminate/Database/Connection.php(411): Illuminate\\Database\\Connection->run()
#2 /tmp/abdoElHodaky/larvrevrstender/services/auth-service/vendor/laravel/framework/src/Illuminate/Database/Connection.php(357): Illuminate\\Database\\Connection->select()
#3 /tmp/abdoElHodaky/larvrevrstender/services/auth-service/vendor/laravel/framework/src/Illuminate/Database/Connection.php(374): Illuminate\\Database\\Connection->selectOne()
#4 /tmp/abdoElHodaky/larvrevrstender/services/auth-service/vendor/laravel/framework/src/Illuminate/Database/Schema/Builder.php(176): Illuminate\\Database\\Connection->scalar()
#5 /tmp/abdoElHodaky/larvrevrstender/services/auth-service/vendor/laravel/framework/src/Illuminate/Database/Migrations/DatabaseMigrationRepository.php(185): Illuminate\\Database\\Schema\\Builder->hasTable()
#6 /tmp/abdoElHodaky/larvrevrstender/services/auth-service/vendor/laravel/framework/src/Illuminate/Database/Migrations/Migrator.php(758): Illuminate\\Database\\Migrations\\DatabaseMigrationRepository->repositoryExists()
#7 /tmp/abdoElHodaky/larvrevrstender/services/auth-service/vendor/laravel/framework/src/Illuminate/Database/Console/Migrations/StatusCommand.php(55): Illuminate\\Database\\Migrations\\Migrator->repositoryExists()
#8 /tmp/abdoElHodaky/larvrevrstender/services/auth-service/vendor/laravel/framework/src/Illuminate/Database/Migrations/Migrator.php(671): Illuminate\\Database\\Console\\Migrations\\StatusCommand->Illuminate\\Database\\Console\\Migrations\\{closure}()
#9 /tmp/abdoElHodaky/larvrevrstender/services/auth-service/vendor/laravel/framework/src/Illuminate/Database/Console/Migrations/StatusCommand.php(54): Illuminate\\Database\\Migrations\\Migrator->usingConnection()
#10 /tmp/abdoElHodaky/larvrevrstender/services/auth-service/vendor/laravel/framework/src/Illuminate/Container/BoundMethod.php(36): Illuminate\\Database\\Console\\Migrations\\StatusCommand->handle()
#11 /tmp/abdoElHodaky/larvrevrstender/services/auth-service/vendor/laravel/framework/src/Illuminate/Container/Util.php(43): Illuminate\\Container\\BoundMethod::Illuminate\\Container\\{closure}()
#12 /tmp/abdoElHodaky/larvrevrstender/services/auth-service/vendor/laravel/framework/src/Illuminate/Container/BoundMethod.php(96): Illuminate\\Container\\Util::unwrapIfClosure()
#13 /tmp/abdoElHodaky/larvrevrstender/services/auth-service/vendor/laravel/framework/src/Illuminate/Container/BoundMethod.php(35): Illuminate\\Container\\BoundMethod::callBoundMethod()
#14 /tmp/abdoElHodaky/larvrevrstender/services/auth-service/vendor/laravel/framework/src/Illuminate/Container/Container.php(799): Illuminate\\Container\\BoundMethod::call()
#15 /tmp/abdoElHodaky/larvrevrstender/services/auth-service/vendor/laravel/framework/src/Illuminate/Console/Command.php(211): Illuminate\\Container\\Container->call()
#16 /tmp/abdoElHodaky/larvrevrstender/services/auth-service/vendor/symfony/console/Command/Command.php(341): Illuminate\\Console\\Command->execute()
#17 /tmp/abdoElHodaky/larvrevrstender/services/auth-service/vendor/laravel/framework/src/Illuminate/Console/Command.php(180): Symfony\\Component\\Console\\Command\\Command->run()
#18 /tmp/abdoElHodaky/larvrevrstender/services/auth-service/vendor/symfony/console/Application.php(1117): Illuminate\\Console\\Command->run()
#19 /tmp/abdoElHodaky/larvrevrstender/services/auth-service/vendor/symfony/console/Application.php(356): Symfony\\Component\\Console\\Application->doRunCommand()
#20 /tmp/abdoElHodaky/larvrevrstender/services/auth-service/vendor/symfony/console/Application.php(195): Symfony\\Component\\Console\\Application->doRun()
#21 /tmp/abdoElHodaky/larvrevrstender/services/auth-service/vendor/laravel/framework/src/Illuminate/Foundation/Console/Kernel.php(198): Symfony\\Component\\Console\\Application->run()
#22 /tmp/abdoElHodaky/larvrevrstender/services/auth-service/artisan(35): Illuminate\\Foundation\\Console\\Kernel->handle()
#23 {main}

[previous exception] [object] (PDOException(code: 7): SQLSTATE[08006] [7] connection to server at \"127.0.0.1\", port 5432 failed: Connection refused
\tIs the server running on that host and accepting TCP/IP connections? at /tmp/abdoElHodaky/larvrevrstender/services/auth-service/vendor/laravel/framework/src/Illuminate/Database/Connectors/Connector.php:66)
[stacktrace]
#0 /tmp/abdoElHodaky/larvrevrstender/services/auth-service/vendor/laravel/framework/src/Illuminate/Database/Connectors/Connector.php(66): PDO->__construct()
#1 /tmp/abdoElHodaky/larvrevrstender/services/auth-service/vendor/laravel/framework/src/Illuminate/Database/Connectors/Connector.php(44): Illuminate\\Database\\Connectors\\Connector->createPdoConnection()
#2 /tmp/abdoElHodaky/larvrevrstender/services/auth-service/vendor/laravel/framework/src/Illuminate/Database/Connectors/PostgresConnector.php(35): Illuminate\\Database\\Connectors\\Connector->createConnection()
#3 /tmp/abdoElHodaky/larvrevrstender/services/auth-service/vendor/laravel/framework/src/Illuminate/Database/Connectors/ConnectionFactory.php(186): Illuminate\\Database\\Connectors\\PostgresConnector->connect()
#4 [internal function]: Illuminate\\Database\\Connectors\\ConnectionFactory->Illuminate\\Database\\Connectors\\{closure}()
#5 /tmp/abdoElHodaky/larvrevrstender/services/auth-service/vendor/laravel/framework/src/Illuminate/Database/Connection.php(1257): call_user_func()
#6 /tmp/abdoElHodaky/larvrevrstender/services/auth-service/vendor/laravel/framework/src/Illuminate/Database/Connection.php(1295): Illuminate\\Database\\Connection->getPdo()
#7 /tmp/abdoElHodaky/larvrevrstender/services/auth-service/vendor/laravel/framework/src/Illuminate/Database/Connection.php(525): Illuminate\\Database\\Connection->getReadPdo()
#8 /tmp/abdoElHodaky/larvrevrstender/services/auth-service/vendor/laravel/framework/src/Illuminate/Database/Connection.php(420): Illuminate\\Database\\Connection->getPdoForSelect()
#9 /tmp/abdoElHodaky/larvrevrstender/services/auth-service/vendor/laravel/framework/src/Illuminate/Database/Connection.php(827): Illuminate\\Database\\Connection->Illuminate\\Database\\{closure}()
#10 /tmp/abdoElHodaky/larvrevrstender/services/auth-service/vendor/laravel/framework/src/Illuminate/Database/Connection.php(794): Illuminate\\Database\\Connection->runQueryCallback()
#11 /tmp/abdoElHodaky/larvrevrstender/services/auth-service/vendor/laravel/framework/src/Illuminate/Database/Connection.php(411): Illuminate\\Database\\Connection->run()
#12 /tmp/abdoElHodaky/larvrevrstender/services/auth-service/vendor/laravel/framework/src/Illuminate/Database/Connection.php(357): Illuminate\\Database\\Connection->select()
#13 /tmp/abdoElHodaky/larvrevrstender/services/auth-service/vendor/laravel/framework/src/Illuminate/Database/Connection.php(374): Illuminate\\Database\\Connection->selectOne()
#14 /tmp/abdoElHodaky/larvrevrstender/services/auth-service/vendor/laravel/framework/src/Illuminate/Database/Schema/Builder.php(176): Illuminate\\Database\\Connection->scalar()
#15 /tmp/abdoElHodaky/larvrevrstender/services/auth-service/vendor/laravel/framework/src/Illuminate/Database/Migrations/DatabaseMigrationRepository.php(185): Illuminate\\Database\\Schema\\Builder->hasTable()
#16 /tmp/abdoElHodaky/larvrevrstender/services/auth-service/vendor/laravel/framework/src/Illuminate/Database/Migrations/Migrator.php(758): Illuminate\\Database\\Migrations\\DatabaseMigrationRepository->repositoryExists()
#17 /tmp/abdoElHodaky/larvrevrstender/services/auth-service/vendor/laravel/framework/src/Illuminate/Database/Console/Migrations/StatusCommand.php(55): Illuminate\\Database\\Migrations\\Migrator->repositoryExists()
#18 /tmp/abdoElHodaky/larvrevrstender/services/auth-service/vendor/laravel/framework/src/Illuminate/Database/Migrations/Migrator.php(671): Illuminate\\Database\\Console\\Migrations\\StatusCommand->Illuminate\\Database\\Console\\Migrations\\{closure}()
#19 /tmp/abdoElHodaky/larvrevrstender/services/auth-service/vendor/laravel/framework/src/Illuminate/Database/Console/Migrations/StatusCommand.php(54): Illuminate\\Database\\Migrations\\Migrator->usingConnection()
#20 /tmp/abdoElHodaky/larvrevrstender/services/auth-service/vendor/laravel/framework/src/Illuminate/Container/BoundMethod.php(36): Illuminate\\Database\\Console\\Migrations\\StatusCommand->handle()
#21 /tmp/abdoElHodaky/larvrevrstender/services/auth-service/vendor/laravel/framework/src/Illuminate/Container/Util.php(43): Illuminate\\Container\\BoundMethod::Illuminate\\Container\\{closure}()
#22 /tmp/abdoElHodaky/larvrevrstender/services/auth-service/vendor/laravel/framework/src/Illuminate/Container/BoundMethod.php(96): Illuminate\\Container\\Util::unwrapIfClosure()
#23 /tmp/abdoElHodaky/larvrevrstender/services/auth-service/vendor/laravel/framework/src/Illuminate/Container/BoundMethod.php(35): Illuminate\\Container\\BoundMethod::callBoundMethod()
#24 /tmp/abdoElHodaky/larvrevrstender/services/auth-service/vendor/laravel/framework/src/Illuminate/Container/Container.php(799): Illuminate\\Container\\BoundMethod::call()
#25 /tmp/abdoElHodaky/larvrevrstender/services/auth-service/vendor/laravel/framework/src/Illuminate/Console/Command.php(211): Illuminate\\Container\\Container->call()
#26 /tmp/abdoElHodaky/larvrevrstender/services/auth-service/vendor/symfony/console/Command/Command.php(341): Illuminate\\Console\\Command->execute()
#27 /tmp/abdoElHodaky/larvrevrstender/services/auth-service/vendor/laravel/framework/src/Illuminate/Console/Command.php(180): Symfony\\Component\\Console\\Command\\Command->run()
#28 /tmp/abdoElHodaky/larvrevrstender/services/auth-service/vendor/symfony/console/Application.php(1117): Illuminate\\Console\\Command->run()
#29 /tmp/abdoElHodaky/larvrevrstender/services/auth-service/vendor/symfony/console/Application.php(356): Symfony\\Component\\Console\\Application->doRunCommand()
#30 /tmp/abdoElHodaky/larvrevrstender/services/auth-service/vendor/symfony/console/Application.php(195): Symfony\\Component\\Console\\Application->doRun()
#31 /tmp/abdoElHodaky/larvrevrstender/services/auth-service/vendor/laravel/framework/src/Illuminate/Foundation/Console/Kernel.php(198): Symfony\\Component\\Console\\Application->run()
#32 /tmp/abdoElHodaky/larvrevrstender/services/auth-service/artisan(35): Illuminate\\Foundation\\Console\\Kernel->handle()
#33 {main}
"} 
[2026-03-08 13:23:42] local.ERROR: SQLSTATE[08006] [7] connection to server at "127.0.0.1", port 5432 failed: Connection refused
	Is the server running on that host and accepting TCP/IP connections? (Connection: pgsql, Host: 127.0.0.1, Port: 5432, Database: auth_service, SQL: select count(*) as aggregate from "telescope_entries" where "type" = exception and "family_hash" = ddead65a7144cfc474909106cfe155ba) {"exception":"[object] (Illuminate\\Database\\QueryException(code: 7): SQLSTATE[08006] [7] connection to server at \"127.0.0.1\", port 5432 failed: Connection refused
\tIs the server running on that host and accepting TCP/IP connections? (Connection: pgsql, Host: 127.0.0.1, Port: 5432, Database: auth_service, SQL: select count(*) as aggregate from \"telescope_entries\" where \"type\" = exception and \"family_hash\" = ddead65a7144cfc474909106cfe155ba) at /tmp/abdoElHodaky/larvrevrstender/services/auth-service/vendor/laravel/framework/src/Illuminate/Database/Connection.php:838)
[stacktrace]
#0 /tmp/abdoElHodaky/larvrevrstender/services/auth-service/vendor/laravel/framework/src/Illuminate/Database/Connection.php(794): Illuminate\\Database\\Connection->runQueryCallback()
#1 /tmp/abdoElHodaky/larvrevrstender/services/auth-service/vendor/laravel/framework/src/Illuminate/Database/Connection.php(411): Illuminate\\Database\\Connection->run()
#2 /tmp/abdoElHodaky/larvrevrstender/services/auth-service/vendor/laravel/framework/src/Illuminate/Database/Query/Builder.php(3475): Illuminate\\Database\\Connection->select()
#3 /tmp/abdoElHodaky/larvrevrstender/services/auth-service/vendor/laravel/framework/src/Illuminate/Database/Query/Builder.php(3460): Illuminate\\Database\\Query\\Builder->runSelect()
#4 /tmp/abdoElHodaky/larvrevrstender/services/auth-service/vendor/laravel/framework/src/Illuminate/Database/Query/Builder.php(4050): Illuminate\\Database\\Query\\Builder->Illuminate\\Database\\Query\\{closure}()
#5 /tmp/abdoElHodaky/larvrevrstender/services/auth-service/vendor/laravel/framework/src/Illuminate/Database/Query/Builder.php(3459): Illuminate\\Database\\Query\\Builder->onceWithColumns()
#6 /tmp/abdoElHodaky/larvrevrstender/services/auth-service/vendor/laravel/framework/src/Illuminate/Database/Query/Builder.php(3974): Illuminate\\Database\\Query\\Builder->get()
#7 /tmp/abdoElHodaky/larvrevrstender/services/auth-service/vendor/laravel/framework/src/Illuminate/Database/Query/Builder.php(3902): Illuminate\\Database\\Query\\Builder->aggregate()
#8 /tmp/abdoElHodaky/larvrevrstender/services/auth-service/vendor/laravel/telescope/src/Storage/DatabaseEntriesRepository.php(123): Illuminate\\Database\\Query\\Builder->count()
#9 /tmp/abdoElHodaky/larvrevrstender/services/auth-service/vendor/laravel/telescope/src/Storage/DatabaseEntriesRepository.php(165): Laravel\\Telescope\\Storage\\DatabaseEntriesRepository->countExceptionOccurences()
#10 [internal function]: Laravel\\Telescope\\Storage\\DatabaseEntriesRepository->Laravel\\Telescope\\Storage\\{closure}()
#11 /tmp/abdoElHodaky/larvrevrstender/services/auth-service/vendor/laravel/framework/src/Illuminate/Collections/Arr.php(840): array_map()
#12 /tmp/abdoElHodaky/larvrevrstender/services/auth-service/vendor/laravel/framework/src/Illuminate/Collections/Collection.php(829): Illuminate\\Support\\Arr::map()
#13 /tmp/abdoElHodaky/larvrevrstender/services/auth-service/vendor/laravel/telescope/src/Storage/DatabaseEntriesRepository.php(164): Illuminate\\Support\\Collection->map()
#14 /tmp/abdoElHodaky/larvrevrstender/services/auth-service/vendor/laravel/framework/src/Illuminate/Collections/Traits/EnumeratesValues.php(275): Laravel\\Telescope\\Storage\\DatabaseEntriesRepository->Laravel\\Telescope\\Storage\\{closure}()
#15 /tmp/abdoElHodaky/larvrevrstender/services/auth-service/vendor/laravel/telescope/src/Storage/DatabaseEntriesRepository.php(163): Illuminate\\Support\\Collection->each()
#16 /tmp/abdoElHodaky/larvrevrstender/services/auth-service/vendor/laravel/telescope/src/Storage/DatabaseEntriesRepository.php(140): Laravel\\Telescope\\Storage\\DatabaseEntriesRepository->storeExceptions()
#17 /tmp/abdoElHodaky/larvrevrstender/services/auth-service/vendor/laravel/telescope/src/Telescope.php(664): Laravel\\Telescope\\Storage\\DatabaseEntriesRepository->store()
#18 [internal function]: Laravel\\Telescope\\Telescope::Laravel\\Telescope\\{closure}()
#19 /tmp/abdoElHodaky/larvrevrstender/services/auth-service/vendor/laravel/telescope/src/Telescope.php(289): call_user_func()
#20 /tmp/abdoElHodaky/larvrevrstender/services/auth-service/vendor/laravel/telescope/src/Telescope.php(656): Laravel\\Telescope\\Telescope::withoutRecording()
#21 /tmp/abdoElHodaky/larvrevrstender/services/auth-service/vendor/laravel/telescope/src/ListensForStorageOpportunities.php(65): Laravel\\Telescope\\Telescope::store()
#22 /tmp/abdoElHodaky/larvrevrstender/services/auth-service/vendor/laravel/framework/src/Illuminate/Container/BoundMethod.php(36): Laravel\\Telescope\\Telescope::Laravel\\Telescope\\{closure}()
#23 /tmp/abdoElHodaky/larvrevrstender/services/auth-service/vendor/laravel/framework/src/Illuminate/Container/Util.php(43): Illuminate\\Container\\BoundMethod::Illuminate\\Container\\{closure}()
#24 /tmp/abdoElHodaky/larvrevrstender/services/auth-service/vendor/laravel/framework/src/Illuminate/Container/BoundMethod.php(84): Illuminate\\Container\\Util::unwrapIfClosure()
#25 /tmp/abdoElHodaky/larvrevrstender/services/auth-service/vendor/laravel/framework/src/Illuminate/Container/BoundMethod.php(35): Illuminate\\Container\\BoundMethod::callBoundMethod()
#26 /tmp/abdoElHodaky/larvrevrstender/services/auth-service/vendor/laravel/framework/src/Illuminate/Container/Container.php(799): Illuminate\\Container\\BoundMethod::call()
#27 /tmp/abdoElHodaky/larvrevrstender/services/auth-service/vendor/laravel/framework/src/Illuminate/Foundation/Application.php(1466): Illuminate\\Container\\Container->call()
#28 /tmp/abdoElHodaky/larvrevrstender/services/auth-service/vendor/laravel/framework/src/Illuminate/Foundation/Console/Kernel.php(219): Illuminate\\Foundation\\Application->terminate()
#29 /tmp/abdoElHodaky/larvrevrstender/services/auth-service/artisan(51): Illuminate\\Foundation\\Console\\Kernel->terminate()
#30 {main}

[previous exception] [object] (PDOException(code: 7): SQLSTATE[08006] [7] connection to server at \"127.0.0.1\", port 5432 failed: Connection refused
\tIs the server running on that host and accepting TCP/IP connections? at /tmp/abdoElHodaky/larvrevrstender/services/auth-service/vendor/laravel/framework/src/Illuminate/Database/Connectors/Connector.php:66)
[stacktrace]
#0 /tmp/abdoElHodaky/larvrevrstender/services/auth-service/vendor/laravel/framework/src/Illuminate/Database/Connectors/Connector.php(66): PDO->__construct()
#1 /tmp/abdoElHodaky/larvrevrstender/services/auth-service/vendor/laravel/framework/src/Illuminate/Database/Connectors/Connector.php(44): Illuminate\\Database\\Connectors\\Connector->createPdoConnection()
#2 /tmp/abdoElHodaky/larvrevrstender/services/auth-service/vendor/laravel/framework/src/Illuminate/Database/Connectors/PostgresConnector.php(35): Illuminate\\Database\\Connectors\\Connector->createConnection()
#3 /tmp/abdoElHodaky/larvrevrstender/services/auth-service/vendor/laravel/framework/src/Illuminate/Database/Connectors/ConnectionFactory.php(186): Illuminate\\Database\\Connectors\\PostgresConnector->connect()
#4 [internal function]: Illuminate\\Database\\Connectors\\ConnectionFactory->Illuminate\\Database\\Connectors\\{closure}()
#5 /tmp/abdoElHodaky/larvrevrstender/services/auth-service/vendor/laravel/framework/src/Illuminate/Database/Connection.php(1257): call_user_func()
#6 /tmp/abdoElHodaky/larvrevrstender/services/auth-service/vendor/laravel/framework/src/Illuminate/Database/Connection.php(1295): Illuminate\\Database\\Connection->getPdo()
#7 /tmp/abdoElHodaky/larvrevrstender/services/auth-service/vendor/laravel/framework/src/Illuminate/Database/Connection.php(525): Illuminate\\Database\\Connection->getReadPdo()
#8 /tmp/abdoElHodaky/larvrevrstender/services/auth-service/vendor/laravel/framework/src/Illuminate/Database/Connection.php(420): Illuminate\\Database\\Connection->getPdoForSelect()
#9 /tmp/abdoElHodaky/larvrevrstender/services/auth-service/vendor/laravel/framework/src/Illuminate/Database/Connection.php(827): Illuminate\\Database\\Connection->Illuminate\\Database\\{closure}()
#10 /tmp/abdoElHodaky/larvrevrstender/services/auth-service/vendor/laravel/framework/src/Illuminate/Database/Connection.php(794): Illuminate\\Database\\Connection->runQueryCallback()
#11 /tmp/abdoElHodaky/larvrevrstender/services/auth-service/vendor/laravel/framework/src/Illuminate/Database/Connection.php(411): Illuminate\\Database\\Connection->run()
#12 /tmp/abdoElHodaky/larvrevrstender/services/auth-service/vendor/laravel/framework/src/Illuminate/Database/Query/Builder.php(3475): Illuminate\\Database\\Connection->select()
#13 /tmp/abdoElHodaky/larvrevrstender/services/auth-service/vendor/laravel/framework/src/Illuminate/Database/Query/Builder.php(3460): Illuminate\\Database\\Query\\Builder->runSelect()
#14 /tmp/abdoElHodaky/larvrevrstender/services/auth-service/vendor/laravel/framework/src/Illuminate/Database/Query/Builder.php(4050): Illuminate\\Database\\Query\\Builder->Illuminate\\Database\\Query\\{closure}()
#15 /tmp/abdoElHodaky/larvrevrstender/services/auth-service/vendor/laravel/framework/src/Illuminate/Database/Query/Builder.php(3459): Illuminate\\Database\\Query\\Builder->onceWithColumns()
#16 /tmp/abdoElHodaky/larvrevrstender/services/auth-service/vendor/laravel/framework/src/Illuminate/Database/Query/Builder.php(3974): Illuminate\\Database\\Query\\Builder->get()
#17 /tmp/abdoElHodaky/larvrevrstender/services/auth-service/vendor/laravel/framework/src/Illuminate/Database/Query/Builder.php(3902): Illuminate\\Database\\Query\\Builder->aggregate()
#18 /tmp/abdoElHodaky/larvrevrstender/services/auth-service/vendor/laravel/telescope/src/Storage/DatabaseEntriesRepository.php(123): Illuminate\\Database\\Query\\Builder->count()
#19 /tmp/abdoElHodaky/larvrevrstender/services/auth-service/vendor/laravel/telescope/src/Storage/DatabaseEntriesRepository.php(165): Laravel\\Telescope\\Storage\\DatabaseEntriesRepository->countExceptionOccurences()
#20 [internal function]: Laravel\\Telescope\\Storage\\DatabaseEntriesRepository->Laravel\\Telescope\\Storage\\{closure}()
#21 /tmp/abdoElHodaky/larvrevrstender/services/auth-service/vendor/laravel/framework/src/Illuminate/Collections/Arr.php(840): array_map()
#22 /tmp/abdoElHodaky/larvrevrstender/services/auth-service/vendor/laravel/framework/src/Illuminate/Collections/Collection.php(829): Illuminate\\Support\\Arr::map()
#23 /tmp/abdoElHodaky/larvrevrstender/services/auth-service/vendor/laravel/telescope/src/Storage/DatabaseEntriesRepository.php(164): Illuminate\\Support\\Collection->map()
#24 /tmp/abdoElHodaky/larvrevrstender/services/auth-service/vendor/laravel/framework/src/Illuminate/Collections/Traits/EnumeratesValues.php(275): Laravel\\Telescope\\Storage\\DatabaseEntriesRepository->Laravel\\Telescope\\Storage\\{closure}()
#25 /tmp/abdoElHodaky/larvrevrstender/services/auth-service/vendor/laravel/telescope/src/Storage/DatabaseEntriesRepository.php(163): Illuminate\\Support\\Collection->each()
#26 /tmp/abdoElHodaky/larvrevrstender/services/auth-service/vendor/laravel/telescope/src/Storage/DatabaseEntriesRepository.php(140): Laravel\\Telescope\\Storage\\DatabaseEntriesRepository->storeExceptions()
#27 /tmp/abdoElHodaky/larvrevrstender/services/auth-service/vendor/laravel/telescope/src/Telescope.php(664): Laravel\\Telescope\\Storage\\DatabaseEntriesRepository->store()
#28 [internal function]: Laravel\\Telescope\\Telescope::Laravel\\Telescope\\{closure}()
#29 /tmp/abdoElHodaky/larvrevrstender/services/auth-service/vendor/laravel/telescope/src/Telescope.php(289): call_user_func()
#30 /tmp/abdoElHodaky/larvrevrstender/services/auth-service/vendor/laravel/telescope/src/Telescope.php(656): Laravel\\Telescope\\Telescope::withoutRecording()
#31 /tmp/abdoElHodaky/larvrevrstender/services/auth-service/vendor/laravel/telescope/src/ListensForStorageOpportunities.php(65): Laravel\\Telescope\\Telescope::store()
#32 /tmp/abdoElHodaky/larvrevrstender/services/auth-service/vendor/laravel/framework/src/Illuminate/Container/BoundMethod.php(36): Laravel\\Telescope\\Telescope::Laravel\\Telescope\\{closure}()
#33 /tmp/abdoElHodaky/larvrevrstender/services/auth-service/vendor/laravel/framework/src/Illuminate/Container/Util.php(43): Illuminate\\Container\\BoundMethod::Illuminate\\Container\\{closure}()
#34 /tmp/abdoElHodaky/larvrevrstender/services/auth-service/vendor/laravel/framework/src/Illuminate/Container/BoundMethod.php(84): Illuminate\\Container\\Util::unwrapIfClosure()
#35 /tmp/abdoElHodaky/larvrevrstender/services/auth-service/vendor/laravel/framework/src/Illuminate/Container/BoundMethod.php(35): Illuminate\\Container\\BoundMethod::callBoundMethod()
#36 /tmp/abdoElHodaky/larvrevrstender/services/auth-service/vendor/laravel/framework/src/Illuminate/Container/Container.php(799): Illuminate\\Container\\BoundMethod::call()
#37 /tmp/abdoElHodaky/larvrevrstender/services/auth-service/vendor/laravel/framework/src/Illuminate/Foundation/Application.php(1466): Illuminate\\Container\\Container->call()
#38 /tmp/abdoElHodaky/larvrevrstender/services/auth-service/vendor/laravel/framework/src/Illuminate/Foundation/Console/Kernel.php(219): Illuminate\\Foundation\\Application->terminate()
#39 /tmp/abdoElHodaky/larvrevrstender/services/auth-service/artisan(51): Illuminate\\Foundation\\Console\\Kernel->terminate()
#40 {main}
"} 
[2026-03-08 13:25:05] local.INFO: Procedure registered {"name":"events","class":"Shared\\Procedures\\CrossServiceProcedure","type":"micro"} 
[2026-03-08 13:25:05] local.INFO: Procedure registered {"name":"cache","class":"Shared\\Procedures\\CrossServiceProcedure","type":"micro"} 
[2026-03-08 13:25:05] local.INFO: Procedure registered {"name":"notification","class":"Shared\\Procedures\\CrossServiceProcedure","type":"micro"} 
[2026-03-08 13:25:05] local.INFO: Procedure registered {"name":"validation","class":"Shared\\Procedures\\CrossServiceProcedure","type":"micro"} 
[2026-03-08 13:25:05] local.INFO: Procedure registered {"name":"security","class":"Shared\\Procedures\\CrossServiceProcedure","type":"micro"} 
[2026-03-08 13:25:05] local.INFO: Procedure registered {"name":"circuit_breaker","class":"Shared\\Procedures\\CrossServiceProcedure","type":"micro"} 
[2026-03-08 13:25:05] local.INFO: Procedure registered {"name":"queue_circuit_breaker","class":"Shared\\Procedures\\CrossServiceProcedure","type":"micro"} 
[2026-03-08 13:25:05] local.INFO: Procedure registered {"name":"third_party_integration","class":"Shared\\Procedures\\CrossServiceProcedure","type":"micro"} 
[2026-03-08 13:25:05] local.INFO: Procedure registered {"name":"workflow","class":"Shared\\Procedures\\CrossServiceProcedure","type":"macro"} 
[2026-03-08 13:25:05] local.ERROR: Carbon\Carbon::rawAddUnit(): Argument #3 ($value) must be of type int|float, string given, called in /tmp/abdoElHodaky/larvrevrstender/services/auth-service/vendor/nesbot/carbon/src/Carbon/Traits/Units.php on line 356 {"exception":"[object] (TypeError(code: 0): Carbon\\Carbon::rawAddUnit(): Argument #3 ($value) must be of type int|float, string given, called in /tmp/abdoElHodaky/larvrevrstender/services/auth-service/vendor/nesbot/carbon/src/Carbon/Traits/Units.php on line 356 at /tmp/abdoElHodaky/larvrevrstender/services/auth-service/vendor/nesbot/carbon/src/Carbon/Traits/Units.php:458)
[stacktrace]
#0 /tmp/abdoElHodaky/larvrevrstender/services/auth-service/vendor/nesbot/carbon/src/Carbon/Traits/Units.php(356): Carbon\\Carbon::rawAddUnit()
#1 /tmp/abdoElHodaky/larvrevrstender/services/auth-service/vendor/nesbot/carbon/src/Carbon/Traits/Date.php(2905): Carbon\\Carbon->addUnit()
#2 /tmp/abdoElHodaky/larvrevrstender/services/auth-service/vendor/nesbot/carbon/src/Carbon/Traits/Date.php(2596): Carbon\\Carbon->callModifierMethod()
#3 /tmp/abdoElHodaky/larvrevrstender/services/auth-service/app/Console/Commands/GenerateRpcTokensCommand.php(62): Carbon\\Carbon->__call()
#4 /tmp/abdoElHodaky/larvrevrstender/services/auth-service/vendor/laravel/framework/src/Illuminate/Container/BoundMethod.php(36): App\\Console\\Commands\\GenerateRpcTokensCommand->handle()
#5 /tmp/abdoElHodaky/larvrevrstender/services/auth-service/vendor/laravel/framework/src/Illuminate/Container/Util.php(43): Illuminate\\Container\\BoundMethod::Illuminate\\Container\\{closure}()
#6 /tmp/abdoElHodaky/larvrevrstender/services/auth-service/vendor/laravel/framework/src/Illuminate/Container/BoundMethod.php(96): Illuminate\\Container\\Util::unwrapIfClosure()
#7 /tmp/abdoElHodaky/larvrevrstender/services/auth-service/vendor/laravel/framework/src/Illuminate/Container/BoundMethod.php(35): Illuminate\\Container\\BoundMethod::callBoundMethod()
#8 /tmp/abdoElHodaky/larvrevrstender/services/auth-service/vendor/laravel/framework/src/Illuminate/Container/Container.php(799): Illuminate\\Container\\BoundMethod::call()
#9 /tmp/abdoElHodaky/larvrevrstender/services/auth-service/vendor/laravel/framework/src/Illuminate/Console/Command.php(211): Illuminate\\Container\\Container->call()
#10 /tmp/abdoElHodaky/larvrevrstender/services/auth-service/vendor/symfony/console/Command/Command.php(341): Illuminate\\Console\\Command->execute()
#11 /tmp/abdoElHodaky/larvrevrstender/services/auth-service/vendor/laravel/framework/src/Illuminate/Console/Command.php(180): Symfony\\Component\\Console\\Command\\Command->run()
#12 /tmp/abdoElHodaky/larvrevrstender/services/auth-service/vendor/symfony/console/Application.php(1117): Illuminate\\Console\\Command->run()
#13 /tmp/abdoElHodaky/larvrevrstender/services/auth-service/vendor/symfony/console/Application.php(356): Symfony\\Component\\Console\\Application->doRunCommand()
#14 /tmp/abdoElHodaky/larvrevrstender/services/auth-service/vendor/symfony/console/Application.php(195): Symfony\\Component\\Console\\Application->doRun()
#15 /tmp/abdoElHodaky/larvrevrstender/services/auth-service/vendor/laravel/framework/src/Illuminate/Foundation/Console/Kernel.php(198): Symfony\\Component\\Console\\Application->run()
#16 /tmp/abdoElHodaky/larvrevrstender/services/auth-service/artisan(35): Illuminate\\Foundation\\Console\\Kernel->handle()
#17 {main}
"} 
[2026-03-08 13:25:05] local.ERROR: SQLSTATE[08006] [7] connection to server at "127.0.0.1", port 5432 failed: Connection refused
	Is the server running on that host and accepting TCP/IP connections? (Connection: pgsql, Host: 127.0.0.1, Port: 5432, Database: auth_service, SQL: select count(*) as aggregate from "telescope_entries" where "type" = exception and "family_hash" = 040c92af220620b5581ece7633a548ad) {"exception":"[object] (Illuminate\\Database\\QueryException(code: 7): SQLSTATE[08006] [7] connection to server at \"127.0.0.1\", port 5432 failed: Connection refused
\tIs the server running on that host and accepting TCP/IP connections? (Connection: pgsql, Host: 127.0.0.1, Port: 5432, Database: auth_service, SQL: select count(*) as aggregate from \"telescope_entries\" where \"type\" = exception and \"family_hash\" = 040c92af220620b5581ece7633a548ad) at /tmp/abdoElHodaky/larvrevrstender/services/auth-service/vendor/laravel/framework/src/Illuminate/Database/Connection.php:838)
[stacktrace]
#0 /tmp/abdoElHodaky/larvrevrstender/services/auth-service/vendor/laravel/framework/src/Illuminate/Database/Connection.php(794): Illuminate\\Database\\Connection->runQueryCallback()
#1 /tmp/abdoElHodaky/larvrevrstender/services/auth-service/vendor/laravel/framework/src/Illuminate/Database/Connection.php(411): Illuminate\\Database\\Connection->run()
#2 /tmp/abdoElHodaky/larvrevrstender/services/auth-service/vendor/laravel/framework/src/Illuminate/Database/Query/Builder.php(3475): Illuminate\\Database\\Connection->select()
#3 /tmp/abdoElHodaky/larvrevrstender/services/auth-service/vendor/laravel/framework/src/Illuminate/Database/Query/Builder.php(3460): Illuminate\\Database\\Query\\Builder->runSelect()
#4 /tmp/abdoElHodaky/larvrevrstender/services/auth-service/vendor/laravel/framework/src/Illuminate/Database/Query/Builder.php(4050): Illuminate\\Database\\Query\\Builder->Illuminate\\Database\\Query\\{closure}()
#5 /tmp/abdoElHodaky/larvrevrstender/services/auth-service/vendor/laravel/framework/src/Illuminate/Database/Query/Builder.php(3459): Illuminate\\Database\\Query\\Builder->onceWithColumns()
#6 /tmp/abdoElHodaky/larvrevrstender/services/auth-service/vendor/laravel/framework/src/Illuminate/Database/Query/Builder.php(3974): Illuminate\\Database\\Query\\Builder->get()
#7 /tmp/abdoElHodaky/larvrevrstender/services/auth-service/vendor/laravel/framework/src/Illuminate/Database/Query/Builder.php(3902): Illuminate\\Database\\Query\\Builder->aggregate()
#8 /tmp/abdoElHodaky/larvrevrstender/services/auth-service/vendor/laravel/telescope/src/Storage/DatabaseEntriesRepository.php(123): Illuminate\\Database\\Query\\Builder->count()
#9 /tmp/abdoElHodaky/larvrevrstender/services/auth-service/vendor/laravel/telescope/src/Storage/DatabaseEntriesRepository.php(165): Laravel\\Telescope\\Storage\\DatabaseEntriesRepository->countExceptionOccurences()
#10 [internal function]: Laravel\\Telescope\\Storage\\DatabaseEntriesRepository->Laravel\\Telescope\\Storage\\{closure}()
#11 /tmp/abdoElHodaky/larvrevrstender/services/auth-service/vendor/laravel/framework/src/Illuminate/Collections/Arr.php(840): array_map()
#12 /tmp/abdoElHodaky/larvrevrstender/services/auth-service/vendor/laravel/framework/src/Illuminate/Collections/Collection.php(829): Illuminate\\Support\\Arr::map()
#13 /tmp/abdoElHodaky/larvrevrstender/services/auth-service/vendor/laravel/telescope/src/Storage/DatabaseEntriesRepository.php(164): Illuminate\\Support\\Collection->map()
#14 /tmp/abdoElHodaky/larvrevrstender/services/auth-service/vendor/laravel/framework/src/Illuminate/Collections/Traits/EnumeratesValues.php(275): Laravel\\Telescope\\Storage\\DatabaseEntriesRepository->Laravel\\Telescope\\Storage\\{closure}()
#15 /tmp/abdoElHodaky/larvrevrstender/services/auth-service/vendor/laravel/telescope/src/Storage/DatabaseEntriesRepository.php(163): Illuminate\\Support\\Collection->each()
#16 /tmp/abdoElHodaky/larvrevrstender/services/auth-service/vendor/laravel/telescope/src/Storage/DatabaseEntriesRepository.php(140): Laravel\\Telescope\\Storage\\DatabaseEntriesRepository->storeExceptions()
#17 /tmp/abdoElHodaky/larvrevrstender/services/auth-service/vendor/laravel/telescope/src/Telescope.php(664): Laravel\\Telescope\\Storage\\DatabaseEntriesRepository->store()
#18 [internal function]: Laravel\\Telescope\\Telescope::Laravel\\Telescope\\{closure}()
#19 /tmp/abdoElHodaky/larvrevrstender/services/auth-service/vendor/laravel/telescope/src/Telescope.php(289): call_user_func()
#20 /tmp/abdoElHodaky/larvrevrstender/services/auth-service/vendor/laravel/telescope/src/Telescope.php(656): Laravel\\Telescope\\Telescope::withoutRecording()
#21 /tmp/abdoElHodaky/larvrevrstender/services/auth-service/vendor/laravel/telescope/src/ListensForStorageOpportunities.php(65): Laravel\\Telescope\\Telescope::store()
#22 /tmp/abdoElHodaky/larvrevrstender/services/auth-service/vendor/laravel/framework/src/Illuminate/Container/BoundMethod.php(36): Laravel\\Telescope\\Telescope::Laravel\\Telescope\\{closure}()
#23 /tmp/abdoElHodaky/larvrevrstender/services/auth-service/vendor/laravel/framework/src/Illuminate/Container/Util.php(43): Illuminate\\Container\\BoundMethod::Illuminate\\Container\\{closure}()
#24 /tmp/abdoElHodaky/larvrevrstender/services/auth-service/vendor/laravel/framework/src/Illuminate/Container/BoundMethod.php(84): Illuminate\\Container\\Util::unwrapIfClosure()
#25 /tmp/abdoElHodaky/larvrevrstender/services/auth-service/vendor/laravel/framework/src/Illuminate/Container/BoundMethod.php(35): Illuminate\\Container\\BoundMethod::callBoundMethod()
#26 /tmp/abdoElHodaky/larvrevrstender/services/auth-service/vendor/laravel/framework/src/Illuminate/Container/Container.php(799): Illuminate\\Container\\BoundMethod::call()
#27 /tmp/abdoElHodaky/larvrevrstender/services/auth-service/vendor/laravel/framework/src/Illuminate/Foundation/Application.php(1466): Illuminate\\Container\\Container->call()
#28 /tmp/abdoElHodaky/larvrevrstender/services/auth-service/vendor/laravel/framework/src/Illuminate/Foundation/Console/Kernel.php(219): Illuminate\\Foundation\\Application->terminate()
#29 /tmp/abdoElHodaky/larvrevrstender/services/auth-service/artisan(51): Illuminate\\Foundation\\Console\\Kernel->terminate()
#30 {main}

[previous exception] [object] (PDOException(code: 7): SQLSTATE[08006] [7] connection to server at \"127.0.0.1\", port 5432 failed: Connection refused
\tIs the server running on that host and accepting TCP/IP connections? at /tmp/abdoElHodaky/larvrevrstender/services/auth-service/vendor/laravel/framework/src/Illuminate/Database/Connectors/Connector.php:66)
[stacktrace]
#0 /tmp/abdoElHodaky/larvrevrstender/services/auth-service/vendor/laravel/framework/src/Illuminate/Database/Connectors/Connector.php(66): PDO->__construct()
#1 /tmp/abdoElHodaky/larvrevrstender/services/auth-service/vendor/laravel/framework/src/Illuminate/Database/Connectors/Connector.php(44): Illuminate\\Database\\Connectors\\Connector->createPdoConnection()
#2 /tmp/abdoElHodaky/larvrevrstender/services/auth-service/vendor/laravel/framework/src/Illuminate/Database/Connectors/PostgresConnector.php(35): Illuminate\\Database\\Connectors\\Connector->createConnection()
#3 /tmp/abdoElHodaky/larvrevrstender/services/auth-service/vendor/laravel/framework/src/Illuminate/Database/Connectors/ConnectionFactory.php(186): Illuminate\\Database\\Connectors\\PostgresConnector->connect()
#4 [internal function]: Illuminate\\Database\\Connectors\\ConnectionFactory->Illuminate\\Database\\Connectors\\{closure}()
#5 /tmp/abdoElHodaky/larvrevrstender/services/auth-service/vendor/laravel/framework/src/Illuminate/Database/Connection.php(1257): call_user_func()
#6 /tmp/abdoElHodaky/larvrevrstender/services/auth-service/vendor/laravel/framework/src/Illuminate/Database/Connection.php(1295): Illuminate\\Database\\Connection->getPdo()
#7 /tmp/abdoElHodaky/larvrevrstender/services/auth-service/vendor/laravel/framework/src/Illuminate/Database/Connection.php(525): Illuminate\\Database\\Connection->getReadPdo()
#8 /tmp/abdoElHodaky/larvrevrstender/services/auth-service/vendor/laravel/framework/src/Illuminate/Database/Connection.php(420): Illuminate\\Database\\Connection->getPdoForSelect()
#9 /tmp/abdoElHodaky/larvrevrstender/services/auth-service/vendor/laravel/framework/src/Illuminate/Database/Connection.php(827): Illuminate\\Database\\Connection->Illuminate\\Database\\{closure}()
#10 /tmp/abdoElHodaky/larvrevrstender/services/auth-service/vendor/laravel/framework/src/Illuminate/Database/Connection.php(794): Illuminate\\Database\\Connection->runQueryCallback()
#11 /tmp/abdoElHodaky/larvrevrstender/services/auth-service/vendor/laravel/framework/src/Illuminate/Database/Connection.php(411): Illuminate\\Database\\Connection->run()
#12 /tmp/abdoElHodaky/larvrevrstender/services/auth-service/vendor/laravel/framework/src/Illuminate/Database/Query/Builder.php(3475): Illuminate\\Database\\Connection->select()
#13 /tmp/abdoElHodaky/larvrevrstender/services/auth-service/vendor/laravel/framework/src/Illuminate/Database/Query/Builder.php(3460): Illuminate\\Database\\Query\\Builder->runSelect()
#14 /tmp/abdoElHodaky/larvrevrstender/services/auth-service/vendor/laravel/framework/src/Illuminate/Database/Query/Builder.php(4050): Illuminate\\Database\\Query\\Builder->Illuminate\\Database\\Query\\{closure}()
#15 /tmp/abdoElHodaky/larvrevrstender/services/auth-service/vendor/laravel/framework/src/Illuminate/Database/Query/Builder.php(3459): Illuminate\\Database\\Query\\Builder->onceWithColumns()
#16 /tmp/abdoElHodaky/larvrevrstender/services/auth-service/vendor/laravel/framework/src/Illuminate/Database/Query/Builder.php(3974): Illuminate\\Database\\Query\\Builder->get()
#17 /tmp/abdoElHodaky/larvrevrstender/services/auth-service/vendor/laravel/framework/src/Illuminate/Database/Query/Builder.php(3902): Illuminate\\Database\\Query\\Builder->aggregate()
#18 /tmp/abdoElHodaky/larvrevrstender/services/auth-service/vendor/laravel/telescope/src/Storage/DatabaseEntriesRepository.php(123): Illuminate\\Database\\Query\\Builder->count()
#19 /tmp/abdoElHodaky/larvrevrstender/services/auth-service/vendor/laravel/telescope/src/Storage/DatabaseEntriesRepository.php(165): Laravel\\Telescope\\Storage\\DatabaseEntriesRepository->countExceptionOccurences()
#20 [internal function]: Laravel\\Telescope\\Storage\\DatabaseEntriesRepository->Laravel\\Telescope\\Storage\\{closure}()
#21 /tmp/abdoElHodaky/larvrevrstender/services/auth-service/vendor/laravel/framework/src/Illuminate/Collections/Arr.php(840): array_map()
#22 /tmp/abdoElHodaky/larvrevrstender/services/auth-service/vendor/laravel/framework/src/Illuminate/Collections/Collection.php(829): Illuminate\\Support\\Arr::map()
#23 /tmp/abdoElHodaky/larvrevrstender/services/auth-service/vendor/laravel/telescope/src/Storage/DatabaseEntriesRepository.php(164): Illuminate\\Support\\Collection->map()
#24 /tmp/abdoElHodaky/larvrevrstender/services/auth-service/vendor/laravel/framework/src/Illuminate/Collections/Traits/EnumeratesValues.php(275): Laravel\\Telescope\\Storage\\DatabaseEntriesRepository->Laravel\\Telescope\\Storage\\{closure}()
#25 /tmp/abdoElHodaky/larvrevrstender/services/auth-service/vendor/laravel/telescope/src/Storage/DatabaseEntriesRepository.php(163): Illuminate\\Support\\Collection->each()
#26 /tmp/abdoElHodaky/larvrevrstender/services/auth-service/vendor/laravel/telescope/src/Storage/DatabaseEntriesRepository.php(140): Laravel\\Telescope\\Storage\\DatabaseEntriesRepository->storeExceptions()
#27 /tmp/abdoElHodaky/larvrevrstender/services/auth-service/vendor/laravel/telescope/src/Telescope.php(664): Laravel\\Telescope\\Storage\\DatabaseEntriesRepository->store()
#28 [internal function]: Laravel\\Telescope\\Telescope::Laravel\\Telescope\\{closure}()
#29 /tmp/abdoElHodaky/larvrevrstender/services/auth-service/vendor/laravel/telescope/src/Telescope.php(289): call_user_func()
#30 /tmp/abdoElHodaky/larvrevrstender/services/auth-service/vendor/laravel/telescope/src/Telescope.php(656): Laravel\\Telescope\\Telescope::withoutRecording()
#31 /tmp/abdoElHodaky/larvrevrstender/services/auth-service/vendor/laravel/telescope/src/ListensForStorageOpportunities.php(65): Laravel\\Telescope\\Telescope::store()
#32 /tmp/abdoElHodaky/larvrevrstender/services/auth-service/vendor/laravel/framework/src/Illuminate/Container/BoundMethod.php(36): Laravel\\Telescope\\Telescope::Laravel\\Telescope\\{closure}()
#33 /tmp/abdoElHodaky/larvrevrstender/services/auth-service/vendor/laravel/framework/src/Illuminate/Container/Util.php(43): Illuminate\\Container\\BoundMethod::Illuminate\\Container\\{closure}()
#34 /tmp/abdoElHodaky/larvrevrstender/services/auth-service/vendor/laravel/framework/src/Illuminate/Container/BoundMethod.php(84): Illuminate\\Container\\Util::unwrapIfClosure()
#35 /tmp/abdoElHodaky/larvrevrstender/services/auth-service/vendor/laravel/framework/src/Illuminate/Container/BoundMethod.php(35): Illuminate\\Container\\BoundMethod::callBoundMethod()
#36 /tmp/abdoElHodaky/larvrevrstender/services/auth-service/vendor/laravel/framework/src/Illuminate/Container/Container.php(799): Illuminate\\Container\\BoundMethod::call()
#37 /tmp/abdoElHodaky/larvrevrstender/services/auth-service/vendor/laravel/framework/src/Illuminate/Foundation/Application.php(1466): Illuminate\\Container\\Container->call()
#38 /tmp/abdoElHodaky/larvrevrstender/services/auth-service/vendor/laravel/framework/src/Illuminate/Foundation/Console/Kernel.php(219): Illuminate\\Foundation\\Application->terminate()
#39 /tmp/abdoElHodaky/larvrevrstender/services/auth-service/artisan(51): Illuminate\\Foundation\\Console\\Kernel->terminate()
#40 {main}
"} 
[2026-03-08 13:26:47] local.INFO: Procedure registered {"name":"events","class":"Shared\\Procedures\\CrossServiceProcedure","type":"micro"} 
[2026-03-08 13:26:47] local.INFO: Procedure registered {"name":"cache","class":"Shared\\Procedures\\CrossServiceProcedure","type":"micro"} 
[2026-03-08 13:26:47] local.INFO: Procedure registered {"name":"notification","class":"Shared\\Procedures\\CrossServiceProcedure","type":"micro"} 
[2026-03-08 13:26:47] local.INFO: Procedure registered {"name":"validation","class":"Shared\\Procedures\\CrossServiceProcedure","type":"micro"} 
[2026-03-08 13:26:47] local.INFO: Procedure registered {"name":"security","class":"Shared\\Procedures\\CrossServiceProcedure","type":"micro"} 
[2026-03-08 13:26:47] local.INFO: Procedure registered {"name":"circuit_breaker","class":"Shared\\Procedures\\CrossServiceProcedure","type":"micro"} 
[2026-03-08 13:26:47] local.INFO: Procedure registered {"name":"queue_circuit_breaker","class":"Shared\\Procedures\\CrossServiceProcedure","type":"micro"} 
[2026-03-08 13:26:47] local.INFO: Procedure registered {"name":"third_party_integration","class":"Shared\\Procedures\\CrossServiceProcedure","type":"micro"} 
[2026-03-08 13:26:47] local.INFO: Procedure registered {"name":"workflow","class":"Shared\\Procedures\\CrossServiceProcedure","type":"macro"} 
[2026-03-08 13:26:48] local.ERROR: SQLSTATE[08006] [7] connection to server at "127.0.0.1", port 5432 failed: Connection refused
	Is the server running on that host and accepting TCP/IP connections? (Connection: pgsql, Host: 127.0.0.1, Port: 5432, Database: auth_service, SQL: insert into "telescope_entries" ("batch_id", "content", "created_at", "family_hash", "type", "uuid") values (a1401286-c5a0-4aa0-b1fc-d779fdfe32f5, {"level":"info","message":"Procedure registered","context":{"name":"events","class":"Shared\\Procedures\\CrossServiceProcedure","type":"micro"},"hostname":"modal"}, 2026-03-08 13:26:47, ?, log, a1401286-54cf-45e8-a798-d2526f7a8c94), (a1401286-c5a0-4aa0-b1fc-d779fdfe32f5, {"level":"info","message":"Procedure registered","context":{"name":"cache","class":"Shared\\Procedures\\CrossServiceProcedure","type":"micro"},"hostname":"modal"}, 2026-03-08 13:26:47, ?, log, a1401286-5741-40bb-9de2-5908e38c3f39), (a1401286-c5a0-4aa0-b1fc-d779fdfe32f5, {"level":"info","message":"Procedure registered","context":{"name":"notification","class":"Shared\\Procedures\\CrossServiceProcedure","type":"micro"},"hostname":"modal"}, 2026-03-08 13:26:47, ?, log, a1401286-5790-47dd-8e73-991a53f4979d), (a1401286-c5a0-4aa0-b1fc-d779fdfe32f5, {"level":"info","message":"Procedure registered","context":{"name":"validation","class":"Shared\\Procedures\\CrossServiceProcedure","type":"micro"},"hostname":"modal"}, 2026-03-08 13:26:47, ?, log, a1401286-57dc-4c06-9f51-227425831385), (a1401286-c5a0-4aa0-b1fc-d779fdfe32f5, {"level":"info","message":"Procedure registered","context":{"name":"security","class":"Shared\\Procedures\\CrossServiceProcedure","type":"micro"},"hostname":"modal"}, 2026-03-08 13:26:47, ?, log, a1401286-5829-4e75-90d8-55bfb238e024), (a1401286-c5a0-4aa0-b1fc-d779fdfe32f5, {"level":"info","message":"Procedure registered","context":{"name":"circuit_breaker","class":"Shared\\Procedures\\CrossServiceProcedure","type":"micro"},"hostname":"modal"}, 2026-03-08 13:26:47, ?, log, a1401286-5879-459d-a849-48536e418692), (a1401286-c5a0-4aa0-b1fc-d779fdfe32f5, {"level":"info","message":"Procedure registered","context":{"name":"queue_circuit_breaker","class":"Shared\\Procedures\\CrossServiceProcedure","type":"micro"},"hostname":"modal"}, 2026-03-08 13:26:47, ?, log, a1401286-58f8-4072-aa05-8d174318548a), (a1401286-c5a0-4aa0-b1fc-d779fdfe32f5, {"level":"info","message":"Procedure registered","context":{"name":"third_party_integration","class":"Shared\\Procedures\\CrossServiceProcedure","type":"micro"},"hostname":"modal"}, 2026-03-08 13:26:47, ?, log, a1401286-594a-49b8-8735-24a9d515ddd9), (a1401286-c5a0-4aa0-b1fc-d779fdfe32f5, {"level":"info","message":"Procedure registered","context":{"name":"workflow","class":"Shared\\Procedures\\CrossServiceProcedure","type":"macro"},"hostname":"modal"}, 2026-03-08 13:26:47, ?, log, a1401286-5990-46bf-bacb-d9667fe89699), (a1401286-c5a0-4aa0-b1fc-d779fdfe32f5, {"command":"rpc:generate-tokens","exit_code":0,"arguments":{"command":"rpc:generate-tokens"},"options":{"regenerate":false,"service":null,"expires-in":"8760","help":false,"silent":false,"quiet":false,"verbose":false,"version":false,"ansi":null,"no-interaction":false,"env":null},"hostname":"modal"}, 2026-03-08 13:26:48, ?, command, a1401286-c4e0-4515-a5da-c6009a727833)) {"exception":"[object] (Illuminate\\Database\\QueryException(code: 7): SQLSTATE[08006] [7] connection to server at \"127.0.0.1\", port 5432 failed: Connection refused
\tIs the server running on that host and accepting TCP/IP connections? (Connection: pgsql, Host: 127.0.0.1, Port: 5432, Database: auth_service, SQL: insert into \"telescope_entries\" (\"batch_id\", \"content\", \"created_at\", \"family_hash\", \"type\", \"uuid\") values (a1401286-c5a0-4aa0-b1fc-d779fdfe32f5, {\"level\":\"info\",\"message\":\"Procedure registered\",\"context\":{\"name\":\"events\",\"class\":\"Shared\\\\Procedures\\\\CrossServiceProcedure\",\"type\":\"micro\"},\"hostname\":\"modal\"}, 2026-03-08 13:26:47, ?, log, a1401286-54cf-45e8-a798-d2526f7a8c94), (a1401286-c5a0-4aa0-b1fc-d779fdfe32f5, {\"level\":\"info\",\"message\":\"Procedure registered\",\"context\":{\"name\":\"cache\",\"class\":\"Shared\\\\Procedures\\\\CrossServiceProcedure\",\"type\":\"micro\"},\"hostname\":\"modal\"}, 2026-03-08 13:26:47, ?, log, a1401286-5741-40bb-9de2-5908e38c3f39), (a1401286-c5a0-4aa0-b1fc-d779fdfe32f5, {\"level\":\"info\",\"message\":\"Procedure registered\",\"context\":{\"name\":\"notification\",\"class\":\"Shared\\\\Procedures\\\\CrossServiceProcedure\",\"type\":\"micro\"},\"hostname\":\"modal\"}, 2026-03-08 13:26:47, ?, log, a1401286-5790-47dd-8e73-991a53f4979d), (a1401286-c5a0-4aa0-b1fc-d779fdfe32f5, {\"level\":\"info\",\"message\":\"Procedure registered\",\"context\":{\"name\":\"validation\",\"class\":\"Shared\\\\Procedures\\\\CrossServiceProcedure\",\"type\":\"micro\"},\"hostname\":\"modal\"}, 2026-03-08 13:26:47, ?, log, a1401286-57dc-4c06-9f51-227425831385), (a1401286-c5a0-4aa0-b1fc-d779fdfe32f5, {\"level\":\"info\",\"message\":\"Procedure registered\",\"context\":{\"name\":\"security\",\"class\":\"Shared\\\\Procedures\\\\CrossServiceProcedure\",\"type\":\"micro\"},\"hostname\":\"modal\"}, 2026-03-08 13:26:47, ?, log, a1401286-5829-4e75-90d8-55bfb238e024), (a1401286-c5a0-4aa0-b1fc-d779fdfe32f5, {\"level\":\"info\",\"message\":\"Procedure registered\",\"context\":{\"name\":\"circuit_breaker\",\"class\":\"Shared\\\\Procedures\\\\CrossServiceProcedure\",\"type\":\"micro\"},\"hostname\":\"modal\"}, 2026-03-08 13:26:47, ?, log, a1401286-5879-459d-a849-48536e418692), (a1401286-c5a0-4aa0-b1fc-d779fdfe32f5, {\"level\":\"info\",\"message\":\"Procedure registered\",\"context\":{\"name\":\"queue_circuit_breaker\",\"class\":\"Shared\\\\Procedures\\\\CrossServiceProcedure\",\"type\":\"micro\"},\"hostname\":\"modal\"}, 2026-03-08 13:26:47, ?, log, a1401286-58f8-4072-aa05-8d174318548a), (a1401286-c5a0-4aa0-b1fc-d779fdfe32f5, {\"level\":\"info\",\"message\":\"Procedure registered\",\"context\":{\"name\":\"third_party_integration\",\"class\":\"Shared\\\\Procedures\\\\CrossServiceProcedure\",\"type\":\"micro\"},\"hostname\":\"modal\"}, 2026-03-08 13:26:47, ?, log, a1401286-594a-49b8-8735-24a9d515ddd9), (a1401286-c5a0-4aa0-b1fc-d779fdfe32f5, {\"level\":\"info\",\"message\":\"Procedure registered\",\"context\":{\"name\":\"workflow\",\"class\":\"Shared\\\\Procedures\\\\CrossServiceProcedure\",\"type\":\"macro\"},\"hostname\":\"modal\"}, 2026-03-08 13:26:47, ?, log, a1401286-5990-46bf-bacb-d9667fe89699), (a1401286-c5a0-4aa0-b1fc-d779fdfe32f5, {\"command\":\"rpc:generate-tokens\",\"exit_code\":0,\"arguments\":{\"command\":\"rpc:generate-tokens\"},\"options\":{\"regenerate\":false,\"service\":null,\"expires-in\":\"8760\",\"help\":false,\"silent\":false,\"quiet\":false,\"verbose\":false,\"version\":false,\"ansi\":null,\"no-interaction\":false,\"env\":null},\"hostname\":\"modal\"}, 2026-03-08 13:26:48, ?, command, a1401286-c4e0-4515-a5da-c6009a727833)) at /tmp/abdoElHodaky/larvrevrstender/services/auth-service/vendor/laravel/framework/src/Illuminate/Database/Connection.php:838)
[stacktrace]
#0 /tmp/abdoElHodaky/larvrevrstender/services/auth-service/vendor/laravel/framework/src/Illuminate/Database/Connection.php(794): Illuminate\\Database\\Connection->runQueryCallback()
#1 /tmp/abdoElHodaky/larvrevrstender/services/auth-service/vendor/laravel/framework/src/Illuminate/Database/Connection.php(573): Illuminate\\Database\\Connection->run()
#2 /tmp/abdoElHodaky/larvrevrstender/services/auth-service/vendor/laravel/framework/src/Illuminate/Database/Connection.php(537): Illuminate\\Database\\Connection->statement()
#3 /tmp/abdoElHodaky/larvrevrstender/services/auth-service/vendor/laravel/framework/src/Illuminate/Database/Query/Builder.php(4091): Illuminate\\Database\\Connection->insert()
#4 /tmp/abdoElHodaky/larvrevrstender/services/auth-service/vendor/laravel/telescope/src/Storage/DatabaseEntriesRepository.php(145): Illuminate\\Database\\Query\\Builder->insert()
#5 /tmp/abdoElHodaky/larvrevrstender/services/auth-service/vendor/laravel/framework/src/Illuminate/Collections/Traits/EnumeratesValues.php(275): Laravel\\Telescope\\Storage\\DatabaseEntriesRepository->Laravel\\Telescope\\Storage\\{closure}()
#6 /tmp/abdoElHodaky/larvrevrstender/services/auth-service/vendor/laravel/telescope/src/Storage/DatabaseEntriesRepository.php(144): Illuminate\\Support\\Collection->each()
#7 /tmp/abdoElHodaky/larvrevrstender/services/auth-service/vendor/laravel/telescope/src/Telescope.php(664): Laravel\\Telescope\\Storage\\DatabaseEntriesRepository->store()
#8 [internal function]: Laravel\\Telescope\\Telescope::Laravel\\Telescope\\{closure}()
#9 /tmp/abdoElHodaky/larvrevrstender/services/auth-service/vendor/laravel/telescope/src/Telescope.php(289): call_user_func()
#10 /tmp/abdoElHodaky/larvrevrstender/services/auth-service/vendor/laravel/telescope/src/Telescope.php(656): Laravel\\Telescope\\Telescope::withoutRecording()
#11 /tmp/abdoElHodaky/larvrevrstender/services/auth-service/vendor/laravel/telescope/src/ListensForStorageOpportunities.php(65): Laravel\\Telescope\\Telescope::store()
#12 /tmp/abdoElHodaky/larvrevrstender/services/auth-service/vendor/laravel/framework/src/Illuminate/Container/BoundMethod.php(36): Laravel\\Telescope\\Telescope::Laravel\\Telescope\\{closure}()
#13 /tmp/abdoElHodaky/larvrevrstender/services/auth-service/vendor/laravel/framework/src/Illuminate/Container/Util.php(43): Illuminate\\Container\\BoundMethod::Illuminate\\Container\\{closure}()
#14 /tmp/abdoElHodaky/larvrevrstender/services/auth-service/vendor/laravel/framework/src/Illuminate/Container/BoundMethod.php(84): Illuminate\\Container\\Util::unwrapIfClosure()
#15 /tmp/abdoElHodaky/larvrevrstender/services/auth-service/vendor/laravel/framework/src/Illuminate/Container/BoundMethod.php(35): Illuminate\\Container\\BoundMethod::callBoundMethod()
#16 /tmp/abdoElHodaky/larvrevrstender/services/auth-service/vendor/laravel/framework/src/Illuminate/Container/Container.php(799): Illuminate\\Container\\BoundMethod::call()
#17 /tmp/abdoElHodaky/larvrevrstender/services/auth-service/vendor/laravel/framework/src/Illuminate/Foundation/Application.php(1466): Illuminate\\Container\\Container->call()
#18 /tmp/abdoElHodaky/larvrevrstender/services/auth-service/vendor/laravel/framework/src/Illuminate/Foundation/Console/Kernel.php(219): Illuminate\\Foundation\\Application->terminate()
#19 /tmp/abdoElHodaky/larvrevrstender/services/auth-service/artisan(51): Illuminate\\Foundation\\Console\\Kernel->terminate()
#20 {main}

[previous exception] [object] (PDOException(code: 7): SQLSTATE[08006] [7] connection to server at \"127.0.0.1\", port 5432 failed: Connection refused
\tIs the server running on that host and accepting TCP/IP connections? at /tmp/abdoElHodaky/larvrevrstender/services/auth-service/vendor/laravel/framework/src/Illuminate/Database/Connectors/Connector.php:66)
[stacktrace]
#0 /tmp/abdoElHodaky/larvrevrstender/services/auth-service/vendor/laravel/framework/src/Illuminate/Database/Connectors/Connector.php(66): PDO->__construct()
#1 /tmp/abdoElHodaky/larvrevrstender/services/auth-service/vendor/laravel/framework/src/Illuminate/Database/Connectors/Connector.php(44): Illuminate\\Database\\Connectors\\Connector->createPdoConnection()
#2 /tmp/abdoElHodaky/larvrevrstender/services/auth-service/vendor/laravel/framework/src/Illuminate/Database/Connectors/PostgresConnector.php(35): Illuminate\\Database\\Connectors\\Connector->createConnection()
#3 /tmp/abdoElHodaky/larvrevrstender/services/auth-service/vendor/laravel/framework/src/Illuminate/Database/Connectors/ConnectionFactory.php(186): Illuminate\\Database\\Connectors\\PostgresConnector->connect()
#4 [internal function]: Illuminate\\Database\\Connectors\\ConnectionFactory->Illuminate\\Database\\Connectors\\{closure}()
#5 /tmp/abdoElHodaky/larvrevrstender/services/auth-service/vendor/laravel/framework/src/Illuminate/Database/Connection.php(1257): call_user_func()
#6 /tmp/abdoElHodaky/larvrevrstender/services/auth-service/vendor/laravel/framework/src/Illuminate/Database/Connection.php(578): Illuminate\\Database\\Connection->getPdo()
#7 /tmp/abdoElHodaky/larvrevrstender/services/auth-service/vendor/laravel/framework/src/Illuminate/Database/Connection.php(827): Illuminate\\Database\\Connection->Illuminate\\Database\\{closure}()
#8 /tmp/abdoElHodaky/larvrevrstender/services/auth-service/vendor/laravel/framework/src/Illuminate/Database/Connection.php(794): Illuminate\\Database\\Connection->runQueryCallback()
#9 /tmp/abdoElHodaky/larvrevrstender/services/auth-service/vendor/laravel/framework/src/Illuminate/Database/Connection.php(573): Illuminate\\Database\\Connection->run()
#10 /tmp/abdoElHodaky/larvrevrstender/services/auth-service/vendor/laravel/framework/src/Illuminate/Database/Connection.php(537): Illuminate\\Database\\Connection->statement()
#11 /tmp/abdoElHodaky/larvrevrstender/services/auth-service/vendor/laravel/framework/src/Illuminate/Database/Query/Builder.php(4091): Illuminate\\Database\\Connection->insert()
#12 /tmp/abdoElHodaky/larvrevrstender/services/auth-service/vendor/laravel/telescope/src/Storage/DatabaseEntriesRepository.php(145): Illuminate\\Database\\Query\\Builder->insert()
#13 /tmp/abdoElHodaky/larvrevrstender/services/auth-service/vendor/laravel/framework/src/Illuminate/Collections/Traits/EnumeratesValues.php(275): Laravel\\Telescope\\Storage\\DatabaseEntriesRepository->Laravel\\Telescope\\Storage\\{closure}()
#14 /tmp/abdoElHodaky/larvrevrstender/services/auth-service/vendor/laravel/telescope/src/Storage/DatabaseEntriesRepository.php(144): Illuminate\\Support\\Collection->each()
#15 /tmp/abdoElHodaky/larvrevrstender/services/auth-service/vendor/laravel/telescope/src/Telescope.php(664): Laravel\\Telescope\\Storage\\DatabaseEntriesRepository->store()
#16 [internal function]: Laravel\\Telescope\\Telescope::Laravel\\Telescope\\{closure}()
#17 /tmp/abdoElHodaky/larvrevrstender/services/auth-service/vendor/laravel/telescope/src/Telescope.php(289): call_user_func()
#18 /tmp/abdoElHodaky/larvrevrstender/services/auth-service/vendor/laravel/telescope/src/Telescope.php(656): Laravel\\Telescope\\Telescope::withoutRecording()
#19 /tmp/abdoElHodaky/larvrevrstender/services/auth-service/vendor/laravel/telescope/src/ListensForStorageOpportunities.php(65): Laravel\\Telescope\\Telescope::store()
#20 /tmp/abdoElHodaky/larvrevrstender/services/auth-service/vendor/laravel/framework/src/Illuminate/Container/BoundMethod.php(36): Laravel\\Telescope\\Telescope::Laravel\\Telescope\\{closure}()
#21 /tmp/abdoElHodaky/larvrevrstender/services/auth-service/vendor/laravel/framework/src/Illuminate/Container/Util.php(43): Illuminate\\Container\\BoundMethod::Illuminate\\Container\\{closure}()
#22 /tmp/abdoElHodaky/larvrevrstender/services/auth-service/vendor/laravel/framework/src/Illuminate/Container/BoundMethod.php(84): Illuminate\\Container\\Util::unwrapIfClosure()
#23 /tmp/abdoElHodaky/larvrevrstender/services/auth-service/vendor/laravel/framework/src/Illuminate/Container/BoundMethod.php(35): Illuminate\\Container\\BoundMethod::callBoundMethod()
#24 /tmp/abdoElHodaky/larvrevrstender/services/auth-service/vendor/laravel/framework/src/Illuminate/Container/Container.php(799): Illuminate\\Container\\BoundMethod::call()
#25 /tmp/abdoElHodaky/larvrevrstender/services/auth-service/vendor/laravel/framework/src/Illuminate/Foundation/Application.php(1466): Illuminate\\Container\\Container->call()
#26 /tmp/abdoElHodaky/larvrevrstender/services/auth-service/vendor/laravel/framework/src/Illuminate/Foundation/Console/Kernel.php(219): Illuminate\\Foundation\\Application->terminate()
#27 /tmp/abdoElHodaky/larvrevrstender/services/auth-service/artisan(51): Illuminate\\Foundation\\Console\\Kernel->terminate()
#28 {main}
"} 
[2026-03-08 13:28:34] local.INFO: Procedure registered {"name":"events","class":"Shared\\Procedures\\CrossServiceProcedure","type":"micro"} 
[2026-03-08 13:28:34] local.INFO: Procedure registered {"name":"cache","class":"Shared\\Procedures\\CrossServiceProcedure","type":"micro"} 
[2026-03-08 13:28:34] local.INFO: Procedure registered {"name":"notification","class":"Shared\\Procedures\\CrossServiceProcedure","type":"micro"} 
[2026-03-08 13:28:34] local.INFO: Procedure registered {"name":"validation","class":"Shared\\Procedures\\CrossServiceProcedure","type":"micro"} 
[2026-03-08 13:28:34] local.INFO: Procedure registered {"name":"security","class":"Shared\\Procedures\\CrossServiceProcedure","type":"micro"} 
[2026-03-08 13:28:34] local.INFO: Procedure registered {"name":"circuit_breaker","class":"Shared\\Procedures\\CrossServiceProcedure","type":"micro"} 
[2026-03-08 13:28:34] local.INFO: Procedure registered {"name":"queue_circuit_breaker","class":"Shared\\Procedures\\CrossServiceProcedure","type":"micro"} 
[2026-03-08 13:28:34] local.INFO: Procedure registered {"name":"third_party_integration","class":"Shared\\Procedures\\CrossServiceProcedure","type":"micro"} 
[2026-03-08 13:28:34] local.INFO: Procedure registered {"name":"workflow","class":"Shared\\Procedures\\CrossServiceProcedure","type":"macro"} 
[2026-03-08 13:28:34] local.ERROR: SQLSTATE[08006] [7] connection to server at "127.0.0.1", port 5432 failed: Connection refused
	Is the server running on that host and accepting TCP/IP connections? (Connection: pgsql, Host: 127.0.0.1, Port: 5432, Database: auth_service, SQL: insert into "telescope_entries" ("batch_id", "content", "created_at", "family_hash", "type", "uuid") values (a1401329-99af-4354-8be3-d508b8aea2cd, {"level":"info","message":"Procedure registered","context":{"name":"events","class":"Shared\\Procedures\\CrossServiceProcedure","type":"micro"},"hostname":"modal"}, 2026-03-08 13:28:34, ?, log, a1401329-275f-45f9-9e87-33673ffab2f7), (a1401329-99af-4354-8be3-d508b8aea2cd, {"level":"info","message":"Procedure registered","context":{"name":"cache","class":"Shared\\Procedures\\CrossServiceProcedure","type":"micro"},"hostname":"modal"}, 2026-03-08 13:28:34, ?, log, a1401329-296f-48ae-8702-1cbc84963d91), (a1401329-99af-4354-8be3-d508b8aea2cd, {"level":"info","message":"Procedure registered","context":{"name":"notification","class":"Shared\\Procedures\\CrossServiceProcedure","type":"micro"},"hostname":"modal"}, 2026-03-08 13:28:34, ?, log, a1401329-29bc-4bb8-9a37-2846163847cd), (a1401329-99af-4354-8be3-d508b8aea2cd, {"level":"info","message":"Procedure registered","context":{"name":"validation","class":"Shared\\Procedures\\CrossServiceProcedure","type":"micro"},"hostname":"modal"}, 2026-03-08 13:28:34, ?, log, a1401329-2a0d-4efb-99d8-b40d65342cd9), (a1401329-99af-4354-8be3-d508b8aea2cd, {"level":"info","message":"Procedure registered","context":{"name":"security","class":"Shared\\Procedures\\CrossServiceProcedure","type":"micro"},"hostname":"modal"}, 2026-03-08 13:28:34, ?, log, a1401329-2a5b-4471-bd30-5f4bafef0e79), (a1401329-99af-4354-8be3-d508b8aea2cd, {"level":"info","message":"Procedure registered","context":{"name":"circuit_breaker","class":"Shared\\Procedures\\CrossServiceProcedure","type":"micro"},"hostname":"modal"}, 2026-03-08 13:28:34, ?, log, a1401329-2aa9-4311-bdeb-9c305433d1f7), (a1401329-99af-4354-8be3-d508b8aea2cd, {"level":"info","message":"Procedure registered","context":{"name":"queue_circuit_breaker","class":"Shared\\Procedures\\CrossServiceProcedure","type":"micro"},"hostname":"modal"}, 2026-03-08 13:28:34, ?, log, a1401329-2af7-45bf-8697-0f7e9c4834ad), (a1401329-99af-4354-8be3-d508b8aea2cd, {"level":"info","message":"Procedure registered","context":{"name":"third_party_integration","class":"Shared\\Procedures\\CrossServiceProcedure","type":"micro"},"hostname":"modal"}, 2026-03-08 13:28:34, ?, log, a1401329-2b48-40f0-914b-19876854a76f), (a1401329-99af-4354-8be3-d508b8aea2cd, {"level":"info","message":"Procedure registered","context":{"name":"workflow","class":"Shared\\Procedures\\CrossServiceProcedure","type":"macro"},"hostname":"modal"}, 2026-03-08 13:28:34, ?, log, a1401329-2b96-4f61-be70-1f3c5ed222f0), (a1401329-99af-4354-8be3-d508b8aea2cd, {"command":"rpc:generate-tokens","exit_code":0,"arguments":{"command":"rpc:generate-tokens"},"options":{"regenerate":false,"service":null,"expires-in":"8760","help":false,"silent":false,"quiet":false,"verbose":false,"version":false,"ansi":null,"no-interaction":false,"env":null},"hostname":"modal"}, 2026-03-08 13:28:34, ?, command, a1401329-98e8-4d67-a857-c7824d854adf)) {"exception":"[object] (Illuminate\\Database\\QueryException(code: 7): SQLSTATE[08006] [7] connection to server at \"127.0.0.1\", port 5432 failed: Connection refused
\tIs the server running on that host and accepting TCP/IP connections? (Connection: pgsql, Host: 127.0.0.1, Port: 5432, Database: auth_service, SQL: insert into \"telescope_entries\" (\"batch_id\", \"content\", \"created_at\", \"family_hash\", \"type\", \"uuid\") values (a1401329-99af-4354-8be3-d508b8aea2cd, {\"level\":\"info\",\"message\":\"Procedure registered\",\"context\":{\"name\":\"events\",\"class\":\"Shared\\\\Procedures\\\\CrossServiceProcedure\",\"type\":\"micro\"},\"hostname\":\"modal\"}, 2026-03-08 13:28:34, ?, log, a1401329-275f-45f9-9e87-33673ffab2f7), (a1401329-99af-4354-8be3-d508b8aea2cd, {\"level\":\"info\",\"message\":\"Procedure registered\",\"context\":{\"name\":\"cache\",\"class\":\"Shared\\\\Procedures\\\\CrossServiceProcedure\",\"type\":\"micro\"},\"hostname\":\"modal\"}, 2026-03-08 13:28:34, ?, log, a1401329-296f-48ae-8702-1cbc84963d91), (a1401329-99af-4354-8be3-d508b8aea2cd, {\"level\":\"info\",\"message\":\"Procedure registered\",\"context\":{\"name\":\"notification\",\"class\":\"Shared\\\\Procedures\\\\CrossServiceProcedure\",\"type\":\"micro\"},\"hostname\":\"modal\"}, 2026-03-08 13:28:34, ?, log, a1401329-29bc-4bb8-9a37-2846163847cd), (a1401329-99af-4354-8be3-d508b8aea2cd, {\"level\":\"info\",\"message\":\"Procedure registered\",\"context\":{\"name\":\"validation\",\"class\":\"Shared\\\\Procedures\\\\CrossServiceProcedure\",\"type\":\"micro\"},\"hostname\":\"modal\"}, 2026-03-08 13:28:34, ?, log, a1401329-2a0d-4efb-99d8-b40d65342cd9), (a1401329-99af-4354-8be3-d508b8aea2cd, {\"level\":\"info\",\"message\":\"Procedure registered\",\"context\":{\"name\":\"security\",\"class\":\"Shared\\\\Procedures\\\\CrossServiceProcedure\",\"type\":\"micro\"},\"hostname\":\"modal\"}, 2026-03-08 13:28:34, ?, log, a1401329-2a5b-4471-bd30-5f4bafef0e79), (a1401329-99af-4354-8be3-d508b8aea2cd, {\"level\":\"info\",\"message\":\"Procedure registered\",\"context\":{\"name\":\"circuit_breaker\",\"class\":\"Shared\\\\Procedures\\\\CrossServiceProcedure\",\"type\":\"micro\"},\"hostname\":\"modal\"}, 2026-03-08 13:28:34, ?, log, a1401329-2aa9-4311-bdeb-9c305433d1f7), (a1401329-99af-4354-8be3-d508b8aea2cd, {\"level\":\"info\",\"message\":\"Procedure registered\",\"context\":{\"name\":\"queue_circuit_breaker\",\"class\":\"Shared\\\\Procedures\\\\CrossServiceProcedure\",\"type\":\"micro\"},\"hostname\":\"modal\"}, 2026-03-08 13:28:34, ?, log, a1401329-2af7-45bf-8697-0f7e9c4834ad), (a1401329-99af-4354-8be3-d508b8aea2cd, {\"level\":\"info\",\"message\":\"Procedure registered\",\"context\":{\"name\":\"third_party_integration\",\"class\":\"Shared\\\\Procedures\\\\CrossServiceProcedure\",\"type\":\"micro\"},\"hostname\":\"modal\"}, 2026-03-08 13:28:34, ?, log, a1401329-2b48-40f0-914b-19876854a76f), (a1401329-99af-4354-8be3-d508b8aea2cd, {\"level\":\"info\",\"message\":\"Procedure registered\",\"context\":{\"name\":\"workflow\",\"class\":\"Shared\\\\Procedures\\\\CrossServiceProcedure\",\"type\":\"macro\"},\"hostname\":\"modal\"}, 2026-03-08 13:28:34, ?, log, a1401329-2b96-4f61-be70-1f3c5ed222f0), (a1401329-99af-4354-8be3-d508b8aea2cd, {\"command\":\"rpc:generate-tokens\",\"exit_code\":0,\"arguments\":{\"command\":\"rpc:generate-tokens\"},\"options\":{\"regenerate\":false,\"service\":null,\"expires-in\":\"8760\",\"help\":false,\"silent\":false,\"quiet\":false,\"verbose\":false,\"version\":false,\"ansi\":null,\"no-interaction\":false,\"env\":null},\"hostname\":\"modal\"}, 2026-03-08 13:28:34, ?, command, a1401329-98e8-4d67-a857-c7824d854adf)) at /tmp/abdoElHodaky/larvrevrstender/services/auth-service/vendor/laravel/framework/src/Illuminate/Database/Connection.php:838)
[stacktrace]
#0 /tmp/abdoElHodaky/larvrevrstender/services/auth-service/vendor/laravel/framework/src/Illuminate/Database/Connection.php(794): Illuminate\\Database\\Connection->runQueryCallback()
#1 /tmp/abdoElHodaky/larvrevrstender/services/auth-service/vendor/laravel/framework/src/Illuminate/Database/Connection.php(573): Illuminate\\Database\\Connection->run()
#2 /tmp/abdoElHodaky/larvrevrstender/services/auth-service/vendor/laravel/framework/src/Illuminate/Database/Connection.php(537): Illuminate\\Database\\Connection->statement()
#3 /tmp/abdoElHodaky/larvrevrstender/services/auth-service/vendor/laravel/framework/src/Illuminate/Database/Query/Builder.php(4091): Illuminate\\Database\\Connection->insert()
#4 /tmp/abdoElHodaky/larvrevrstender/services/auth-service/vendor/laravel/telescope/src/Storage/DatabaseEntriesRepository.php(145): Illuminate\\Database\\Query\\Builder->insert()
#5 /tmp/abdoElHodaky/larvrevrstender/services/auth-service/vendor/laravel/framework/src/Illuminate/Collections/Traits/EnumeratesValues.php(275): Laravel\\Telescope\\Storage\\DatabaseEntriesRepository->Laravel\\Telescope\\Storage\\{closure}()
#6 /tmp/abdoElHodaky/larvrevrstender/services/auth-service/vendor/laravel/telescope/src/Storage/DatabaseEntriesRepository.php(144): Illuminate\\Support\\Collection->each()
#7 /tmp/abdoElHodaky/larvrevrstender/services/auth-service/vendor/laravel/telescope/src/Telescope.php(664): Laravel\\Telescope\\Storage\\DatabaseEntriesRepository->store()
#8 [internal function]: Laravel\\Telescope\\Telescope::Laravel\\Telescope\\{closure}()
#9 /tmp/abdoElHodaky/larvrevrstender/services/auth-service/vendor/laravel/telescope/src/Telescope.php(289): call_user_func()
#10 /tmp/abdoElHodaky/larvrevrstender/services/auth-service/vendor/laravel/telescope/src/Telescope.php(656): Laravel\\Telescope\\Telescope::withoutRecording()
#11 /tmp/abdoElHodaky/larvrevrstender/services/auth-service/vendor/laravel/telescope/src/ListensForStorageOpportunities.php(65): Laravel\\Telescope\\Telescope::store()
#12 /tmp/abdoElHodaky/larvrevrstender/services/auth-service/vendor/laravel/framework/src/Illuminate/Container/BoundMethod.php(36): Laravel\\Telescope\\Telescope::Laravel\\Telescope\\{closure}()
#13 /tmp/abdoElHodaky/larvrevrstender/services/auth-service/vendor/laravel/framework/src/Illuminate/Container/Util.php(43): Illuminate\\Container\\BoundMethod::Illuminate\\Container\\{closure}()
#14 /tmp/abdoElHodaky/larvrevrstender/services/auth-service/vendor/laravel/framework/src/Illuminate/Container/BoundMethod.php(84): Illuminate\\Container\\Util::unwrapIfClosure()
#15 /tmp/abdoElHodaky/larvrevrstender/services/auth-service/vendor/laravel/framework/src/Illuminate/Container/BoundMethod.php(35): Illuminate\\Container\\BoundMethod::callBoundMethod()
#16 /tmp/abdoElHodaky/larvrevrstender/services/auth-service/vendor/laravel/framework/src/Illuminate/Container/Container.php(799): Illuminate\\Container\\BoundMethod::call()
#17 /tmp/abdoElHodaky/larvrevrstender/services/auth-service/vendor/laravel/framework/src/Illuminate/Foundation/Application.php(1466): Illuminate\\Container\\Container->call()
#18 /tmp/abdoElHodaky/larvrevrstender/services/auth-service/vendor/laravel/framework/src/Illuminate/Foundation/Console/Kernel.php(219): Illuminate\\Foundation\\Application->terminate()
#19 /tmp/abdoElHodaky/larvrevrstender/services/auth-service/artisan(51): Illuminate\\Foundation\\Console\\Kernel->terminate()
#20 {main}

[previous exception] [object] (PDOException(code: 7): SQLSTATE[08006] [7] connection to server at \"127.0.0.1\", port 5432 failed: Connection refused
\tIs the server running on that host and accepting TCP/IP connections? at /tmp/abdoElHodaky/larvrevrstender/services/auth-service/vendor/laravel/framework/src/Illuminate/Database/Connectors/Connector.php:66)
[stacktrace]
#0 /tmp/abdoElHodaky/larvrevrstender/services/auth-service/vendor/laravel/framework/src/Illuminate/Database/Connectors/Connector.php(66): PDO->__construct()
#1 /tmp/abdoElHodaky/larvrevrstender/services/auth-service/vendor/laravel/framework/src/Illuminate/Database/Connectors/Connector.php(44): Illuminate\\Database\\Connectors\\Connector->createPdoConnection()
#2 /tmp/abdoElHodaky/larvrevrstender/services/auth-service/vendor/laravel/framework/src/Illuminate/Database/Connectors/PostgresConnector.php(35): Illuminate\\Database\\Connectors\\Connector->createConnection()
#3 /tmp/abdoElHodaky/larvrevrstender/services/auth-service/vendor/laravel/framework/src/Illuminate/Database/Connectors/ConnectionFactory.php(186): Illuminate\\Database\\Connectors\\PostgresConnector->connect()
#4 [internal function]: Illuminate\\Database\\Connectors\\ConnectionFactory->Illuminate\\Database\\Connectors\\{closure}()
#5 /tmp/abdoElHodaky/larvrevrstender/services/auth-service/vendor/laravel/framework/src/Illuminate/Database/Connection.php(1257): call_user_func()
#6 /tmp/abdoElHodaky/larvrevrstender/services/auth-service/vendor/laravel/framework/src/Illuminate/Database/Connection.php(578): Illuminate\\Database\\Connection->getPdo()
#7 /tmp/abdoElHodaky/larvrevrstender/services/auth-service/vendor/laravel/framework/src/Illuminate/Database/Connection.php(827): Illuminate\\Database\\Connection->Illuminate\\Database\\{closure}()
#8 /tmp/abdoElHodaky/larvrevrstender/services/auth-service/vendor/laravel/framework/src/Illuminate/Database/Connection.php(794): Illuminate\\Database\\Connection->runQueryCallback()
#9 /tmp/abdoElHodaky/larvrevrstender/services/auth-service/vendor/laravel/framework/src/Illuminate/Database/Connection.php(573): Illuminate\\Database\\Connection->run()
#10 /tmp/abdoElHodaky/larvrevrstender/services/auth-service/vendor/laravel/framework/src/Illuminate/Database/Connection.php(537): Illuminate\\Database\\Connection->statement()
#11 /tmp/abdoElHodaky/larvrevrstender/services/auth-service/vendor/laravel/framework/src/Illuminate/Database/Query/Builder.php(4091): Illuminate\\Database\\Connection->insert()
#12 /tmp/abdoElHodaky/larvrevrstender/services/auth-service/vendor/laravel/telescope/src/Storage/DatabaseEntriesRepository.php(145): Illuminate\\Database\\Query\\Builder->insert()
#13 /tmp/abdoElHodaky/larvrevrstender/services/auth-service/vendor/laravel/framework/src/Illuminate/Collections/Traits/EnumeratesValues.php(275): Laravel\\Telescope\\Storage\\DatabaseEntriesRepository->Laravel\\Telescope\\Storage\\{closure}()
#14 /tmp/abdoElHodaky/larvrevrstender/services/auth-service/vendor/laravel/telescope/src/Storage/DatabaseEntriesRepository.php(144): Illuminate\\Support\\Collection->each()
#15 /tmp/abdoElHodaky/larvrevrstender/services/auth-service/vendor/laravel/telescope/src/Telescope.php(664): Laravel\\Telescope\\Storage\\DatabaseEntriesRepository->store()
#16 [internal function]: Laravel\\Telescope\\Telescope::Laravel\\Telescope\\{closure}()
#17 /tmp/abdoElHodaky/larvrevrstender/services/auth-service/vendor/laravel/telescope/src/Telescope.php(289): call_user_func()
#18 /tmp/abdoElHodaky/larvrevrstender/services/auth-service/vendor/laravel/telescope/src/Telescope.php(656): Laravel\\Telescope\\Telescope::withoutRecording()
#19 /tmp/abdoElHodaky/larvrevrstender/services/auth-service/vendor/laravel/telescope/src/ListensForStorageOpportunities.php(65): Laravel\\Telescope\\Telescope::store()
#20 /tmp/abdoElHodaky/larvrevrstender/services/auth-service/vendor/laravel/framework/src/Illuminate/Container/BoundMethod.php(36): Laravel\\Telescope\\Telescope::Laravel\\Telescope\\{closure}()
#21 /tmp/abdoElHodaky/larvrevrstender/services/auth-service/vendor/laravel/framework/src/Illuminate/Container/Util.php(43): Illuminate\\Container\\BoundMethod::Illuminate\\Container\\{closure}()
#22 /tmp/abdoElHodaky/larvrevrstender/services/auth-service/vendor/laravel/framework/src/Illuminate/Container/BoundMethod.php(84): Illuminate\\Container\\Util::unwrapIfClosure()
#23 /tmp/abdoElHodaky/larvrevrstender/services/auth-service/vendor/laravel/framework/src/Illuminate/Container/BoundMethod.php(35): Illuminate\\Container\\BoundMethod::callBoundMethod()
#24 /tmp/abdoElHodaky/larvrevrstender/services/auth-service/vendor/laravel/framework/src/Illuminate/Container/Container.php(799): Illuminate\\Container\\BoundMethod::call()
#25 /tmp/abdoElHodaky/larvrevrstender/services/auth-service/vendor/laravel/framework/src/Illuminate/Foundation/Application.php(1466): Illuminate\\Container\\Container->call()
#26 /tmp/abdoElHodaky/larvrevrstender/services/auth-service/vendor/laravel/framework/src/Illuminate/Foundation/Console/Kernel.php(219): Illuminate\\Foundation\\Application->terminate()
#27 /tmp/abdoElHodaky/larvrevrstender/services/auth-service/artisan(51): Illuminate\\Foundation\\Console\\Kernel->terminate()
#28 {main}
"} 
[2026-03-08 13:47:29] local.INFO: Procedure registered {"name":"events","class":"Shared\\Procedures\\CrossServiceProcedure","type":"micro"} 
[2026-03-08 13:47:29] local.INFO: Procedure registered {"name":"cache","class":"Shared\\Procedures\\CrossServiceProcedure","type":"micro"} 
[2026-03-08 13:47:29] local.INFO: Procedure registered {"name":"notification","class":"Shared\\Procedures\\CrossServiceProcedure","type":"micro"} 
[2026-03-08 13:47:29] local.INFO: Procedure registered {"name":"validation","class":"Shared\\Procedures\\CrossServiceProcedure","type":"micro"} 
[2026-03-08 13:47:29] local.INFO: Procedure registered {"name":"security","class":"Shared\\Procedures\\CrossServiceProcedure","type":"micro"} 
[2026-03-08 13:47:29] local.INFO: Procedure registered {"name":"circuit_breaker","class":"Shared\\Procedures\\CrossServiceProcedure","type":"micro"} 
[2026-03-08 13:47:29] local.INFO: Procedure registered {"name":"queue_circuit_breaker","class":"Shared\\Procedures\\CrossServiceProcedure","type":"micro"} 
[2026-03-08 13:47:29] local.INFO: Procedure registered {"name":"third_party_integration","class":"Shared\\Procedures\\CrossServiceProcedure","type":"micro"} 
[2026-03-08 13:47:29] local.INFO: Procedure registered {"name":"workflow","class":"Shared\\Procedures\\CrossServiceProcedure","type":"macro"} 
[2026-03-08 13:47:29] local.ERROR: SQLSTATE[08006] [7] connection to server at "127.0.0.1", port 5432 failed: Connection refused
	Is the server running on that host and accepting TCP/IP connections? (Connection: pgsql, Host: 127.0.0.1, Port: 5432, Database: auth_service, SQL: insert into "telescope_entries" ("batch_id", "content", "created_at", "family_hash", "type", "uuid") values (a14019ed-b505-4063-858b-39d4058bfa43, {"level":"info","message":"Procedure registered","context":{"name":"events","class":"Shared\\Procedures\\CrossServiceProcedure","type":"micro"},"hostname":"modal"}, 2026-03-08 13:47:29, ?, log, a14019ed-5fe4-4742-8f51-2aad9d59f08c), (a14019ed-b505-4063-858b-39d4058bfa43, {"level":"info","message":"Procedure registered","context":{"name":"cache","class":"Shared\\Procedures\\CrossServiceProcedure","type":"micro"},"hostname":"modal"}, 2026-03-08 13:47:29, ?, log, a14019ed-62f4-4b98-bf89-dfe86d2a58bc), (a14019ed-b505-4063-858b-39d4058bfa43, {"level":"info","message":"Procedure registered","context":{"name":"notification","class":"Shared\\Procedures\\CrossServiceProcedure","type":"micro"},"hostname":"modal"}, 2026-03-08 13:47:29, ?, log, a14019ed-6339-4a87-a186-90a4970e5416), (a14019ed-b505-4063-858b-39d4058bfa43, {"level":"info","message":"Procedure registered","context":{"name":"validation","class":"Shared\\Procedures\\CrossServiceProcedure","type":"micro"},"hostname":"modal"}, 2026-03-08 13:47:29, ?, log, a14019ed-6375-4c57-a7cd-380756aabb72), (a14019ed-b505-4063-858b-39d4058bfa43, {"level":"info","message":"Procedure registered","context":{"name":"security","class":"Shared\\Procedures\\CrossServiceProcedure","type":"micro"},"hostname":"modal"}, 2026-03-08 13:47:29, ?, log, a14019ed-63b0-493a-a5b4-7148f656d9da), (a14019ed-b505-4063-858b-39d4058bfa43, {"level":"info","message":"Procedure registered","context":{"name":"circuit_breaker","class":"Shared\\Procedures\\CrossServiceProcedure","type":"micro"},"hostname":"modal"}, 2026-03-08 13:47:29, ?, log, a14019ed-63e8-415b-897c-c8b107de0116), (a14019ed-b505-4063-858b-39d4058bfa43, {"level":"info","message":"Procedure registered","context":{"name":"queue_circuit_breaker","class":"Shared\\Procedures\\CrossServiceProcedure","type":"micro"},"hostname":"modal"}, 2026-03-08 13:47:29, ?, log, a14019ed-6433-41ad-a14c-228550ae1329), (a14019ed-b505-4063-858b-39d4058bfa43, {"level":"info","message":"Procedure registered","context":{"name":"third_party_integration","class":"Shared\\Procedures\\CrossServiceProcedure","type":"micro"},"hostname":"modal"}, 2026-03-08 13:47:29, ?, log, a14019ed-6477-4102-b8e5-37cc48506977), (a14019ed-b505-4063-858b-39d4058bfa43, {"level":"info","message":"Procedure registered","context":{"name":"workflow","class":"Shared\\Procedures\\CrossServiceProcedure","type":"macro"},"hostname":"modal"}, 2026-03-08 13:47:29, ?, log, a14019ed-64b2-465d-88a8-1d52c987949e), (a14019ed-b505-4063-858b-39d4058bfa43, {"command":"rpc:test-authentication","exit_code":1,"arguments":{"command":"rpc:test-authentication"},"options":{"service":"user-service","timeout":"5","help":false,"silent":false,"quiet":false,"verbose":false,"version":false,"ansi":null,"no-interaction":false,"env":null},"hostname":"modal"}, 2026-03-08 13:47:29, ?, command, a14019ed-b418-44a7-a426-fc9d8299544b)) {"exception":"[object] (Illuminate\\Database\\QueryException(code: 7): SQLSTATE[08006] [7] connection to server at \"127.0.0.1\", port 5432 failed: Connection refused
\tIs the server running on that host and accepting TCP/IP connections? (Connection: pgsql, Host: 127.0.0.1, Port: 5432, Database: auth_service, SQL: insert into \"telescope_entries\" (\"batch_id\", \"content\", \"created_at\", \"family_hash\", \"type\", \"uuid\") values (a14019ed-b505-4063-858b-39d4058bfa43, {\"level\":\"info\",\"message\":\"Procedure registered\",\"context\":{\"name\":\"events\",\"class\":\"Shared\\\\Procedures\\\\CrossServiceProcedure\",\"type\":\"micro\"},\"hostname\":\"modal\"}, 2026-03-08 13:47:29, ?, log, a14019ed-5fe4-4742-8f51-2aad9d59f08c), (a14019ed-b505-4063-858b-39d4058bfa43, {\"level\":\"info\",\"message\":\"Procedure registered\",\"context\":{\"name\":\"cache\",\"class\":\"Shared\\\\Procedures\\\\CrossServiceProcedure\",\"type\":\"micro\"},\"hostname\":\"modal\"}, 2026-03-08 13:47:29, ?, log, a14019ed-62f4-4b98-bf89-dfe86d2a58bc), (a14019ed-b505-4063-858b-39d4058bfa43, {\"level\":\"info\",\"message\":\"Procedure registered\",\"context\":{\"name\":\"notification\",\"class\":\"Shared\\\\Procedures\\\\CrossServiceProcedure\",\"type\":\"micro\"},\"hostname\":\"modal\"}, 2026-03-08 13:47:29, ?, log, a14019ed-6339-4a87-a186-90a4970e5416), (a14019ed-b505-4063-858b-39d4058bfa43, {\"level\":\"info\",\"message\":\"Procedure registered\",\"context\":{\"name\":\"validation\",\"class\":\"Shared\\\\Procedures\\\\CrossServiceProcedure\",\"type\":\"micro\"},\"hostname\":\"modal\"}, 2026-03-08 13:47:29, ?, log, a14019ed-6375-4c57-a7cd-380756aabb72), (a14019ed-b505-4063-858b-39d4058bfa43, {\"level\":\"info\",\"message\":\"Procedure registered\",\"context\":{\"name\":\"security\",\"class\":\"Shared\\\\Procedures\\\\CrossServiceProcedure\",\"type\":\"micro\"},\"hostname\":\"modal\"}, 2026-03-08 13:47:29, ?, log, a14019ed-63b0-493a-a5b4-7148f656d9da), (a14019ed-b505-4063-858b-39d4058bfa43, {\"level\":\"info\",\"message\":\"Procedure registered\",\"context\":{\"name\":\"circuit_breaker\",\"class\":\"Shared\\\\Procedures\\\\CrossServiceProcedure\",\"type\":\"micro\"},\"hostname\":\"modal\"}, 2026-03-08 13:47:29, ?, log, a14019ed-63e8-415b-897c-c8b107de0116), (a14019ed-b505-4063-858b-39d4058bfa43, {\"level\":\"info\",\"message\":\"Procedure registered\",\"context\":{\"name\":\"queue_circuit_breaker\",\"class\":\"Shared\\\\Procedures\\\\CrossServiceProcedure\",\"type\":\"micro\"},\"hostname\":\"modal\"}, 2026-03-08 13:47:29, ?, log, a14019ed-6433-41ad-a14c-228550ae1329), (a14019ed-b505-4063-858b-39d4058bfa43, {\"level\":\"info\",\"message\":\"Procedure registered\",\"context\":{\"name\":\"third_party_integration\",\"class\":\"Shared\\\\Procedures\\\\CrossServiceProcedure\",\"type\":\"micro\"},\"hostname\":\"modal\"}, 2026-03-08 13:47:29, ?, log, a14019ed-6477-4102-b8e5-37cc48506977), (a14019ed-b505-4063-858b-39d4058bfa43, {\"level\":\"info\",\"message\":\"Procedure registered\",\"context\":{\"name\":\"workflow\",\"class\":\"Shared\\\\Procedures\\\\CrossServiceProcedure\",\"type\":\"macro\"},\"hostname\":\"modal\"}, 2026-03-08 13:47:29, ?, log, a14019ed-64b2-465d-88a8-1d52c987949e), (a14019ed-b505-4063-858b-39d4058bfa43, {\"command\":\"rpc:test-authentication\",\"exit_code\":1,\"arguments\":{\"command\":\"rpc:test-authentication\"},\"options\":{\"service\":\"user-service\",\"timeout\":\"5\",\"help\":false,\"silent\":false,\"quiet\":false,\"verbose\":false,\"version\":false,\"ansi\":null,\"no-interaction\":false,\"env\":null},\"hostname\":\"modal\"}, 2026-03-08 13:47:29, ?, command, a14019ed-b418-44a7-a426-fc9d8299544b)) at /tmp/abdoElHodaky/larvrevrstender/services/auth-service/vendor/laravel/framework/src/Illuminate/Database/Connection.php:838)
[stacktrace]
#0 /tmp/abdoElHodaky/larvrevrstender/services/auth-service/vendor/laravel/framework/src/Illuminate/Database/Connection.php(794): Illuminate\\Database\\Connection->runQueryCallback()
#1 /tmp/abdoElHodaky/larvrevrstender/services/auth-service/vendor/laravel/framework/src/Illuminate/Database/Connection.php(573): Illuminate\\Database\\Connection->run()
#2 /tmp/abdoElHodaky/larvrevrstender/services/auth-service/vendor/laravel/framework/src/Illuminate/Database/Connection.php(537): Illuminate\\Database\\Connection->statement()
#3 /tmp/abdoElHodaky/larvrevrstender/services/auth-service/vendor/laravel/framework/src/Illuminate/Database/Query/Builder.php(4091): Illuminate\\Database\\Connection->insert()
#4 /tmp/abdoElHodaky/larvrevrstender/services/auth-service/vendor/laravel/telescope/src/Storage/DatabaseEntriesRepository.php(145): Illuminate\\Database\\Query\\Builder->insert()
#5 /tmp/abdoElHodaky/larvrevrstender/services/auth-service/vendor/laravel/framework/src/Illuminate/Collections/Traits/EnumeratesValues.php(275): Laravel\\Telescope\\Storage\\DatabaseEntriesRepository->Laravel\\Telescope\\Storage\\{closure}()
#6 /tmp/abdoElHodaky/larvrevrstender/services/auth-service/vendor/laravel/telescope/src/Storage/DatabaseEntriesRepository.php(144): Illuminate\\Support\\Collection->each()
#7 /tmp/abdoElHodaky/larvrevrstender/services/auth-service/vendor/laravel/telescope/src/Telescope.php(664): Laravel\\Telescope\\Storage\\DatabaseEntriesRepository->store()
#8 [internal function]: Laravel\\Telescope\\Telescope::Laravel\\Telescope\\{closure}()
#9 /tmp/abdoElHodaky/larvrevrstender/services/auth-service/vendor/laravel/telescope/src/Telescope.php(289): call_user_func()
#10 /tmp/abdoElHodaky/larvrevrstender/services/auth-service/vendor/laravel/telescope/src/Telescope.php(656): Laravel\\Telescope\\Telescope::withoutRecording()
#11 /tmp/abdoElHodaky/larvrevrstender/services/auth-service/vendor/laravel/telescope/src/ListensForStorageOpportunities.php(65): Laravel\\Telescope\\Telescope::store()
#12 /tmp/abdoElHodaky/larvrevrstender/services/auth-service/vendor/laravel/framework/src/Illuminate/Container/BoundMethod.php(36): Laravel\\Telescope\\Telescope::Laravel\\Telescope\\{closure}()
#13 /tmp/abdoElHodaky/larvrevrstender/services/auth-service/vendor/laravel/framework/src/Illuminate/Container/Util.php(43): Illuminate\\Container\\BoundMethod::Illuminate\\Container\\{closure}()
#14 /tmp/abdoElHodaky/larvrevrstender/services/auth-service/vendor/laravel/framework/src/Illuminate/Container/BoundMethod.php(84): Illuminate\\Container\\Util::unwrapIfClosure()
#15 /tmp/abdoElHodaky/larvrevrstender/services/auth-service/vendor/laravel/framework/src/Illuminate/Container/BoundMethod.php(35): Illuminate\\Container\\BoundMethod::callBoundMethod()
#16 /tmp/abdoElHodaky/larvrevrstender/services/auth-service/vendor/laravel/framework/src/Illuminate/Container/Container.php(799): Illuminate\\Container\\BoundMethod::call()
#17 /tmp/abdoElHodaky/larvrevrstender/services/auth-service/vendor/laravel/framework/src/Illuminate/Foundation/Application.php(1466): Illuminate\\Container\\Container->call()
#18 /tmp/abdoElHodaky/larvrevrstender/services/auth-service/vendor/laravel/framework/src/Illuminate/Foundation/Console/Kernel.php(219): Illuminate\\Foundation\\Application->terminate()
#19 /tmp/abdoElHodaky/larvrevrstender/services/auth-service/artisan(51): Illuminate\\Foundation\\Console\\Kernel->terminate()
#20 {main}

[previous exception] [object] (PDOException(code: 7): SQLSTATE[08006] [7] connection to server at \"127.0.0.1\", port 5432 failed: Connection refused
\tIs the server running on that host and accepting TCP/IP connections? at /tmp/abdoElHodaky/larvrevrstender/services/auth-service/vendor/laravel/framework/src/Illuminate/Database/Connectors/Connector.php:66)
[stacktrace]
#0 /tmp/abdoElHodaky/larvrevrstender/services/auth-service/vendor/laravel/framework/src/Illuminate/Database/Connectors/Connector.php(66): PDO->__construct()
#1 /tmp/abdoElHodaky/larvrevrstender/services/auth-service/vendor/laravel/framework/src/Illuminate/Database/Connectors/Connector.php(44): Illuminate\\Database\\Connectors\\Connector->createPdoConnection()
#2 /tmp/abdoElHodaky/larvrevrstender/services/auth-service/vendor/laravel/framework/src/Illuminate/Database/Connectors/PostgresConnector.php(35): Illuminate\\Database\\Connectors\\Connector->createConnection()
#3 /tmp/abdoElHodaky/larvrevrstender/services/auth-service/vendor/laravel/framework/src/Illuminate/Database/Connectors/ConnectionFactory.php(186): Illuminate\\Database\\Connectors\\PostgresConnector->connect()
#4 [internal function]: Illuminate\\Database\\Connectors\\ConnectionFactory->Illuminate\\Database\\Connectors\\{closure}()
#5 /tmp/abdoElHodaky/larvrevrstender/services/auth-service/vendor/laravel/framework/src/Illuminate/Database/Connection.php(1257): call_user_func()
#6 /tmp/abdoElHodaky/larvrevrstender/services/auth-service/vendor/laravel/framework/src/Illuminate/Database/Connection.php(578): Illuminate\\Database\\Connection->getPdo()
#7 /tmp/abdoElHodaky/larvrevrstender/services/auth-service/vendor/laravel/framework/src/Illuminate/Database/Connection.php(827): Illuminate\\Database\\Connection->Illuminate\\Database\\{closure}()
#8 /tmp/abdoElHodaky/larvrevrstender/services/auth-service/vendor/laravel/framework/src/Illuminate/Database/Connection.php(794): Illuminate\\Database\\Connection->runQueryCallback()
#9 /tmp/abdoElHodaky/larvrevrstender/services/auth-service/vendor/laravel/framework/src/Illuminate/Database/Connection.php(573): Illuminate\\Database\\Connection->run()
#10 /tmp/abdoElHodaky/larvrevrstender/services/auth-service/vendor/laravel/framework/src/Illuminate/Database/Connection.php(537): Illuminate\\Database\\Connection->statement()
#11 /tmp/abdoElHodaky/larvrevrstender/services/auth-service/vendor/laravel/framework/src/Illuminate/Database/Query/Builder.php(4091): Illuminate\\Database\\Connection->insert()
#12 /tmp/abdoElHodaky/larvrevrstender/services/auth-service/vendor/laravel/telescope/src/Storage/DatabaseEntriesRepository.php(145): Illuminate\\Database\\Query\\Builder->insert()
#13 /tmp/abdoElHodaky/larvrevrstender/services/auth-service/vendor/laravel/framework/src/Illuminate/Collections/Traits/EnumeratesValues.php(275): Laravel\\Telescope\\Storage\\DatabaseEntriesRepository->Laravel\\Telescope\\Storage\\{closure}()
#14 /tmp/abdoElHodaky/larvrevrstender/services/auth-service/vendor/laravel/telescope/src/Storage/DatabaseEntriesRepository.php(144): Illuminate\\Support\\Collection->each()
#15 /tmp/abdoElHodaky/larvrevrstender/services/auth-service/vendor/laravel/telescope/src/Telescope.php(664): Laravel\\Telescope\\Storage\\DatabaseEntriesRepository->store()
#16 [internal function]: Laravel\\Telescope\\Telescope::Laravel\\Telescope\\{closure}()
#17 /tmp/abdoElHodaky/larvrevrstender/services/auth-service/vendor/laravel/telescope/src/Telescope.php(289): call_user_func()
#18 /tmp/abdoElHodaky/larvrevrstender/services/auth-service/vendor/laravel/telescope/src/Telescope.php(656): Laravel\\Telescope\\Telescope::withoutRecording()
#19 /tmp/abdoElHodaky/larvrevrstender/services/auth-service/vendor/laravel/telescope/src/ListensForStorageOpportunities.php(65): Laravel\\Telescope\\Telescope::store()
#20 /tmp/abdoElHodaky/larvrevrstender/services/auth-service/vendor/laravel/framework/src/Illuminate/Container/BoundMethod.php(36): Laravel\\Telescope\\Telescope::Laravel\\Telescope\\{closure}()
#21 /tmp/abdoElHodaky/larvrevrstender/services/auth-service/vendor/laravel/framework/src/Illuminate/Container/Util.php(43): Illuminate\\Container\\BoundMethod::Illuminate\\Container\\{closure}()
#22 /tmp/abdoElHodaky/larvrevrstender/services/auth-service/vendor/laravel/framework/src/Illuminate/Container/BoundMethod.php(84): Illuminate\\Container\\Util::unwrapIfClosure()
#23 /tmp/abdoElHodaky/larvrevrstender/services/auth-service/vendor/laravel/framework/src/Illuminate/Container/BoundMethod.php(35): Illuminate\\Container\\BoundMethod::callBoundMethod()
#24 /tmp/abdoElHodaky/larvrevrstender/services/auth-service/vendor/laravel/framework/src/Illuminate/Container/Container.php(799): Illuminate\\Container\\BoundMethod::call()
#25 /tmp/abdoElHodaky/larvrevrstender/services/auth-service/vendor/laravel/framework/src/Illuminate/Foundation/Application.php(1466): Illuminate\\Container\\Container->call()
#26 /tmp/abdoElHodaky/larvrevrstender/services/auth-service/vendor/laravel/framework/src/Illuminate/Foundation/Console/Kernel.php(219): Illuminate\\Foundation\\Application->terminate()
#27 /tmp/abdoElHodaky/larvrevrstender/services/auth-service/artisan(51): Illuminate\\Foundation\\Console\\Kernel->terminate()
#28 {main}
"} 
[2026-03-08 13:47:45] local.INFO: Procedure registered {"name":"events","class":"Shared\\Procedures\\CrossServiceProcedure","type":"micro"} 
[2026-03-08 13:47:45] local.INFO: Procedure registered {"name":"cache","class":"Shared\\Procedures\\CrossServiceProcedure","type":"micro"} 
[2026-03-08 13:47:45] local.INFO: Procedure registered {"name":"notification","class":"Shared\\Procedures\\CrossServiceProcedure","type":"micro"} 
[2026-03-08 13:47:45] local.INFO: Procedure registered {"name":"validation","class":"Shared\\Procedures\\CrossServiceProcedure","type":"micro"} 
[2026-03-08 13:47:45] local.INFO: Procedure registered {"name":"security","class":"Shared\\Procedures\\CrossServiceProcedure","type":"micro"} 
[2026-03-08 13:47:45] local.INFO: Procedure registered {"name":"circuit_breaker","class":"Shared\\Procedures\\CrossServiceProcedure","type":"micro"} 
[2026-03-08 13:47:45] local.INFO: Procedure registered {"name":"queue_circuit_breaker","class":"Shared\\Procedures\\CrossServiceProcedure","type":"micro"} 
[2026-03-08 13:47:45] local.INFO: Procedure registered {"name":"third_party_integration","class":"Shared\\Procedures\\CrossServiceProcedure","type":"micro"} 
[2026-03-08 13:47:45] local.INFO: Procedure registered {"name":"workflow","class":"Shared\\Procedures\\CrossServiceProcedure","type":"macro"} 
[2026-03-08 13:47:45] local.ERROR: SQLSTATE[08006] [7] connection to server at "127.0.0.1", port 5432 failed: Connection refused
	Is the server running on that host and accepting TCP/IP connections? (Connection: pgsql, Host: 127.0.0.1, Port: 5432, Database: auth_service, SQL: insert into "telescope_entries" ("batch_id", "content", "created_at", "family_hash", "type", "uuid") values (a1401a05-6622-4cb8-9c4c-2ff1caf03e56, {"level":"info","message":"Procedure registered","context":{"name":"events","class":"Shared\\Procedures\\CrossServiceProcedure","type":"micro"},"hostname":"modal"}, 2026-03-08 13:47:45, ?, log, a1401a05-3630-489f-968c-bece63fd5f13), (a1401a05-6622-4cb8-9c4c-2ff1caf03e56, {"level":"info","message":"Procedure registered","context":{"name":"cache","class":"Shared\\Procedures\\CrossServiceProcedure","type":"micro"},"hostname":"modal"}, 2026-03-08 13:47:45, ?, log, a1401a05-37e9-46e2-8178-b5f2c5e05e97), (a1401a05-6622-4cb8-9c4c-2ff1caf03e56, {"level":"info","message":"Procedure registered","context":{"name":"notification","class":"Shared\\Procedures\\CrossServiceProcedure","type":"micro"},"hostname":"modal"}, 2026-03-08 13:47:45, ?, log, a1401a05-382c-43e0-9254-b9992f956923), (a1401a05-6622-4cb8-9c4c-2ff1caf03e56, {"level":"info","message":"Procedure registered","context":{"name":"validation","class":"Shared\\Procedures\\CrossServiceProcedure","type":"micro"},"hostname":"modal"}, 2026-03-08 13:47:45, ?, log, a1401a05-3867-447c-9ae3-e123c8b9f6df), (a1401a05-6622-4cb8-9c4c-2ff1caf03e56, {"level":"info","message":"Procedure registered","context":{"name":"security","class":"Shared\\Procedures\\CrossServiceProcedure","type":"micro"},"hostname":"modal"}, 2026-03-08 13:47:45, ?, log, a1401a05-389e-4699-bee9-13b7ed465b32), (a1401a05-6622-4cb8-9c4c-2ff1caf03e56, {"level":"info","message":"Procedure registered","context":{"name":"circuit_breaker","class":"Shared\\Procedures\\CrossServiceProcedure","type":"micro"},"hostname":"modal"}, 2026-03-08 13:47:45, ?, log, a1401a05-38d6-4048-878f-93b0fec3c2c0), (a1401a05-6622-4cb8-9c4c-2ff1caf03e56, {"level":"info","message":"Procedure registered","context":{"name":"queue_circuit_breaker","class":"Shared\\Procedures\\CrossServiceProcedure","type":"micro"},"hostname":"modal"}, 2026-03-08 13:47:45, ?, log, a1401a05-390c-43f3-bac4-b7a28717cae6), (a1401a05-6622-4cb8-9c4c-2ff1caf03e56, {"level":"info","message":"Procedure registered","context":{"name":"third_party_integration","class":"Shared\\Procedures\\CrossServiceProcedure","type":"micro"},"hostname":"modal"}, 2026-03-08 13:47:45, ?, log, a1401a05-3945-4ddd-8feb-de3e33d4fb1d), (a1401a05-6622-4cb8-9c4c-2ff1caf03e56, {"level":"info","message":"Procedure registered","context":{"name":"workflow","class":"Shared\\Procedures\\CrossServiceProcedure","type":"macro"},"hostname":"modal"}, 2026-03-08 13:47:45, ?, log, a1401a05-397c-40b3-9c2d-a6aa7e534249), (a1401a05-6622-4cb8-9c4c-2ff1caf03e56, {"command":"list","exit_code":0,"arguments":{"command":"list","namespace":null},"options":{"raw":false,"format":"txt","short":false,"help":false,"silent":false,"quiet":false,"verbose":false,"version":false,"ansi":null,"no-interaction":false,"env":null},"hostname":"modal"}, 2026-03-08 13:47:45, ?, command, a1401a05-6571-4d99-951f-4990561d1164)) {"exception":"[object] (Illuminate\\Database\\QueryException(code: 7): SQLSTATE[08006] [7] connection to server at \"127.0.0.1\", port 5432 failed: Connection refused
\tIs the server running on that host and accepting TCP/IP connections? (Connection: pgsql, Host: 127.0.0.1, Port: 5432, Database: auth_service, SQL: insert into \"telescope_entries\" (\"batch_id\", \"content\", \"created_at\", \"family_hash\", \"type\", \"uuid\") values (a1401a05-6622-4cb8-9c4c-2ff1caf03e56, {\"level\":\"info\",\"message\":\"Procedure registered\",\"context\":{\"name\":\"events\",\"class\":\"Shared\\\\Procedures\\\\CrossServiceProcedure\",\"type\":\"micro\"},\"hostname\":\"modal\"}, 2026-03-08 13:47:45, ?, log, a1401a05-3630-489f-968c-bece63fd5f13), (a1401a05-6622-4cb8-9c4c-2ff1caf03e56, {\"level\":\"info\",\"message\":\"Procedure registered\",\"context\":{\"name\":\"cache\",\"class\":\"Shared\\\\Procedures\\\\CrossServiceProcedure\",\"type\":\"micro\"},\"hostname\":\"modal\"}, 2026-03-08 13:47:45, ?, log, a1401a05-37e9-46e2-8178-b5f2c5e05e97), (a1401a05-6622-4cb8-9c4c-2ff1caf03e56, {\"level\":\"info\",\"message\":\"Procedure registered\",\"context\":{\"name\":\"notification\",\"class\":\"Shared\\\\Procedures\\\\CrossServiceProcedure\",\"type\":\"micro\"},\"hostname\":\"modal\"}, 2026-03-08 13:47:45, ?, log, a1401a05-382c-43e0-9254-b9992f956923), (a1401a05-6622-4cb8-9c4c-2ff1caf03e56, {\"level\":\"info\",\"message\":\"Procedure registered\",\"context\":{\"name\":\"validation\",\"class\":\"Shared\\\\Procedures\\\\CrossServiceProcedure\",\"type\":\"micro\"},\"hostname\":\"modal\"}, 2026-03-08 13:47:45, ?, log, a1401a05-3867-447c-9ae3-e123c8b9f6df), (a1401a05-6622-4cb8-9c4c-2ff1caf03e56, {\"level\":\"info\",\"message\":\"Procedure registered\",\"context\":{\"name\":\"security\",\"class\":\"Shared\\\\Procedures\\\\CrossServiceProcedure\",\"type\":\"micro\"},\"hostname\":\"modal\"}, 2026-03-08 13:47:45, ?, log, a1401a05-389e-4699-bee9-13b7ed465b32), (a1401a05-6622-4cb8-9c4c-2ff1caf03e56, {\"level\":\"info\",\"message\":\"Procedure registered\",\"context\":{\"name\":\"circuit_breaker\",\"class\":\"Shared\\\\Procedures\\\\CrossServiceProcedure\",\"type\":\"micro\"},\"hostname\":\"modal\"}, 2026-03-08 13:47:45, ?, log, a1401a05-38d6-4048-878f-93b0fec3c2c0), (a1401a05-6622-4cb8-9c4c-2ff1caf03e56, {\"level\":\"info\",\"message\":\"Procedure registered\",\"context\":{\"name\":\"queue_circuit_breaker\",\"class\":\"Shared\\\\Procedures\\\\CrossServiceProcedure\",\"type\":\"micro\"},\"hostname\":\"modal\"}, 2026-03-08 13:47:45, ?, log, a1401a05-390c-43f3-bac4-b7a28717cae6), (a1401a05-6622-4cb8-9c4c-2ff1caf03e56, {\"level\":\"info\",\"message\":\"Procedure registered\",\"context\":{\"name\":\"third_party_integration\",\"class\":\"Shared\\\\Procedures\\\\CrossServiceProcedure\",\"type\":\"micro\"},\"hostname\":\"modal\"}, 2026-03-08 13:47:45, ?, log, a1401a05-3945-4ddd-8feb-de3e33d4fb1d), (a1401a05-6622-4cb8-9c4c-2ff1caf03e56, {\"level\":\"info\",\"message\":\"Procedure registered\",\"context\":{\"name\":\"workflow\",\"class\":\"Shared\\\\Procedures\\\\CrossServiceProcedure\",\"type\":\"macro\"},\"hostname\":\"modal\"}, 2026-03-08 13:47:45, ?, log, a1401a05-397c-40b3-9c2d-a6aa7e534249), (a1401a05-6622-4cb8-9c4c-2ff1caf03e56, {\"command\":\"list\",\"exit_code\":0,\"arguments\":{\"command\":\"list\",\"namespace\":null},\"options\":{\"raw\":false,\"format\":\"txt\",\"short\":false,\"help\":false,\"silent\":false,\"quiet\":false,\"verbose\":false,\"version\":false,\"ansi\":null,\"no-interaction\":false,\"env\":null},\"hostname\":\"modal\"}, 2026-03-08 13:47:45, ?, command, a1401a05-6571-4d99-951f-4990561d1164)) at /tmp/abdoElHodaky/larvrevrstender/services/auth-service/vendor/laravel/framework/src/Illuminate/Database/Connection.php:838)
[stacktrace]
#0 /tmp/abdoElHodaky/larvrevrstender/services/auth-service/vendor/laravel/framework/src/Illuminate/Database/Connection.php(794): Illuminate\\Database\\Connection->runQueryCallback()
#1 /tmp/abdoElHodaky/larvrevrstender/services/auth-service/vendor/laravel/framework/src/Illuminate/Database/Connection.php(573): Illuminate\\Database\\Connection->run()
#2 /tmp/abdoElHodaky/larvrevrstender/services/auth-service/vendor/laravel/framework/src/Illuminate/Database/Connection.php(537): Illuminate\\Database\\Connection->statement()
#3 /tmp/abdoElHodaky/larvrevrstender/services/auth-service/vendor/laravel/framework/src/Illuminate/Database/Query/Builder.php(4091): Illuminate\\Database\\Connection->insert()
#4 /tmp/abdoElHodaky/larvrevrstender/services/auth-service/vendor/laravel/telescope/src/Storage/DatabaseEntriesRepository.php(145): Illuminate\\Database\\Query\\Builder->insert()
#5 /tmp/abdoElHodaky/larvrevrstender/services/auth-service/vendor/laravel/framework/src/Illuminate/Collections/Traits/EnumeratesValues.php(275): Laravel\\Telescope\\Storage\\DatabaseEntriesRepository->Laravel\\Telescope\\Storage\\{closure}()
#6 /tmp/abdoElHodaky/larvrevrstender/services/auth-service/vendor/laravel/telescope/src/Storage/DatabaseEntriesRepository.php(144): Illuminate\\Support\\Collection->each()
#7 /tmp/abdoElHodaky/larvrevrstender/services/auth-service/vendor/laravel/telescope/src/Telescope.php(664): Laravel\\Telescope\\Storage\\DatabaseEntriesRepository->store()
#8 [internal function]: Laravel\\Telescope\\Telescope::Laravel\\Telescope\\{closure}()
#9 /tmp/abdoElHodaky/larvrevrstender/services/auth-service/vendor/laravel/telescope/src/Telescope.php(289): call_user_func()
#10 /tmp/abdoElHodaky/larvrevrstender/services/auth-service/vendor/laravel/telescope/src/Telescope.php(656): Laravel\\Telescope\\Telescope::withoutRecording()
#11 /tmp/abdoElHodaky/larvrevrstender/services/auth-service/vendor/laravel/telescope/src/ListensForStorageOpportunities.php(65): Laravel\\Telescope\\Telescope::store()
#12 /tmp/abdoElHodaky/larvrevrstender/services/auth-service/vendor/laravel/framework/src/Illuminate/Container/BoundMethod.php(36): Laravel\\Telescope\\Telescope::Laravel\\Telescope\\{closure}()
#13 /tmp/abdoElHodaky/larvrevrstender/services/auth-service/vendor/laravel/framework/src/Illuminate/Container/Util.php(43): Illuminate\\Container\\BoundMethod::Illuminate\\Container\\{closure}()
#14 /tmp/abdoElHodaky/larvrevrstender/services/auth-service/vendor/laravel/framework/src/Illuminate/Container/BoundMethod.php(84): Illuminate\\Container\\Util::unwrapIfClosure()
#15 /tmp/abdoElHodaky/larvrevrstender/services/auth-service/vendor/laravel/framework/src/Illuminate/Container/BoundMethod.php(35): Illuminate\\Container\\BoundMethod::callBoundMethod()
#16 /tmp/abdoElHodaky/larvrevrstender/services/auth-service/vendor/laravel/framework/src/Illuminate/Container/Container.php(799): Illuminate\\Container\\BoundMethod::call()
#17 /tmp/abdoElHodaky/larvrevrstender/services/auth-service/vendor/laravel/framework/src/Illuminate/Foundation/Application.php(1466): Illuminate\\Container\\Container->call()
#18 /tmp/abdoElHodaky/larvrevrstender/services/auth-service/vendor/laravel/framework/src/Illuminate/Foundation/Console/Kernel.php(219): Illuminate\\Foundation\\Application->terminate()
#19 /tmp/abdoElHodaky/larvrevrstender/services/auth-service/artisan(51): Illuminate\\Foundation\\Console\\Kernel->terminate()
#20 {main}

[previous exception] [object] (PDOException(code: 7): SQLSTATE[08006] [7] connection to server at \"127.0.0.1\", port 5432 failed: Connection refused
\tIs the server running on that host and accepting TCP/IP connections? at /tmp/abdoElHodaky/larvrevrstender/services/auth-service/vendor/laravel/framework/src/Illuminate/Database/Connectors/Connector.php:66)
[stacktrace]
#0 /tmp/abdoElHodaky/larvrevrstender/services/auth-service/vendor/laravel/framework/src/Illuminate/Database/Connectors/Connector.php(66): PDO->__construct()
#1 /tmp/abdoElHodaky/larvrevrstender/services/auth-service/vendor/laravel/framework/src/Illuminate/Database/Connectors/Connector.php(44): Illuminate\\Database\\Connectors\\Connector->createPdoConnection()
#2 /tmp/abdoElHodaky/larvrevrstender/services/auth-service/vendor/laravel/framework/src/Illuminate/Database/Connectors/PostgresConnector.php(35): Illuminate\\Database\\Connectors\\Connector->createConnection()
#3 /tmp/abdoElHodaky/larvrevrstender/services/auth-service/vendor/laravel/framework/src/Illuminate/Database/Connectors/ConnectionFactory.php(186): Illuminate\\Database\\Connectors\\PostgresConnector->connect()
#4 [internal function]: Illuminate\\Database\\Connectors\\ConnectionFactory->Illuminate\\Database\\Connectors\\{closure}()
#5 /tmp/abdoElHodaky/larvrevrstender/services/auth-service/vendor/laravel/framework/src/Illuminate/Database/Connection.php(1257): call_user_func()
#6 /tmp/abdoElHodaky/larvrevrstender/services/auth-service/vendor/laravel/framework/src/Illuminate/Database/Connection.php(578): Illuminate\\Database\\Connection->getPdo()
#7 /tmp/abdoElHodaky/larvrevrstender/services/auth-service/vendor/laravel/framework/src/Illuminate/Database/Connection.php(827): Illuminate\\Database\\Connection->Illuminate\\Database\\{closure}()
#8 /tmp/abdoElHodaky/larvrevrstender/services/auth-service/vendor/laravel/framework/src/Illuminate/Database/Connection.php(794): Illuminate\\Database\\Connection->runQueryCallback()
#9 /tmp/abdoElHodaky/larvrevrstender/services/auth-service/vendor/laravel/framework/src/Illuminate/Database/Connection.php(573): Illuminate\\Database\\Connection->run()
#10 /tmp/abdoElHodaky/larvrevrstender/services/auth-service/vendor/laravel/framework/src/Illuminate/Database/Connection.php(537): Illuminate\\Database\\Connection->statement()
#11 /tmp/abdoElHodaky/larvrevrstender/services/auth-service/vendor/laravel/framework/src/Illuminate/Database/Query/Builder.php(4091): Illuminate\\Database\\Connection->insert()
#12 /tmp/abdoElHodaky/larvrevrstender/services/auth-service/vendor/laravel/telescope/src/Storage/DatabaseEntriesRepository.php(145): Illuminate\\Database\\Query\\Builder->insert()
#13 /tmp/abdoElHodaky/larvrevrstender/services/auth-service/vendor/laravel/framework/src/Illuminate/Collections/Traits/EnumeratesValues.php(275): Laravel\\Telescope\\Storage\\DatabaseEntriesRepository->Laravel\\Telescope\\Storage\\{closure}()
#14 /tmp/abdoElHodaky/larvrevrstender/services/auth-service/vendor/laravel/telescope/src/Storage/DatabaseEntriesRepository.php(144): Illuminate\\Support\\Collection->each()
#15 /tmp/abdoElHodaky/larvrevrstender/services/auth-service/vendor/laravel/telescope/src/Telescope.php(664): Laravel\\Telescope\\Storage\\DatabaseEntriesRepository->store()
#16 [internal function]: Laravel\\Telescope\\Telescope::Laravel\\Telescope\\{closure}()
#17 /tmp/abdoElHodaky/larvrevrstender/services/auth-service/vendor/laravel/telescope/src/Telescope.php(289): call_user_func()
#18 /tmp/abdoElHodaky/larvrevrstender/services/auth-service/vendor/laravel/telescope/src/Telescope.php(656): Laravel\\Telescope\\Telescope::withoutRecording()
#19 /tmp/abdoElHodaky/larvrevrstender/services/auth-service/vendor/laravel/telescope/src/ListensForStorageOpportunities.php(65): Laravel\\Telescope\\Telescope::store()
#20 /tmp/abdoElHodaky/larvrevrstender/services/auth-service/vendor/laravel/framework/src/Illuminate/Container/BoundMethod.php(36): Laravel\\Telescope\\Telescope::Laravel\\Telescope\\{closure}()
#21 /tmp/abdoElHodaky/larvrevrstender/services/auth-service/vendor/laravel/framework/src/Illuminate/Container/Util.php(43): Illuminate\\Container\\BoundMethod::Illuminate\\Container\\{closure}()
#22 /tmp/abdoElHodaky/larvrevrstender/services/auth-service/vendor/laravel/framework/src/Illuminate/Container/BoundMethod.php(84): Illuminate\\Container\\Util::unwrapIfClosure()
#23 /tmp/abdoElHodaky/larvrevrstender/services/auth-service/vendor/laravel/framework/src/Illuminate/Container/BoundMethod.php(35): Illuminate\\Container\\BoundMethod::callBoundMethod()
#24 /tmp/abdoElHodaky/larvrevrstender/services/auth-service/vendor/laravel/framework/src/Illuminate/Container/Container.php(799): Illuminate\\Container\\BoundMethod::call()
#25 /tmp/abdoElHodaky/larvrevrstender/services/auth-service/vendor/laravel/framework/src/Illuminate/Foundation/Application.php(1466): Illuminate\\Container\\Container->call()
#26 /tmp/abdoElHodaky/larvrevrstender/services/auth-service/vendor/laravel/framework/src/Illuminate/Foundation/Console/Kernel.php(219): Illuminate\\Foundation\\Application->terminate()
#27 /tmp/abdoElHodaky/larvrevrstender/services/auth-service/artisan(51): Illuminate\\Foundation\\Console\\Kernel->terminate()
#28 {main}
"} 
[2026-03-08 13:47:59] local.INFO: Procedure registered {"name":"events","class":"Shared\\Procedures\\CrossServiceProcedure","type":"micro"} 
[2026-03-08 13:47:59] local.INFO: Procedure registered {"name":"cache","class":"Shared\\Procedures\\CrossServiceProcedure","type":"micro"} 
[2026-03-08 13:47:59] local.INFO: Procedure registered {"name":"notification","class":"Shared\\Procedures\\CrossServiceProcedure","type":"micro"} 
[2026-03-08 13:47:59] local.INFO: Procedure registered {"name":"validation","class":"Shared\\Procedures\\CrossServiceProcedure","type":"micro"} 
[2026-03-08 13:47:59] local.INFO: Procedure registered {"name":"security","class":"Shared\\Procedures\\CrossServiceProcedure","type":"micro"} 
[2026-03-08 13:47:59] local.INFO: Procedure registered {"name":"circuit_breaker","class":"Shared\\Procedures\\CrossServiceProcedure","type":"micro"} 
[2026-03-08 13:47:59] local.INFO: Procedure registered {"name":"queue_circuit_breaker","class":"Shared\\Procedures\\CrossServiceProcedure","type":"micro"} 
[2026-03-08 13:47:59] local.INFO: Procedure registered {"name":"third_party_integration","class":"Shared\\Procedures\\CrossServiceProcedure","type":"micro"} 
[2026-03-08 13:47:59] local.INFO: Procedure registered {"name":"workflow","class":"Shared\\Procedures\\CrossServiceProcedure","type":"macro"} 
[2026-03-08 13:47:59] local.ERROR: SQLSTATE[08006] [7] connection to server at "127.0.0.1", port 5432 failed: Connection refused
	Is the server running on that host and accepting TCP/IP connections? (Connection: pgsql, Host: 127.0.0.1, Port: 5432, Database: auth_service, SQL: insert into "telescope_entries" ("batch_id", "content", "created_at", "family_hash", "type", "uuid") values (a1401a1a-9728-4021-84df-72887ccaf059, {"level":"info","message":"Procedure registered","context":{"name":"events","class":"Shared\\Procedures\\CrossServiceProcedure","type":"micro"},"hostname":"modal"}, 2026-03-08 13:47:59, ?, log, a1401a1a-639d-41d2-8c17-7407b433be7c), (a1401a1a-9728-4021-84df-72887ccaf059, {"level":"info","message":"Procedure registered","context":{"name":"cache","class":"Shared\\Procedures\\CrossServiceProcedure","type":"micro"},"hostname":"modal"}, 2026-03-08 13:47:59, ?, log, a1401a1a-657a-4ca0-8f08-d5ca7a5c3465), (a1401a1a-9728-4021-84df-72887ccaf059, {"level":"info","message":"Procedure registered","context":{"name":"notification","class":"Shared\\Procedures\\CrossServiceProcedure","type":"micro"},"hostname":"modal"}, 2026-03-08 13:47:59, ?, log, a1401a1a-65bb-497f-8e33-4377d62ac52f), (a1401a1a-9728-4021-84df-72887ccaf059, {"level":"info","message":"Procedure registered","context":{"name":"validation","class":"Shared\\Procedures\\CrossServiceProcedure","type":"micro"},"hostname":"modal"}, 2026-03-08 13:47:59, ?, log, a1401a1a-65f8-45f8-89fe-2b504dabb94a), (a1401a1a-9728-4021-84df-72887ccaf059, {"level":"info","message":"Procedure registered","context":{"name":"security","class":"Shared\\Procedures\\CrossServiceProcedure","type":"micro"},"hostname":"modal"}, 2026-03-08 13:47:59, ?, log, a1401a1a-6631-4e05-97bb-398d621b8bac), (a1401a1a-9728-4021-84df-72887ccaf059, {"level":"info","message":"Procedure registered","context":{"name":"circuit_breaker","class":"Shared\\Procedures\\CrossServiceProcedure","type":"micro"},"hostname":"modal"}, 2026-03-08 13:47:59, ?, log, a1401a1a-666c-475d-9c1f-342d45afcde0), (a1401a1a-9728-4021-84df-72887ccaf059, {"level":"info","message":"Procedure registered","context":{"name":"queue_circuit_breaker","class":"Shared\\Procedures\\CrossServiceProcedure","type":"micro"},"hostname":"modal"}, 2026-03-08 13:47:59, ?, log, a1401a1a-66a5-4167-96d9-1d8c219b5384), (a1401a1a-9728-4021-84df-72887ccaf059, {"level":"info","message":"Procedure registered","context":{"name":"third_party_integration","class":"Shared\\Procedures\\CrossServiceProcedure","type":"micro"},"hostname":"modal"}, 2026-03-08 13:47:59, ?, log, a1401a1a-66e0-4174-b468-51abc780a2b5), (a1401a1a-9728-4021-84df-72887ccaf059, {"level":"info","message":"Procedure registered","context":{"name":"workflow","class":"Shared\\Procedures\\CrossServiceProcedure","type":"macro"},"hostname":"modal"}, 2026-03-08 13:47:59, ?, log, a1401a1a-671d-4ab9-ae9f-328113636c1d), (a1401a1a-9728-4021-84df-72887ccaf059, {"command":"rpc:test-authentication","exit_code":1,"arguments":{"command":"rpc:test-authentication"},"options":{"service":"user-service","timeout":"2","help":false,"silent":false,"quiet":false,"verbose":false,"version":false,"ansi":null,"no-interaction":false,"env":null},"hostname":"modal"}, 2026-03-08 13:47:59, ?, command, a1401a1a-967f-42f6-852d-ae5f37caaa4a)) {"exception":"[object] (Illuminate\\Database\\QueryException(code: 7): SQLSTATE[08006] [7] connection to server at \"127.0.0.1\", port 5432 failed: Connection refused
\tIs the server running on that host and accepting TCP/IP connections? (Connection: pgsql, Host: 127.0.0.1, Port: 5432, Database: auth_service, SQL: insert into \"telescope_entries\" (\"batch_id\", \"content\", \"created_at\", \"family_hash\", \"type\", \"uuid\") values (a1401a1a-9728-4021-84df-72887ccaf059, {\"level\":\"info\",\"message\":\"Procedure registered\",\"context\":{\"name\":\"events\",\"class\":\"Shared\\\\Procedures\\\\CrossServiceProcedure\",\"type\":\"micro\"},\"hostname\":\"modal\"}, 2026-03-08 13:47:59, ?, log, a1401a1a-639d-41d2-8c17-7407b433be7c), (a1401a1a-9728-4021-84df-72887ccaf059, {\"level\":\"info\",\"message\":\"Procedure registered\",\"context\":{\"name\":\"cache\",\"class\":\"Shared\\\\Procedures\\\\CrossServiceProcedure\",\"type\":\"micro\"},\"hostname\":\"modal\"}, 2026-03-08 13:47:59, ?, log, a1401a1a-657a-4ca0-8f08-d5ca7a5c3465), (a1401a1a-9728-4021-84df-72887ccaf059, {\"level\":\"info\",\"message\":\"Procedure registered\",\"context\":{\"name\":\"notification\",\"class\":\"Shared\\\\Procedures\\\\CrossServiceProcedure\",\"type\":\"micro\"},\"hostname\":\"modal\"}, 2026-03-08 13:47:59, ?, log, a1401a1a-65bb-497f-8e33-4377d62ac52f), (a1401a1a-9728-4021-84df-72887ccaf059, {\"level\":\"info\",\"message\":\"Procedure registered\",\"context\":{\"name\":\"validation\",\"class\":\"Shared\\\\Procedures\\\\CrossServiceProcedure\",\"type\":\"micro\"},\"hostname\":\"modal\"}, 2026-03-08 13:47:59, ?, log, a1401a1a-65f8-45f8-89fe-2b504dabb94a), (a1401a1a-9728-4021-84df-72887ccaf059, {\"level\":\"info\",\"message\":\"Procedure registered\",\"context\":{\"name\":\"security\",\"class\":\"Shared\\\\Procedures\\\\CrossServiceProcedure\",\"type\":\"micro\"},\"hostname\":\"modal\"}, 2026-03-08 13:47:59, ?, log, a1401a1a-6631-4e05-97bb-398d621b8bac), (a1401a1a-9728-4021-84df-72887ccaf059, {\"level\":\"info\",\"message\":\"Procedure registered\",\"context\":{\"name\":\"circuit_breaker\",\"class\":\"Shared\\\\Procedures\\\\CrossServiceProcedure\",\"type\":\"micro\"},\"hostname\":\"modal\"}, 2026-03-08 13:47:59, ?, log, a1401a1a-666c-475d-9c1f-342d45afcde0), (a1401a1a-9728-4021-84df-72887ccaf059, {\"level\":\"info\",\"message\":\"Procedure registered\",\"context\":{\"name\":\"queue_circuit_breaker\",\"class\":\"Shared\\\\Procedures\\\\CrossServiceProcedure\",\"type\":\"micro\"},\"hostname\":\"modal\"}, 2026-03-08 13:47:59, ?, log, a1401a1a-66a5-4167-96d9-1d8c219b5384), (a1401a1a-9728-4021-84df-72887ccaf059, {\"level\":\"info\",\"message\":\"Procedure registered\",\"context\":{\"name\":\"third_party_integration\",\"class\":\"Shared\\\\Procedures\\\\CrossServiceProcedure\",\"type\":\"micro\"},\"hostname\":\"modal\"}, 2026-03-08 13:47:59, ?, log, a1401a1a-66e0-4174-b468-51abc780a2b5), (a1401a1a-9728-4021-84df-72887ccaf059, {\"level\":\"info\",\"message\":\"Procedure registered\",\"context\":{\"name\":\"workflow\",\"class\":\"Shared\\\\Procedures\\\\CrossServiceProcedure\",\"type\":\"macro\"},\"hostname\":\"modal\"}, 2026-03-08 13:47:59, ?, log, a1401a1a-671d-4ab9-ae9f-328113636c1d), (a1401a1a-9728-4021-84df-72887ccaf059, {\"command\":\"rpc:test-authentication\",\"exit_code\":1,\"arguments\":{\"command\":\"rpc:test-authentication\"},\"options\":{\"service\":\"user-service\",\"timeout\":\"2\",\"help\":false,\"silent\":false,\"quiet\":false,\"verbose\":false,\"version\":false,\"ansi\":null,\"no-interaction\":false,\"env\":null},\"hostname\":\"modal\"}, 2026-03-08 13:47:59, ?, command, a1401a1a-967f-42f6-852d-ae5f37caaa4a)) at /tmp/abdoElHodaky/larvrevrstender/services/auth-service/vendor/laravel/framework/src/Illuminate/Database/Connection.php:838)
[stacktrace]
#0 /tmp/abdoElHodaky/larvrevrstender/services/auth-service/vendor/laravel/framework/src/Illuminate/Database/Connection.php(794): Illuminate\\Database\\Connection->runQueryCallback()
#1 /tmp/abdoElHodaky/larvrevrstender/services/auth-service/vendor/laravel/framework/src/Illuminate/Database/Connection.php(573): Illuminate\\Database\\Connection->run()
#2 /tmp/abdoElHodaky/larvrevrstender/services/auth-service/vendor/laravel/framework/src/Illuminate/Database/Connection.php(537): Illuminate\\Database\\Connection->statement()
#3 /tmp/abdoElHodaky/larvrevrstender/services/auth-service/vendor/laravel/framework/src/Illuminate/Database/Query/Builder.php(4091): Illuminate\\Database\\Connection->insert()
#4 /tmp/abdoElHodaky/larvrevrstender/services/auth-service/vendor/laravel/telescope/src/Storage/DatabaseEntriesRepository.php(145): Illuminate\\Database\\Query\\Builder->insert()
#5 /tmp/abdoElHodaky/larvrevrstender/services/auth-service/vendor/laravel/framework/src/Illuminate/Collections/Traits/EnumeratesValues.php(275): Laravel\\Telescope\\Storage\\DatabaseEntriesRepository->Laravel\\Telescope\\Storage\\{closure}()
#6 /tmp/abdoElHodaky/larvrevrstender/services/auth-service/vendor/laravel/telescope/src/Storage/DatabaseEntriesRepository.php(144): Illuminate\\Support\\Collection->each()
#7 /tmp/abdoElHodaky/larvrevrstender/services/auth-service/vendor/laravel/telescope/src/Telescope.php(664): Laravel\\Telescope\\Storage\\DatabaseEntriesRepository->store()
#8 [internal function]: Laravel\\Telescope\\Telescope::Laravel\\Telescope\\{closure}()
#9 /tmp/abdoElHodaky/larvrevrstender/services/auth-service/vendor/laravel/telescope/src/Telescope.php(289): call_user_func()
#10 /tmp/abdoElHodaky/larvrevrstender/services/auth-service/vendor/laravel/telescope/src/Telescope.php(656): Laravel\\Telescope\\Telescope::withoutRecording()
#11 /tmp/abdoElHodaky/larvrevrstender/services/auth-service/vendor/laravel/telescope/src/ListensForStorageOpportunities.php(65): Laravel\\Telescope\\Telescope::store()
#12 /tmp/abdoElHodaky/larvrevrstender/services/auth-service/vendor/laravel/framework/src/Illuminate/Container/BoundMethod.php(36): Laravel\\Telescope\\Telescope::Laravel\\Telescope\\{closure}()
#13 /tmp/abdoElHodaky/larvrevrstender/services/auth-service/vendor/laravel/framework/src/Illuminate/Container/Util.php(43): Illuminate\\Container\\BoundMethod::Illuminate\\Container\\{closure}()
#14 /tmp/abdoElHodaky/larvrevrstender/services/auth-service/vendor/laravel/framework/src/Illuminate/Container/BoundMethod.php(84): Illuminate\\Container\\Util::unwrapIfClosure()
#15 /tmp/abdoElHodaky/larvrevrstender/services/auth-service/vendor/laravel/framework/src/Illuminate/Container/BoundMethod.php(35): Illuminate\\Container\\BoundMethod::callBoundMethod()
#16 /tmp/abdoElHodaky/larvrevrstender/services/auth-service/vendor/laravel/framework/src/Illuminate/Container/Container.php(799): Illuminate\\Container\\BoundMethod::call()
#17 /tmp/abdoElHodaky/larvrevrstender/services/auth-service/vendor/laravel/framework/src/Illuminate/Foundation/Application.php(1466): Illuminate\\Container\\Container->call()
#18 /tmp/abdoElHodaky/larvrevrstender/services/auth-service/vendor/laravel/framework/src/Illuminate/Foundation/Console/Kernel.php(219): Illuminate\\Foundation\\Application->terminate()
#19 /tmp/abdoElHodaky/larvrevrstender/services/auth-service/artisan(51): Illuminate\\Foundation\\Console\\Kernel->terminate()
#20 {main}

[previous exception] [object] (PDOException(code: 7): SQLSTATE[08006] [7] connection to server at \"127.0.0.1\", port 5432 failed: Connection refused
\tIs the server running on that host and accepting TCP/IP connections? at /tmp/abdoElHodaky/larvrevrstender/services/auth-service/vendor/laravel/framework/src/Illuminate/Database/Connectors/Connector.php:66)
[stacktrace]
#0 /tmp/abdoElHodaky/larvrevrstender/services/auth-service/vendor/laravel/framework/src/Illuminate/Database/Connectors/Connector.php(66): PDO->__construct()
#1 /tmp/abdoElHodaky/larvrevrstender/services/auth-service/vendor/laravel/framework/src/Illuminate/Database/Connectors/Connector.php(44): Illuminate\\Database\\Connectors\\Connector->createPdoConnection()
#2 /tmp/abdoElHodaky/larvrevrstender/services/auth-service/vendor/laravel/framework/src/Illuminate/Database/Connectors/PostgresConnector.php(35): Illuminate\\Database\\Connectors\\Connector->createConnection()
#3 /tmp/abdoElHodaky/larvrevrstender/services/auth-service/vendor/laravel/framework/src/Illuminate/Database/Connectors/ConnectionFactory.php(186): Illuminate\\Database\\Connectors\\PostgresConnector->connect()
#4 [internal function]: Illuminate\\Database\\Connectors\\ConnectionFactory->Illuminate\\Database\\Connectors\\{closure}()
#5 /tmp/abdoElHodaky/larvrevrstender/services/auth-service/vendor/laravel/framework/src/Illuminate/Database/Connection.php(1257): call_user_func()
#6 /tmp/abdoElHodaky/larvrevrstender/services/auth-service/vendor/laravel/framework/src/Illuminate/Database/Connection.php(578): Illuminate\\Database\\Connection->getPdo()
#7 /tmp/abdoElHodaky/larvrevrstender/services/auth-service/vendor/laravel/framework/src/Illuminate/Database/Connection.php(827): Illuminate\\Database\\Connection->Illuminate\\Database\\{closure}()
#8 /tmp/abdoElHodaky/larvrevrstender/services/auth-service/vendor/laravel/framework/src/Illuminate/Database/Connection.php(794): Illuminate\\Database\\Connection->runQueryCallback()
#9 /tmp/abdoElHodaky/larvrevrstender/services/auth-service/vendor/laravel/framework/src/Illuminate/Database/Connection.php(573): Illuminate\\Database\\Connection->run()
#10 /tmp/abdoElHodaky/larvrevrstender/services/auth-service/vendor/laravel/framework/src/Illuminate/Database/Connection.php(537): Illuminate\\Database\\Connection->statement()
#11 /tmp/abdoElHodaky/larvrevrstender/services/auth-service/vendor/laravel/framework/src/Illuminate/Database/Query/Builder.php(4091): Illuminate\\Database\\Connection->insert()
#12 /tmp/abdoElHodaky/larvrevrstender/services/auth-service/vendor/laravel/telescope/src/Storage/DatabaseEntriesRepository.php(145): Illuminate\\Database\\Query\\Builder->insert()
#13 /tmp/abdoElHodaky/larvrevrstender/services/auth-service/vendor/laravel/framework/src/Illuminate/Collections/Traits/EnumeratesValues.php(275): Laravel\\Telescope\\Storage\\DatabaseEntriesRepository->Laravel\\Telescope\\Storage\\{closure}()
#14 /tmp/abdoElHodaky/larvrevrstender/services/auth-service/vendor/laravel/telescope/src/Storage/DatabaseEntriesRepository.php(144): Illuminate\\Support\\Collection->each()
#15 /tmp/abdoElHodaky/larvrevrstender/services/auth-service/vendor/laravel/telescope/src/Telescope.php(664): Laravel\\Telescope\\Storage\\DatabaseEntriesRepository->store()
#16 [internal function]: Laravel\\Telescope\\Telescope::Laravel\\Telescope\\{closure}()
#17 /tmp/abdoElHodaky/larvrevrstender/services/auth-service/vendor/laravel/telescope/src/Telescope.php(289): call_user_func()
#18 /tmp/abdoElHodaky/larvrevrstender/services/auth-service/vendor/laravel/telescope/src/Telescope.php(656): Laravel\\Telescope\\Telescope::withoutRecording()
#19 /tmp/abdoElHodaky/larvrevrstender/services/auth-service/vendor/laravel/telescope/src/ListensForStorageOpportunities.php(65): Laravel\\Telescope\\Telescope::store()
#20 /tmp/abdoElHodaky/larvrevrstender/services/auth-service/vendor/laravel/framework/src/Illuminate/Container/BoundMethod.php(36): Laravel\\Telescope\\Telescope::Laravel\\Telescope\\{closure}()
#21 /tmp/abdoElHodaky/larvrevrstender/services/auth-service/vendor/laravel/framework/src/Illuminate/Container/Util.php(43): Illuminate\\Container\\BoundMethod::Illuminate\\Container\\{closure}()
#22 /tmp/abdoElHodaky/larvrevrstender/services/auth-service/vendor/laravel/framework/src/Illuminate/Container/BoundMethod.php(84): Illuminate\\Container\\Util::unwrapIfClosure()
#23 /tmp/abdoElHodaky/larvrevrstender/services/auth-service/vendor/laravel/framework/src/Illuminate/Container/BoundMethod.php(35): Illuminate\\Container\\BoundMethod::callBoundMethod()
#24 /tmp/abdoElHodaky/larvrevrstender/services/auth-service/vendor/laravel/framework/src/Illuminate/Container/Container.php(799): Illuminate\\Container\\BoundMethod::call()
#25 /tmp/abdoElHodaky/larvrevrstender/services/auth-service/vendor/laravel/framework/src/Illuminate/Foundation/Application.php(1466): Illuminate\\Container\\Container->call()
#26 /tmp/abdoElHodaky/larvrevrstender/services/auth-service/vendor/laravel/framework/src/Illuminate/Foundation/Console/Kernel.php(219): Illuminate\\Foundation\\Application->terminate()
#27 /tmp/abdoElHodaky/larvrevrstender/services/auth-service/artisan(51): Illuminate\\Foundation\\Console\\Kernel->terminate()
#28 {main}
"} 
[2026-03-08 13:47:59] local.INFO: Procedure registered {"name":"events","class":"Shared\\Procedures\\CrossServiceProcedure","type":"micro"} 
[2026-03-08 13:47:59] local.INFO: Procedure registered {"name":"cache","class":"Shared\\Procedures\\CrossServiceProcedure","type":"micro"} 
[2026-03-08 13:47:59] local.INFO: Procedure registered {"name":"notification","class":"Shared\\Procedures\\CrossServiceProcedure","type":"micro"} 
[2026-03-08 13:47:59] local.INFO: Procedure registered {"name":"validation","class":"Shared\\Procedures\\CrossServiceProcedure","type":"micro"} 
[2026-03-08 13:47:59] local.INFO: Procedure registered {"name":"security","class":"Shared\\Procedures\\CrossServiceProcedure","type":"micro"} 
[2026-03-08 13:47:59] local.INFO: Procedure registered {"name":"circuit_breaker","class":"Shared\\Procedures\\CrossServiceProcedure","type":"micro"} 
[2026-03-08 13:47:59] local.INFO: Procedure registered {"name":"queue_circuit_breaker","class":"Shared\\Procedures\\CrossServiceProcedure","type":"micro"} 
[2026-03-08 13:47:59] local.INFO: Procedure registered {"name":"third_party_integration","class":"Shared\\Procedures\\CrossServiceProcedure","type":"micro"} 
[2026-03-08 13:47:59] local.INFO: Procedure registered {"name":"workflow","class":"Shared\\Procedures\\CrossServiceProcedure","type":"macro"} 
[2026-03-08 13:47:59] local.ERROR: SQLSTATE[08006] [7] connection to server at "127.0.0.1", port 5432 failed: Connection refused
	Is the server running on that host and accepting TCP/IP connections? (Connection: pgsql, Host: 127.0.0.1, Port: 5432, Database: auth_service, SQL: insert into "telescope_entries" ("batch_id", "content", "created_at", "family_hash", "type", "uuid") values (a1401a1b-449d-4615-aaea-f14600610d03, {"level":"info","message":"Procedure registered","context":{"name":"events","class":"Shared\\Procedures\\CrossServiceProcedure","type":"micro"},"hostname":"modal"}, 2026-03-08 13:47:59, ?, log, a1401a1b-14d2-48d0-8669-4c0d408b9d55), (a1401a1b-449d-4615-aaea-f14600610d03, {"level":"info","message":"Procedure registered","context":{"name":"cache","class":"Shared\\Procedures\\CrossServiceProcedure","type":"micro"},"hostname":"modal"}, 2026-03-08 13:47:59, ?, log, a1401a1b-16f1-4d28-99e5-8a9f327c605f), (a1401a1b-449d-4615-aaea-f14600610d03, {"level":"info","message":"Procedure registered","context":{"name":"notification","class":"Shared\\Procedures\\CrossServiceProcedure","type":"micro"},"hostname":"modal"}, 2026-03-08 13:47:59, ?, log, a1401a1b-1750-4fcf-8d34-ebc789602a5e), (a1401a1b-449d-4615-aaea-f14600610d03, {"level":"info","message":"Procedure registered","context":{"name":"validation","class":"Shared\\Procedures\\CrossServiceProcedure","type":"micro"},"hostname":"modal"}, 2026-03-08 13:47:59, ?, log, a1401a1b-17a1-49e8-aeb5-0dea0e23180b), (a1401a1b-449d-4615-aaea-f14600610d03, {"level":"info","message":"Procedure registered","context":{"name":"security","class":"Shared\\Procedures\\CrossServiceProcedure","type":"micro"},"hostname":"modal"}, 2026-03-08 13:47:59, ?, log, a1401a1b-17e7-493d-82bc-516451197cad), (a1401a1b-449d-4615-aaea-f14600610d03, {"level":"info","message":"Procedure registered","context":{"name":"circuit_breaker","class":"Shared\\Procedures\\CrossServiceProcedure","type":"micro"},"hostname":"modal"}, 2026-03-08 13:47:59, ?, log, a1401a1b-183e-4ee4-9f35-43042ea2b73b), (a1401a1b-449d-4615-aaea-f14600610d03, {"level":"info","message":"Procedure registered","context":{"name":"queue_circuit_breaker","class":"Shared\\Procedures\\CrossServiceProcedure","type":"micro"},"hostname":"modal"}, 2026-03-08 13:47:59, ?, log, a1401a1b-188c-4fe3-98e0-fc452c97c13f), (a1401a1b-449d-4615-aaea-f14600610d03, {"level":"info","message":"Procedure registered","context":{"name":"third_party_integration","class":"Shared\\Procedures\\CrossServiceProcedure","type":"micro"},"hostname":"modal"}, 2026-03-08 13:47:59, ?, log, a1401a1b-18d0-416f-a13c-11d3248dac84), (a1401a1b-449d-4615-aaea-f14600610d03, {"level":"info","message":"Procedure registered","context":{"name":"workflow","class":"Shared\\Procedures\\CrossServiceProcedure","type":"macro"},"hostname":"modal"}, 2026-03-08 13:47:59, ?, log, a1401a1b-1921-4435-a2c9-3dd14bf3de67), (a1401a1b-449d-4615-aaea-f14600610d03, {"command":"rpc:test-authentication","exit_code":1,"arguments":{"command":"rpc:test-authentication"},"options":{"service":"auction-service","timeout":"2","help":false,"silent":false,"quiet":false,"verbose":false,"version":false,"ansi":null,"no-interaction":false,"env":null},"hostname":"modal"}, 2026-03-08 13:47:59, ?, command, a1401a1b-43e7-471c-98a2-205a7bd6ec45)) {"exception":"[object] (Illuminate\\Database\\QueryException(code: 7): SQLSTATE[08006] [7] connection to server at \"127.0.0.1\", port 5432 failed: Connection refused
\tIs the server running on that host and accepting TCP/IP connections? (Connection: pgsql, Host: 127.0.0.1, Port: 5432, Database: auth_service, SQL: insert into \"telescope_entries\" (\"batch_id\", \"content\", \"created_at\", \"family_hash\", \"type\", \"uuid\") values (a1401a1b-449d-4615-aaea-f14600610d03, {\"level\":\"info\",\"message\":\"Procedure registered\",\"context\":{\"name\":\"events\",\"class\":\"Shared\\\\Procedures\\\\CrossServiceProcedure\",\"type\":\"micro\"},\"hostname\":\"modal\"}, 2026-03-08 13:47:59, ?, log, a1401a1b-14d2-48d0-8669-4c0d408b9d55), (a1401a1b-449d-4615-aaea-f14600610d03, {\"level\":\"info\",\"message\":\"Procedure registered\",\"context\":{\"name\":\"cache\",\"class\":\"Shared\\\\Procedures\\\\CrossServiceProcedure\",\"type\":\"micro\"},\"hostname\":\"modal\"}, 2026-03-08 13:47:59, ?, log, a1401a1b-16f1-4d28-99e5-8a9f327c605f), (a1401a1b-449d-4615-aaea-f14600610d03, {\"level\":\"info\",\"message\":\"Procedure registered\",\"context\":{\"name\":\"notification\",\"class\":\"Shared\\\\Procedures\\\\CrossServiceProcedure\",\"type\":\"micro\"},\"hostname\":\"modal\"}, 2026-03-08 13:47:59, ?, log, a1401a1b-1750-4fcf-8d34-ebc789602a5e), (a1401a1b-449d-4615-aaea-f14600610d03, {\"level\":\"info\",\"message\":\"Procedure registered\",\"context\":{\"name\":\"validation\",\"class\":\"Shared\\\\Procedures\\\\CrossServiceProcedure\",\"type\":\"micro\"},\"hostname\":\"modal\"}, 2026-03-08 13:47:59, ?, log, a1401a1b-17a1-49e8-aeb5-0dea0e23180b), (a1401a1b-449d-4615-aaea-f14600610d03, {\"level\":\"info\",\"message\":\"Procedure registered\",\"context\":{\"name\":\"security\",\"class\":\"Shared\\\\Procedures\\\\CrossServiceProcedure\",\"type\":\"micro\"},\"hostname\":\"modal\"}, 2026-03-08 13:47:59, ?, log, a1401a1b-17e7-493d-82bc-516451197cad), (a1401a1b-449d-4615-aaea-f14600610d03, {\"level\":\"info\",\"message\":\"Procedure registered\",\"context\":{\"name\":\"circuit_breaker\",\"class\":\"Shared\\\\Procedures\\\\CrossServiceProcedure\",\"type\":\"micro\"},\"hostname\":\"modal\"}, 2026-03-08 13:47:59, ?, log, a1401a1b-183e-4ee4-9f35-43042ea2b73b), (a1401a1b-449d-4615-aaea-f14600610d03, {\"level\":\"info\",\"message\":\"Procedure registered\",\"context\":{\"name\":\"queue_circuit_breaker\",\"class\":\"Shared\\\\Procedures\\\\CrossServiceProcedure\",\"type\":\"micro\"},\"hostname\":\"modal\"}, 2026-03-08 13:47:59, ?, log, a1401a1b-188c-4fe3-98e0-fc452c97c13f), (a1401a1b-449d-4615-aaea-f14600610d03, {\"level\":\"info\",\"message\":\"Procedure registered\",\"context\":{\"name\":\"third_party_integration\",\"class\":\"Shared\\\\Procedures\\\\CrossServiceProcedure\",\"type\":\"micro\"},\"hostname\":\"modal\"}, 2026-03-08 13:47:59, ?, log, a1401a1b-18d0-416f-a13c-11d3248dac84), (a1401a1b-449d-4615-aaea-f14600610d03, {\"level\":\"info\",\"message\":\"Procedure registered\",\"context\":{\"name\":\"workflow\",\"class\":\"Shared\\\\Procedures\\\\CrossServiceProcedure\",\"type\":\"macro\"},\"hostname\":\"modal\"}, 2026-03-08 13:47:59, ?, log, a1401a1b-1921-4435-a2c9-3dd14bf3de67), (a1401a1b-449d-4615-aaea-f14600610d03, {\"command\":\"rpc:test-authentication\",\"exit_code\":1,\"arguments\":{\"command\":\"rpc:test-authentication\"},\"options\":{\"service\":\"auction-service\",\"timeout\":\"2\",\"help\":false,\"silent\":false,\"quiet\":false,\"verbose\":false,\"version\":false,\"ansi\":null,\"no-interaction\":false,\"env\":null},\"hostname\":\"modal\"}, 2026-03-08 13:47:59, ?, command, a1401a1b-43e7-471c-98a2-205a7bd6ec45)) at /tmp/abdoElHodaky/larvrevrstender/services/auth-service/vendor/laravel/framework/src/Illuminate/Database/Connection.php:838)
[stacktrace]
#0 /tmp/abdoElHodaky/larvrevrstender/services/auth-service/vendor/laravel/framework/src/Illuminate/Database/Connection.php(794): Illuminate\\Database\\Connection->runQueryCallback()
#1 /tmp/abdoElHodaky/larvrevrstender/services/auth-service/vendor/laravel/framework/src/Illuminate/Database/Connection.php(573): Illuminate\\Database\\Connection->run()
#2 /tmp/abdoElHodaky/larvrevrstender/services/auth-service/vendor/laravel/framework/src/Illuminate/Database/Connection.php(537): Illuminate\\Database\\Connection->statement()
#3 /tmp/abdoElHodaky/larvrevrstender/services/auth-service/vendor/laravel/framework/src/Illuminate/Database/Query/Builder.php(4091): Illuminate\\Database\\Connection->insert()
#4 /tmp/abdoElHodaky/larvrevrstender/services/auth-service/vendor/laravel/telescope/src/Storage/DatabaseEntriesRepository.php(145): Illuminate\\Database\\Query\\Builder->insert()
#5 /tmp/abdoElHodaky/larvrevrstender/services/auth-service/vendor/laravel/framework/src/Illuminate/Collections/Traits/EnumeratesValues.php(275): Laravel\\Telescope\\Storage\\DatabaseEntriesRepository->Laravel\\Telescope\\Storage\\{closure}()
#6 /tmp/abdoElHodaky/larvrevrstender/services/auth-service/vendor/laravel/telescope/src/Storage/DatabaseEntriesRepository.php(144): Illuminate\\Support\\Collection->each()
#7 /tmp/abdoElHodaky/larvrevrstender/services/auth-service/vendor/laravel/telescope/src/Telescope.php(664): Laravel\\Telescope\\Storage\\DatabaseEntriesRepository->store()
#8 [internal function]: Laravel\\Telescope\\Telescope::Laravel\\Telescope\\{closure}()
#9 /tmp/abdoElHodaky/larvrevrstender/services/auth-service/vendor/laravel/telescope/src/Telescope.php(289): call_user_func()
#10 /tmp/abdoElHodaky/larvrevrstender/services/auth-service/vendor/laravel/telescope/src/Telescope.php(656): Laravel\\Telescope\\Telescope::withoutRecording()
#11 /tmp/abdoElHodaky/larvrevrstender/services/auth-service/vendor/laravel/telescope/src/ListensForStorageOpportunities.php(65): Laravel\\Telescope\\Telescope::store()
#12 /tmp/abdoElHodaky/larvrevrstender/services/auth-service/vendor/laravel/framework/src/Illuminate/Container/BoundMethod.php(36): Laravel\\Telescope\\Telescope::Laravel\\Telescope\\{closure}()
#13 /tmp/abdoElHodaky/larvrevrstender/services/auth-service/vendor/laravel/framework/src/Illuminate/Container/Util.php(43): Illuminate\\Container\\BoundMethod::Illuminate\\Container\\{closure}()
#14 /tmp/abdoElHodaky/larvrevrstender/services/auth-service/vendor/laravel/framework/src/Illuminate/Container/BoundMethod.php(84): Illuminate\\Container\\Util::unwrapIfClosure()
#15 /tmp/abdoElHodaky/larvrevrstender/services/auth-service/vendor/laravel/framework/src/Illuminate/Container/BoundMethod.php(35): Illuminate\\Container\\BoundMethod::callBoundMethod()
#16 /tmp/abdoElHodaky/larvrevrstender/services/auth-service/vendor/laravel/framework/src/Illuminate/Container/Container.php(799): Illuminate\\Container\\BoundMethod::call()
#17 /tmp/abdoElHodaky/larvrevrstender/services/auth-service/vendor/laravel/framework/src/Illuminate/Foundation/Application.php(1466): Illuminate\\Container\\Container->call()
#18 /tmp/abdoElHodaky/larvrevrstender/services/auth-service/vendor/laravel/framework/src/Illuminate/Foundation/Console/Kernel.php(219): Illuminate\\Foundation\\Application->terminate()
#19 /tmp/abdoElHodaky/larvrevrstender/services/auth-service/artisan(51): Illuminate\\Foundation\\Console\\Kernel->terminate()
#20 {main}

[previous exception] [object] (PDOException(code: 7): SQLSTATE[08006] [7] connection to server at \"127.0.0.1\", port 5432 failed: Connection refused
\tIs the server running on that host and accepting TCP/IP connections? at /tmp/abdoElHodaky/larvrevrstender/services/auth-service/vendor/laravel/framework/src/Illuminate/Database/Connectors/Connector.php:66)
[stacktrace]
#0 /tmp/abdoElHodaky/larvrevrstender/services/auth-service/vendor/laravel/framework/src/Illuminate/Database/Connectors/Connector.php(66): PDO->__construct()
#1 /tmp/abdoElHodaky/larvrevrstender/services/auth-service/vendor/laravel/framework/src/Illuminate/Database/Connectors/Connector.php(44): Illuminate\\Database\\Connectors\\Connector->createPdoConnection()
#2 /tmp/abdoElHodaky/larvrevrstender/services/auth-service/vendor/laravel/framework/src/Illuminate/Database/Connectors/PostgresConnector.php(35): Illuminate\\Database\\Connectors\\Connector->createConnection()
#3 /tmp/abdoElHodaky/larvrevrstender/services/auth-service/vendor/laravel/framework/src/Illuminate/Database/Connectors/ConnectionFactory.php(186): Illuminate\\Database\\Connectors\\PostgresConnector->connect()
#4 [internal function]: Illuminate\\Database\\Connectors\\ConnectionFactory->Illuminate\\Database\\Connectors\\{closure}()
#5 /tmp/abdoElHodaky/larvrevrstender/services/auth-service/vendor/laravel/framework/src/Illuminate/Database/Connection.php(1257): call_user_func()
#6 /tmp/abdoElHodaky/larvrevrstender/services/auth-service/vendor/laravel/framework/src/Illuminate/Database/Connection.php(578): Illuminate\\Database\\Connection->getPdo()
#7 /tmp/abdoElHodaky/larvrevrstender/services/auth-service/vendor/laravel/framework/src/Illuminate/Database/Connection.php(827): Illuminate\\Database\\Connection->Illuminate\\Database\\{closure}()
#8 /tmp/abdoElHodaky/larvrevrstender/services/auth-service/vendor/laravel/framework/src/Illuminate/Database/Connection.php(794): Illuminate\\Database\\Connection->runQueryCallback()
#9 /tmp/abdoElHodaky/larvrevrstender/services/auth-service/vendor/laravel/framework/src/Illuminate/Database/Connection.php(573): Illuminate\\Database\\Connection->run()
#10 /tmp/abdoElHodaky/larvrevrstender/services/auth-service/vendor/laravel/framework/src/Illuminate/Database/Connection.php(537): Illuminate\\Database\\Connection->statement()
#11 /tmp/abdoElHodaky/larvrevrstender/services/auth-service/vendor/laravel/framework/src/Illuminate/Database/Query/Builder.php(4091): Illuminate\\Database\\Connection->insert()
#12 /tmp/abdoElHodaky/larvrevrstender/services/auth-service/vendor/laravel/telescope/src/Storage/DatabaseEntriesRepository.php(145): Illuminate\\Database\\Query\\Builder->insert()
#13 /tmp/abdoElHodaky/larvrevrstender/services/auth-service/vendor/laravel/framework/src/Illuminate/Collections/Traits/EnumeratesValues.php(275): Laravel\\Telescope\\Storage\\DatabaseEntriesRepository->Laravel\\Telescope\\Storage\\{closure}()
#14 /tmp/abdoElHodaky/larvrevrstender/services/auth-service/vendor/laravel/telescope/src/Storage/DatabaseEntriesRepository.php(144): Illuminate\\Support\\Collection->each()
#15 /tmp/abdoElHodaky/larvrevrstender/services/auth-service/vendor/laravel/telescope/src/Telescope.php(664): Laravel\\Telescope\\Storage\\DatabaseEntriesRepository->store()
#16 [internal function]: Laravel\\Telescope\\Telescope::Laravel\\Telescope\\{closure}()
#17 /tmp/abdoElHodaky/larvrevrstender/services/auth-service/vendor/laravel/telescope/src/Telescope.php(289): call_user_func()
#18 /tmp/abdoElHodaky/larvrevrstender/services/auth-service/vendor/laravel/telescope/src/Telescope.php(656): Laravel\\Telescope\\Telescope::withoutRecording()
#19 /tmp/abdoElHodaky/larvrevrstender/services/auth-service/vendor/laravel/telescope/src/ListensForStorageOpportunities.php(65): Laravel\\Telescope\\Telescope::store()
#20 /tmp/abdoElHodaky/larvrevrstender/services/auth-service/vendor/laravel/framework/src/Illuminate/Container/BoundMethod.php(36): Laravel\\Telescope\\Telescope::Laravel\\Telescope\\{closure}()
#21 /tmp/abdoElHodaky/larvrevrstender/services/auth-service/vendor/laravel/framework/src/Illuminate/Container/Util.php(43): Illuminate\\Container\\BoundMethod::Illuminate\\Container\\{closure}()
#22 /tmp/abdoElHodaky/larvrevrstender/services/auth-service/vendor/laravel/framework/src/Illuminate/Container/BoundMethod.php(84): Illuminate\\Container\\Util::unwrapIfClosure()
#23 /tmp/abdoElHodaky/larvrevrstender/services/auth-service/vendor/laravel/framework/src/Illuminate/Container/BoundMethod.php(35): Illuminate\\Container\\BoundMethod::callBoundMethod()
#24 /tmp/abdoElHodaky/larvrevrstender/services/auth-service/vendor/laravel/framework/src/Illuminate/Container/Container.php(799): Illuminate\\Container\\BoundMethod::call()
#25 /tmp/abdoElHodaky/larvrevrstender/services/auth-service/vendor/laravel/framework/src/Illuminate/Foundation/Application.php(1466): Illuminate\\Container\\Container->call()
#26 /tmp/abdoElHodaky/larvrevrstender/services/auth-service/vendor/laravel/framework/src/Illuminate/Foundation/Console/Kernel.php(219): Illuminate\\Foundation\\Application->terminate()
#27 /tmp/abdoElHodaky/larvrevrstender/services/auth-service/artisan(51): Illuminate\\Foundation\\Console\\Kernel->terminate()
#28 {main}
"} 
[2026-03-08 13:48:00] local.INFO: Procedure registered {"name":"events","class":"Shared\\Procedures\\CrossServiceProcedure","type":"micro"} 
[2026-03-08 13:48:00] local.INFO: Procedure registered {"name":"cache","class":"Shared\\Procedures\\CrossServiceProcedure","type":"micro"} 
[2026-03-08 13:48:00] local.INFO: Procedure registered {"name":"notification","class":"Shared\\Procedures\\CrossServiceProcedure","type":"micro"} 
[2026-03-08 13:48:00] local.INFO: Procedure registered {"name":"validation","class":"Shared\\Procedures\\CrossServiceProcedure","type":"micro"} 
[2026-03-08 13:48:00] local.INFO: Procedure registered {"name":"security","class":"Shared\\Procedures\\CrossServiceProcedure","type":"micro"} 
[2026-03-08 13:48:00] local.INFO: Procedure registered {"name":"circuit_breaker","class":"Shared\\Procedures\\CrossServiceProcedure","type":"micro"} 
[2026-03-08 13:48:00] local.INFO: Procedure registered {"name":"queue_circuit_breaker","class":"Shared\\Procedures\\CrossServiceProcedure","type":"micro"} 
[2026-03-08 13:48:00] local.INFO: Procedure registered {"name":"third_party_integration","class":"Shared\\Procedures\\CrossServiceProcedure","type":"micro"} 
[2026-03-08 13:48:00] local.INFO: Procedure registered {"name":"workflow","class":"Shared\\Procedures\\CrossServiceProcedure","type":"macro"} 
[2026-03-08 13:48:00] local.ERROR: SQLSTATE[08006] [7] connection to server at "127.0.0.1", port 5432 failed: Connection refused
	Is the server running on that host and accepting TCP/IP connections? (Connection: pgsql, Host: 127.0.0.1, Port: 5432, Database: auth_service, SQL: insert into "telescope_entries" ("batch_id", "content", "created_at", "family_hash", "type", "uuid") values (a1401a1b-e401-4f9d-953f-6ab712c097de, {"level":"info","message":"Procedure registered","context":{"name":"events","class":"Shared\\Procedures\\CrossServiceProcedure","type":"micro"},"hostname":"modal"}, 2026-03-08 13:48:00, ?, log, a1401a1b-bbbb-4ae7-9eee-7d72576efc89), (a1401a1b-e401-4f9d-953f-6ab712c097de, {"level":"info","message":"Procedure registered","context":{"name":"cache","class":"Shared\\Procedures\\CrossServiceProcedure","type":"micro"},"hostname":"modal"}, 2026-03-08 13:48:00, ?, log, a1401a1b-bd7f-47e5-b9b9-cb535028941d), (a1401a1b-e401-4f9d-953f-6ab712c097de, {"level":"info","message":"Procedure registered","context":{"name":"notification","class":"Shared\\Procedures\\CrossServiceProcedure","type":"micro"},"hostname":"modal"}, 2026-03-08 13:48:00, ?, log, a1401a1b-bdc2-4919-873f-f0c9fd67fd32), (a1401a1b-e401-4f9d-953f-6ab712c097de, {"level":"info","message":"Procedure registered","context":{"name":"validation","class":"Shared\\Procedures\\CrossServiceProcedure","type":"micro"},"hostname":"modal"}, 2026-03-08 13:48:00, ?, log, a1401a1b-bdfe-4793-8804-58449c21b15e), (a1401a1b-e401-4f9d-953f-6ab712c097de, {"level":"info","message":"Procedure registered","context":{"name":"security","class":"Shared\\Procedures\\CrossServiceProcedure","type":"micro"},"hostname":"modal"}, 2026-03-08 13:48:00, ?, log, a1401a1b-be37-4948-aeb5-a42cc36ca8b9), (a1401a1b-e401-4f9d-953f-6ab712c097de, {"level":"info","message":"Procedure registered","context":{"name":"circuit_breaker","class":"Shared\\Procedures\\CrossServiceProcedure","type":"micro"},"hostname":"modal"}, 2026-03-08 13:48:00, ?, log, a1401a1b-be71-4c12-96a1-3d60030fa029), (a1401a1b-e401-4f9d-953f-6ab712c097de, {"level":"info","message":"Procedure registered","context":{"name":"queue_circuit_breaker","class":"Shared\\Procedures\\CrossServiceProcedure","type":"micro"},"hostname":"modal"}, 2026-03-08 13:48:00, ?, log, a1401a1b-beab-43a8-8513-7492dc7a9fe2), (a1401a1b-e401-4f9d-953f-6ab712c097de, {"level":"info","message":"Procedure registered","context":{"name":"third_party_integration","class":"Shared\\Procedures\\CrossServiceProcedure","type":"micro"},"hostname":"modal"}, 2026-03-08 13:48:00, ?, log, a1401a1b-bee5-4386-90f4-50f41d4dc585), (a1401a1b-e401-4f9d-953f-6ab712c097de, {"level":"info","message":"Procedure registered","context":{"name":"workflow","class":"Shared\\Procedures\\CrossServiceProcedure","type":"macro"},"hostname":"modal"}, 2026-03-08 13:48:00, ?, log, a1401a1b-bf1c-4170-b81a-7d0bdb6bf494), (a1401a1b-e401-4f9d-953f-6ab712c097de, {"command":"rpc:test-authentication","exit_code":1,"arguments":{"command":"rpc:test-authentication"},"options":{"service":"gateway-service","timeout":"2","help":false,"silent":false,"quiet":false,"verbose":false,"version":false,"ansi":null,"no-interaction":false,"env":null},"hostname":"modal"}, 2026-03-08 13:48:00, ?, command, a1401a1b-e361-40cd-9cc0-c929aaf1219b)) {"exception":"[object] (Illuminate\\Database\\QueryException(code: 7): SQLSTATE[08006] [7] connection to server at \"127.0.0.1\", port 5432 failed: Connection refused
\tIs the server running on that host and accepting TCP/IP connections? (Connection: pgsql, Host: 127.0.0.1, Port: 5432, Database: auth_service, SQL: insert into \"telescope_entries\" (\"batch_id\", \"content\", \"created_at\", \"family_hash\", \"type\", \"uuid\") values (a1401a1b-e401-4f9d-953f-6ab712c097de, {\"level\":\"info\",\"message\":\"Procedure registered\",\"context\":{\"name\":\"events\",\"class\":\"Shared\\\\Procedures\\\\CrossServiceProcedure\",\"type\":\"micro\"},\"hostname\":\"modal\"}, 2026-03-08 13:48:00, ?, log, a1401a1b-bbbb-4ae7-9eee-7d72576efc89), (a1401a1b-e401-4f9d-953f-6ab712c097de, {\"level\":\"info\",\"message\":\"Procedure registered\",\"context\":{\"name\":\"cache\",\"class\":\"Shared\\\\Procedures\\\\CrossServiceProcedure\",\"type\":\"micro\"},\"hostname\":\"modal\"}, 2026-03-08 13:48:00, ?, log, a1401a1b-bd7f-47e5-b9b9-cb535028941d), (a1401a1b-e401-4f9d-953f-6ab712c097de, {\"level\":\"info\",\"message\":\"Procedure registered\",\"context\":{\"name\":\"notification\",\"class\":\"Shared\\\\Procedures\\\\CrossServiceProcedure\",\"type\":\"micro\"},\"hostname\":\"modal\"}, 2026-03-08 13:48:00, ?, log, a1401a1b-bdc2-4919-873f-f0c9fd67fd32), (a1401a1b-e401-4f9d-953f-6ab712c097de, {\"level\":\"info\",\"message\":\"Procedure registered\",\"context\":{\"name\":\"validation\",\"class\":\"Shared\\\\Procedures\\\\CrossServiceProcedure\",\"type\":\"micro\"},\"hostname\":\"modal\"}, 2026-03-08 13:48:00, ?, log, a1401a1b-bdfe-4793-8804-58449c21b15e), (a1401a1b-e401-4f9d-953f-6ab712c097de, {\"level\":\"info\",\"message\":\"Procedure registered\",\"context\":{\"name\":\"security\",\"class\":\"Shared\\\\Procedures\\\\CrossServiceProcedure\",\"type\":\"micro\"},\"hostname\":\"modal\"}, 2026-03-08 13:48:00, ?, log, a1401a1b-be37-4948-aeb5-a42cc36ca8b9), (a1401a1b-e401-4f9d-953f-6ab712c097de, {\"level\":\"info\",\"message\":\"Procedure registered\",\"context\":{\"name\":\"circuit_breaker\",\"class\":\"Shared\\\\Procedures\\\\CrossServiceProcedure\",\"type\":\"micro\"},\"hostname\":\"modal\"}, 2026-03-08 13:48:00, ?, log, a1401a1b-be71-4c12-96a1-3d60030fa029), (a1401a1b-e401-4f9d-953f-6ab712c097de, {\"level\":\"info\",\"message\":\"Procedure registered\",\"context\":{\"name\":\"queue_circuit_breaker\",\"class\":\"Shared\\\\Procedures\\\\CrossServiceProcedure\",\"type\":\"micro\"},\"hostname\":\"modal\"}, 2026-03-08 13:48:00, ?, log, a1401a1b-beab-43a8-8513-7492dc7a9fe2), (a1401a1b-e401-4f9d-953f-6ab712c097de, {\"level\":\"info\",\"message\":\"Procedure registered\",\"context\":{\"name\":\"third_party_integration\",\"class\":\"Shared\\\\Procedures\\\\CrossServiceProcedure\",\"type\":\"micro\"},\"hostname\":\"modal\"}, 2026-03-08 13:48:00, ?, log, a1401a1b-bee5-4386-90f4-50f41d4dc585), (a1401a1b-e401-4f9d-953f-6ab712c097de, {\"level\":\"info\",\"message\":\"Procedure registered\",\"context\":{\"name\":\"workflow\",\"class\":\"Shared\\\\Procedures\\\\CrossServiceProcedure\",\"type\":\"macro\"},\"hostname\":\"modal\"}, 2026-03-08 13:48:00, ?, log, a1401a1b-bf1c-4170-b81a-7d0bdb6bf494), (a1401a1b-e401-4f9d-953f-6ab712c097de, {\"command\":\"rpc:test-authentication\",\"exit_code\":1,\"arguments\":{\"command\":\"rpc:test-authentication\"},\"options\":{\"service\":\"gateway-service\",\"timeout\":\"2\",\"help\":false,\"silent\":false,\"quiet\":false,\"verbose\":false,\"version\":false,\"ansi\":null,\"no-interaction\":false,\"env\":null},\"hostname\":\"modal\"}, 2026-03-08 13:48:00, ?, command, a1401a1b-e361-40cd-9cc0-c929aaf1219b)) at /tmp/abdoElHodaky/larvrevrstender/services/auth-service/vendor/laravel/framework/src/Illuminate/Database/Connection.php:838)
[stacktrace]
#0 /tmp/abdoElHodaky/larvrevrstender/services/auth-service/vendor/laravel/framework/src/Illuminate/Database/Connection.php(794): Illuminate\\Database\\Connection->runQueryCallback()
#1 /tmp/abdoElHodaky/larvrevrstender/services/auth-service/vendor/laravel/framework/src/Illuminate/Database/Connection.php(573): Illuminate\\Database\\Connection->run()
#2 /tmp/abdoElHodaky/larvrevrstender/services/auth-service/vendor/laravel/framework/src/Illuminate/Database/Connection.php(537): Illuminate\\Database\\Connection->statement()
#3 /tmp/abdoElHodaky/larvrevrstender/services/auth-service/vendor/laravel/framework/src/Illuminate/Database/Query/Builder.php(4091): Illuminate\\Database\\Connection->insert()
#4 /tmp/abdoElHodaky/larvrevrstender/services/auth-service/vendor/laravel/telescope/src/Storage/DatabaseEntriesRepository.php(145): Illuminate\\Database\\Query\\Builder->insert()
#5 /tmp/abdoElHodaky/larvrevrstender/services/auth-service/vendor/laravel/framework/src/Illuminate/Collections/Traits/EnumeratesValues.php(275): Laravel\\Telescope\\Storage\\DatabaseEntriesRepository->Laravel\\Telescope\\Storage\\{closure}()
#6 /tmp/abdoElHodaky/larvrevrstender/services/auth-service/vendor/laravel/telescope/src/Storage/DatabaseEntriesRepository.php(144): Illuminate\\Support\\Collection->each()
#7 /tmp/abdoElHodaky/larvrevrstender/services/auth-service/vendor/laravel/telescope/src/Telescope.php(664): Laravel\\Telescope\\Storage\\DatabaseEntriesRepository->store()
#8 [internal function]: Laravel\\Telescope\\Telescope::Laravel\\Telescope\\{closure}()
#9 /tmp/abdoElHodaky/larvrevrstender/services/auth-service/vendor/laravel/telescope/src/Telescope.php(289): call_user_func()
#10 /tmp/abdoElHodaky/larvrevrstender/services/auth-service/vendor/laravel/telescope/src/Telescope.php(656): Laravel\\Telescope\\Telescope::withoutRecording()
#11 /tmp/abdoElHodaky/larvrevrstender/services/auth-service/vendor/laravel/telescope/src/ListensForStorageOpportunities.php(65): Laravel\\Telescope\\Telescope::store()
#12 /tmp/abdoElHodaky/larvrevrstender/services/auth-service/vendor/laravel/framework/src/Illuminate/Container/BoundMethod.php(36): Laravel\\Telescope\\Telescope::Laravel\\Telescope\\{closure}()
#13 /tmp/abdoElHodaky/larvrevrstender/services/auth-service/vendor/laravel/framework/src/Illuminate/Container/Util.php(43): Illuminate\\Container\\BoundMethod::Illuminate\\Container\\{closure}()
#14 /tmp/abdoElHodaky/larvrevrstender/services/auth-service/vendor/laravel/framework/src/Illuminate/Container/BoundMethod.php(84): Illuminate\\Container\\Util::unwrapIfClosure()
#15 /tmp/abdoElHodaky/larvrevrstender/services/auth-service/vendor/laravel/framework/src/Illuminate/Container/BoundMethod.php(35): Illuminate\\Container\\BoundMethod::callBoundMethod()
#16 /tmp/abdoElHodaky/larvrevrstender/services/auth-service/vendor/laravel/framework/src/Illuminate/Container/Container.php(799): Illuminate\\Container\\BoundMethod::call()
#17 /tmp/abdoElHodaky/larvrevrstender/services/auth-service/vendor/laravel/framework/src/Illuminate/Foundation/Application.php(1466): Illuminate\\Container\\Container->call()
#18 /tmp/abdoElHodaky/larvrevrstender/services/auth-service/vendor/laravel/framework/src/Illuminate/Foundation/Console/Kernel.php(219): Illuminate\\Foundation\\Application->terminate()
#19 /tmp/abdoElHodaky/larvrevrstender/services/auth-service/artisan(51): Illuminate\\Foundation\\Console\\Kernel->terminate()
#20 {main}

[previous exception] [object] (PDOException(code: 7): SQLSTATE[08006] [7] connection to server at \"127.0.0.1\", port 5432 failed: Connection refused
\tIs the server running on that host and accepting TCP/IP connections? at /tmp/abdoElHodaky/larvrevrstender/services/auth-service/vendor/laravel/framework/src/Illuminate/Database/Connectors/Connector.php:66)
[stacktrace]
#0 /tmp/abdoElHodaky/larvrevrstender/services/auth-service/vendor/laravel/framework/src/Illuminate/Database/Connectors/Connector.php(66): PDO->__construct()
#1 /tmp/abdoElHodaky/larvrevrstender/services/auth-service/vendor/laravel/framework/src/Illuminate/Database/Connectors/Connector.php(44): Illuminate\\Database\\Connectors\\Connector->createPdoConnection()
#2 /tmp/abdoElHodaky/larvrevrstender/services/auth-service/vendor/laravel/framework/src/Illuminate/Database/Connectors/PostgresConnector.php(35): Illuminate\\Database\\Connectors\\Connector->createConnection()
#3 /tmp/abdoElHodaky/larvrevrstender/services/auth-service/vendor/laravel/framework/src/Illuminate/Database/Connectors/ConnectionFactory.php(186): Illuminate\\Database\\Connectors\\PostgresConnector->connect()
#4 [internal function]: Illuminate\\Database\\Connectors\\ConnectionFactory->Illuminate\\Database\\Connectors\\{closure}()
#5 /tmp/abdoElHodaky/larvrevrstender/services/auth-service/vendor/laravel/framework/src/Illuminate/Database/Connection.php(1257): call_user_func()
#6 /tmp/abdoElHodaky/larvrevrstender/services/auth-service/vendor/laravel/framework/src/Illuminate/Database/Connection.php(578): Illuminate\\Database\\Connection->getPdo()
#7 /tmp/abdoElHodaky/larvrevrstender/services/auth-service/vendor/laravel/framework/src/Illuminate/Database/Connection.php(827): Illuminate\\Database\\Connection->Illuminate\\Database\\{closure}()
#8 /tmp/abdoElHodaky/larvrevrstender/services/auth-service/vendor/laravel/framework/src/Illuminate/Database/Connection.php(794): Illuminate\\Database\\Connection->runQueryCallback()
#9 /tmp/abdoElHodaky/larvrevrstender/services/auth-service/vendor/laravel/framework/src/Illuminate/Database/Connection.php(573): Illuminate\\Database\\Connection->run()
#10 /tmp/abdoElHodaky/larvrevrstender/services/auth-service/vendor/laravel/framework/src/Illuminate/Database/Connection.php(537): Illuminate\\Database\\Connection->statement()
#11 /tmp/abdoElHodaky/larvrevrstender/services/auth-service/vendor/laravel/framework/src/Illuminate/Database/Query/Builder.php(4091): Illuminate\\Database\\Connection->insert()
#12 /tmp/abdoElHodaky/larvrevrstender/services/auth-service/vendor/laravel/telescope/src/Storage/DatabaseEntriesRepository.php(145): Illuminate\\Database\\Query\\Builder->insert()
#13 /tmp/abdoElHodaky/larvrevrstender/services/auth-service/vendor/laravel/framework/src/Illuminate/Collections/Traits/EnumeratesValues.php(275): Laravel\\Telescope\\Storage\\DatabaseEntriesRepository->Laravel\\Telescope\\Storage\\{closure}()
#14 /tmp/abdoElHodaky/larvrevrstender/services/auth-service/vendor/laravel/telescope/src/Storage/DatabaseEntriesRepository.php(144): Illuminate\\Support\\Collection->each()
#15 /tmp/abdoElHodaky/larvrevrstender/services/auth-service/vendor/laravel/telescope/src/Telescope.php(664): Laravel\\Telescope\\Storage\\DatabaseEntriesRepository->store()
#16 [internal function]: Laravel\\Telescope\\Telescope::Laravel\\Telescope\\{closure}()
#17 /tmp/abdoElHodaky/larvrevrstender/services/auth-service/vendor/laravel/telescope/src/Telescope.php(289): call_user_func()
#18 /tmp/abdoElHodaky/larvrevrstender/services/auth-service/vendor/laravel/telescope/src/Telescope.php(656): Laravel\\Telescope\\Telescope::withoutRecording()
#19 /tmp/abdoElHodaky/larvrevrstender/services/auth-service/vendor/laravel/telescope/src/ListensForStorageOpportunities.php(65): Laravel\\Telescope\\Telescope::store()
#20 /tmp/abdoElHodaky/larvrevrstender/services/auth-service/vendor/laravel/framework/src/Illuminate/Container/BoundMethod.php(36): Laravel\\Telescope\\Telescope::Laravel\\Telescope\\{closure}()
#21 /tmp/abdoElHodaky/larvrevrstender/services/auth-service/vendor/laravel/framework/src/Illuminate/Container/Util.php(43): Illuminate\\Container\\BoundMethod::Illuminate\\Container\\{closure}()
#22 /tmp/abdoElHodaky/larvrevrstender/services/auth-service/vendor/laravel/framework/src/Illuminate/Container/BoundMethod.php(84): Illuminate\\Container\\Util::unwrapIfClosure()
#23 /tmp/abdoElHodaky/larvrevrstender/services/auth-service/vendor/laravel/framework/src/Illuminate/Container/BoundMethod.php(35): Illuminate\\Container\\BoundMethod::callBoundMethod()
#24 /tmp/abdoElHodaky/larvrevrstender/services/auth-service/vendor/laravel/framework/src/Illuminate/Container/Container.php(799): Illuminate\\Container\\BoundMethod::call()
#25 /tmp/abdoElHodaky/larvrevrstender/services/auth-service/vendor/laravel/framework/src/Illuminate/Foundation/Application.php(1466): Illuminate\\Container\\Container->call()
#26 /tmp/abdoElHodaky/larvrevrstender/services/auth-service/vendor/laravel/framework/src/Illuminate/Foundation/Console/Kernel.php(219): Illuminate\\Foundation\\Application->terminate()
#27 /tmp/abdoElHodaky/larvrevrstender/services/auth-service/artisan(51): Illuminate\\Foundation\\Console\\Kernel->terminate()
#28 {main}
"} 
[2026-03-08 13:49:31] local.INFO: Procedure registered {"name":"events","class":"Shared\\Procedures\\CrossServiceProcedure","type":"micro"} 
[2026-03-08 13:49:31] local.INFO: Procedure registered {"name":"cache","class":"Shared\\Procedures\\CrossServiceProcedure","type":"micro"} 
[2026-03-08 13:49:31] local.INFO: Procedure registered {"name":"notification","class":"Shared\\Procedures\\CrossServiceProcedure","type":"micro"} 
[2026-03-08 13:49:31] local.INFO: Procedure registered {"name":"validation","class":"Shared\\Procedures\\CrossServiceProcedure","type":"micro"} 
[2026-03-08 13:49:31] local.INFO: Procedure registered {"name":"security","class":"Shared\\Procedures\\CrossServiceProcedure","type":"micro"} 
[2026-03-08 13:49:31] local.INFO: Procedure registered {"name":"circuit_breaker","class":"Shared\\Procedures\\CrossServiceProcedure","type":"micro"} 
[2026-03-08 13:49:31] local.INFO: Procedure registered {"name":"queue_circuit_breaker","class":"Shared\\Procedures\\CrossServiceProcedure","type":"micro"} 
[2026-03-08 13:49:31] local.INFO: Procedure registered {"name":"third_party_integration","class":"Shared\\Procedures\\CrossServiceProcedure","type":"micro"} 
[2026-03-08 13:49:31] local.INFO: Procedure registered {"name":"workflow","class":"Shared\\Procedures\\CrossServiceProcedure","type":"macro"} 
[2026-03-08 13:49:31] local.ERROR: SQLSTATE[08006] [7] connection to server at "127.0.0.1", port 5432 failed: Connection refused
	Is the server running on that host and accepting TCP/IP connections? (Connection: pgsql, Host: 127.0.0.1, Port: 5432, Database: auth_service, SQL: insert into "telescope_entries" ("batch_id", "content", "created_at", "family_hash", "type", "uuid") values (a1401aa7-8467-4e66-a053-9b808881e379, {"level":"info","message":"Procedure registered","context":{"name":"events","class":"Shared\\Procedures\\CrossServiceProcedure","type":"micro"},"hostname":"modal"}, 2026-03-08 13:49:31, ?, log, a1401aa7-5411-4d20-bdb4-edc573d86d73), (a1401aa7-8467-4e66-a053-9b808881e379, {"level":"info","message":"Procedure registered","context":{"name":"cache","class":"Shared\\Procedures\\CrossServiceProcedure","type":"micro"},"hostname":"modal"}, 2026-03-08 13:49:31, ?, log, a1401aa7-583e-4e73-a521-89fe0cc06df7), (a1401aa7-8467-4e66-a053-9b808881e379, {"level":"info","message":"Procedure registered","context":{"name":"notification","class":"Shared\\Procedures\\CrossServiceProcedure","type":"micro"},"hostname":"modal"}, 2026-03-08 13:49:31, ?, log, a1401aa7-5891-41f8-9c41-4c2664179e57), (a1401aa7-8467-4e66-a053-9b808881e379, {"level":"info","message":"Procedure registered","context":{"name":"validation","class":"Shared\\Procedures\\CrossServiceProcedure","type":"micro"},"hostname":"modal"}, 2026-03-08 13:49:31, ?, log, a1401aa7-58cf-4d96-9d48-4e979eb53cad), (a1401aa7-8467-4e66-a053-9b808881e379, {"level":"info","message":"Procedure registered","context":{"name":"security","class":"Shared\\Procedures\\CrossServiceProcedure","type":"micro"},"hostname":"modal"}, 2026-03-08 13:49:31, ?, log, a1401aa7-5909-40ee-9ee1-8bdcae0046ee), (a1401aa7-8467-4e66-a053-9b808881e379, {"level":"info","message":"Procedure registered","context":{"name":"circuit_breaker","class":"Shared\\Procedures\\CrossServiceProcedure","type":"micro"},"hostname":"modal"}, 2026-03-08 13:49:31, ?, log, a1401aa7-5941-4dad-b0e8-067fe775d827), (a1401aa7-8467-4e66-a053-9b808881e379, {"level":"info","message":"Procedure registered","context":{"name":"queue_circuit_breaker","class":"Shared\\Procedures\\CrossServiceProcedure","type":"micro"},"hostname":"modal"}, 2026-03-08 13:49:31, ?, log, a1401aa7-597a-4bd1-a41a-d3b241a3c623), (a1401aa7-8467-4e66-a053-9b808881e379, {"level":"info","message":"Procedure registered","context":{"name":"third_party_integration","class":"Shared\\Procedures\\CrossServiceProcedure","type":"micro"},"hostname":"modal"}, 2026-03-08 13:49:31, ?, log, a1401aa7-59b4-4e53-ab55-53ecce1472e0), (a1401aa7-8467-4e66-a053-9b808881e379, {"level":"info","message":"Procedure registered","context":{"name":"workflow","class":"Shared\\Procedures\\CrossServiceProcedure","type":"macro"},"hostname":"modal"}, 2026-03-08 13:49:31, ?, log, a1401aa7-59ed-40e9-bd1f-f9e6ffc3c487), (a1401aa7-8467-4e66-a053-9b808881e379, {"command":"rpc:rotate-tokens","exit_code":0,"arguments":{"command":"rpc:rotate-tokens"},"options":{"dry-run":true,"force":false,"service":"user-service","expires-in":"8760","backup":false,"help":false,"silent":false,"quiet":false,"verbose":false,"version":false,"ansi":null,"no-interaction":false,"env":null},"hostname":"modal"}, 2026-03-08 13:49:31, ?, command, a1401aa7-83a8-4c03-a8ac-33bba1b50011)) {"exception":"[object] (Illuminate\\Database\\QueryException(code: 7): SQLSTATE[08006] [7] connection to server at \"127.0.0.1\", port 5432 failed: Connection refused
\tIs the server running on that host and accepting TCP/IP connections? (Connection: pgsql, Host: 127.0.0.1, Port: 5432, Database: auth_service, SQL: insert into \"telescope_entries\" (\"batch_id\", \"content\", \"created_at\", \"family_hash\", \"type\", \"uuid\") values (a1401aa7-8467-4e66-a053-9b808881e379, {\"level\":\"info\",\"message\":\"Procedure registered\",\"context\":{\"name\":\"events\",\"class\":\"Shared\\\\Procedures\\\\CrossServiceProcedure\",\"type\":\"micro\"},\"hostname\":\"modal\"}, 2026-03-08 13:49:31, ?, log, a1401aa7-5411-4d20-bdb4-edc573d86d73), (a1401aa7-8467-4e66-a053-9b808881e379, {\"level\":\"info\",\"message\":\"Procedure registered\",\"context\":{\"name\":\"cache\",\"class\":\"Shared\\\\Procedures\\\\CrossServiceProcedure\",\"type\":\"micro\"},\"hostname\":\"modal\"}, 2026-03-08 13:49:31, ?, log, a1401aa7-583e-4e73-a521-89fe0cc06df7), (a1401aa7-8467-4e66-a053-9b808881e379, {\"level\":\"info\",\"message\":\"Procedure registered\",\"context\":{\"name\":\"notification\",\"class\":\"Shared\\\\Procedures\\\\CrossServiceProcedure\",\"type\":\"micro\"},\"hostname\":\"modal\"}, 2026-03-08 13:49:31, ?, log, a1401aa7-5891-41f8-9c41-4c2664179e57), (a1401aa7-8467-4e66-a053-9b808881e379, {\"level\":\"info\",\"message\":\"Procedure registered\",\"context\":{\"name\":\"validation\",\"class\":\"Shared\\\\Procedures\\\\CrossServiceProcedure\",\"type\":\"micro\"},\"hostname\":\"modal\"}, 2026-03-08 13:49:31, ?, log, a1401aa7-58cf-4d96-9d48-4e979eb53cad), (a1401aa7-8467-4e66-a053-9b808881e379, {\"level\":\"info\",\"message\":\"Procedure registered\",\"context\":{\"name\":\"security\",\"class\":\"Shared\\\\Procedures\\\\CrossServiceProcedure\",\"type\":\"micro\"},\"hostname\":\"modal\"}, 2026-03-08 13:49:31, ?, log, a1401aa7-5909-40ee-9ee1-8bdcae0046ee), (a1401aa7-8467-4e66-a053-9b808881e379, {\"level\":\"info\",\"message\":\"Procedure registered\",\"context\":{\"name\":\"circuit_breaker\",\"class\":\"Shared\\\\Procedures\\\\CrossServiceProcedure\",\"type\":\"micro\"},\"hostname\":\"modal\"}, 2026-03-08 13:49:31, ?, log, a1401aa7-5941-4dad-b0e8-067fe775d827), (a1401aa7-8467-4e66-a053-9b808881e379, {\"level\":\"info\",\"message\":\"Procedure registered\",\"context\":{\"name\":\"queue_circuit_breaker\",\"class\":\"Shared\\\\Procedures\\\\CrossServiceProcedure\",\"type\":\"micro\"},\"hostname\":\"modal\"}, 2026-03-08 13:49:31, ?, log, a1401aa7-597a-4bd1-a41a-d3b241a3c623), (a1401aa7-8467-4e66-a053-9b808881e379, {\"level\":\"info\",\"message\":\"Procedure registered\",\"context\":{\"name\":\"third_party_integration\",\"class\":\"Shared\\\\Procedures\\\\CrossServiceProcedure\",\"type\":\"micro\"},\"hostname\":\"modal\"}, 2026-03-08 13:49:31, ?, log, a1401aa7-59b4-4e53-ab55-53ecce1472e0), (a1401aa7-8467-4e66-a053-9b808881e379, {\"level\":\"info\",\"message\":\"Procedure registered\",\"context\":{\"name\":\"workflow\",\"class\":\"Shared\\\\Procedures\\\\CrossServiceProcedure\",\"type\":\"macro\"},\"hostname\":\"modal\"}, 2026-03-08 13:49:31, ?, log, a1401aa7-59ed-40e9-bd1f-f9e6ffc3c487), (a1401aa7-8467-4e66-a053-9b808881e379, {\"command\":\"rpc:rotate-tokens\",\"exit_code\":0,\"arguments\":{\"command\":\"rpc:rotate-tokens\"},\"options\":{\"dry-run\":true,\"force\":false,\"service\":\"user-service\",\"expires-in\":\"8760\",\"backup\":false,\"help\":false,\"silent\":false,\"quiet\":false,\"verbose\":false,\"version\":false,\"ansi\":null,\"no-interaction\":false,\"env\":null},\"hostname\":\"modal\"}, 2026-03-08 13:49:31, ?, command, a1401aa7-83a8-4c03-a8ac-33bba1b50011)) at /tmp/abdoElHodaky/larvrevrstender/services/auth-service/vendor/laravel/framework/src/Illuminate/Database/Connection.php:838)
[stacktrace]
#0 /tmp/abdoElHodaky/larvrevrstender/services/auth-service/vendor/laravel/framework/src/Illuminate/Database/Connection.php(794): Illuminate\\Database\\Connection->runQueryCallback()
#1 /tmp/abdoElHodaky/larvrevrstender/services/auth-service/vendor/laravel/framework/src/Illuminate/Database/Connection.php(573): Illuminate\\Database\\Connection->run()
#2 /tmp/abdoElHodaky/larvrevrstender/services/auth-service/vendor/laravel/framework/src/Illuminate/Database/Connection.php(537): Illuminate\\Database\\Connection->statement()
#3 /tmp/abdoElHodaky/larvrevrstender/services/auth-service/vendor/laravel/framework/src/Illuminate/Database/Query/Builder.php(4091): Illuminate\\Database\\Connection->insert()
#4 /tmp/abdoElHodaky/larvrevrstender/services/auth-service/vendor/laravel/telescope/src/Storage/DatabaseEntriesRepository.php(145): Illuminate\\Database\\Query\\Builder->insert()
#5 /tmp/abdoElHodaky/larvrevrstender/services/auth-service/vendor/laravel/framework/src/Illuminate/Collections/Traits/EnumeratesValues.php(275): Laravel\\Telescope\\Storage\\DatabaseEntriesRepository->Laravel\\Telescope\\Storage\\{closure}()
#6 /tmp/abdoElHodaky/larvrevrstender/services/auth-service/vendor/laravel/telescope/src/Storage/DatabaseEntriesRepository.php(144): Illuminate\\Support\\Collection->each()
#7 /tmp/abdoElHodaky/larvrevrstender/services/auth-service/vendor/laravel/telescope/src/Telescope.php(664): Laravel\\Telescope\\Storage\\DatabaseEntriesRepository->store()
#8 [internal function]: Laravel\\Telescope\\Telescope::Laravel\\Telescope\\{closure}()
#9 /tmp/abdoElHodaky/larvrevrstender/services/auth-service/vendor/laravel/telescope/src/Telescope.php(289): call_user_func()
#10 /tmp/abdoElHodaky/larvrevrstender/services/auth-service/vendor/laravel/telescope/src/Telescope.php(656): Laravel\\Telescope\\Telescope::withoutRecording()
#11 /tmp/abdoElHodaky/larvrevrstender/services/auth-service/vendor/laravel/telescope/src/ListensForStorageOpportunities.php(65): Laravel\\Telescope\\Telescope::store()
#12 /tmp/abdoElHodaky/larvrevrstender/services/auth-service/vendor/laravel/framework/src/Illuminate/Container/BoundMethod.php(36): Laravel\\Telescope\\Telescope::Laravel\\Telescope\\{closure}()
#13 /tmp/abdoElHodaky/larvrevrstender/services/auth-service/vendor/laravel/framework/src/Illuminate/Container/Util.php(43): Illuminate\\Container\\BoundMethod::Illuminate\\Container\\{closure}()
#14 /tmp/abdoElHodaky/larvrevrstender/services/auth-service/vendor/laravel/framework/src/Illuminate/Container/BoundMethod.php(84): Illuminate\\Container\\Util::unwrapIfClosure()
#15 /tmp/abdoElHodaky/larvrevrstender/services/auth-service/vendor/laravel/framework/src/Illuminate/Container/BoundMethod.php(35): Illuminate\\Container\\BoundMethod::callBoundMethod()
#16 /tmp/abdoElHodaky/larvrevrstender/services/auth-service/vendor/laravel/framework/src/Illuminate/Container/Container.php(799): Illuminate\\Container\\BoundMethod::call()
#17 /tmp/abdoElHodaky/larvrevrstender/services/auth-service/vendor/laravel/framework/src/Illuminate/Foundation/Application.php(1466): Illuminate\\Container\\Container->call()
#18 /tmp/abdoElHodaky/larvrevrstender/services/auth-service/vendor/laravel/framework/src/Illuminate/Foundation/Console/Kernel.php(219): Illuminate\\Foundation\\Application->terminate()
#19 /tmp/abdoElHodaky/larvrevrstender/services/auth-service/artisan(51): Illuminate\\Foundation\\Console\\Kernel->terminate()
#20 {main}

[previous exception] [object] (PDOException(code: 7): SQLSTATE[08006] [7] connection to server at \"127.0.0.1\", port 5432 failed: Connection refused
\tIs the server running on that host and accepting TCP/IP connections? at /tmp/abdoElHodaky/larvrevrstender/services/auth-service/vendor/laravel/framework/src/Illuminate/Database/Connectors/Connector.php:66)
[stacktrace]
#0 /tmp/abdoElHodaky/larvrevrstender/services/auth-service/vendor/laravel/framework/src/Illuminate/Database/Connectors/Connector.php(66): PDO->__construct()
#1 /tmp/abdoElHodaky/larvrevrstender/services/auth-service/vendor/laravel/framework/src/Illuminate/Database/Connectors/Connector.php(44): Illuminate\\Database\\Connectors\\Connector->createPdoConnection()
#2 /tmp/abdoElHodaky/larvrevrstender/services/auth-service/vendor/laravel/framework/src/Illuminate/Database/Connectors/PostgresConnector.php(35): Illuminate\\Database\\Connectors\\Connector->createConnection()
#3 /tmp/abdoElHodaky/larvrevrstender/services/auth-service/vendor/laravel/framework/src/Illuminate/Database/Connectors/ConnectionFactory.php(186): Illuminate\\Database\\Connectors\\PostgresConnector->connect()
#4 [internal function]: Illuminate\\Database\\Connectors\\ConnectionFactory->Illuminate\\Database\\Connectors\\{closure}()
#5 /tmp/abdoElHodaky/larvrevrstender/services/auth-service/vendor/laravel/framework/src/Illuminate/Database/Connection.php(1257): call_user_func()
#6 /tmp/abdoElHodaky/larvrevrstender/services/auth-service/vendor/laravel/framework/src/Illuminate/Database/Connection.php(578): Illuminate\\Database\\Connection->getPdo()
#7 /tmp/abdoElHodaky/larvrevrstender/services/auth-service/vendor/laravel/framework/src/Illuminate/Database/Connection.php(827): Illuminate\\Database\\Connection->Illuminate\\Database\\{closure}()
#8 /tmp/abdoElHodaky/larvrevrstender/services/auth-service/vendor/laravel/framework/src/Illuminate/Database/Connection.php(794): Illuminate\\Database\\Connection->runQueryCallback()
#9 /tmp/abdoElHodaky/larvrevrstender/services/auth-service/vendor/laravel/framework/src/Illuminate/Database/Connection.php(573): Illuminate\\Database\\Connection->run()
#10 /tmp/abdoElHodaky/larvrevrstender/services/auth-service/vendor/laravel/framework/src/Illuminate/Database/Connection.php(537): Illuminate\\Database\\Connection->statement()
#11 /tmp/abdoElHodaky/larvrevrstender/services/auth-service/vendor/laravel/framework/src/Illuminate/Database/Query/Builder.php(4091): Illuminate\\Database\\Connection->insert()
#12 /tmp/abdoElHodaky/larvrevrstender/services/auth-service/vendor/laravel/telescope/src/Storage/DatabaseEntriesRepository.php(145): Illuminate\\Database\\Query\\Builder->insert()
#13 /tmp/abdoElHodaky/larvrevrstender/services/auth-service/vendor/laravel/framework/src/Illuminate/Collections/Traits/EnumeratesValues.php(275): Laravel\\Telescope\\Storage\\DatabaseEntriesRepository->Laravel\\Telescope\\Storage\\{closure}()
#14 /tmp/abdoElHodaky/larvrevrstender/services/auth-service/vendor/laravel/telescope/src/Storage/DatabaseEntriesRepository.php(144): Illuminate\\Support\\Collection->each()
#15 /tmp/abdoElHodaky/larvrevrstender/services/auth-service/vendor/laravel/telescope/src/Telescope.php(664): Laravel\\Telescope\\Storage\\DatabaseEntriesRepository->store()
#16 [internal function]: Laravel\\Telescope\\Telescope::Laravel\\Telescope\\{closure}()
#17 /tmp/abdoElHodaky/larvrevrstender/services/auth-service/vendor/laravel/telescope/src/Telescope.php(289): call_user_func()
#18 /tmp/abdoElHodaky/larvrevrstender/services/auth-service/vendor/laravel/telescope/src/Telescope.php(656): Laravel\\Telescope\\Telescope::withoutRecording()
#19 /tmp/abdoElHodaky/larvrevrstender/services/auth-service/vendor/laravel/telescope/src/ListensForStorageOpportunities.php(65): Laravel\\Telescope\\Telescope::store()
#20 /tmp/abdoElHodaky/larvrevrstender/services/auth-service/vendor/laravel/framework/src/Illuminate/Container/BoundMethod.php(36): Laravel\\Telescope\\Telescope::Laravel\\Telescope\\{closure}()
#21 /tmp/abdoElHodaky/larvrevrstender/services/auth-service/vendor/laravel/framework/src/Illuminate/Container/Util.php(43): Illuminate\\Container\\BoundMethod::Illuminate\\Container\\{closure}()
#22 /tmp/abdoElHodaky/larvrevrstender/services/auth-service/vendor/laravel/framework/src/Illuminate/Container/BoundMethod.php(84): Illuminate\\Container\\Util::unwrapIfClosure()
#23 /tmp/abdoElHodaky/larvrevrstender/services/auth-service/vendor/laravel/framework/src/Illuminate/Container/BoundMethod.php(35): Illuminate\\Container\\BoundMethod::callBoundMethod()
#24 /tmp/abdoElHodaky/larvrevrstender/services/auth-service/vendor/laravel/framework/src/Illuminate/Container/Container.php(799): Illuminate\\Container\\BoundMethod::call()
#25 /tmp/abdoElHodaky/larvrevrstender/services/auth-service/vendor/laravel/framework/src/Illuminate/Foundation/Application.php(1466): Illuminate\\Container\\Container->call()
#26 /tmp/abdoElHodaky/larvrevrstender/services/auth-service/vendor/laravel/framework/src/Illuminate/Foundation/Console/Kernel.php(219): Illuminate\\Foundation\\Application->terminate()
#27 /tmp/abdoElHodaky/larvrevrstender/services/auth-service/artisan(51): Illuminate\\Foundation\\Console\\Kernel->terminate()
#28 {main}
"} 
[2026-03-08 13:49:45] local.INFO: Procedure registered {"name":"events","class":"Shared\\Procedures\\CrossServiceProcedure","type":"micro"} 
[2026-03-08 13:49:45] local.INFO: Procedure registered {"name":"cache","class":"Shared\\Procedures\\CrossServiceProcedure","type":"micro"} 
[2026-03-08 13:49:45] local.INFO: Procedure registered {"name":"notification","class":"Shared\\Procedures\\CrossServiceProcedure","type":"micro"} 
[2026-03-08 13:49:45] local.INFO: Procedure registered {"name":"validation","class":"Shared\\Procedures\\CrossServiceProcedure","type":"micro"} 
[2026-03-08 13:49:45] local.INFO: Procedure registered {"name":"security","class":"Shared\\Procedures\\CrossServiceProcedure","type":"micro"} 
[2026-03-08 13:49:45] local.INFO: Procedure registered {"name":"circuit_breaker","class":"Shared\\Procedures\\CrossServiceProcedure","type":"micro"} 
[2026-03-08 13:49:45] local.INFO: Procedure registered {"name":"queue_circuit_breaker","class":"Shared\\Procedures\\CrossServiceProcedure","type":"micro"} 
[2026-03-08 13:49:45] local.INFO: Procedure registered {"name":"third_party_integration","class":"Shared\\Procedures\\CrossServiceProcedure","type":"micro"} 
[2026-03-08 13:49:45] local.INFO: Procedure registered {"name":"workflow","class":"Shared\\Procedures\\CrossServiceProcedure","type":"macro"} 
[2026-03-08 13:49:45] local.ERROR: SQLSTATE[08006] [7] connection to server at "127.0.0.1", port 5432 failed: Connection refused
	Is the server running on that host and accepting TCP/IP connections? (Connection: pgsql, Host: 127.0.0.1, Port: 5432, Database: auth_service, SQL: insert into "telescope_entries" ("batch_id", "content", "created_at", "family_hash", "type", "uuid") values (a1401abc-58b6-4be8-bc79-29a699b68f5f, {"level":"info","message":"Procedure registered","context":{"name":"events","class":"Shared\\Procedures\\CrossServiceProcedure","type":"micro"},"hostname":"modal"}, 2026-03-08 13:49:45, ?, log, a1401abc-32d3-4f39-b464-55b789806faa), (a1401abc-58b6-4be8-bc79-29a699b68f5f, {"level":"info","message":"Procedure registered","context":{"name":"cache","class":"Shared\\Procedures\\CrossServiceProcedure","type":"micro"},"hostname":"modal"}, 2026-03-08 13:49:45, ?, log, a1401abc-3498-4906-b3c5-74e2aa24dea7), (a1401abc-58b6-4be8-bc79-29a699b68f5f, {"level":"info","message":"Procedure registered","context":{"name":"notification","class":"Shared\\Procedures\\CrossServiceProcedure","type":"micro"},"hostname":"modal"}, 2026-03-08 13:49:45, ?, log, a1401abc-34d9-4f38-be2e-4f6709746fdd), (a1401abc-58b6-4be8-bc79-29a699b68f5f, {"level":"info","message":"Procedure registered","context":{"name":"validation","class":"Shared\\Procedures\\CrossServiceProcedure","type":"micro"},"hostname":"modal"}, 2026-03-08 13:49:45, ?, log, a1401abc-3517-4fa2-a299-1309e6d7c4aa), (a1401abc-58b6-4be8-bc79-29a699b68f5f, {"level":"info","message":"Procedure registered","context":{"name":"security","class":"Shared\\Procedures\\CrossServiceProcedure","type":"micro"},"hostname":"modal"}, 2026-03-08 13:49:45, ?, log, a1401abc-3551-4fa8-b854-f6292826a470), (a1401abc-58b6-4be8-bc79-29a699b68f5f, {"level":"info","message":"Procedure registered","context":{"name":"circuit_breaker","class":"Shared\\Procedures\\CrossServiceProcedure","type":"micro"},"hostname":"modal"}, 2026-03-08 13:49:45, ?, log, a1401abc-3589-4267-9460-bfde0c3208b1), (a1401abc-58b6-4be8-bc79-29a699b68f5f, {"level":"info","message":"Procedure registered","context":{"name":"queue_circuit_breaker","class":"Shared\\Procedures\\CrossServiceProcedure","type":"micro"},"hostname":"modal"}, 2026-03-08 13:49:45, ?, log, a1401abc-35c1-42e7-9d79-0d710d7e3131), (a1401abc-58b6-4be8-bc79-29a699b68f5f, {"level":"info","message":"Procedure registered","context":{"name":"third_party_integration","class":"Shared\\Procedures\\CrossServiceProcedure","type":"micro"},"hostname":"modal"}, 2026-03-08 13:49:45, ?, log, a1401abc-35fa-4bd6-8041-0e764a8e875a), (a1401abc-58b6-4be8-bc79-29a699b68f5f, {"level":"info","message":"Procedure registered","context":{"name":"workflow","class":"Shared\\Procedures\\CrossServiceProcedure","type":"macro"},"hostname":"modal"}, 2026-03-08 13:49:45, ?, log, a1401abc-3632-4fec-8d7b-094386547582), (a1401abc-58b6-4be8-bc79-29a699b68f5f, {"command":"rpc:rotate-tokens","exit_code":0,"arguments":{"command":"rpc:rotate-tokens"},"options":{"dry-run":true,"force":true,"service":"user-service","expires-in":"8760","backup":false,"help":false,"silent":false,"quiet":false,"verbose":false,"version":false,"ansi":null,"no-interaction":false,"env":null},"hostname":"modal"}, 2026-03-08 13:49:45, ?, command, a1401abc-5813-4b4c-affd-c52062fa31e4)) {"exception":"[object] (Illuminate\\Database\\QueryException(code: 7): SQLSTATE[08006] [7] connection to server at \"127.0.0.1\", port 5432 failed: Connection refused
\tIs the server running on that host and accepting TCP/IP connections? (Connection: pgsql, Host: 127.0.0.1, Port: 5432, Database: auth_service, SQL: insert into \"telescope_entries\" (\"batch_id\", \"content\", \"created_at\", \"family_hash\", \"type\", \"uuid\") values (a1401abc-58b6-4be8-bc79-29a699b68f5f, {\"level\":\"info\",\"message\":\"Procedure registered\",\"context\":{\"name\":\"events\",\"class\":\"Shared\\\\Procedures\\\\CrossServiceProcedure\",\"type\":\"micro\"},\"hostname\":\"modal\"}, 2026-03-08 13:49:45, ?, log, a1401abc-32d3-4f39-b464-55b789806faa), (a1401abc-58b6-4be8-bc79-29a699b68f5f, {\"level\":\"info\",\"message\":\"Procedure registered\",\"context\":{\"name\":\"cache\",\"class\":\"Shared\\\\Procedures\\\\CrossServiceProcedure\",\"type\":\"micro\"},\"hostname\":\"modal\"}, 2026-03-08 13:49:45, ?, log, a1401abc-3498-4906-b3c5-74e2aa24dea7), (a1401abc-58b6-4be8-bc79-29a699b68f5f, {\"level\":\"info\",\"message\":\"Procedure registered\",\"context\":{\"name\":\"notification\",\"class\":\"Shared\\\\Procedures\\\\CrossServiceProcedure\",\"type\":\"micro\"},\"hostname\":\"modal\"}, 2026-03-08 13:49:45, ?, log, a1401abc-34d9-4f38-be2e-4f6709746fdd), (a1401abc-58b6-4be8-bc79-29a699b68f5f, {\"level\":\"info\",\"message\":\"Procedure registered\",\"context\":{\"name\":\"validation\",\"class\":\"Shared\\\\Procedures\\\\CrossServiceProcedure\",\"type\":\"micro\"},\"hostname\":\"modal\"}, 2026-03-08 13:49:45, ?, log, a1401abc-3517-4fa2-a299-1309e6d7c4aa), (a1401abc-58b6-4be8-bc79-29a699b68f5f, {\"level\":\"info\",\"message\":\"Procedure registered\",\"context\":{\"name\":\"security\",\"class\":\"Shared\\\\Procedures\\\\CrossServiceProcedure\",\"type\":\"micro\"},\"hostname\":\"modal\"}, 2026-03-08 13:49:45, ?, log, a1401abc-3551-4fa8-b854-f6292826a470), (a1401abc-58b6-4be8-bc79-29a699b68f5f, {\"level\":\"info\",\"message\":\"Procedure registered\",\"context\":{\"name\":\"circuit_breaker\",\"class\":\"Shared\\\\Procedures\\\\CrossServiceProcedure\",\"type\":\"micro\"},\"hostname\":\"modal\"}, 2026-03-08 13:49:45, ?, log, a1401abc-3589-4267-9460-bfde0c3208b1), (a1401abc-58b6-4be8-bc79-29a699b68f5f, {\"level\":\"info\",\"message\":\"Procedure registered\",\"context\":{\"name\":\"queue_circuit_breaker\",\"class\":\"Shared\\\\Procedures\\\\CrossServiceProcedure\",\"type\":\"micro\"},\"hostname\":\"modal\"}, 2026-03-08 13:49:45, ?, log, a1401abc-35c1-42e7-9d79-0d710d7e3131), (a1401abc-58b6-4be8-bc79-29a699b68f5f, {\"level\":\"info\",\"message\":\"Procedure registered\",\"context\":{\"name\":\"third_party_integration\",\"class\":\"Shared\\\\Procedures\\\\CrossServiceProcedure\",\"type\":\"micro\"},\"hostname\":\"modal\"}, 2026-03-08 13:49:45, ?, log, a1401abc-35fa-4bd6-8041-0e764a8e875a), (a1401abc-58b6-4be8-bc79-29a699b68f5f, {\"level\":\"info\",\"message\":\"Procedure registered\",\"context\":{\"name\":\"workflow\",\"class\":\"Shared\\\\Procedures\\\\CrossServiceProcedure\",\"type\":\"macro\"},\"hostname\":\"modal\"}, 2026-03-08 13:49:45, ?, log, a1401abc-3632-4fec-8d7b-094386547582), (a1401abc-58b6-4be8-bc79-29a699b68f5f, {\"command\":\"rpc:rotate-tokens\",\"exit_code\":0,\"arguments\":{\"command\":\"rpc:rotate-tokens\"},\"options\":{\"dry-run\":true,\"force\":true,\"service\":\"user-service\",\"expires-in\":\"8760\",\"backup\":false,\"help\":false,\"silent\":false,\"quiet\":false,\"verbose\":false,\"version\":false,\"ansi\":null,\"no-interaction\":false,\"env\":null},\"hostname\":\"modal\"}, 2026-03-08 13:49:45, ?, command, a1401abc-5813-4b4c-affd-c52062fa31e4)) at /tmp/abdoElHodaky/larvrevrstender/services/auth-service/vendor/laravel/framework/src/Illuminate/Database/Connection.php:838)
[stacktrace]
#0 /tmp/abdoElHodaky/larvrevrstender/services/auth-service/vendor/laravel/framework/src/Illuminate/Database/Connection.php(794): Illuminate\\Database\\Connection->runQueryCallback()
#1 /tmp/abdoElHodaky/larvrevrstender/services/auth-service/vendor/laravel/framework/src/Illuminate/Database/Connection.php(573): Illuminate\\Database\\Connection->run()
#2 /tmp/abdoElHodaky/larvrevrstender/services/auth-service/vendor/laravel/framework/src/Illuminate/Database/Connection.php(537): Illuminate\\Database\\Connection->statement()
#3 /tmp/abdoElHodaky/larvrevrstender/services/auth-service/vendor/laravel/framework/src/Illuminate/Database/Query/Builder.php(4091): Illuminate\\Database\\Connection->insert()
#4 /tmp/abdoElHodaky/larvrevrstender/services/auth-service/vendor/laravel/telescope/src/Storage/DatabaseEntriesRepository.php(145): Illuminate\\Database\\Query\\Builder->insert()
#5 /tmp/abdoElHodaky/larvrevrstender/services/auth-service/vendor/laravel/framework/src/Illuminate/Collections/Traits/EnumeratesValues.php(275): Laravel\\Telescope\\Storage\\DatabaseEntriesRepository->Laravel\\Telescope\\Storage\\{closure}()
#6 /tmp/abdoElHodaky/larvrevrstender/services/auth-service/vendor/laravel/telescope/src/Storage/DatabaseEntriesRepository.php(144): Illuminate\\Support\\Collection->each()
#7 /tmp/abdoElHodaky/larvrevrstender/services/auth-service/vendor/laravel/telescope/src/Telescope.php(664): Laravel\\Telescope\\Storage\\DatabaseEntriesRepository->store()
#8 [internal function]: Laravel\\Telescope\\Telescope::Laravel\\Telescope\\{closure}()
#9 /tmp/abdoElHodaky/larvrevrstender/services/auth-service/vendor/laravel/telescope/src/Telescope.php(289): call_user_func()
#10 /tmp/abdoElHodaky/larvrevrstender/services/auth-service/vendor/laravel/telescope/src/Telescope.php(656): Laravel\\Telescope\\Telescope::withoutRecording()
#11 /tmp/abdoElHodaky/larvrevrstender/services/auth-service/vendor/laravel/telescope/src/ListensForStorageOpportunities.php(65): Laravel\\Telescope\\Telescope::store()
#12 /tmp/abdoElHodaky/larvrevrstender/services/auth-service/vendor/laravel/framework/src/Illuminate/Container/BoundMethod.php(36): Laravel\\Telescope\\Telescope::Laravel\\Telescope\\{closure}()
#13 /tmp/abdoElHodaky/larvrevrstender/services/auth-service/vendor/laravel/framework/src/Illuminate/Container/Util.php(43): Illuminate\\Container\\BoundMethod::Illuminate\\Container\\{closure}()
#14 /tmp/abdoElHodaky/larvrevrstender/services/auth-service/vendor/laravel/framework/src/Illuminate/Container/BoundMethod.php(84): Illuminate\\Container\\Util::unwrapIfClosure()
#15 /tmp/abdoElHodaky/larvrevrstender/services/auth-service/vendor/laravel/framework/src/Illuminate/Container/BoundMethod.php(35): Illuminate\\Container\\BoundMethod::callBoundMethod()
#16 /tmp/abdoElHodaky/larvrevrstender/services/auth-service/vendor/laravel/framework/src/Illuminate/Container/Container.php(799): Illuminate\\Container\\BoundMethod::call()
#17 /tmp/abdoElHodaky/larvrevrstender/services/auth-service/vendor/laravel/framework/src/Illuminate/Foundation/Application.php(1466): Illuminate\\Container\\Container->call()
#18 /tmp/abdoElHodaky/larvrevrstender/services/auth-service/vendor/laravel/framework/src/Illuminate/Foundation/Console/Kernel.php(219): Illuminate\\Foundation\\Application->terminate()
#19 /tmp/abdoElHodaky/larvrevrstender/services/auth-service/artisan(51): Illuminate\\Foundation\\Console\\Kernel->terminate()
#20 {main}

[previous exception] [object] (PDOException(code: 7): SQLSTATE[08006] [7] connection to server at \"127.0.0.1\", port 5432 failed: Connection refused
\tIs the server running on that host and accepting TCP/IP connections? at /tmp/abdoElHodaky/larvrevrstender/services/auth-service/vendor/laravel/framework/src/Illuminate/Database/Connectors/Connector.php:66)
[stacktrace]
#0 /tmp/abdoElHodaky/larvrevrstender/services/auth-service/vendor/laravel/framework/src/Illuminate/Database/Connectors/Connector.php(66): PDO->__construct()
#1 /tmp/abdoElHodaky/larvrevrstender/services/auth-service/vendor/laravel/framework/src/Illuminate/Database/Connectors/Connector.php(44): Illuminate\\Database\\Connectors\\Connector->createPdoConnection()
#2 /tmp/abdoElHodaky/larvrevrstender/services/auth-service/vendor/laravel/framework/src/Illuminate/Database/Connectors/PostgresConnector.php(35): Illuminate\\Database\\Connectors\\Connector->createConnection()
#3 /tmp/abdoElHodaky/larvrevrstender/services/auth-service/vendor/laravel/framework/src/Illuminate/Database/Connectors/ConnectionFactory.php(186): Illuminate\\Database\\Connectors\\PostgresConnector->connect()
#4 [internal function]: Illuminate\\Database\\Connectors\\ConnectionFactory->Illuminate\\Database\\Connectors\\{closure}()
#5 /tmp/abdoElHodaky/larvrevrstender/services/auth-service/vendor/laravel/framework/src/Illuminate/Database/Connection.php(1257): call_user_func()
#6 /tmp/abdoElHodaky/larvrevrstender/services/auth-service/vendor/laravel/framework/src/Illuminate/Database/Connection.php(578): Illuminate\\Database\\Connection->getPdo()
#7 /tmp/abdoElHodaky/larvrevrstender/services/auth-service/vendor/laravel/framework/src/Illuminate/Database/Connection.php(827): Illuminate\\Database\\Connection->Illuminate\\Database\\{closure}()
#8 /tmp/abdoElHodaky/larvrevrstender/services/auth-service/vendor/laravel/framework/src/Illuminate/Database/Connection.php(794): Illuminate\\Database\\Connection->runQueryCallback()
#9 /tmp/abdoElHodaky/larvrevrstender/services/auth-service/vendor/laravel/framework/src/Illuminate/Database/Connection.php(573): Illuminate\\Database\\Connection->run()
#10 /tmp/abdoElHodaky/larvrevrstender/services/auth-service/vendor/laravel/framework/src/Illuminate/Database/Connection.php(537): Illuminate\\Database\\Connection->statement()
#11 /tmp/abdoElHodaky/larvrevrstender/services/auth-service/vendor/laravel/framework/src/Illuminate/Database/Query/Builder.php(4091): Illuminate\\Database\\Connection->insert()
#12 /tmp/abdoElHodaky/larvrevrstender/services/auth-service/vendor/laravel/telescope/src/Storage/DatabaseEntriesRepository.php(145): Illuminate\\Database\\Query\\Builder->insert()
#13 /tmp/abdoElHodaky/larvrevrstender/services/auth-service/vendor/laravel/framework/src/Illuminate/Collections/Traits/EnumeratesValues.php(275): Laravel\\Telescope\\Storage\\DatabaseEntriesRepository->Laravel\\Telescope\\Storage\\{closure}()
#14 /tmp/abdoElHodaky/larvrevrstender/services/auth-service/vendor/laravel/telescope/src/Storage/DatabaseEntriesRepository.php(144): Illuminate\\Support\\Collection->each()
#15 /tmp/abdoElHodaky/larvrevrstender/services/auth-service/vendor/laravel/telescope/src/Telescope.php(664): Laravel\\Telescope\\Storage\\DatabaseEntriesRepository->store()
#16 [internal function]: Laravel\\Telescope\\Telescope::Laravel\\Telescope\\{closure}()
#17 /tmp/abdoElHodaky/larvrevrstender/services/auth-service/vendor/laravel/telescope/src/Telescope.php(289): call_user_func()
#18 /tmp/abdoElHodaky/larvrevrstender/services/auth-service/vendor/laravel/telescope/src/Telescope.php(656): Laravel\\Telescope\\Telescope::withoutRecording()
#19 /tmp/abdoElHodaky/larvrevrstender/services/auth-service/vendor/laravel/telescope/src/ListensForStorageOpportunities.php(65): Laravel\\Telescope\\Telescope::store()
#20 /tmp/abdoElHodaky/larvrevrstender/services/auth-service/vendor/laravel/framework/src/Illuminate/Container/BoundMethod.php(36): Laravel\\Telescope\\Telescope::Laravel\\Telescope\\{closure}()
#21 /tmp/abdoElHodaky/larvrevrstender/services/auth-service/vendor/laravel/framework/src/Illuminate/Container/Util.php(43): Illuminate\\Container\\BoundMethod::Illuminate\\Container\\{closure}()
#22 /tmp/abdoElHodaky/larvrevrstender/services/auth-service/vendor/laravel/framework/src/Illuminate/Container/BoundMethod.php(84): Illuminate\\Container\\Util::unwrapIfClosure()
#23 /tmp/abdoElHodaky/larvrevrstender/services/auth-service/vendor/laravel/framework/src/Illuminate/Container/BoundMethod.php(35): Illuminate\\Container\\BoundMethod::callBoundMethod()
#24 /tmp/abdoElHodaky/larvrevrstender/services/auth-service/vendor/laravel/framework/src/Illuminate/Container/Container.php(799): Illuminate\\Container\\BoundMethod::call()
#25 /tmp/abdoElHodaky/larvrevrstender/services/auth-service/vendor/laravel/framework/src/Illuminate/Foundation/Application.php(1466): Illuminate\\Container\\Container->call()
#26 /tmp/abdoElHodaky/larvrevrstender/services/auth-service/vendor/laravel/framework/src/Illuminate/Foundation/Console/Kernel.php(219): Illuminate\\Foundation\\Application->terminate()
#27 /tmp/abdoElHodaky/larvrevrstender/services/auth-service/artisan(51): Illuminate\\Foundation\\Console\\Kernel->terminate()
#28 {main}
"} 
[2026-03-08 13:52:23] local.INFO: Procedure registered {"name":"events","class":"Shared\\Procedures\\CrossServiceProcedure","type":"micro"} 
[2026-03-08 13:52:23] local.INFO: Procedure registered {"name":"cache","class":"Shared\\Procedures\\CrossServiceProcedure","type":"micro"} 
[2026-03-08 13:52:23] local.INFO: Procedure registered {"name":"notification","class":"Shared\\Procedures\\CrossServiceProcedure","type":"micro"} 
[2026-03-08 13:52:23] local.INFO: Procedure registered {"name":"validation","class":"Shared\\Procedures\\CrossServiceProcedure","type":"micro"} 
[2026-03-08 13:52:23] local.INFO: Procedure registered {"name":"security","class":"Shared\\Procedures\\CrossServiceProcedure","type":"micro"} 
[2026-03-08 13:52:23] local.INFO: Procedure registered {"name":"circuit_breaker","class":"Shared\\Procedures\\CrossServiceProcedure","type":"micro"} 
[2026-03-08 13:52:23] local.INFO: Procedure registered {"name":"queue_circuit_breaker","class":"Shared\\Procedures\\CrossServiceProcedure","type":"micro"} 
[2026-03-08 13:52:23] local.INFO: Procedure registered {"name":"third_party_integration","class":"Shared\\Procedures\\CrossServiceProcedure","type":"micro"} 
[2026-03-08 13:52:23] local.INFO: Procedure registered {"name":"workflow","class":"Shared\\Procedures\\CrossServiceProcedure","type":"macro"} 
[2026-03-08 13:52:24] local.ERROR: SQLSTATE[08006] [7] connection to server at "127.0.0.1", port 5432 failed: Connection refused
	Is the server running on that host and accepting TCP/IP connections? (Connection: pgsql, Host: 127.0.0.1, Port: 5432, Database: auth_service, SQL: insert into "telescope_entries" ("batch_id", "content", "created_at", "family_hash", "type", "uuid") values (a1401bae-a203-4bb1-8372-f9fbece7b39d, {"level":"info","message":"Procedure registered","context":{"name":"events","class":"Shared\\Procedures\\CrossServiceProcedure","type":"micro"},"hostname":"modal"}, 2026-03-08 13:52:23, ?, log, a1401bae-76d9-4126-a486-79132eb7db4a), (a1401bae-a203-4bb1-8372-f9fbece7b39d, {"level":"info","message":"Procedure registered","context":{"name":"cache","class":"Shared\\Procedures\\CrossServiceProcedure","type":"micro"},"hostname":"modal"}, 2026-03-08 13:52:23, ?, log, a1401bae-787e-4f91-bcdd-213918e31e17), (a1401bae-a203-4bb1-8372-f9fbece7b39d, {"level":"info","message":"Procedure registered","context":{"name":"notification","class":"Shared\\Procedures\\CrossServiceProcedure","type":"micro"},"hostname":"modal"}, 2026-03-08 13:52:23, ?, log, a1401bae-78bd-42bd-ae19-6720b6435702), (a1401bae-a203-4bb1-8372-f9fbece7b39d, {"level":"info","message":"Procedure registered","context":{"name":"validation","class":"Shared\\Procedures\\CrossServiceProcedure","type":"micro"},"hostname":"modal"}, 2026-03-08 13:52:23, ?, log, a1401bae-78f9-49cc-8029-163c15ef2a46), (a1401bae-a203-4bb1-8372-f9fbece7b39d, {"level":"info","message":"Procedure registered","context":{"name":"security","class":"Shared\\Procedures\\CrossServiceProcedure","type":"micro"},"hostname":"modal"}, 2026-03-08 13:52:23, ?, log, a1401bae-7932-4446-a1d8-aced3fc126cf), (a1401bae-a203-4bb1-8372-f9fbece7b39d, {"level":"info","message":"Procedure registered","context":{"name":"circuit_breaker","class":"Shared\\Procedures\\CrossServiceProcedure","type":"micro"},"hostname":"modal"}, 2026-03-08 13:52:23, ?, log, a1401bae-796b-41e0-b568-b94091441d29), (a1401bae-a203-4bb1-8372-f9fbece7b39d, {"level":"info","message":"Procedure registered","context":{"name":"queue_circuit_breaker","class":"Shared\\Procedures\\CrossServiceProcedure","type":"micro"},"hostname":"modal"}, 2026-03-08 13:52:23, ?, log, a1401bae-79a4-4896-a71d-269a9ef9a305), (a1401bae-a203-4bb1-8372-f9fbece7b39d, {"level":"info","message":"Procedure registered","context":{"name":"third_party_integration","class":"Shared\\Procedures\\CrossServiceProcedure","type":"micro"},"hostname":"modal"}, 2026-03-08 13:52:23, ?, log, a1401bae-79dd-4792-b0bd-76b798a3d0ff), (a1401bae-a203-4bb1-8372-f9fbece7b39d, {"level":"info","message":"Procedure registered","context":{"name":"workflow","class":"Shared\\Procedures\\CrossServiceProcedure","type":"macro"},"hostname":"modal"}, 2026-03-08 13:52:23, ?, log, a1401bae-7a15-4719-9489-8c787774a068), (a1401bae-a203-4bb1-8372-f9fbece7b39d, {"command":"list","exit_code":0,"arguments":{"command":"list","namespace":null},"options":{"raw":false,"format":"txt","short":false,"help":false,"silent":false,"quiet":false,"verbose":false,"version":false,"ansi":null,"no-interaction":false,"env":null},"hostname":"modal"}, 2026-03-08 13:52:24, ?, command, a1401bae-a165-438b-8c78-a4dd72ae59f9)) {"exception":"[object] (Illuminate\\Database\\QueryException(code: 7): SQLSTATE[08006] [7] connection to server at \"127.0.0.1\", port 5432 failed: Connection refused
\tIs the server running on that host and accepting TCP/IP connections? (Connection: pgsql, Host: 127.0.0.1, Port: 5432, Database: auth_service, SQL: insert into \"telescope_entries\" (\"batch_id\", \"content\", \"created_at\", \"family_hash\", \"type\", \"uuid\") values (a1401bae-a203-4bb1-8372-f9fbece7b39d, {\"level\":\"info\",\"message\":\"Procedure registered\",\"context\":{\"name\":\"events\",\"class\":\"Shared\\\\Procedures\\\\CrossServiceProcedure\",\"type\":\"micro\"},\"hostname\":\"modal\"}, 2026-03-08 13:52:23, ?, log, a1401bae-76d9-4126-a486-79132eb7db4a), (a1401bae-a203-4bb1-8372-f9fbece7b39d, {\"level\":\"info\",\"message\":\"Procedure registered\",\"context\":{\"name\":\"cache\",\"class\":\"Shared\\\\Procedures\\\\CrossServiceProcedure\",\"type\":\"micro\"},\"hostname\":\"modal\"}, 2026-03-08 13:52:23, ?, log, a1401bae-787e-4f91-bcdd-213918e31e17), (a1401bae-a203-4bb1-8372-f9fbece7b39d, {\"level\":\"info\",\"message\":\"Procedure registered\",\"context\":{\"name\":\"notification\",\"class\":\"Shared\\\\Procedures\\\\CrossServiceProcedure\",\"type\":\"micro\"},\"hostname\":\"modal\"}, 2026-03-08 13:52:23, ?, log, a1401bae-78bd-42bd-ae19-6720b6435702), (a1401bae-a203-4bb1-8372-f9fbece7b39d, {\"level\":\"info\",\"message\":\"Procedure registered\",\"context\":{\"name\":\"validation\",\"class\":\"Shared\\\\Procedures\\\\CrossServiceProcedure\",\"type\":\"micro\"},\"hostname\":\"modal\"}, 2026-03-08 13:52:23, ?, log, a1401bae-78f9-49cc-8029-163c15ef2a46), (a1401bae-a203-4bb1-8372-f9fbece7b39d, {\"level\":\"info\",\"message\":\"Procedure registered\",\"context\":{\"name\":\"security\",\"class\":\"Shared\\\\Procedures\\\\CrossServiceProcedure\",\"type\":\"micro\"},\"hostname\":\"modal\"}, 2026-03-08 13:52:23, ?, log, a1401bae-7932-4446-a1d8-aced3fc126cf), (a1401bae-a203-4bb1-8372-f9fbece7b39d, {\"level\":\"info\",\"message\":\"Procedure registered\",\"context\":{\"name\":\"circuit_breaker\",\"class\":\"Shared\\\\Procedures\\\\CrossServiceProcedure\",\"type\":\"micro\"},\"hostname\":\"modal\"}, 2026-03-08 13:52:23, ?, log, a1401bae-796b-41e0-b568-b94091441d29), (a1401bae-a203-4bb1-8372-f9fbece7b39d, {\"level\":\"info\",\"message\":\"Procedure registered\",\"context\":{\"name\":\"queue_circuit_breaker\",\"class\":\"Shared\\\\Procedures\\\\CrossServiceProcedure\",\"type\":\"micro\"},\"hostname\":\"modal\"}, 2026-03-08 13:52:23, ?, log, a1401bae-79a4-4896-a71d-269a9ef9a305), (a1401bae-a203-4bb1-8372-f9fbece7b39d, {\"level\":\"info\",\"message\":\"Procedure registered\",\"context\":{\"name\":\"third_party_integration\",\"class\":\"Shared\\\\Procedures\\\\CrossServiceProcedure\",\"type\":\"micro\"},\"hostname\":\"modal\"}, 2026-03-08 13:52:23, ?, log, a1401bae-79dd-4792-b0bd-76b798a3d0ff), (a1401bae-a203-4bb1-8372-f9fbece7b39d, {\"level\":\"info\",\"message\":\"Procedure registered\",\"context\":{\"name\":\"workflow\",\"class\":\"Shared\\\\Procedures\\\\CrossServiceProcedure\",\"type\":\"macro\"},\"hostname\":\"modal\"}, 2026-03-08 13:52:23, ?, log, a1401bae-7a15-4719-9489-8c787774a068), (a1401bae-a203-4bb1-8372-f9fbece7b39d, {\"command\":\"list\",\"exit_code\":0,\"arguments\":{\"command\":\"list\",\"namespace\":null},\"options\":{\"raw\":false,\"format\":\"txt\",\"short\":false,\"help\":false,\"silent\":false,\"quiet\":false,\"verbose\":false,\"version\":false,\"ansi\":null,\"no-interaction\":false,\"env\":null},\"hostname\":\"modal\"}, 2026-03-08 13:52:24, ?, command, a1401bae-a165-438b-8c78-a4dd72ae59f9)) at /tmp/abdoElHodaky/larvrevrstender/services/auth-service/vendor/laravel/framework/src/Illuminate/Database/Connection.php:838)
[stacktrace]
#0 /tmp/abdoElHodaky/larvrevrstender/services/auth-service/vendor/laravel/framework/src/Illuminate/Database/Connection.php(794): Illuminate\\Database\\Connection->runQueryCallback()
#1 /tmp/abdoElHodaky/larvrevrstender/services/auth-service/vendor/laravel/framework/src/Illuminate/Database/Connection.php(573): Illuminate\\Database\\Connection->run()
#2 /tmp/abdoElHodaky/larvrevrstender/services/auth-service/vendor/laravel/framework/src/Illuminate/Database/Connection.php(537): Illuminate\\Database\\Connection->statement()
#3 /tmp/abdoElHodaky/larvrevrstender/services/auth-service/vendor/laravel/framework/src/Illuminate/Database/Query/Builder.php(4091): Illuminate\\Database\\Connection->insert()
#4 /tmp/abdoElHodaky/larvrevrstender/services/auth-service/vendor/laravel/telescope/src/Storage/DatabaseEntriesRepository.php(145): Illuminate\\Database\\Query\\Builder->insert()
#5 /tmp/abdoElHodaky/larvrevrstender/services/auth-service/vendor/laravel/framework/src/Illuminate/Collections/Traits/EnumeratesValues.php(275): Laravel\\Telescope\\Storage\\DatabaseEntriesRepository->Laravel\\Telescope\\Storage\\{closure}()
#6 /tmp/abdoElHodaky/larvrevrstender/services/auth-service/vendor/laravel/telescope/src/Storage/DatabaseEntriesRepository.php(144): Illuminate\\Support\\Collection->each()
#7 /tmp/abdoElHodaky/larvrevrstender/services/auth-service/vendor/laravel/telescope/src/Telescope.php(664): Laravel\\Telescope\\Storage\\DatabaseEntriesRepository->store()
#8 [internal function]: Laravel\\Telescope\\Telescope::Laravel\\Telescope\\{closure}()
#9 /tmp/abdoElHodaky/larvrevrstender/services/auth-service/vendor/laravel/telescope/src/Telescope.php(289): call_user_func()
#10 /tmp/abdoElHodaky/larvrevrstender/services/auth-service/vendor/laravel/telescope/src/Telescope.php(656): Laravel\\Telescope\\Telescope::withoutRecording()
#11 /tmp/abdoElHodaky/larvrevrstender/services/auth-service/vendor/laravel/telescope/src/ListensForStorageOpportunities.php(65): Laravel\\Telescope\\Telescope::store()
#12 /tmp/abdoElHodaky/larvrevrstender/services/auth-service/vendor/laravel/framework/src/Illuminate/Container/BoundMethod.php(36): Laravel\\Telescope\\Telescope::Laravel\\Telescope\\{closure}()
#13 /tmp/abdoElHodaky/larvrevrstender/services/auth-service/vendor/laravel/framework/src/Illuminate/Container/Util.php(43): Illuminate\\Container\\BoundMethod::Illuminate\\Container\\{closure}()
#14 /tmp/abdoElHodaky/larvrevrstender/services/auth-service/vendor/laravel/framework/src/Illuminate/Container/BoundMethod.php(84): Illuminate\\Container\\Util::unwrapIfClosure()
#15 /tmp/abdoElHodaky/larvrevrstender/services/auth-service/vendor/laravel/framework/src/Illuminate/Container/BoundMethod.php(35): Illuminate\\Container\\BoundMethod::callBoundMethod()
#16 /tmp/abdoElHodaky/larvrevrstender/services/auth-service/vendor/laravel/framework/src/Illuminate/Container/Container.php(799): Illuminate\\Container\\BoundMethod::call()
#17 /tmp/abdoElHodaky/larvrevrstender/services/auth-service/vendor/laravel/framework/src/Illuminate/Foundation/Application.php(1466): Illuminate\\Container\\Container->call()
#18 /tmp/abdoElHodaky/larvrevrstender/services/auth-service/vendor/laravel/framework/src/Illuminate/Foundation/Console/Kernel.php(219): Illuminate\\Foundation\\Application->terminate()
#19 /tmp/abdoElHodaky/larvrevrstender/services/auth-service/artisan(51): Illuminate\\Foundation\\Console\\Kernel->terminate()
#20 {main}

[previous exception] [object] (PDOException(code: 7): SQLSTATE[08006] [7] connection to server at \"127.0.0.1\", port 5432 failed: Connection refused
\tIs the server running on that host and accepting TCP/IP connections? at /tmp/abdoElHodaky/larvrevrstender/services/auth-service/vendor/laravel/framework/src/Illuminate/Database/Connectors/Connector.php:66)
[stacktrace]
#0 /tmp/abdoElHodaky/larvrevrstender/services/auth-service/vendor/laravel/framework/src/Illuminate/Database/Connectors/Connector.php(66): PDO->__construct()
#1 /tmp/abdoElHodaky/larvrevrstender/services/auth-service/vendor/laravel/framework/src/Illuminate/Database/Connectors/Connector.php(44): Illuminate\\Database\\Connectors\\Connector->createPdoConnection()
#2 /tmp/abdoElHodaky/larvrevrstender/services/auth-service/vendor/laravel/framework/src/Illuminate/Database/Connectors/PostgresConnector.php(35): Illuminate\\Database\\Connectors\\Connector->createConnection()
#3 /tmp/abdoElHodaky/larvrevrstender/services/auth-service/vendor/laravel/framework/src/Illuminate/Database/Connectors/ConnectionFactory.php(186): Illuminate\\Database\\Connectors\\PostgresConnector->connect()
#4 [internal function]: Illuminate\\Database\\Connectors\\ConnectionFactory->Illuminate\\Database\\Connectors\\{closure}()
#5 /tmp/abdoElHodaky/larvrevrstender/services/auth-service/vendor/laravel/framework/src/Illuminate/Database/Connection.php(1257): call_user_func()
#6 /tmp/abdoElHodaky/larvrevrstender/services/auth-service/vendor/laravel/framework/src/Illuminate/Database/Connection.php(578): Illuminate\\Database\\Connection->getPdo()
#7 /tmp/abdoElHodaky/larvrevrstender/services/auth-service/vendor/laravel/framework/src/Illuminate/Database/Connection.php(827): Illuminate\\Database\\Connection->Illuminate\\Database\\{closure}()
#8 /tmp/abdoElHodaky/larvrevrstender/services/auth-service/vendor/laravel/framework/src/Illuminate/Database/Connection.php(794): Illuminate\\Database\\Connection->runQueryCallback()
#9 /tmp/abdoElHodaky/larvrevrstender/services/auth-service/vendor/laravel/framework/src/Illuminate/Database/Connection.php(573): Illuminate\\Database\\Connection->run()
#10 /tmp/abdoElHodaky/larvrevrstender/services/auth-service/vendor/laravel/framework/src/Illuminate/Database/Connection.php(537): Illuminate\\Database\\Connection->statement()
#11 /tmp/abdoElHodaky/larvrevrstender/services/auth-service/vendor/laravel/framework/src/Illuminate/Database/Query/Builder.php(4091): Illuminate\\Database\\Connection->insert()
#12 /tmp/abdoElHodaky/larvrevrstender/services/auth-service/vendor/laravel/telescope/src/Storage/DatabaseEntriesRepository.php(145): Illuminate\\Database\\Query\\Builder->insert()
#13 /tmp/abdoElHodaky/larvrevrstender/services/auth-service/vendor/laravel/framework/src/Illuminate/Collections/Traits/EnumeratesValues.php(275): Laravel\\Telescope\\Storage\\DatabaseEntriesRepository->Laravel\\Telescope\\Storage\\{closure}()
#14 /tmp/abdoElHodaky/larvrevrstender/services/auth-service/vendor/laravel/telescope/src/Storage/DatabaseEntriesRepository.php(144): Illuminate\\Support\\Collection->each()
#15 /tmp/abdoElHodaky/larvrevrstender/services/auth-service/vendor/laravel/telescope/src/Telescope.php(664): Laravel\\Telescope\\Storage\\DatabaseEntriesRepository->store()
#16 [internal function]: Laravel\\Telescope\\Telescope::Laravel\\Telescope\\{closure}()
#17 /tmp/abdoElHodaky/larvrevrstender/services/auth-service/vendor/laravel/telescope/src/Telescope.php(289): call_user_func()
#18 /tmp/abdoElHodaky/larvrevrstender/services/auth-service/vendor/laravel/telescope/src/Telescope.php(656): Laravel\\Telescope\\Telescope::withoutRecording()
#19 /tmp/abdoElHodaky/larvrevrstender/services/auth-service/vendor/laravel/telescope/src/ListensForStorageOpportunities.php(65): Laravel\\Telescope\\Telescope::store()
#20 /tmp/abdoElHodaky/larvrevrstender/services/auth-service/vendor/laravel/framework/src/Illuminate/Container/BoundMethod.php(36): Laravel\\Telescope\\Telescope::Laravel\\Telescope\\{closure}()
#21 /tmp/abdoElHodaky/larvrevrstender/services/auth-service/vendor/laravel/framework/src/Illuminate/Container/Util.php(43): Illuminate\\Container\\BoundMethod::Illuminate\\Container\\{closure}()
#22 /tmp/abdoElHodaky/larvrevrstender/services/auth-service/vendor/laravel/framework/src/Illuminate/Container/BoundMethod.php(84): Illuminate\\Container\\Util::unwrapIfClosure()
#23 /tmp/abdoElHodaky/larvrevrstender/services/auth-service/vendor/laravel/framework/src/Illuminate/Container/BoundMethod.php(35): Illuminate\\Container\\BoundMethod::callBoundMethod()
#24 /tmp/abdoElHodaky/larvrevrstender/services/auth-service/vendor/laravel/framework/src/Illuminate/Container/Container.php(799): Illuminate\\Container\\BoundMethod::call()
#25 /tmp/abdoElHodaky/larvrevrstender/services/auth-service/vendor/laravel/framework/src/Illuminate/Foundation/Application.php(1466): Illuminate\\Container\\Container->call()
#26 /tmp/abdoElHodaky/larvrevrstender/services/auth-service/vendor/laravel/framework/src/Illuminate/Foundation/Console/Kernel.php(219): Illuminate\\Foundation\\Application->terminate()
#27 /tmp/abdoElHodaky/larvrevrstender/services/auth-service/artisan(51): Illuminate\\Foundation\\Console\\Kernel->terminate()
#28 {main}
"} 
