[2026-03-08 10:39:40] local.INFO: Procedure registered {"name":"events","class":"Shared\\Procedures\\CrossServiceProcedure","type":"micro"} 
[2026-03-08 10:39:40] local.INFO: Procedure registered {"name":"cache","class":"Shared\\Procedures\\CrossServiceProcedure","type":"micro"} 
[2026-03-08 10:39:40] local.INFO: Procedure registered {"name":"notification","class":"Shared\\Procedures\\CrossServiceProcedure","type":"micro"} 
[2026-03-08 10:39:40] local.INFO: Procedure registered {"name":"validation","class":"Shared\\Procedures\\CrossServiceProcedure","type":"micro"} 
[2026-03-08 10:39:40] local.INFO: Procedure registered {"name":"security","class":"Shared\\Procedures\\CrossServiceProcedure","type":"micro"} 
[2026-03-08 10:39:40] local.INFO: Procedure registered {"name":"circuit_breaker","class":"Shared\\Procedures\\CrossServiceProcedure","type":"micro"} 
[2026-03-08 10:39:40] local.INFO: Procedure registered {"name":"queue_circuit_breaker","class":"Shared\\Procedures\\CrossServiceProcedure","type":"micro"} 
[2026-03-08 10:39:40] local.INFO: Procedure registered {"name":"third_party_integration","class":"Shared\\Procedures\\CrossServiceProcedure","type":"micro"} 
[2026-03-08 10:39:40] local.INFO: Procedure registered {"name":"workflow","class":"Shared\\Procedures\\CrossServiceProcedure","type":"macro"} 
[2026-03-16 13:07:28] production.INFO: Procedure registered {"name":"events","class":"Shared\\Procedures\\CrossServiceProcedure","type":"micro"} 
[2026-03-16 13:07:28] production.INFO: Procedure registered {"name":"cache","class":"Shared\\Procedures\\CrossServiceProcedure","type":"micro"} 
[2026-03-16 13:07:28] production.INFO: Procedure registered {"name":"notification","class":"Shared\\Procedures\\CrossServiceProcedure","type":"micro"} 
[2026-03-16 13:07:28] production.INFO: Procedure registered {"name":"validation","class":"Shared\\Procedures\\CrossServiceProcedure","type":"micro"} 
[2026-03-16 13:07:28] production.INFO: Procedure registered {"name":"security","class":"Shared\\Procedures\\CrossServiceProcedure","type":"micro"} 
[2026-03-16 13:07:28] production.INFO: Procedure registered {"name":"circuit_breaker","class":"Shared\\Procedures\\CrossServiceProcedure","type":"micro"} 
[2026-03-16 13:07:28] production.INFO: Procedure registered {"name":"queue_circuit_breaker","class":"Shared\\Procedures\\CrossServiceProcedure","type":"micro"} 
[2026-03-16 13:07:28] production.INFO: Procedure registered {"name":"third_party_integration","class":"Shared\\Procedures\\CrossServiceProcedure","type":"micro"} 
[2026-03-16 13:07:28] production.INFO: Procedure registered {"name":"workflow","class":"Shared\\Procedures\\CrossServiceProcedure","type":"macro"} 
[2026-03-16 13:07:28] production.ERROR: Declaration of App\Listeners\UserServiceDatabaseFailoverHandler::handleServiceSpecificFailover(Shared\Events\DatabaseFailoverEvent $event): void must be compatible with Shared\Listeners\BaseDatabaseFailoverHandler::handleServiceSpecificFailover(Shared\Events\DatabaseFailoverEvent $event, string $strategy = 'standard'): void {"exception":"[object] (Symfony\\Component\\ErrorHandler\\Error\\FatalError(code: 0): Declaration of App\\Listeners\\UserServiceDatabaseFailoverHandler::handleServiceSpecificFailover(Shared\\Events\\DatabaseFailoverEvent $event): void must be compatible with Shared\\Listeners\\BaseDatabaseFailoverHandler::handleServiceSpecificFailover(Shared\\Events\\DatabaseFailoverEvent $event, string $strategy = 'standard'): void at /tmp/abdoElHodaky/larvrevrstender/services/user-service/app/Listeners/UserServiceDatabaseFailoverHandler.php:14)
[stacktrace]
#0 {main}
"} 
[2026-03-16 13:08:20] production.INFO: Procedure registered {"name":"events","class":"Shared\\Procedures\\CrossServiceProcedure","type":"micro"} 
[2026-03-16 13:08:20] production.INFO: Procedure registered {"name":"cache","class":"Shared\\Procedures\\CrossServiceProcedure","type":"micro"} 
[2026-03-16 13:08:20] production.INFO: Procedure registered {"name":"notification","class":"Shared\\Procedures\\CrossServiceProcedure","type":"micro"} 
[2026-03-16 13:08:20] production.INFO: Procedure registered {"name":"validation","class":"Shared\\Procedures\\CrossServiceProcedure","type":"micro"} 
[2026-03-16 13:08:20] production.INFO: Procedure registered {"name":"security","class":"Shared\\Procedures\\CrossServiceProcedure","type":"micro"} 
[2026-03-16 13:08:20] production.INFO: Procedure registered {"name":"circuit_breaker","class":"Shared\\Procedures\\CrossServiceProcedure","type":"micro"} 
[2026-03-16 13:08:20] production.INFO: Procedure registered {"name":"queue_circuit_breaker","class":"Shared\\Procedures\\CrossServiceProcedure","type":"micro"} 
[2026-03-16 13:08:20] production.INFO: Procedure registered {"name":"third_party_integration","class":"Shared\\Procedures\\CrossServiceProcedure","type":"micro"} 
[2026-03-16 13:08:20] production.INFO: Procedure registered {"name":"workflow","class":"Shared\\Procedures\\CrossServiceProcedure","type":"macro"} 
[2026-03-16 13:08:20] production.ERROR: Target class [AuthRpc] does not exist. {"exception":"[object] (Illuminate\\Contracts\\Container\\BindingResolutionException(code: 0): Target class [AuthRpc] does not exist. at /tmp/abdoElHodaky/larvrevrstender/services/user-service/vendor/laravel/framework/src/Illuminate/Container/Container.php:1124)
[stacktrace]
#0 /tmp/abdoElHodaky/larvrevrstender/services/user-service/vendor/laravel/framework/src/Illuminate/Container/Container.php(933): Illuminate\\Container\\Container->build()
#1 /tmp/abdoElHodaky/larvrevrstender/services/user-service/vendor/laravel/framework/src/Illuminate/Foundation/Application.php(1078): Illuminate\\Container\\Container->resolve()
#2 /tmp/abdoElHodaky/larvrevrstender/services/user-service/vendor/laravel/framework/src/Illuminate/Container/Container.php(864): Illuminate\\Foundation\\Application->resolve()
#3 /tmp/abdoElHodaky/larvrevrstender/services/user-service/vendor/laravel/framework/src/Illuminate/Foundation/Application.php(1058): Illuminate\\Container\\Container->make()
#4 /tmp/abdoElHodaky/larvrevrstender/services/user-service/vendor/laravel/framework/src/Illuminate/Foundation/helpers.php(138): Illuminate\\Foundation\\Application->make()
#5 /tmp/abdoElHodaky/larvrevrstender/services/user-service/app/RPC/Adapters/AuthServiceAdapter.php(20): app()
#6 /tmp/abdoElHodaky/larvrevrstender/services/user-service/vendor/laravel/framework/src/Illuminate/Container/Container.php(1168): App\\RPC\\Adapters\\AuthServiceAdapter->__construct()
#7 /tmp/abdoElHodaky/larvrevrstender/services/user-service/vendor/laravel/framework/src/Illuminate/Container/Container.php(407): Illuminate\\Container\\Container->build()
#8 /tmp/abdoElHodaky/larvrevrstender/services/user-service/vendor/laravel/framework/src/Illuminate/Container/Container.php(1115): Illuminate\\Container\\Container->Illuminate\\Container\\{closure}()
#9 /tmp/abdoElHodaky/larvrevrstender/services/user-service/vendor/laravel/framework/src/Illuminate/Container/Container.php(933): Illuminate\\Container\\Container->build()
#10 /tmp/abdoElHodaky/larvrevrstender/services/user-service/vendor/laravel/framework/src/Illuminate/Foundation/Application.php(1078): Illuminate\\Container\\Container->resolve()
#11 /tmp/abdoElHodaky/larvrevrstender/services/user-service/vendor/laravel/framework/src/Illuminate/Container/Container.php(864): Illuminate\\Foundation\\Application->resolve()
#12 /tmp/abdoElHodaky/larvrevrstender/services/user-service/vendor/laravel/framework/src/Illuminate/Foundation/Application.php(1058): Illuminate\\Container\\Container->make()
#13 /tmp/abdoElHodaky/larvrevrstender/services/user-service/vendor/laravel/framework/src/Illuminate/Container/Container.php(1336): Illuminate\\Foundation\\Application->make()
#14 /tmp/abdoElHodaky/larvrevrstender/services/user-service/vendor/laravel/framework/src/Illuminate/Container/Container.php(1237): Illuminate\\Container\\Container->resolveClass()
#15 /tmp/abdoElHodaky/larvrevrstender/services/user-service/vendor/laravel/framework/src/Illuminate/Container/Container.php(1162): Illuminate\\Container\\Container->resolveDependencies()
#16 /tmp/abdoElHodaky/larvrevrstender/services/user-service/vendor/laravel/framework/src/Illuminate/Container/Container.php(933): Illuminate\\Container\\Container->build()
#17 /tmp/abdoElHodaky/larvrevrstender/services/user-service/vendor/laravel/framework/src/Illuminate/Foundation/Application.php(1078): Illuminate\\Container\\Container->resolve()
#18 /tmp/abdoElHodaky/larvrevrstender/services/user-service/vendor/laravel/framework/src/Illuminate/Container/Container.php(864): Illuminate\\Foundation\\Application->resolve()
#19 /tmp/abdoElHodaky/larvrevrstender/services/user-service/vendor/laravel/framework/src/Illuminate/Foundation/Application.php(1058): Illuminate\\Container\\Container->make()
#20 /tmp/abdoElHodaky/larvrevrstender/services/user-service/vendor/laravel/framework/src/Illuminate/Routing/Route.php(286): Illuminate\\Foundation\\Application->make()
#21 /tmp/abdoElHodaky/larvrevrstender/services/user-service/vendor/laravel/framework/src/Illuminate/Routing/Route.php(1133): Illuminate\\Routing\\Route->getController()
#22 /tmp/abdoElHodaky/larvrevrstender/services/user-service/vendor/laravel/framework/src/Illuminate/Routing/Route.php(1062): Illuminate\\Routing\\Route->controllerMiddleware()
#23 /tmp/abdoElHodaky/larvrevrstender/services/user-service/vendor/laravel/framework/src/Illuminate/Routing/Router.php(834): Illuminate\\Routing\\Route->gatherMiddleware()
#24 /tmp/abdoElHodaky/larvrevrstender/services/user-service/vendor/laravel/framework/src/Illuminate/Foundation/Console/RouteListCommand.php(211): Illuminate\\Routing\\Router->gatherRouteMiddleware()
#25 /tmp/abdoElHodaky/larvrevrstender/services/user-service/vendor/laravel/framework/src/Illuminate/Foundation/Console/RouteListCommand.php(148): Illuminate\\Foundation\\Console\\RouteListCommand->getMiddleware()
#26 /tmp/abdoElHodaky/larvrevrstender/services/user-service/vendor/laravel/framework/src/Illuminate/Foundation/Console/RouteListCommand.php(117): Illuminate\\Foundation\\Console\\RouteListCommand->getRouteInformation()
#27 [internal function]: Illuminate\\Foundation\\Console\\RouteListCommand->Illuminate\\Foundation\\Console\\{closure}()
#28 /tmp/abdoElHodaky/larvrevrstender/services/user-service/vendor/laravel/framework/src/Illuminate/Collections/Arr.php(840): array_map()
#29 /tmp/abdoElHodaky/larvrevrstender/services/user-service/vendor/laravel/framework/src/Illuminate/Collections/Collection.php(829): Illuminate\\Support\\Arr::map()
#30 /tmp/abdoElHodaky/larvrevrstender/services/user-service/vendor/laravel/framework/src/Illuminate/Foundation/Console/RouteListCommand.php(117): Illuminate\\Support\\Collection->map()
#31 /tmp/abdoElHodaky/larvrevrstender/services/user-service/vendor/laravel/framework/src/Illuminate/Foundation/Console/RouteListCommand.php(102): Illuminate\\Foundation\\Console\\RouteListCommand->getRoutes()
#32 /tmp/abdoElHodaky/larvrevrstender/services/user-service/vendor/laravel/framework/src/Illuminate/Container/BoundMethod.php(36): Illuminate\\Foundation\\Console\\RouteListCommand->handle()
#33 /tmp/abdoElHodaky/larvrevrstender/services/user-service/vendor/laravel/framework/src/Illuminate/Container/Util.php(43): Illuminate\\Container\\BoundMethod::Illuminate\\Container\\{closure}()
#34 /tmp/abdoElHodaky/larvrevrstender/services/user-service/vendor/laravel/framework/src/Illuminate/Container/BoundMethod.php(96): Illuminate\\Container\\Util::unwrapIfClosure()
#35 /tmp/abdoElHodaky/larvrevrstender/services/user-service/vendor/laravel/framework/src/Illuminate/Container/BoundMethod.php(35): Illuminate\\Container\\BoundMethod::callBoundMethod()
#36 /tmp/abdoElHodaky/larvrevrstender/services/user-service/vendor/laravel/framework/src/Illuminate/Container/Container.php(799): Illuminate\\Container\\BoundMethod::call()
#37 /tmp/abdoElHodaky/larvrevrstender/services/user-service/vendor/laravel/framework/src/Illuminate/Console/Command.php(211): Illuminate\\Container\\Container->call()
#38 /tmp/abdoElHodaky/larvrevrstender/services/user-service/vendor/symfony/console/Command/Command.php(341): Illuminate\\Console\\Command->execute()
#39 /tmp/abdoElHodaky/larvrevrstender/services/user-service/vendor/laravel/framework/src/Illuminate/Console/Command.php(180): Symfony\\Component\\Console\\Command\\Command->run()
#40 /tmp/abdoElHodaky/larvrevrstender/services/user-service/vendor/symfony/console/Application.php(1102): Illuminate\\Console\\Command->run()
#41 /tmp/abdoElHodaky/larvrevrstender/services/user-service/vendor/symfony/console/Application.php(356): Symfony\\Component\\Console\\Application->doRunCommand()
#42 /tmp/abdoElHodaky/larvrevrstender/services/user-service/vendor/symfony/console/Application.php(195): Symfony\\Component\\Console\\Application->doRun()
#43 /tmp/abdoElHodaky/larvrevrstender/services/user-service/vendor/laravel/framework/src/Illuminate/Foundation/Console/Kernel.php(198): Symfony\\Component\\Console\\Application->run()
#44 /tmp/abdoElHodaky/larvrevrstender/services/user-service/vendor/laravel/framework/src/Illuminate/Foundation/Application.php(1235): Illuminate\\Foundation\\Console\\Kernel->handle()
#45 /tmp/abdoElHodaky/larvrevrstender/services/user-service/artisan(11): Illuminate\\Foundation\\Application->handleCommand()
#46 {main}

[previous exception] [object] (ReflectionException(code: -1): Class \"AuthRpc\" does not exist at /tmp/abdoElHodaky/larvrevrstender/services/user-service/vendor/laravel/framework/src/Illuminate/Container/Container.php:1122)
[stacktrace]
#0 /tmp/abdoElHodaky/larvrevrstender/services/user-service/vendor/laravel/framework/src/Illuminate/Container/Container.php(1122): ReflectionClass->__construct()
#1 /tmp/abdoElHodaky/larvrevrstender/services/user-service/vendor/laravel/framework/src/Illuminate/Container/Container.php(933): Illuminate\\Container\\Container->build()
#2 /tmp/abdoElHodaky/larvrevrstender/services/user-service/vendor/laravel/framework/src/Illuminate/Foundation/Application.php(1078): Illuminate\\Container\\Container->resolve()
#3 /tmp/abdoElHodaky/larvrevrstender/services/user-service/vendor/laravel/framework/src/Illuminate/Container/Container.php(864): Illuminate\\Foundation\\Application->resolve()
#4 /tmp/abdoElHodaky/larvrevrstender/services/user-service/vendor/laravel/framework/src/Illuminate/Foundation/Application.php(1058): Illuminate\\Container\\Container->make()
#5 /tmp/abdoElHodaky/larvrevrstender/services/user-service/vendor/laravel/framework/src/Illuminate/Foundation/helpers.php(138): Illuminate\\Foundation\\Application->make()
#6 /tmp/abdoElHodaky/larvrevrstender/services/user-service/app/RPC/Adapters/AuthServiceAdapter.php(20): app()
#7 /tmp/abdoElHodaky/larvrevrstender/services/user-service/vendor/laravel/framework/src/Illuminate/Container/Container.php(1168): App\\RPC\\Adapters\\AuthServiceAdapter->__construct()
#8 /tmp/abdoElHodaky/larvrevrstender/services/user-service/vendor/laravel/framework/src/Illuminate/Container/Container.php(407): Illuminate\\Container\\Container->build()
#9 /tmp/abdoElHodaky/larvrevrstender/services/user-service/vendor/laravel/framework/src/Illuminate/Container/Container.php(1115): Illuminate\\Container\\Container->Illuminate\\Container\\{closure}()
#10 /tmp/abdoElHodaky/larvrevrstender/services/user-service/vendor/laravel/framework/src/Illuminate/Container/Container.php(933): Illuminate\\Container\\Container->build()
#11 /tmp/abdoElHodaky/larvrevrstender/services/user-service/vendor/laravel/framework/src/Illuminate/Foundation/Application.php(1078): Illuminate\\Container\\Container->resolve()
#12 /tmp/abdoElHodaky/larvrevrstender/services/user-service/vendor/laravel/framework/src/Illuminate/Container/Container.php(864): Illuminate\\Foundation\\Application->resolve()
#13 /tmp/abdoElHodaky/larvrevrstender/services/user-service/vendor/laravel/framework/src/Illuminate/Foundation/Application.php(1058): Illuminate\\Container\\Container->make()
#14 /tmp/abdoElHodaky/larvrevrstender/services/user-service/vendor/laravel/framework/src/Illuminate/Container/Container.php(1336): Illuminate\\Foundation\\Application->make()
#15 /tmp/abdoElHodaky/larvrevrstender/services/user-service/vendor/laravel/framework/src/Illuminate/Container/Container.php(1237): Illuminate\\Container\\Container->resolveClass()
#16 /tmp/abdoElHodaky/larvrevrstender/services/user-service/vendor/laravel/framework/src/Illuminate/Container/Container.php(1162): Illuminate\\Container\\Container->resolveDependencies()
#17 /tmp/abdoElHodaky/larvrevrstender/services/user-service/vendor/laravel/framework/src/Illuminate/Container/Container.php(933): Illuminate\\Container\\Container->build()
#18 /tmp/abdoElHodaky/larvrevrstender/services/user-service/vendor/laravel/framework/src/Illuminate/Foundation/Application.php(1078): Illuminate\\Container\\Container->resolve()
#19 /tmp/abdoElHodaky/larvrevrstender/services/user-service/vendor/laravel/framework/src/Illuminate/Container/Container.php(864): Illuminate\\Foundation\\Application->resolve()
#20 /tmp/abdoElHodaky/larvrevrstender/services/user-service/vendor/laravel/framework/src/Illuminate/Foundation/Application.php(1058): Illuminate\\Container\\Container->make()
#21 /tmp/abdoElHodaky/larvrevrstender/services/user-service/vendor/laravel/framework/src/Illuminate/Routing/Route.php(286): Illuminate\\Foundation\\Application->make()
#22 /tmp/abdoElHodaky/larvrevrstender/services/user-service/vendor/laravel/framework/src/Illuminate/Routing/Route.php(1133): Illuminate\\Routing\\Route->getController()
#23 /tmp/abdoElHodaky/larvrevrstender/services/user-service/vendor/laravel/framework/src/Illuminate/Routing/Route.php(1062): Illuminate\\Routing\\Route->controllerMiddleware()
#24 /tmp/abdoElHodaky/larvrevrstender/services/user-service/vendor/laravel/framework/src/Illuminate/Routing/Router.php(834): Illuminate\\Routing\\Route->gatherMiddleware()
#25 /tmp/abdoElHodaky/larvrevrstender/services/user-service/vendor/laravel/framework/src/Illuminate/Foundation/Console/RouteListCommand.php(211): Illuminate\\Routing\\Router->gatherRouteMiddleware()
#26 /tmp/abdoElHodaky/larvrevrstender/services/user-service/vendor/laravel/framework/src/Illuminate/Foundation/Console/RouteListCommand.php(148): Illuminate\\Foundation\\Console\\RouteListCommand->getMiddleware()
#27 /tmp/abdoElHodaky/larvrevrstender/services/user-service/vendor/laravel/framework/src/Illuminate/Foundation/Console/RouteListCommand.php(117): Illuminate\\Foundation\\Console\\RouteListCommand->getRouteInformation()
#28 [internal function]: Illuminate\\Foundation\\Console\\RouteListCommand->Illuminate\\Foundation\\Console\\{closure}()
#29 /tmp/abdoElHodaky/larvrevrstender/services/user-service/vendor/laravel/framework/src/Illuminate/Collections/Arr.php(840): array_map()
#30 /tmp/abdoElHodaky/larvrevrstender/services/user-service/vendor/laravel/framework/src/Illuminate/Collections/Collection.php(829): Illuminate\\Support\\Arr::map()
#31 /tmp/abdoElHodaky/larvrevrstender/services/user-service/vendor/laravel/framework/src/Illuminate/Foundation/Console/RouteListCommand.php(117): Illuminate\\Support\\Collection->map()
#32 /tmp/abdoElHodaky/larvrevrstender/services/user-service/vendor/laravel/framework/src/Illuminate/Foundation/Console/RouteListCommand.php(102): Illuminate\\Foundation\\Console\\RouteListCommand->getRoutes()
#33 /tmp/abdoElHodaky/larvrevrstender/services/user-service/vendor/laravel/framework/src/Illuminate/Container/BoundMethod.php(36): Illuminate\\Foundation\\Console\\RouteListCommand->handle()
#34 /tmp/abdoElHodaky/larvrevrstender/services/user-service/vendor/laravel/framework/src/Illuminate/Container/Util.php(43): Illuminate\\Container\\BoundMethod::Illuminate\\Container\\{closure}()
#35 /tmp/abdoElHodaky/larvrevrstender/services/user-service/vendor/laravel/framework/src/Illuminate/Container/BoundMethod.php(96): Illuminate\\Container\\Util::unwrapIfClosure()
#36 /tmp/abdoElHodaky/larvrevrstender/services/user-service/vendor/laravel/framework/src/Illuminate/Container/BoundMethod.php(35): Illuminate\\Container\\BoundMethod::callBoundMethod()
#37 /tmp/abdoElHodaky/larvrevrstender/services/user-service/vendor/laravel/framework/src/Illuminate/Container/Container.php(799): Illuminate\\Container\\BoundMethod::call()
#38 /tmp/abdoElHodaky/larvrevrstender/services/user-service/vendor/laravel/framework/src/Illuminate/Console/Command.php(211): Illuminate\\Container\\Container->call()
#39 /tmp/abdoElHodaky/larvrevrstender/services/user-service/vendor/symfony/console/Command/Command.php(341): Illuminate\\Console\\Command->execute()
#40 /tmp/abdoElHodaky/larvrevrstender/services/user-service/vendor/laravel/framework/src/Illuminate/Console/Command.php(180): Symfony\\Component\\Console\\Command\\Command->run()
#41 /tmp/abdoElHodaky/larvrevrstender/services/user-service/vendor/symfony/console/Application.php(1102): Illuminate\\Console\\Command->run()
#42 /tmp/abdoElHodaky/larvrevrstender/services/user-service/vendor/symfony/console/Application.php(356): Symfony\\Component\\Console\\Application->doRunCommand()
#43 /tmp/abdoElHodaky/larvrevrstender/services/user-service/vendor/symfony/console/Application.php(195): Symfony\\Component\\Console\\Application->doRun()
#44 /tmp/abdoElHodaky/larvrevrstender/services/user-service/vendor/laravel/framework/src/Illuminate/Foundation/Console/Kernel.php(198): Symfony\\Component\\Console\\Application->run()
#45 /tmp/abdoElHodaky/larvrevrstender/services/user-service/vendor/laravel/framework/src/Illuminate/Foundation/Application.php(1235): Illuminate\\Foundation\\Console\\Kernel->handle()
#46 /tmp/abdoElHodaky/larvrevrstender/services/user-service/artisan(11): Illuminate\\Foundation\\Application->handleCommand()
#47 {main}
"} 
[2026-03-16 13:08:20] production.ERROR: could not find driver (Connection: mysql, Host: 127.0.0.1, Port: 3306, Database: user_service, SQL: select count(*) as aggregate from `telescope_entries` where `type` = exception and `family_hash` = d8987c168ea238299ce062e08fcfa60d) {"exception":"[object] (Illuminate\\Database\\QueryException(code: 0): could not find driver (Connection: mysql, Host: 127.0.0.1, Port: 3306, Database: user_service, SQL: select count(*) as aggregate from `telescope_entries` where `type` = exception and `family_hash` = d8987c168ea238299ce062e08fcfa60d) at /tmp/abdoElHodaky/larvrevrstender/services/user-service/vendor/laravel/framework/src/Illuminate/Database/Connection.php:838)
[stacktrace]
#0 /tmp/abdoElHodaky/larvrevrstender/services/user-service/vendor/laravel/framework/src/Illuminate/Database/Connection.php(794): Illuminate\\Database\\Connection->runQueryCallback()
#1 /tmp/abdoElHodaky/larvrevrstender/services/user-service/vendor/laravel/framework/src/Illuminate/Database/Connection.php(411): Illuminate\\Database\\Connection->run()
#2 /tmp/abdoElHodaky/larvrevrstender/services/user-service/vendor/laravel/framework/src/Illuminate/Database/Query/Builder.php(3438): Illuminate\\Database\\Connection->select()
#3 /tmp/abdoElHodaky/larvrevrstender/services/user-service/vendor/laravel/framework/src/Illuminate/Database/Query/Builder.php(3423): Illuminate\\Database\\Query\\Builder->runSelect()
#4 /tmp/abdoElHodaky/larvrevrstender/services/user-service/vendor/laravel/framework/src/Illuminate/Database/Query/Builder.php(4013): Illuminate\\Database\\Query\\Builder->Illuminate\\Database\\Query\\{closure}()
#5 /tmp/abdoElHodaky/larvrevrstender/services/user-service/vendor/laravel/framework/src/Illuminate/Database/Query/Builder.php(3422): Illuminate\\Database\\Query\\Builder->onceWithColumns()
#6 /tmp/abdoElHodaky/larvrevrstender/services/user-service/vendor/laravel/framework/src/Illuminate/Database/Query/Builder.php(3937): Illuminate\\Database\\Query\\Builder->get()
#7 /tmp/abdoElHodaky/larvrevrstender/services/user-service/vendor/laravel/framework/src/Illuminate/Database/Query/Builder.php(3865): Illuminate\\Database\\Query\\Builder->aggregate()
#8 /tmp/abdoElHodaky/larvrevrstender/services/user-service/vendor/laravel/telescope/src/Storage/DatabaseEntriesRepository.php(123): Illuminate\\Database\\Query\\Builder->count()
#9 /tmp/abdoElHodaky/larvrevrstender/services/user-service/vendor/laravel/telescope/src/Storage/DatabaseEntriesRepository.php(165): Laravel\\Telescope\\Storage\\DatabaseEntriesRepository->countExceptionOccurences()
#10 [internal function]: Laravel\\Telescope\\Storage\\DatabaseEntriesRepository->Laravel\\Telescope\\Storage\\{closure}()
#11 /tmp/abdoElHodaky/larvrevrstender/services/user-service/vendor/laravel/framework/src/Illuminate/Collections/Arr.php(840): array_map()
#12 /tmp/abdoElHodaky/larvrevrstender/services/user-service/vendor/laravel/framework/src/Illuminate/Collections/Collection.php(829): Illuminate\\Support\\Arr::map()
#13 /tmp/abdoElHodaky/larvrevrstender/services/user-service/vendor/laravel/telescope/src/Storage/DatabaseEntriesRepository.php(164): Illuminate\\Support\\Collection->map()
#14 /tmp/abdoElHodaky/larvrevrstender/services/user-service/vendor/laravel/framework/src/Illuminate/Collections/Traits/EnumeratesValues.php(275): Laravel\\Telescope\\Storage\\DatabaseEntriesRepository->Laravel\\Telescope\\Storage\\{closure}()
#15 /tmp/abdoElHodaky/larvrevrstender/services/user-service/vendor/laravel/telescope/src/Storage/DatabaseEntriesRepository.php(163): Illuminate\\Support\\Collection->each()
#16 /tmp/abdoElHodaky/larvrevrstender/services/user-service/vendor/laravel/telescope/src/Storage/DatabaseEntriesRepository.php(140): Laravel\\Telescope\\Storage\\DatabaseEntriesRepository->storeExceptions()
#17 /tmp/abdoElHodaky/larvrevrstender/services/user-service/vendor/laravel/telescope/src/Telescope.php(664): Laravel\\Telescope\\Storage\\DatabaseEntriesRepository->store()
#18 [internal function]: Laravel\\Telescope\\Telescope::Laravel\\Telescope\\{closure}()
#19 /tmp/abdoElHodaky/larvrevrstender/services/user-service/vendor/laravel/telescope/src/Telescope.php(289): call_user_func()
#20 /tmp/abdoElHodaky/larvrevrstender/services/user-service/vendor/laravel/telescope/src/Telescope.php(656): Laravel\\Telescope\\Telescope::withoutRecording()
#21 /tmp/abdoElHodaky/larvrevrstender/services/user-service/vendor/laravel/telescope/src/ListensForStorageOpportunities.php(65): Laravel\\Telescope\\Telescope::store()
#22 /tmp/abdoElHodaky/larvrevrstender/services/user-service/vendor/laravel/framework/src/Illuminate/Container/BoundMethod.php(36): Laravel\\Telescope\\Telescope::Laravel\\Telescope\\{closure}()
#23 /tmp/abdoElHodaky/larvrevrstender/services/user-service/vendor/laravel/framework/src/Illuminate/Container/Util.php(43): Illuminate\\Container\\BoundMethod::Illuminate\\Container\\{closure}()
#24 /tmp/abdoElHodaky/larvrevrstender/services/user-service/vendor/laravel/framework/src/Illuminate/Container/BoundMethod.php(84): Illuminate\\Container\\Util::unwrapIfClosure()
#25 /tmp/abdoElHodaky/larvrevrstender/services/user-service/vendor/laravel/framework/src/Illuminate/Container/BoundMethod.php(35): Illuminate\\Container\\BoundMethod::callBoundMethod()
#26 /tmp/abdoElHodaky/larvrevrstender/services/user-service/vendor/laravel/framework/src/Illuminate/Container/Container.php(799): Illuminate\\Container\\BoundMethod::call()
#27 /tmp/abdoElHodaky/larvrevrstender/services/user-service/vendor/laravel/framework/src/Illuminate/Foundation/Application.php(1466): Illuminate\\Container\\Container->call()
#28 /tmp/abdoElHodaky/larvrevrstender/services/user-service/vendor/laravel/framework/src/Illuminate/Foundation/Console/Kernel.php(219): Illuminate\\Foundation\\Application->terminate()
#29 /tmp/abdoElHodaky/larvrevrstender/services/user-service/vendor/laravel/framework/src/Illuminate/Foundation/Application.php(1240): Illuminate\\Foundation\\Console\\Kernel->terminate()
#30 /tmp/abdoElHodaky/larvrevrstender/services/user-service/artisan(11): Illuminate\\Foundation\\Application->handleCommand()
#31 {main}

[previous exception] [object] (PDOException(code: 0): could not find driver at /tmp/abdoElHodaky/larvrevrstender/services/user-service/vendor/laravel/framework/src/Illuminate/Database/Connectors/Connector.php:66)
[stacktrace]
#0 /tmp/abdoElHodaky/larvrevrstender/services/user-service/vendor/laravel/framework/src/Illuminate/Database/Connectors/Connector.php(66): PDO->__construct()
#1 /tmp/abdoElHodaky/larvrevrstender/services/user-service/vendor/laravel/framework/src/Illuminate/Database/Connectors/Connector.php(44): Illuminate\\Database\\Connectors\\Connector->createPdoConnection()
#2 /tmp/abdoElHodaky/larvrevrstender/services/user-service/vendor/laravel/framework/src/Illuminate/Database/Connectors/MySqlConnector.php(24): Illuminate\\Database\\Connectors\\Connector->createConnection()
#3 /tmp/abdoElHodaky/larvrevrstender/services/user-service/vendor/laravel/framework/src/Illuminate/Database/Connectors/ConnectionFactory.php(186): Illuminate\\Database\\Connectors\\MySqlConnector->connect()
#4 [internal function]: Illuminate\\Database\\Connectors\\ConnectionFactory->Illuminate\\Database\\Connectors\\{closure}()
#5 /tmp/abdoElHodaky/larvrevrstender/services/user-service/vendor/laravel/framework/src/Illuminate/Database/Connection.php(1257): call_user_func()
#6 /tmp/abdoElHodaky/larvrevrstender/services/user-service/vendor/laravel/framework/src/Illuminate/Database/Connection.php(1295): Illuminate\\Database\\Connection->getPdo()
#7 /tmp/abdoElHodaky/larvrevrstender/services/user-service/vendor/laravel/framework/src/Illuminate/Database/Connection.php(525): Illuminate\\Database\\Connection->getReadPdo()
#8 /tmp/abdoElHodaky/larvrevrstender/services/user-service/vendor/laravel/framework/src/Illuminate/Database/Connection.php(420): Illuminate\\Database\\Connection->getPdoForSelect()
#9 /tmp/abdoElHodaky/larvrevrstender/services/user-service/vendor/laravel/framework/src/Illuminate/Database/Connection.php(827): Illuminate\\Database\\Connection->Illuminate\\Database\\{closure}()
#10 /tmp/abdoElHodaky/larvrevrstender/services/user-service/vendor/laravel/framework/src/Illuminate/Database/Connection.php(794): Illuminate\\Database\\Connection->runQueryCallback()
#11 /tmp/abdoElHodaky/larvrevrstender/services/user-service/vendor/laravel/framework/src/Illuminate/Database/Connection.php(411): Illuminate\\Database\\Connection->run()
#12 /tmp/abdoElHodaky/larvrevrstender/services/user-service/vendor/laravel/framework/src/Illuminate/Database/Query/Builder.php(3438): Illuminate\\Database\\Connection->select()
#13 /tmp/abdoElHodaky/larvrevrstender/services/user-service/vendor/laravel/framework/src/Illuminate/Database/Query/Builder.php(3423): Illuminate\\Database\\Query\\Builder->runSelect()
#14 /tmp/abdoElHodaky/larvrevrstender/services/user-service/vendor/laravel/framework/src/Illuminate/Database/Query/Builder.php(4013): Illuminate\\Database\\Query\\Builder->Illuminate\\Database\\Query\\{closure}()
#15 /tmp/abdoElHodaky/larvrevrstender/services/user-service/vendor/laravel/framework/src/Illuminate/Database/Query/Builder.php(3422): Illuminate\\Database\\Query\\Builder->onceWithColumns()
#16 /tmp/abdoElHodaky/larvrevrstender/services/user-service/vendor/laravel/framework/src/Illuminate/Database/Query/Builder.php(3937): Illuminate\\Database\\Query\\Builder->get()
#17 /tmp/abdoElHodaky/larvrevrstender/services/user-service/vendor/laravel/framework/src/Illuminate/Database/Query/Builder.php(3865): Illuminate\\Database\\Query\\Builder->aggregate()
#18 /tmp/abdoElHodaky/larvrevrstender/services/user-service/vendor/laravel/telescope/src/Storage/DatabaseEntriesRepository.php(123): Illuminate\\Database\\Query\\Builder->count()
#19 /tmp/abdoElHodaky/larvrevrstender/services/user-service/vendor/laravel/telescope/src/Storage/DatabaseEntriesRepository.php(165): Laravel\\Telescope\\Storage\\DatabaseEntriesRepository->countExceptionOccurences()
#20 [internal function]: Laravel\\Telescope\\Storage\\DatabaseEntriesRepository->Laravel\\Telescope\\Storage\\{closure}()
#21 /tmp/abdoElHodaky/larvrevrstender/services/user-service/vendor/laravel/framework/src/Illuminate/Collections/Arr.php(840): array_map()
#22 /tmp/abdoElHodaky/larvrevrstender/services/user-service/vendor/laravel/framework/src/Illuminate/Collections/Collection.php(829): Illuminate\\Support\\Arr::map()
#23 /tmp/abdoElHodaky/larvrevrstender/services/user-service/vendor/laravel/telescope/src/Storage/DatabaseEntriesRepository.php(164): Illuminate\\Support\\Collection->map()
#24 /tmp/abdoElHodaky/larvrevrstender/services/user-service/vendor/laravel/framework/src/Illuminate/Collections/Traits/EnumeratesValues.php(275): Laravel\\Telescope\\Storage\\DatabaseEntriesRepository->Laravel\\Telescope\\Storage\\{closure}()
#25 /tmp/abdoElHodaky/larvrevrstender/services/user-service/vendor/laravel/telescope/src/Storage/DatabaseEntriesRepository.php(163): Illuminate\\Support\\Collection->each()
#26 /tmp/abdoElHodaky/larvrevrstender/services/user-service/vendor/laravel/telescope/src/Storage/DatabaseEntriesRepository.php(140): Laravel\\Telescope\\Storage\\DatabaseEntriesRepository->storeExceptions()
#27 /tmp/abdoElHodaky/larvrevrstender/services/user-service/vendor/laravel/telescope/src/Telescope.php(664): Laravel\\Telescope\\Storage\\DatabaseEntriesRepository->store()
#28 [internal function]: Laravel\\Telescope\\Telescope::Laravel\\Telescope\\{closure}()
#29 /tmp/abdoElHodaky/larvrevrstender/services/user-service/vendor/laravel/telescope/src/Telescope.php(289): call_user_func()
#30 /tmp/abdoElHodaky/larvrevrstender/services/user-service/vendor/laravel/telescope/src/Telescope.php(656): Laravel\\Telescope\\Telescope::withoutRecording()
#31 /tmp/abdoElHodaky/larvrevrstender/services/user-service/vendor/laravel/telescope/src/ListensForStorageOpportunities.php(65): Laravel\\Telescope\\Telescope::store()
#32 /tmp/abdoElHodaky/larvrevrstender/services/user-service/vendor/laravel/framework/src/Illuminate/Container/BoundMethod.php(36): Laravel\\Telescope\\Telescope::Laravel\\Telescope\\{closure}()
#33 /tmp/abdoElHodaky/larvrevrstender/services/user-service/vendor/laravel/framework/src/Illuminate/Container/Util.php(43): Illuminate\\Container\\BoundMethod::Illuminate\\Container\\{closure}()
#34 /tmp/abdoElHodaky/larvrevrstender/services/user-service/vendor/laravel/framework/src/Illuminate/Container/BoundMethod.php(84): Illuminate\\Container\\Util::unwrapIfClosure()
#35 /tmp/abdoElHodaky/larvrevrstender/services/user-service/vendor/laravel/framework/src/Illuminate/Container/BoundMethod.php(35): Illuminate\\Container\\BoundMethod::callBoundMethod()
#36 /tmp/abdoElHodaky/larvrevrstender/services/user-service/vendor/laravel/framework/src/Illuminate/Container/Container.php(799): Illuminate\\Container\\BoundMethod::call()
#37 /tmp/abdoElHodaky/larvrevrstender/services/user-service/vendor/laravel/framework/src/Illuminate/Foundation/Application.php(1466): Illuminate\\Container\\Container->call()
#38 /tmp/abdoElHodaky/larvrevrstender/services/user-service/vendor/laravel/framework/src/Illuminate/Foundation/Console/Kernel.php(219): Illuminate\\Foundation\\Application->terminate()
#39 /tmp/abdoElHodaky/larvrevrstender/services/user-service/vendor/laravel/framework/src/Illuminate/Foundation/Application.php(1240): Illuminate\\Foundation\\Console\\Kernel->terminate()
#40 /tmp/abdoElHodaky/larvrevrstender/services/user-service/artisan(11): Illuminate\\Foundation\\Application->handleCommand()
#41 {main}
"} 
[2026-03-16 13:10:44] production.INFO: Procedure registered {"name":"events","class":"Shared\\Procedures\\CrossServiceProcedure","type":"micro"} 
[2026-03-16 13:10:44] production.INFO: Procedure registered {"name":"cache","class":"Shared\\Procedures\\CrossServiceProcedure","type":"micro"} 
[2026-03-16 13:10:44] production.INFO: Procedure registered {"name":"notification","class":"Shared\\Procedures\\CrossServiceProcedure","type":"micro"} 
[2026-03-16 13:10:44] production.INFO: Procedure registered {"name":"validation","class":"Shared\\Procedures\\CrossServiceProcedure","type":"micro"} 
[2026-03-16 13:10:44] production.INFO: Procedure registered {"name":"security","class":"Shared\\Procedures\\CrossServiceProcedure","type":"micro"} 
[2026-03-16 13:10:44] production.INFO: Procedure registered {"name":"circuit_breaker","class":"Shared\\Procedures\\CrossServiceProcedure","type":"micro"} 
[2026-03-16 13:10:44] production.INFO: Procedure registered {"name":"queue_circuit_breaker","class":"Shared\\Procedures\\CrossServiceProcedure","type":"micro"} 
[2026-03-16 13:10:44] production.INFO: Procedure registered {"name":"third_party_integration","class":"Shared\\Procedures\\CrossServiceProcedure","type":"micro"} 
[2026-03-16 13:10:44] production.INFO: Procedure registered {"name":"workflow","class":"Shared\\Procedures\\CrossServiceProcedure","type":"macro"} 
[2026-03-16 13:10:44] production.ERROR: Class "App\Http\Controllers\UserController" does not exist {"exception":"[object] (ReflectionException(code: -1): Class \"App\\Http\\Controllers\\UserController\" does not exist at /tmp/abdoElHodaky/larvrevrstender/services/user-service/vendor/laravel/framework/src/Illuminate/Foundation/Console/RouteListCommand.php:235)
[stacktrace]
#0 /tmp/abdoElHodaky/larvrevrstender/services/user-service/vendor/laravel/framework/src/Illuminate/Foundation/Console/RouteListCommand.php(235): ReflectionClass->__construct()
#1 /tmp/abdoElHodaky/larvrevrstender/services/user-service/vendor/laravel/framework/src/Illuminate/Foundation/Console/RouteListCommand.php(149): Illuminate\\Foundation\\Console\\RouteListCommand->isVendorRoute()
#2 /tmp/abdoElHodaky/larvrevrstender/services/user-service/vendor/laravel/framework/src/Illuminate/Foundation/Console/RouteListCommand.php(117): Illuminate\\Foundation\\Console\\RouteListCommand->getRouteInformation()
#3 [internal function]: Illuminate\\Foundation\\Console\\RouteListCommand->Illuminate\\Foundation\\Console\\{closure}()
#4 /tmp/abdoElHodaky/larvrevrstender/services/user-service/vendor/laravel/framework/src/Illuminate/Collections/Arr.php(840): array_map()
#5 /tmp/abdoElHodaky/larvrevrstender/services/user-service/vendor/laravel/framework/src/Illuminate/Collections/Collection.php(829): Illuminate\\Support\\Arr::map()
#6 /tmp/abdoElHodaky/larvrevrstender/services/user-service/vendor/laravel/framework/src/Illuminate/Foundation/Console/RouteListCommand.php(117): Illuminate\\Support\\Collection->map()
#7 /tmp/abdoElHodaky/larvrevrstender/services/user-service/vendor/laravel/framework/src/Illuminate/Foundation/Console/RouteListCommand.php(102): Illuminate\\Foundation\\Console\\RouteListCommand->getRoutes()
#8 /tmp/abdoElHodaky/larvrevrstender/services/user-service/vendor/laravel/framework/src/Illuminate/Container/BoundMethod.php(36): Illuminate\\Foundation\\Console\\RouteListCommand->handle()
#9 /tmp/abdoElHodaky/larvrevrstender/services/user-service/vendor/laravel/framework/src/Illuminate/Container/Util.php(43): Illuminate\\Container\\BoundMethod::Illuminate\\Container\\{closure}()
#10 /tmp/abdoElHodaky/larvrevrstender/services/user-service/vendor/laravel/framework/src/Illuminate/Container/BoundMethod.php(96): Illuminate\\Container\\Util::unwrapIfClosure()
#11 /tmp/abdoElHodaky/larvrevrstender/services/user-service/vendor/laravel/framework/src/Illuminate/Container/BoundMethod.php(35): Illuminate\\Container\\BoundMethod::callBoundMethod()
#12 /tmp/abdoElHodaky/larvrevrstender/services/user-service/vendor/laravel/framework/src/Illuminate/Container/Container.php(799): Illuminate\\Container\\BoundMethod::call()
#13 /tmp/abdoElHodaky/larvrevrstender/services/user-service/vendor/laravel/framework/src/Illuminate/Console/Command.php(211): Illuminate\\Container\\Container->call()
#14 /tmp/abdoElHodaky/larvrevrstender/services/user-service/vendor/symfony/console/Command/Command.php(341): Illuminate\\Console\\Command->execute()
#15 /tmp/abdoElHodaky/larvrevrstender/services/user-service/vendor/laravel/framework/src/Illuminate/Console/Command.php(180): Symfony\\Component\\Console\\Command\\Command->run()
#16 /tmp/abdoElHodaky/larvrevrstender/services/user-service/vendor/symfony/console/Application.php(1102): Illuminate\\Console\\Command->run()
#17 /tmp/abdoElHodaky/larvrevrstender/services/user-service/vendor/symfony/console/Application.php(356): Symfony\\Component\\Console\\Application->doRunCommand()
#18 /tmp/abdoElHodaky/larvrevrstender/services/user-service/vendor/symfony/console/Application.php(195): Symfony\\Component\\Console\\Application->doRun()
#19 /tmp/abdoElHodaky/larvrevrstender/services/user-service/vendor/laravel/framework/src/Illuminate/Foundation/Console/Kernel.php(198): Symfony\\Component\\Console\\Application->run()
#20 /tmp/abdoElHodaky/larvrevrstender/services/user-service/vendor/laravel/framework/src/Illuminate/Foundation/Application.php(1235): Illuminate\\Foundation\\Console\\Kernel->handle()
#21 /tmp/abdoElHodaky/larvrevrstender/services/user-service/artisan(11): Illuminate\\Foundation\\Application->handleCommand()
#22 {main}
"} 
[2026-03-16 13:10:44] production.ERROR: could not find driver (Connection: mysql, Host: 127.0.0.1, Port: 3306, Database: user_service, SQL: select count(*) as aggregate from `telescope_entries` where `type` = exception and `family_hash` = 053bd9829aa26cf1bb3e6aa227bb29bb) {"exception":"[object] (Illuminate\\Database\\QueryException(code: 0): could not find driver (Connection: mysql, Host: 127.0.0.1, Port: 3306, Database: user_service, SQL: select count(*) as aggregate from `telescope_entries` where `type` = exception and `family_hash` = 053bd9829aa26cf1bb3e6aa227bb29bb) at /tmp/abdoElHodaky/larvrevrstender/services/user-service/vendor/laravel/framework/src/Illuminate/Database/Connection.php:838)
[stacktrace]
#0 /tmp/abdoElHodaky/larvrevrstender/services/user-service/vendor/laravel/framework/src/Illuminate/Database/Connection.php(794): Illuminate\\Database\\Connection->runQueryCallback()
#1 /tmp/abdoElHodaky/larvrevrstender/services/user-service/vendor/laravel/framework/src/Illuminate/Database/Connection.php(411): Illuminate\\Database\\Connection->run()
#2 /tmp/abdoElHodaky/larvrevrstender/services/user-service/vendor/laravel/framework/src/Illuminate/Database/Query/Builder.php(3438): Illuminate\\Database\\Connection->select()
#3 /tmp/abdoElHodaky/larvrevrstender/services/user-service/vendor/laravel/framework/src/Illuminate/Database/Query/Builder.php(3423): Illuminate\\Database\\Query\\Builder->runSelect()
#4 /tmp/abdoElHodaky/larvrevrstender/services/user-service/vendor/laravel/framework/src/Illuminate/Database/Query/Builder.php(4013): Illuminate\\Database\\Query\\Builder->Illuminate\\Database\\Query\\{closure}()
#5 /tmp/abdoElHodaky/larvrevrstender/services/user-service/vendor/laravel/framework/src/Illuminate/Database/Query/Builder.php(3422): Illuminate\\Database\\Query\\Builder->onceWithColumns()
#6 /tmp/abdoElHodaky/larvrevrstender/services/user-service/vendor/laravel/framework/src/Illuminate/Database/Query/Builder.php(3937): Illuminate\\Database\\Query\\Builder->get()
#7 /tmp/abdoElHodaky/larvrevrstender/services/user-service/vendor/laravel/framework/src/Illuminate/Database/Query/Builder.php(3865): Illuminate\\Database\\Query\\Builder->aggregate()
#8 /tmp/abdoElHodaky/larvrevrstender/services/user-service/vendor/laravel/telescope/src/Storage/DatabaseEntriesRepository.php(123): Illuminate\\Database\\Query\\Builder->count()
#9 /tmp/abdoElHodaky/larvrevrstender/services/user-service/vendor/laravel/telescope/src/Storage/DatabaseEntriesRepository.php(165): Laravel\\Telescope\\Storage\\DatabaseEntriesRepository->countExceptionOccurences()
#10 [internal function]: Laravel\\Telescope\\Storage\\DatabaseEntriesRepository->Laravel\\Telescope\\Storage\\{closure}()
#11 /tmp/abdoElHodaky/larvrevrstender/services/user-service/vendor/laravel/framework/src/Illuminate/Collections/Arr.php(840): array_map()
#12 /tmp/abdoElHodaky/larvrevrstender/services/user-service/vendor/laravel/framework/src/Illuminate/Collections/Collection.php(829): Illuminate\\Support\\Arr::map()
#13 /tmp/abdoElHodaky/larvrevrstender/services/user-service/vendor/laravel/telescope/src/Storage/DatabaseEntriesRepository.php(164): Illuminate\\Support\\Collection->map()
#14 /tmp/abdoElHodaky/larvrevrstender/services/user-service/vendor/laravel/framework/src/Illuminate/Collections/Traits/EnumeratesValues.php(275): Laravel\\Telescope\\Storage\\DatabaseEntriesRepository->Laravel\\Telescope\\Storage\\{closure}()
#15 /tmp/abdoElHodaky/larvrevrstender/services/user-service/vendor/laravel/telescope/src/Storage/DatabaseEntriesRepository.php(163): Illuminate\\Support\\Collection->each()
#16 /tmp/abdoElHodaky/larvrevrstender/services/user-service/vendor/laravel/telescope/src/Storage/DatabaseEntriesRepository.php(140): Laravel\\Telescope\\Storage\\DatabaseEntriesRepository->storeExceptions()
#17 /tmp/abdoElHodaky/larvrevrstender/services/user-service/vendor/laravel/telescope/src/Telescope.php(664): Laravel\\Telescope\\Storage\\DatabaseEntriesRepository->store()
#18 [internal function]: Laravel\\Telescope\\Telescope::Laravel\\Telescope\\{closure}()
#19 /tmp/abdoElHodaky/larvrevrstender/services/user-service/vendor/laravel/telescope/src/Telescope.php(289): call_user_func()
#20 /tmp/abdoElHodaky/larvrevrstender/services/user-service/vendor/laravel/telescope/src/Telescope.php(656): Laravel\\Telescope\\Telescope::withoutRecording()
#21 /tmp/abdoElHodaky/larvrevrstender/services/user-service/vendor/laravel/telescope/src/ListensForStorageOpportunities.php(65): Laravel\\Telescope\\Telescope::store()
#22 /tmp/abdoElHodaky/larvrevrstender/services/user-service/vendor/laravel/framework/src/Illuminate/Container/BoundMethod.php(36): Laravel\\Telescope\\Telescope::Laravel\\Telescope\\{closure}()
#23 /tmp/abdoElHodaky/larvrevrstender/services/user-service/vendor/laravel/framework/src/Illuminate/Container/Util.php(43): Illuminate\\Container\\BoundMethod::Illuminate\\Container\\{closure}()
#24 /tmp/abdoElHodaky/larvrevrstender/services/user-service/vendor/laravel/framework/src/Illuminate/Container/BoundMethod.php(84): Illuminate\\Container\\Util::unwrapIfClosure()
#25 /tmp/abdoElHodaky/larvrevrstender/services/user-service/vendor/laravel/framework/src/Illuminate/Container/BoundMethod.php(35): Illuminate\\Container\\BoundMethod::callBoundMethod()
#26 /tmp/abdoElHodaky/larvrevrstender/services/user-service/vendor/laravel/framework/src/Illuminate/Container/Container.php(799): Illuminate\\Container\\BoundMethod::call()
#27 /tmp/abdoElHodaky/larvrevrstender/services/user-service/vendor/laravel/framework/src/Illuminate/Foundation/Application.php(1466): Illuminate\\Container\\Container->call()
#28 /tmp/abdoElHodaky/larvrevrstender/services/user-service/vendor/laravel/framework/src/Illuminate/Foundation/Console/Kernel.php(219): Illuminate\\Foundation\\Application->terminate()
#29 /tmp/abdoElHodaky/larvrevrstender/services/user-service/vendor/laravel/framework/src/Illuminate/Foundation/Application.php(1240): Illuminate\\Foundation\\Console\\Kernel->terminate()
#30 /tmp/abdoElHodaky/larvrevrstender/services/user-service/artisan(11): Illuminate\\Foundation\\Application->handleCommand()
#31 {main}

[previous exception] [object] (PDOException(code: 0): could not find driver at /tmp/abdoElHodaky/larvrevrstender/services/user-service/vendor/laravel/framework/src/Illuminate/Database/Connectors/Connector.php:66)
[stacktrace]
#0 /tmp/abdoElHodaky/larvrevrstender/services/user-service/vendor/laravel/framework/src/Illuminate/Database/Connectors/Connector.php(66): PDO->__construct()
#1 /tmp/abdoElHodaky/larvrevrstender/services/user-service/vendor/laravel/framework/src/Illuminate/Database/Connectors/Connector.php(44): Illuminate\\Database\\Connectors\\Connector->createPdoConnection()
#2 /tmp/abdoElHodaky/larvrevrstender/services/user-service/vendor/laravel/framework/src/Illuminate/Database/Connectors/MySqlConnector.php(24): Illuminate\\Database\\Connectors\\Connector->createConnection()
#3 /tmp/abdoElHodaky/larvrevrstender/services/user-service/vendor/laravel/framework/src/Illuminate/Database/Connectors/ConnectionFactory.php(186): Illuminate\\Database\\Connectors\\MySqlConnector->connect()
#4 [internal function]: Illuminate\\Database\\Connectors\\ConnectionFactory->Illuminate\\Database\\Connectors\\{closure}()
#5 /tmp/abdoElHodaky/larvrevrstender/services/user-service/vendor/laravel/framework/src/Illuminate/Database/Connection.php(1257): call_user_func()
#6 /tmp/abdoElHodaky/larvrevrstender/services/user-service/vendor/laravel/framework/src/Illuminate/Database/Connection.php(1295): Illuminate\\Database\\Connection->getPdo()
#7 /tmp/abdoElHodaky/larvrevrstender/services/user-service/vendor/laravel/framework/src/Illuminate/Database/Connection.php(525): Illuminate\\Database\\Connection->getReadPdo()
#8 /tmp/abdoElHodaky/larvrevrstender/services/user-service/vendor/laravel/framework/src/Illuminate/Database/Connection.php(420): Illuminate\\Database\\Connection->getPdoForSelect()
#9 /tmp/abdoElHodaky/larvrevrstender/services/user-service/vendor/laravel/framework/src/Illuminate/Database/Connection.php(827): Illuminate\\Database\\Connection->Illuminate\\Database\\{closure}()
#10 /tmp/abdoElHodaky/larvrevrstender/services/user-service/vendor/laravel/framework/src/Illuminate/Database/Connection.php(794): Illuminate\\Database\\Connection->runQueryCallback()
#11 /tmp/abdoElHodaky/larvrevrstender/services/user-service/vendor/laravel/framework/src/Illuminate/Database/Connection.php(411): Illuminate\\Database\\Connection->run()
#12 /tmp/abdoElHodaky/larvrevrstender/services/user-service/vendor/laravel/framework/src/Illuminate/Database/Query/Builder.php(3438): Illuminate\\Database\\Connection->select()
#13 /tmp/abdoElHodaky/larvrevrstender/services/user-service/vendor/laravel/framework/src/Illuminate/Database/Query/Builder.php(3423): Illuminate\\Database\\Query\\Builder->runSelect()
#14 /tmp/abdoElHodaky/larvrevrstender/services/user-service/vendor/laravel/framework/src/Illuminate/Database/Query/Builder.php(4013): Illuminate\\Database\\Query\\Builder->Illuminate\\Database\\Query\\{closure}()
#15 /tmp/abdoElHodaky/larvrevrstender/services/user-service/vendor/laravel/framework/src/Illuminate/Database/Query/Builder.php(3422): Illuminate\\Database\\Query\\Builder->onceWithColumns()
#16 /tmp/abdoElHodaky/larvrevrstender/services/user-service/vendor/laravel/framework/src/Illuminate/Database/Query/Builder.php(3937): Illuminate\\Database\\Query\\Builder->get()
#17 /tmp/abdoElHodaky/larvrevrstender/services/user-service/vendor/laravel/framework/src/Illuminate/Database/Query/Builder.php(3865): Illuminate\\Database\\Query\\Builder->aggregate()
#18 /tmp/abdoElHodaky/larvrevrstender/services/user-service/vendor/laravel/telescope/src/Storage/DatabaseEntriesRepository.php(123): Illuminate\\Database\\Query\\Builder->count()
#19 /tmp/abdoElHodaky/larvrevrstender/services/user-service/vendor/laravel/telescope/src/Storage/DatabaseEntriesRepository.php(165): Laravel\\Telescope\\Storage\\DatabaseEntriesRepository->countExceptionOccurences()
#20 [internal function]: Laravel\\Telescope\\Storage\\DatabaseEntriesRepository->Laravel\\Telescope\\Storage\\{closure}()
#21 /tmp/abdoElHodaky/larvrevrstender/services/user-service/vendor/laravel/framework/src/Illuminate/Collections/Arr.php(840): array_map()
#22 /tmp/abdoElHodaky/larvrevrstender/services/user-service/vendor/laravel/framework/src/Illuminate/Collections/Collection.php(829): Illuminate\\Support\\Arr::map()
#23 /tmp/abdoElHodaky/larvrevrstender/services/user-service/vendor/laravel/telescope/src/Storage/DatabaseEntriesRepository.php(164): Illuminate\\Support\\Collection->map()
#24 /tmp/abdoElHodaky/larvrevrstender/services/user-service/vendor/laravel/framework/src/Illuminate/Collections/Traits/EnumeratesValues.php(275): Laravel\\Telescope\\Storage\\DatabaseEntriesRepository->Laravel\\Telescope\\Storage\\{closure}()
#25 /tmp/abdoElHodaky/larvrevrstender/services/user-service/vendor/laravel/telescope/src/Storage/DatabaseEntriesRepository.php(163): Illuminate\\Support\\Collection->each()
#26 /tmp/abdoElHodaky/larvrevrstender/services/user-service/vendor/laravel/telescope/src/Storage/DatabaseEntriesRepository.php(140): Laravel\\Telescope\\Storage\\DatabaseEntriesRepository->storeExceptions()
#27 /tmp/abdoElHodaky/larvrevrstender/services/user-service/vendor/laravel/telescope/src/Telescope.php(664): Laravel\\Telescope\\Storage\\DatabaseEntriesRepository->store()
#28 [internal function]: Laravel\\Telescope\\Telescope::Laravel\\Telescope\\{closure}()
#29 /tmp/abdoElHodaky/larvrevrstender/services/user-service/vendor/laravel/telescope/src/Telescope.php(289): call_user_func()
#30 /tmp/abdoElHodaky/larvrevrstender/services/user-service/vendor/laravel/telescope/src/Telescope.php(656): Laravel\\Telescope\\Telescope::withoutRecording()
#31 /tmp/abdoElHodaky/larvrevrstender/services/user-service/vendor/laravel/telescope/src/ListensForStorageOpportunities.php(65): Laravel\\Telescope\\Telescope::store()
#32 /tmp/abdoElHodaky/larvrevrstender/services/user-service/vendor/laravel/framework/src/Illuminate/Container/BoundMethod.php(36): Laravel\\Telescope\\Telescope::Laravel\\Telescope\\{closure}()
#33 /tmp/abdoElHodaky/larvrevrstender/services/user-service/vendor/laravel/framework/src/Illuminate/Container/Util.php(43): Illuminate\\Container\\BoundMethod::Illuminate\\Container\\{closure}()
#34 /tmp/abdoElHodaky/larvrevrstender/services/user-service/vendor/laravel/framework/src/Illuminate/Container/BoundMethod.php(84): Illuminate\\Container\\Util::unwrapIfClosure()
#35 /tmp/abdoElHodaky/larvrevrstender/services/user-service/vendor/laravel/framework/src/Illuminate/Container/BoundMethod.php(35): Illuminate\\Container\\BoundMethod::callBoundMethod()
#36 /tmp/abdoElHodaky/larvrevrstender/services/user-service/vendor/laravel/framework/src/Illuminate/Container/Container.php(799): Illuminate\\Container\\BoundMethod::call()
#37 /tmp/abdoElHodaky/larvrevrstender/services/user-service/vendor/laravel/framework/src/Illuminate/Foundation/Application.php(1466): Illuminate\\Container\\Container->call()
#38 /tmp/abdoElHodaky/larvrevrstender/services/user-service/vendor/laravel/framework/src/Illuminate/Foundation/Console/Kernel.php(219): Illuminate\\Foundation\\Application->terminate()
#39 /tmp/abdoElHodaky/larvrevrstender/services/user-service/vendor/laravel/framework/src/Illuminate/Foundation/Application.php(1240): Illuminate\\Foundation\\Console\\Kernel->terminate()
#40 /tmp/abdoElHodaky/larvrevrstender/services/user-service/artisan(11): Illuminate\\Foundation\\Application->handleCommand()
#41 {main}
"} 
[2026-03-16 13:11:58] production.INFO: Procedure registered {"name":"events","class":"Shared\\Procedures\\CrossServiceProcedure","type":"micro"} 
[2026-03-16 13:11:58] production.INFO: Procedure registered {"name":"cache","class":"Shared\\Procedures\\CrossServiceProcedure","type":"micro"} 
[2026-03-16 13:11:58] production.INFO: Procedure registered {"name":"notification","class":"Shared\\Procedures\\CrossServiceProcedure","type":"micro"} 
[2026-03-16 13:11:58] production.INFO: Procedure registered {"name":"validation","class":"Shared\\Procedures\\CrossServiceProcedure","type":"micro"} 
[2026-03-16 13:11:58] production.INFO: Procedure registered {"name":"security","class":"Shared\\Procedures\\CrossServiceProcedure","type":"micro"} 
[2026-03-16 13:11:58] production.INFO: Procedure registered {"name":"circuit_breaker","class":"Shared\\Procedures\\CrossServiceProcedure","type":"micro"} 
[2026-03-16 13:11:58] production.INFO: Procedure registered {"name":"queue_circuit_breaker","class":"Shared\\Procedures\\CrossServiceProcedure","type":"micro"} 
[2026-03-16 13:11:58] production.INFO: Procedure registered {"name":"third_party_integration","class":"Shared\\Procedures\\CrossServiceProcedure","type":"micro"} 
[2026-03-16 13:11:58] production.INFO: Procedure registered {"name":"workflow","class":"Shared\\Procedures\\CrossServiceProcedure","type":"macro"} 
[2026-03-16 13:11:58] production.ERROR: Class "App\Http\Controllers\WalletController" does not exist {"exception":"[object] (ReflectionException(code: -1): Class \"App\\Http\\Controllers\\WalletController\" does not exist at /tmp/abdoElHodaky/larvrevrstender/services/user-service/vendor/laravel/framework/src/Illuminate/Foundation/Console/RouteListCommand.php:235)
[stacktrace]
#0 /tmp/abdoElHodaky/larvrevrstender/services/user-service/vendor/laravel/framework/src/Illuminate/Foundation/Console/RouteListCommand.php(235): ReflectionClass->__construct()
#1 /tmp/abdoElHodaky/larvrevrstender/services/user-service/vendor/laravel/framework/src/Illuminate/Foundation/Console/RouteListCommand.php(149): Illuminate\\Foundation\\Console\\RouteListCommand->isVendorRoute()
#2 /tmp/abdoElHodaky/larvrevrstender/services/user-service/vendor/laravel/framework/src/Illuminate/Foundation/Console/RouteListCommand.php(117): Illuminate\\Foundation\\Console\\RouteListCommand->getRouteInformation()
#3 [internal function]: Illuminate\\Foundation\\Console\\RouteListCommand->Illuminate\\Foundation\\Console\\{closure}()
#4 /tmp/abdoElHodaky/larvrevrstender/services/user-service/vendor/laravel/framework/src/Illuminate/Collections/Arr.php(840): array_map()
#5 /tmp/abdoElHodaky/larvrevrstender/services/user-service/vendor/laravel/framework/src/Illuminate/Collections/Collection.php(829): Illuminate\\Support\\Arr::map()
#6 /tmp/abdoElHodaky/larvrevrstender/services/user-service/vendor/laravel/framework/src/Illuminate/Foundation/Console/RouteListCommand.php(117): Illuminate\\Support\\Collection->map()
#7 /tmp/abdoElHodaky/larvrevrstender/services/user-service/vendor/laravel/framework/src/Illuminate/Foundation/Console/RouteListCommand.php(102): Illuminate\\Foundation\\Console\\RouteListCommand->getRoutes()
#8 /tmp/abdoElHodaky/larvrevrstender/services/user-service/vendor/laravel/framework/src/Illuminate/Container/BoundMethod.php(36): Illuminate\\Foundation\\Console\\RouteListCommand->handle()
#9 /tmp/abdoElHodaky/larvrevrstender/services/user-service/vendor/laravel/framework/src/Illuminate/Container/Util.php(43): Illuminate\\Container\\BoundMethod::Illuminate\\Container\\{closure}()
#10 /tmp/abdoElHodaky/larvrevrstender/services/user-service/vendor/laravel/framework/src/Illuminate/Container/BoundMethod.php(96): Illuminate\\Container\\Util::unwrapIfClosure()
#11 /tmp/abdoElHodaky/larvrevrstender/services/user-service/vendor/laravel/framework/src/Illuminate/Container/BoundMethod.php(35): Illuminate\\Container\\BoundMethod::callBoundMethod()
#12 /tmp/abdoElHodaky/larvrevrstender/services/user-service/vendor/laravel/framework/src/Illuminate/Container/Container.php(799): Illuminate\\Container\\BoundMethod::call()
#13 /tmp/abdoElHodaky/larvrevrstender/services/user-service/vendor/laravel/framework/src/Illuminate/Console/Command.php(211): Illuminate\\Container\\Container->call()
#14 /tmp/abdoElHodaky/larvrevrstender/services/user-service/vendor/symfony/console/Command/Command.php(341): Illuminate\\Console\\Command->execute()
#15 /tmp/abdoElHodaky/larvrevrstender/services/user-service/vendor/laravel/framework/src/Illuminate/Console/Command.php(180): Symfony\\Component\\Console\\Command\\Command->run()
#16 /tmp/abdoElHodaky/larvrevrstender/services/user-service/vendor/symfony/console/Application.php(1102): Illuminate\\Console\\Command->run()
#17 /tmp/abdoElHodaky/larvrevrstender/services/user-service/vendor/symfony/console/Application.php(356): Symfony\\Component\\Console\\Application->doRunCommand()
#18 /tmp/abdoElHodaky/larvrevrstender/services/user-service/vendor/symfony/console/Application.php(195): Symfony\\Component\\Console\\Application->doRun()
#19 /tmp/abdoElHodaky/larvrevrstender/services/user-service/vendor/laravel/framework/src/Illuminate/Foundation/Console/Kernel.php(198): Symfony\\Component\\Console\\Application->run()
#20 /tmp/abdoElHodaky/larvrevrstender/services/user-service/vendor/laravel/framework/src/Illuminate/Foundation/Application.php(1235): Illuminate\\Foundation\\Console\\Kernel->handle()
#21 /tmp/abdoElHodaky/larvrevrstender/services/user-service/artisan(11): Illuminate\\Foundation\\Application->handleCommand()
#22 {main}
"} 
[2026-03-16 13:11:58] production.ERROR: could not find driver (Connection: mysql, Host: 127.0.0.1, Port: 3306, Database: user_service, SQL: select count(*) as aggregate from `telescope_entries` where `type` = exception and `family_hash` = 053bd9829aa26cf1bb3e6aa227bb29bb) {"exception":"[object] (Illuminate\\Database\\QueryException(code: 0): could not find driver (Connection: mysql, Host: 127.0.0.1, Port: 3306, Database: user_service, SQL: select count(*) as aggregate from `telescope_entries` where `type` = exception and `family_hash` = 053bd9829aa26cf1bb3e6aa227bb29bb) at /tmp/abdoElHodaky/larvrevrstender/services/user-service/vendor/laravel/framework/src/Illuminate/Database/Connection.php:838)
[stacktrace]
#0 /tmp/abdoElHodaky/larvrevrstender/services/user-service/vendor/laravel/framework/src/Illuminate/Database/Connection.php(794): Illuminate\\Database\\Connection->runQueryCallback()
#1 /tmp/abdoElHodaky/larvrevrstender/services/user-service/vendor/laravel/framework/src/Illuminate/Database/Connection.php(411): Illuminate\\Database\\Connection->run()
#2 /tmp/abdoElHodaky/larvrevrstender/services/user-service/vendor/laravel/framework/src/Illuminate/Database/Query/Builder.php(3438): Illuminate\\Database\\Connection->select()
#3 /tmp/abdoElHodaky/larvrevrstender/services/user-service/vendor/laravel/framework/src/Illuminate/Database/Query/Builder.php(3423): Illuminate\\Database\\Query\\Builder->runSelect()
#4 /tmp/abdoElHodaky/larvrevrstender/services/user-service/vendor/laravel/framework/src/Illuminate/Database/Query/Builder.php(4013): Illuminate\\Database\\Query\\Builder->Illuminate\\Database\\Query\\{closure}()
#5 /tmp/abdoElHodaky/larvrevrstender/services/user-service/vendor/laravel/framework/src/Illuminate/Database/Query/Builder.php(3422): Illuminate\\Database\\Query\\Builder->onceWithColumns()
#6 /tmp/abdoElHodaky/larvrevrstender/services/user-service/vendor/laravel/framework/src/Illuminate/Database/Query/Builder.php(3937): Illuminate\\Database\\Query\\Builder->get()
#7 /tmp/abdoElHodaky/larvrevrstender/services/user-service/vendor/laravel/framework/src/Illuminate/Database/Query/Builder.php(3865): Illuminate\\Database\\Query\\Builder->aggregate()
#8 /tmp/abdoElHodaky/larvrevrstender/services/user-service/vendor/laravel/telescope/src/Storage/DatabaseEntriesRepository.php(123): Illuminate\\Database\\Query\\Builder->count()
#9 /tmp/abdoElHodaky/larvrevrstender/services/user-service/vendor/laravel/telescope/src/Storage/DatabaseEntriesRepository.php(165): Laravel\\Telescope\\Storage\\DatabaseEntriesRepository->countExceptionOccurences()
#10 [internal function]: Laravel\\Telescope\\Storage\\DatabaseEntriesRepository->Laravel\\Telescope\\Storage\\{closure}()
#11 /tmp/abdoElHodaky/larvrevrstender/services/user-service/vendor/laravel/framework/src/Illuminate/Collections/Arr.php(840): array_map()
#12 /tmp/abdoElHodaky/larvrevrstender/services/user-service/vendor/laravel/framework/src/Illuminate/Collections/Collection.php(829): Illuminate\\Support\\Arr::map()
#13 /tmp/abdoElHodaky/larvrevrstender/services/user-service/vendor/laravel/telescope/src/Storage/DatabaseEntriesRepository.php(164): Illuminate\\Support\\Collection->map()
#14 /tmp/abdoElHodaky/larvrevrstender/services/user-service/vendor/laravel/framework/src/Illuminate/Collections/Traits/EnumeratesValues.php(275): Laravel\\Telescope\\Storage\\DatabaseEntriesRepository->Laravel\\Telescope\\Storage\\{closure}()
#15 /tmp/abdoElHodaky/larvrevrstender/services/user-service/vendor/laravel/telescope/src/Storage/DatabaseEntriesRepository.php(163): Illuminate\\Support\\Collection->each()
#16 /tmp/abdoElHodaky/larvrevrstender/services/user-service/vendor/laravel/telescope/src/Storage/DatabaseEntriesRepository.php(140): Laravel\\Telescope\\Storage\\DatabaseEntriesRepository->storeExceptions()
#17 /tmp/abdoElHodaky/larvrevrstender/services/user-service/vendor/laravel/telescope/src/Telescope.php(664): Laravel\\Telescope\\Storage\\DatabaseEntriesRepository->store()
#18 [internal function]: Laravel\\Telescope\\Telescope::Laravel\\Telescope\\{closure}()
#19 /tmp/abdoElHodaky/larvrevrstender/services/user-service/vendor/laravel/telescope/src/Telescope.php(289): call_user_func()
#20 /tmp/abdoElHodaky/larvrevrstender/services/user-service/vendor/laravel/telescope/src/Telescope.php(656): Laravel\\Telescope\\Telescope::withoutRecording()
#21 /tmp/abdoElHodaky/larvrevrstender/services/user-service/vendor/laravel/telescope/src/ListensForStorageOpportunities.php(65): Laravel\\Telescope\\Telescope::store()
#22 /tmp/abdoElHodaky/larvrevrstender/services/user-service/vendor/laravel/framework/src/Illuminate/Container/BoundMethod.php(36): Laravel\\Telescope\\Telescope::Laravel\\Telescope\\{closure}()
#23 /tmp/abdoElHodaky/larvrevrstender/services/user-service/vendor/laravel/framework/src/Illuminate/Container/Util.php(43): Illuminate\\Container\\BoundMethod::Illuminate\\Container\\{closure}()
#24 /tmp/abdoElHodaky/larvrevrstender/services/user-service/vendor/laravel/framework/src/Illuminate/Container/BoundMethod.php(84): Illuminate\\Container\\Util::unwrapIfClosure()
#25 /tmp/abdoElHodaky/larvrevrstender/services/user-service/vendor/laravel/framework/src/Illuminate/Container/BoundMethod.php(35): Illuminate\\Container\\BoundMethod::callBoundMethod()
#26 /tmp/abdoElHodaky/larvrevrstender/services/user-service/vendor/laravel/framework/src/Illuminate/Container/Container.php(799): Illuminate\\Container\\BoundMethod::call()
#27 /tmp/abdoElHodaky/larvrevrstender/services/user-service/vendor/laravel/framework/src/Illuminate/Foundation/Application.php(1466): Illuminate\\Container\\Container->call()
#28 /tmp/abdoElHodaky/larvrevrstender/services/user-service/vendor/laravel/framework/src/Illuminate/Foundation/Console/Kernel.php(219): Illuminate\\Foundation\\Application->terminate()
#29 /tmp/abdoElHodaky/larvrevrstender/services/user-service/vendor/laravel/framework/src/Illuminate/Foundation/Application.php(1240): Illuminate\\Foundation\\Console\\Kernel->terminate()
#30 /tmp/abdoElHodaky/larvrevrstender/services/user-service/artisan(11): Illuminate\\Foundation\\Application->handleCommand()
#31 {main}

[previous exception] [object] (PDOException(code: 0): could not find driver at /tmp/abdoElHodaky/larvrevrstender/services/user-service/vendor/laravel/framework/src/Illuminate/Database/Connectors/Connector.php:66)
[stacktrace]
#0 /tmp/abdoElHodaky/larvrevrstender/services/user-service/vendor/laravel/framework/src/Illuminate/Database/Connectors/Connector.php(66): PDO->__construct()
#1 /tmp/abdoElHodaky/larvrevrstender/services/user-service/vendor/laravel/framework/src/Illuminate/Database/Connectors/Connector.php(44): Illuminate\\Database\\Connectors\\Connector->createPdoConnection()
#2 /tmp/abdoElHodaky/larvrevrstender/services/user-service/vendor/laravel/framework/src/Illuminate/Database/Connectors/MySqlConnector.php(24): Illuminate\\Database\\Connectors\\Connector->createConnection()
#3 /tmp/abdoElHodaky/larvrevrstender/services/user-service/vendor/laravel/framework/src/Illuminate/Database/Connectors/ConnectionFactory.php(186): Illuminate\\Database\\Connectors\\MySqlConnector->connect()
#4 [internal function]: Illuminate\\Database\\Connectors\\ConnectionFactory->Illuminate\\Database\\Connectors\\{closure}()
#5 /tmp/abdoElHodaky/larvrevrstender/services/user-service/vendor/laravel/framework/src/Illuminate/Database/Connection.php(1257): call_user_func()
#6 /tmp/abdoElHodaky/larvrevrstender/services/user-service/vendor/laravel/framework/src/Illuminate/Database/Connection.php(1295): Illuminate\\Database\\Connection->getPdo()
#7 /tmp/abdoElHodaky/larvrevrstender/services/user-service/vendor/laravel/framework/src/Illuminate/Database/Connection.php(525): Illuminate\\Database\\Connection->getReadPdo()
#8 /tmp/abdoElHodaky/larvrevrstender/services/user-service/vendor/laravel/framework/src/Illuminate/Database/Connection.php(420): Illuminate\\Database\\Connection->getPdoForSelect()
#9 /tmp/abdoElHodaky/larvrevrstender/services/user-service/vendor/laravel/framework/src/Illuminate/Database/Connection.php(827): Illuminate\\Database\\Connection->Illuminate\\Database\\{closure}()
#10 /tmp/abdoElHodaky/larvrevrstender/services/user-service/vendor/laravel/framework/src/Illuminate/Database/Connection.php(794): Illuminate\\Database\\Connection->runQueryCallback()
#11 /tmp/abdoElHodaky/larvrevrstender/services/user-service/vendor/laravel/framework/src/Illuminate/Database/Connection.php(411): Illuminate\\Database\\Connection->run()
#12 /tmp/abdoElHodaky/larvrevrstender/services/user-service/vendor/laravel/framework/src/Illuminate/Database/Query/Builder.php(3438): Illuminate\\Database\\Connection->select()
#13 /tmp/abdoElHodaky/larvrevrstender/services/user-service/vendor/laravel/framework/src/Illuminate/Database/Query/Builder.php(3423): Illuminate\\Database\\Query\\Builder->runSelect()
#14 /tmp/abdoElHodaky/larvrevrstender/services/user-service/vendor/laravel/framework/src/Illuminate/Database/Query/Builder.php(4013): Illuminate\\Database\\Query\\Builder->Illuminate\\Database\\Query\\{closure}()
#15 /tmp/abdoElHodaky/larvrevrstender/services/user-service/vendor/laravel/framework/src/Illuminate/Database/Query/Builder.php(3422): Illuminate\\Database\\Query\\Builder->onceWithColumns()
#16 /tmp/abdoElHodaky/larvrevrstender/services/user-service/vendor/laravel/framework/src/Illuminate/Database/Query/Builder.php(3937): Illuminate\\Database\\Query\\Builder->get()
#17 /tmp/abdoElHodaky/larvrevrstender/services/user-service/vendor/laravel/framework/src/Illuminate/Database/Query/Builder.php(3865): Illuminate\\Database\\Query\\Builder->aggregate()
#18 /tmp/abdoElHodaky/larvrevrstender/services/user-service/vendor/laravel/telescope/src/Storage/DatabaseEntriesRepository.php(123): Illuminate\\Database\\Query\\Builder->count()
#19 /tmp/abdoElHodaky/larvrevrstender/services/user-service/vendor/laravel/telescope/src/Storage/DatabaseEntriesRepository.php(165): Laravel\\Telescope\\Storage\\DatabaseEntriesRepository->countExceptionOccurences()
#20 [internal function]: Laravel\\Telescope\\Storage\\DatabaseEntriesRepository->Laravel\\Telescope\\Storage\\{closure}()
#21 /tmp/abdoElHodaky/larvrevrstender/services/user-service/vendor/laravel/framework/src/Illuminate/Collections/Arr.php(840): array_map()
#22 /tmp/abdoElHodaky/larvrevrstender/services/user-service/vendor/laravel/framework/src/Illuminate/Collections/Collection.php(829): Illuminate\\Support\\Arr::map()
#23 /tmp/abdoElHodaky/larvrevrstender/services/user-service/vendor/laravel/telescope/src/Storage/DatabaseEntriesRepository.php(164): Illuminate\\Support\\Collection->map()
#24 /tmp/abdoElHodaky/larvrevrstender/services/user-service/vendor/laravel/framework/src/Illuminate/Collections/Traits/EnumeratesValues.php(275): Laravel\\Telescope\\Storage\\DatabaseEntriesRepository->Laravel\\Telescope\\Storage\\{closure}()
#25 /tmp/abdoElHodaky/larvrevrstender/services/user-service/vendor/laravel/telescope/src/Storage/DatabaseEntriesRepository.php(163): Illuminate\\Support\\Collection->each()
#26 /tmp/abdoElHodaky/larvrevrstender/services/user-service/vendor/laravel/telescope/src/Storage/DatabaseEntriesRepository.php(140): Laravel\\Telescope\\Storage\\DatabaseEntriesRepository->storeExceptions()
#27 /tmp/abdoElHodaky/larvrevrstender/services/user-service/vendor/laravel/telescope/src/Telescope.php(664): Laravel\\Telescope\\Storage\\DatabaseEntriesRepository->store()
#28 [internal function]: Laravel\\Telescope\\Telescope::Laravel\\Telescope\\{closure}()
#29 /tmp/abdoElHodaky/larvrevrstender/services/user-service/vendor/laravel/telescope/src/Telescope.php(289): call_user_func()
#30 /tmp/abdoElHodaky/larvrevrstender/services/user-service/vendor/laravel/telescope/src/Telescope.php(656): Laravel\\Telescope\\Telescope::withoutRecording()
#31 /tmp/abdoElHodaky/larvrevrstender/services/user-service/vendor/laravel/telescope/src/ListensForStorageOpportunities.php(65): Laravel\\Telescope\\Telescope::store()
#32 /tmp/abdoElHodaky/larvrevrstender/services/user-service/vendor/laravel/framework/src/Illuminate/Container/BoundMethod.php(36): Laravel\\Telescope\\Telescope::Laravel\\Telescope\\{closure}()
#33 /tmp/abdoElHodaky/larvrevrstender/services/user-service/vendor/laravel/framework/src/Illuminate/Container/Util.php(43): Illuminate\\Container\\BoundMethod::Illuminate\\Container\\{closure}()
#34 /tmp/abdoElHodaky/larvrevrstender/services/user-service/vendor/laravel/framework/src/Illuminate/Container/BoundMethod.php(84): Illuminate\\Container\\Util::unwrapIfClosure()
#35 /tmp/abdoElHodaky/larvrevrstender/services/user-service/vendor/laravel/framework/src/Illuminate/Container/BoundMethod.php(35): Illuminate\\Container\\BoundMethod::callBoundMethod()
#36 /tmp/abdoElHodaky/larvrevrstender/services/user-service/vendor/laravel/framework/src/Illuminate/Container/Container.php(799): Illuminate\\Container\\BoundMethod::call()
#37 /tmp/abdoElHodaky/larvrevrstender/services/user-service/vendor/laravel/framework/src/Illuminate/Foundation/Application.php(1466): Illuminate\\Container\\Container->call()
#38 /tmp/abdoElHodaky/larvrevrstender/services/user-service/vendor/laravel/framework/src/Illuminate/Foundation/Console/Kernel.php(219): Illuminate\\Foundation\\Application->terminate()
#39 /tmp/abdoElHodaky/larvrevrstender/services/user-service/vendor/laravel/framework/src/Illuminate/Foundation/Application.php(1240): Illuminate\\Foundation\\Console\\Kernel->terminate()
#40 /tmp/abdoElHodaky/larvrevrstender/services/user-service/artisan(11): Illuminate\\Foundation\\Application->handleCommand()
#41 {main}
"} 
[2026-03-16 13:12:32] production.INFO: Procedure registered {"name":"events","class":"Shared\\Procedures\\CrossServiceProcedure","type":"micro"} 
[2026-03-16 13:12:32] production.INFO: Procedure registered {"name":"cache","class":"Shared\\Procedures\\CrossServiceProcedure","type":"micro"} 
[2026-03-16 13:12:32] production.INFO: Procedure registered {"name":"notification","class":"Shared\\Procedures\\CrossServiceProcedure","type":"micro"} 
[2026-03-16 13:12:32] production.INFO: Procedure registered {"name":"validation","class":"Shared\\Procedures\\CrossServiceProcedure","type":"micro"} 
[2026-03-16 13:12:32] production.INFO: Procedure registered {"name":"security","class":"Shared\\Procedures\\CrossServiceProcedure","type":"micro"} 
[2026-03-16 13:12:32] production.INFO: Procedure registered {"name":"circuit_breaker","class":"Shared\\Procedures\\CrossServiceProcedure","type":"micro"} 
[2026-03-16 13:12:32] production.INFO: Procedure registered {"name":"queue_circuit_breaker","class":"Shared\\Procedures\\CrossServiceProcedure","type":"micro"} 
[2026-03-16 13:12:32] production.INFO: Procedure registered {"name":"third_party_integration","class":"Shared\\Procedures\\CrossServiceProcedure","type":"micro"} 
[2026-03-16 13:12:32] production.INFO: Procedure registered {"name":"workflow","class":"Shared\\Procedures\\CrossServiceProcedure","type":"macro"} 
[2026-03-16 13:12:32] production.ERROR: Class "App\Http\Controllers\NotificationController" does not exist {"exception":"[object] (ReflectionException(code: -1): Class \"App\\Http\\Controllers\\NotificationController\" does not exist at /tmp/abdoElHodaky/larvrevrstender/services/user-service/vendor/laravel/framework/src/Illuminate/Foundation/Console/RouteListCommand.php:235)
[stacktrace]
#0 /tmp/abdoElHodaky/larvrevrstender/services/user-service/vendor/laravel/framework/src/Illuminate/Foundation/Console/RouteListCommand.php(235): ReflectionClass->__construct()
#1 /tmp/abdoElHodaky/larvrevrstender/services/user-service/vendor/laravel/framework/src/Illuminate/Foundation/Console/RouteListCommand.php(149): Illuminate\\Foundation\\Console\\RouteListCommand->isVendorRoute()
#2 /tmp/abdoElHodaky/larvrevrstender/services/user-service/vendor/laravel/framework/src/Illuminate/Foundation/Console/RouteListCommand.php(117): Illuminate\\Foundation\\Console\\RouteListCommand->getRouteInformation()
#3 [internal function]: Illuminate\\Foundation\\Console\\RouteListCommand->Illuminate\\Foundation\\Console\\{closure}()
#4 /tmp/abdoElHodaky/larvrevrstender/services/user-service/vendor/laravel/framework/src/Illuminate/Collections/Arr.php(840): array_map()
#5 /tmp/abdoElHodaky/larvrevrstender/services/user-service/vendor/laravel/framework/src/Illuminate/Collections/Collection.php(829): Illuminate\\Support\\Arr::map()
#6 /tmp/abdoElHodaky/larvrevrstender/services/user-service/vendor/laravel/framework/src/Illuminate/Foundation/Console/RouteListCommand.php(117): Illuminate\\Support\\Collection->map()
#7 /tmp/abdoElHodaky/larvrevrstender/services/user-service/vendor/laravel/framework/src/Illuminate/Foundation/Console/RouteListCommand.php(102): Illuminate\\Foundation\\Console\\RouteListCommand->getRoutes()
#8 /tmp/abdoElHodaky/larvrevrstender/services/user-service/vendor/laravel/framework/src/Illuminate/Container/BoundMethod.php(36): Illuminate\\Foundation\\Console\\RouteListCommand->handle()
#9 /tmp/abdoElHodaky/larvrevrstender/services/user-service/vendor/laravel/framework/src/Illuminate/Container/Util.php(43): Illuminate\\Container\\BoundMethod::Illuminate\\Container\\{closure}()
#10 /tmp/abdoElHodaky/larvrevrstender/services/user-service/vendor/laravel/framework/src/Illuminate/Container/BoundMethod.php(96): Illuminate\\Container\\Util::unwrapIfClosure()
#11 /tmp/abdoElHodaky/larvrevrstender/services/user-service/vendor/laravel/framework/src/Illuminate/Container/BoundMethod.php(35): Illuminate\\Container\\BoundMethod::callBoundMethod()
#12 /tmp/abdoElHodaky/larvrevrstender/services/user-service/vendor/laravel/framework/src/Illuminate/Container/Container.php(799): Illuminate\\Container\\BoundMethod::call()
#13 /tmp/abdoElHodaky/larvrevrstender/services/user-service/vendor/laravel/framework/src/Illuminate/Console/Command.php(211): Illuminate\\Container\\Container->call()
#14 /tmp/abdoElHodaky/larvrevrstender/services/user-service/vendor/symfony/console/Command/Command.php(341): Illuminate\\Console\\Command->execute()
#15 /tmp/abdoElHodaky/larvrevrstender/services/user-service/vendor/laravel/framework/src/Illuminate/Console/Command.php(180): Symfony\\Component\\Console\\Command\\Command->run()
#16 /tmp/abdoElHodaky/larvrevrstender/services/user-service/vendor/symfony/console/Application.php(1102): Illuminate\\Console\\Command->run()
#17 /tmp/abdoElHodaky/larvrevrstender/services/user-service/vendor/symfony/console/Application.php(356): Symfony\\Component\\Console\\Application->doRunCommand()
#18 /tmp/abdoElHodaky/larvrevrstender/services/user-service/vendor/symfony/console/Application.php(195): Symfony\\Component\\Console\\Application->doRun()
#19 /tmp/abdoElHodaky/larvrevrstender/services/user-service/vendor/laravel/framework/src/Illuminate/Foundation/Console/Kernel.php(198): Symfony\\Component\\Console\\Application->run()
#20 /tmp/abdoElHodaky/larvrevrstender/services/user-service/vendor/laravel/framework/src/Illuminate/Foundation/Application.php(1235): Illuminate\\Foundation\\Console\\Kernel->handle()
#21 /tmp/abdoElHodaky/larvrevrstender/services/user-service/artisan(11): Illuminate\\Foundation\\Application->handleCommand()
#22 {main}
"} 
[2026-03-16 13:12:32] production.ERROR: could not find driver (Connection: mysql, Host: 127.0.0.1, Port: 3306, Database: user_service, SQL: select count(*) as aggregate from `telescope_entries` where `type` = exception and `family_hash` = 053bd9829aa26cf1bb3e6aa227bb29bb) {"exception":"[object] (Illuminate\\Database\\QueryException(code: 0): could not find driver (Connection: mysql, Host: 127.0.0.1, Port: 3306, Database: user_service, SQL: select count(*) as aggregate from `telescope_entries` where `type` = exception and `family_hash` = 053bd9829aa26cf1bb3e6aa227bb29bb) at /tmp/abdoElHodaky/larvrevrstender/services/user-service/vendor/laravel/framework/src/Illuminate/Database/Connection.php:838)
[stacktrace]
#0 /tmp/abdoElHodaky/larvrevrstender/services/user-service/vendor/laravel/framework/src/Illuminate/Database/Connection.php(794): Illuminate\\Database\\Connection->runQueryCallback()
#1 /tmp/abdoElHodaky/larvrevrstender/services/user-service/vendor/laravel/framework/src/Illuminate/Database/Connection.php(411): Illuminate\\Database\\Connection->run()
#2 /tmp/abdoElHodaky/larvrevrstender/services/user-service/vendor/laravel/framework/src/Illuminate/Database/Query/Builder.php(3438): Illuminate\\Database\\Connection->select()
#3 /tmp/abdoElHodaky/larvrevrstender/services/user-service/vendor/laravel/framework/src/Illuminate/Database/Query/Builder.php(3423): Illuminate\\Database\\Query\\Builder->runSelect()
#4 /tmp/abdoElHodaky/larvrevrstender/services/user-service/vendor/laravel/framework/src/Illuminate/Database/Query/Builder.php(4013): Illuminate\\Database\\Query\\Builder->Illuminate\\Database\\Query\\{closure}()
#5 /tmp/abdoElHodaky/larvrevrstender/services/user-service/vendor/laravel/framework/src/Illuminate/Database/Query/Builder.php(3422): Illuminate\\Database\\Query\\Builder->onceWithColumns()
#6 /tmp/abdoElHodaky/larvrevrstender/services/user-service/vendor/laravel/framework/src/Illuminate/Database/Query/Builder.php(3937): Illuminate\\Database\\Query\\Builder->get()
#7 /tmp/abdoElHodaky/larvrevrstender/services/user-service/vendor/laravel/framework/src/Illuminate/Database/Query/Builder.php(3865): Illuminate\\Database\\Query\\Builder->aggregate()
#8 /tmp/abdoElHodaky/larvrevrstender/services/user-service/vendor/laravel/telescope/src/Storage/DatabaseEntriesRepository.php(123): Illuminate\\Database\\Query\\Builder->count()
#9 /tmp/abdoElHodaky/larvrevrstender/services/user-service/vendor/laravel/telescope/src/Storage/DatabaseEntriesRepository.php(165): Laravel\\Telescope\\Storage\\DatabaseEntriesRepository->countExceptionOccurences()
#10 [internal function]: Laravel\\Telescope\\Storage\\DatabaseEntriesRepository->Laravel\\Telescope\\Storage\\{closure}()
#11 /tmp/abdoElHodaky/larvrevrstender/services/user-service/vendor/laravel/framework/src/Illuminate/Collections/Arr.php(840): array_map()
#12 /tmp/abdoElHodaky/larvrevrstender/services/user-service/vendor/laravel/framework/src/Illuminate/Collections/Collection.php(829): Illuminate\\Support\\Arr::map()
#13 /tmp/abdoElHodaky/larvrevrstender/services/user-service/vendor/laravel/telescope/src/Storage/DatabaseEntriesRepository.php(164): Illuminate\\Support\\Collection->map()
#14 /tmp/abdoElHodaky/larvrevrstender/services/user-service/vendor/laravel/framework/src/Illuminate/Collections/Traits/EnumeratesValues.php(275): Laravel\\Telescope\\Storage\\DatabaseEntriesRepository->Laravel\\Telescope\\Storage\\{closure}()
#15 /tmp/abdoElHodaky/larvrevrstender/services/user-service/vendor/laravel/telescope/src/Storage/DatabaseEntriesRepository.php(163): Illuminate\\Support\\Collection->each()
#16 /tmp/abdoElHodaky/larvrevrstender/services/user-service/vendor/laravel/telescope/src/Storage/DatabaseEntriesRepository.php(140): Laravel\\Telescope\\Storage\\DatabaseEntriesRepository->storeExceptions()
#17 /tmp/abdoElHodaky/larvrevrstender/services/user-service/vendor/laravel/telescope/src/Telescope.php(664): Laravel\\Telescope\\Storage\\DatabaseEntriesRepository->store()
#18 [internal function]: Laravel\\Telescope\\Telescope::Laravel\\Telescope\\{closure}()
#19 /tmp/abdoElHodaky/larvrevrstender/services/user-service/vendor/laravel/telescope/src/Telescope.php(289): call_user_func()
#20 /tmp/abdoElHodaky/larvrevrstender/services/user-service/vendor/laravel/telescope/src/Telescope.php(656): Laravel\\Telescope\\Telescope::withoutRecording()
#21 /tmp/abdoElHodaky/larvrevrstender/services/user-service/vendor/laravel/telescope/src/ListensForStorageOpportunities.php(65): Laravel\\Telescope\\Telescope::store()
#22 /tmp/abdoElHodaky/larvrevrstender/services/user-service/vendor/laravel/framework/src/Illuminate/Container/BoundMethod.php(36): Laravel\\Telescope\\Telescope::Laravel\\Telescope\\{closure}()
#23 /tmp/abdoElHodaky/larvrevrstender/services/user-service/vendor/laravel/framework/src/Illuminate/Container/Util.php(43): Illuminate\\Container\\BoundMethod::Illuminate\\Container\\{closure}()
#24 /tmp/abdoElHodaky/larvrevrstender/services/user-service/vendor/laravel/framework/src/Illuminate/Container/BoundMethod.php(84): Illuminate\\Container\\Util::unwrapIfClosure()
#25 /tmp/abdoElHodaky/larvrevrstender/services/user-service/vendor/laravel/framework/src/Illuminate/Container/BoundMethod.php(35): Illuminate\\Container\\BoundMethod::callBoundMethod()
#26 /tmp/abdoElHodaky/larvrevrstender/services/user-service/vendor/laravel/framework/src/Illuminate/Container/Container.php(799): Illuminate\\Container\\BoundMethod::call()
#27 /tmp/abdoElHodaky/larvrevrstender/services/user-service/vendor/laravel/framework/src/Illuminate/Foundation/Application.php(1466): Illuminate\\Container\\Container->call()
#28 /tmp/abdoElHodaky/larvrevrstender/services/user-service/vendor/laravel/framework/src/Illuminate/Foundation/Console/Kernel.php(219): Illuminate\\Foundation\\Application->terminate()
#29 /tmp/abdoElHodaky/larvrevrstender/services/user-service/vendor/laravel/framework/src/Illuminate/Foundation/Application.php(1240): Illuminate\\Foundation\\Console\\Kernel->terminate()
#30 /tmp/abdoElHodaky/larvrevrstender/services/user-service/artisan(11): Illuminate\\Foundation\\Application->handleCommand()
#31 {main}

[previous exception] [object] (PDOException(code: 0): could not find driver at /tmp/abdoElHodaky/larvrevrstender/services/user-service/vendor/laravel/framework/src/Illuminate/Database/Connectors/Connector.php:66)
[stacktrace]
#0 /tmp/abdoElHodaky/larvrevrstender/services/user-service/vendor/laravel/framework/src/Illuminate/Database/Connectors/Connector.php(66): PDO->__construct()
#1 /tmp/abdoElHodaky/larvrevrstender/services/user-service/vendor/laravel/framework/src/Illuminate/Database/Connectors/Connector.php(44): Illuminate\\Database\\Connectors\\Connector->createPdoConnection()
#2 /tmp/abdoElHodaky/larvrevrstender/services/user-service/vendor/laravel/framework/src/Illuminate/Database/Connectors/MySqlConnector.php(24): Illuminate\\Database\\Connectors\\Connector->createConnection()
#3 /tmp/abdoElHodaky/larvrevrstender/services/user-service/vendor/laravel/framework/src/Illuminate/Database/Connectors/ConnectionFactory.php(186): Illuminate\\Database\\Connectors\\MySqlConnector->connect()
#4 [internal function]: Illuminate\\Database\\Connectors\\ConnectionFactory->Illuminate\\Database\\Connectors\\{closure}()
#5 /tmp/abdoElHodaky/larvrevrstender/services/user-service/vendor/laravel/framework/src/Illuminate/Database/Connection.php(1257): call_user_func()
#6 /tmp/abdoElHodaky/larvrevrstender/services/user-service/vendor/laravel/framework/src/Illuminate/Database/Connection.php(1295): Illuminate\\Database\\Connection->getPdo()
#7 /tmp/abdoElHodaky/larvrevrstender/services/user-service/vendor/laravel/framework/src/Illuminate/Database/Connection.php(525): Illuminate\\Database\\Connection->getReadPdo()
#8 /tmp/abdoElHodaky/larvrevrstender/services/user-service/vendor/laravel/framework/src/Illuminate/Database/Connection.php(420): Illuminate\\Database\\Connection->getPdoForSelect()
#9 /tmp/abdoElHodaky/larvrevrstender/services/user-service/vendor/laravel/framework/src/Illuminate/Database/Connection.php(827): Illuminate\\Database\\Connection->Illuminate\\Database\\{closure}()
#10 /tmp/abdoElHodaky/larvrevrstender/services/user-service/vendor/laravel/framework/src/Illuminate/Database/Connection.php(794): Illuminate\\Database\\Connection->runQueryCallback()
#11 /tmp/abdoElHodaky/larvrevrstender/services/user-service/vendor/laravel/framework/src/Illuminate/Database/Connection.php(411): Illuminate\\Database\\Connection->run()
#12 /tmp/abdoElHodaky/larvrevrstender/services/user-service/vendor/laravel/framework/src/Illuminate/Database/Query/Builder.php(3438): Illuminate\\Database\\Connection->select()
#13 /tmp/abdoElHodaky/larvrevrstender/services/user-service/vendor/laravel/framework/src/Illuminate/Database/Query/Builder.php(3423): Illuminate\\Database\\Query\\Builder->runSelect()
#14 /tmp/abdoElHodaky/larvrevrstender/services/user-service/vendor/laravel/framework/src/Illuminate/Database/Query/Builder.php(4013): Illuminate\\Database\\Query\\Builder->Illuminate\\Database\\Query\\{closure}()
#15 /tmp/abdoElHodaky/larvrevrstender/services/user-service/vendor/laravel/framework/src/Illuminate/Database/Query/Builder.php(3422): Illuminate\\Database\\Query\\Builder->onceWithColumns()
#16 /tmp/abdoElHodaky/larvrevrstender/services/user-service/vendor/laravel/framework/src/Illuminate/Database/Query/Builder.php(3937): Illuminate\\Database\\Query\\Builder->get()
#17 /tmp/abdoElHodaky/larvrevrstender/services/user-service/vendor/laravel/framework/src/Illuminate/Database/Query/Builder.php(3865): Illuminate\\Database\\Query\\Builder->aggregate()
#18 /tmp/abdoElHodaky/larvrevrstender/services/user-service/vendor/laravel/telescope/src/Storage/DatabaseEntriesRepository.php(123): Illuminate\\Database\\Query\\Builder->count()
#19 /tmp/abdoElHodaky/larvrevrstender/services/user-service/vendor/laravel/telescope/src/Storage/DatabaseEntriesRepository.php(165): Laravel\\Telescope\\Storage\\DatabaseEntriesRepository->countExceptionOccurences()
#20 [internal function]: Laravel\\Telescope\\Storage\\DatabaseEntriesRepository->Laravel\\Telescope\\Storage\\{closure}()
#21 /tmp/abdoElHodaky/larvrevrstender/services/user-service/vendor/laravel/framework/src/Illuminate/Collections/Arr.php(840): array_map()
#22 /tmp/abdoElHodaky/larvrevrstender/services/user-service/vendor/laravel/framework/src/Illuminate/Collections/Collection.php(829): Illuminate\\Support\\Arr::map()
#23 /tmp/abdoElHodaky/larvrevrstender/services/user-service/vendor/laravel/telescope/src/Storage/DatabaseEntriesRepository.php(164): Illuminate\\Support\\Collection->map()
#24 /tmp/abdoElHodaky/larvrevrstender/services/user-service/vendor/laravel/framework/src/Illuminate/Collections/Traits/EnumeratesValues.php(275): Laravel\\Telescope\\Storage\\DatabaseEntriesRepository->Laravel\\Telescope\\Storage\\{closure}()
#25 /tmp/abdoElHodaky/larvrevrstender/services/user-service/vendor/laravel/telescope/src/Storage/DatabaseEntriesRepository.php(163): Illuminate\\Support\\Collection->each()
#26 /tmp/abdoElHodaky/larvrevrstender/services/user-service/vendor/laravel/telescope/src/Storage/DatabaseEntriesRepository.php(140): Laravel\\Telescope\\Storage\\DatabaseEntriesRepository->storeExceptions()
#27 /tmp/abdoElHodaky/larvrevrstender/services/user-service/vendor/laravel/telescope/src/Telescope.php(664): Laravel\\Telescope\\Storage\\DatabaseEntriesRepository->store()
#28 [internal function]: Laravel\\Telescope\\Telescope::Laravel\\Telescope\\{closure}()
#29 /tmp/abdoElHodaky/larvrevrstender/services/user-service/vendor/laravel/telescope/src/Telescope.php(289): call_user_func()
#30 /tmp/abdoElHodaky/larvrevrstender/services/user-service/vendor/laravel/telescope/src/Telescope.php(656): Laravel\\Telescope\\Telescope::withoutRecording()
#31 /tmp/abdoElHodaky/larvrevrstender/services/user-service/vendor/laravel/telescope/src/ListensForStorageOpportunities.php(65): Laravel\\Telescope\\Telescope::store()
#32 /tmp/abdoElHodaky/larvrevrstender/services/user-service/vendor/laravel/framework/src/Illuminate/Container/BoundMethod.php(36): Laravel\\Telescope\\Telescope::Laravel\\Telescope\\{closure}()
#33 /tmp/abdoElHodaky/larvrevrstender/services/user-service/vendor/laravel/framework/src/Illuminate/Container/Util.php(43): Illuminate\\Container\\BoundMethod::Illuminate\\Container\\{closure}()
#34 /tmp/abdoElHodaky/larvrevrstender/services/user-service/vendor/laravel/framework/src/Illuminate/Container/BoundMethod.php(84): Illuminate\\Container\\Util::unwrapIfClosure()
#35 /tmp/abdoElHodaky/larvrevrstender/services/user-service/vendor/laravel/framework/src/Illuminate/Container/BoundMethod.php(35): Illuminate\\Container\\BoundMethod::callBoundMethod()
#36 /tmp/abdoElHodaky/larvrevrstender/services/user-service/vendor/laravel/framework/src/Illuminate/Container/Container.php(799): Illuminate\\Container\\BoundMethod::call()
#37 /tmp/abdoElHodaky/larvrevrstender/services/user-service/vendor/laravel/framework/src/Illuminate/Foundation/Application.php(1466): Illuminate\\Container\\Container->call()
#38 /tmp/abdoElHodaky/larvrevrstender/services/user-service/vendor/laravel/framework/src/Illuminate/Foundation/Console/Kernel.php(219): Illuminate\\Foundation\\Application->terminate()
#39 /tmp/abdoElHodaky/larvrevrstender/services/user-service/vendor/laravel/framework/src/Illuminate/Foundation/Application.php(1240): Illuminate\\Foundation\\Console\\Kernel->terminate()
#40 /tmp/abdoElHodaky/larvrevrstender/services/user-service/artisan(11): Illuminate\\Foundation\\Application->handleCommand()
#41 {main}
"} 
[2026-03-16 13:12:54] production.INFO: Procedure registered {"name":"events","class":"Shared\\Procedures\\CrossServiceProcedure","type":"micro"} 
[2026-03-16 13:12:54] production.INFO: Procedure registered {"name":"cache","class":"Shared\\Procedures\\CrossServiceProcedure","type":"micro"} 
[2026-03-16 13:12:54] production.INFO: Procedure registered {"name":"notification","class":"Shared\\Procedures\\CrossServiceProcedure","type":"micro"} 
[2026-03-16 13:12:54] production.INFO: Procedure registered {"name":"validation","class":"Shared\\Procedures\\CrossServiceProcedure","type":"micro"} 
[2026-03-16 13:12:54] production.INFO: Procedure registered {"name":"security","class":"Shared\\Procedures\\CrossServiceProcedure","type":"micro"} 
[2026-03-16 13:12:54] production.INFO: Procedure registered {"name":"circuit_breaker","class":"Shared\\Procedures\\CrossServiceProcedure","type":"micro"} 
[2026-03-16 13:12:54] production.INFO: Procedure registered {"name":"queue_circuit_breaker","class":"Shared\\Procedures\\CrossServiceProcedure","type":"micro"} 
[2026-03-16 13:12:54] production.INFO: Procedure registered {"name":"third_party_integration","class":"Shared\\Procedures\\CrossServiceProcedure","type":"micro"} 
[2026-03-16 13:12:54] production.INFO: Procedure registered {"name":"workflow","class":"Shared\\Procedures\\CrossServiceProcedure","type":"macro"} 
[2026-03-16 13:12:54] production.ERROR: Class "App\Http\Controllers\PreferencesController" does not exist {"exception":"[object] (ReflectionException(code: -1): Class \"App\\Http\\Controllers\\PreferencesController\" does not exist at /tmp/abdoElHodaky/larvrevrstender/services/user-service/vendor/laravel/framework/src/Illuminate/Foundation/Console/RouteListCommand.php:235)
[stacktrace]
#0 /tmp/abdoElHodaky/larvrevrstender/services/user-service/vendor/laravel/framework/src/Illuminate/Foundation/Console/RouteListCommand.php(235): ReflectionClass->__construct()
#1 /tmp/abdoElHodaky/larvrevrstender/services/user-service/vendor/laravel/framework/src/Illuminate/Foundation/Console/RouteListCommand.php(149): Illuminate\\Foundation\\Console\\RouteListCommand->isVendorRoute()
#2 /tmp/abdoElHodaky/larvrevrstender/services/user-service/vendor/laravel/framework/src/Illuminate/Foundation/Console/RouteListCommand.php(117): Illuminate\\Foundation\\Console\\RouteListCommand->getRouteInformation()
#3 [internal function]: Illuminate\\Foundation\\Console\\RouteListCommand->Illuminate\\Foundation\\Console\\{closure}()
#4 /tmp/abdoElHodaky/larvrevrstender/services/user-service/vendor/laravel/framework/src/Illuminate/Collections/Arr.php(840): array_map()
#5 /tmp/abdoElHodaky/larvrevrstender/services/user-service/vendor/laravel/framework/src/Illuminate/Collections/Collection.php(829): Illuminate\\Support\\Arr::map()
#6 /tmp/abdoElHodaky/larvrevrstender/services/user-service/vendor/laravel/framework/src/Illuminate/Foundation/Console/RouteListCommand.php(117): Illuminate\\Support\\Collection->map()
#7 /tmp/abdoElHodaky/larvrevrstender/services/user-service/vendor/laravel/framework/src/Illuminate/Foundation/Console/RouteListCommand.php(102): Illuminate\\Foundation\\Console\\RouteListCommand->getRoutes()
#8 /tmp/abdoElHodaky/larvrevrstender/services/user-service/vendor/laravel/framework/src/Illuminate/Container/BoundMethod.php(36): Illuminate\\Foundation\\Console\\RouteListCommand->handle()
#9 /tmp/abdoElHodaky/larvrevrstender/services/user-service/vendor/laravel/framework/src/Illuminate/Container/Util.php(43): Illuminate\\Container\\BoundMethod::Illuminate\\Container\\{closure}()
#10 /tmp/abdoElHodaky/larvrevrstender/services/user-service/vendor/laravel/framework/src/Illuminate/Container/BoundMethod.php(96): Illuminate\\Container\\Util::unwrapIfClosure()
#11 /tmp/abdoElHodaky/larvrevrstender/services/user-service/vendor/laravel/framework/src/Illuminate/Container/BoundMethod.php(35): Illuminate\\Container\\BoundMethod::callBoundMethod()
#12 /tmp/abdoElHodaky/larvrevrstender/services/user-service/vendor/laravel/framework/src/Illuminate/Container/Container.php(799): Illuminate\\Container\\BoundMethod::call()
#13 /tmp/abdoElHodaky/larvrevrstender/services/user-service/vendor/laravel/framework/src/Illuminate/Console/Command.php(211): Illuminate\\Container\\Container->call()
#14 /tmp/abdoElHodaky/larvrevrstender/services/user-service/vendor/symfony/console/Command/Command.php(341): Illuminate\\Console\\Command->execute()
#15 /tmp/abdoElHodaky/larvrevrstender/services/user-service/vendor/laravel/framework/src/Illuminate/Console/Command.php(180): Symfony\\Component\\Console\\Command\\Command->run()
#16 /tmp/abdoElHodaky/larvrevrstender/services/user-service/vendor/symfony/console/Application.php(1102): Illuminate\\Console\\Command->run()
#17 /tmp/abdoElHodaky/larvrevrstender/services/user-service/vendor/symfony/console/Application.php(356): Symfony\\Component\\Console\\Application->doRunCommand()
#18 /tmp/abdoElHodaky/larvrevrstender/services/user-service/vendor/symfony/console/Application.php(195): Symfony\\Component\\Console\\Application->doRun()
#19 /tmp/abdoElHodaky/larvrevrstender/services/user-service/vendor/laravel/framework/src/Illuminate/Foundation/Console/Kernel.php(198): Symfony\\Component\\Console\\Application->run()
#20 /tmp/abdoElHodaky/larvrevrstender/services/user-service/vendor/laravel/framework/src/Illuminate/Foundation/Application.php(1235): Illuminate\\Foundation\\Console\\Kernel->handle()
#21 /tmp/abdoElHodaky/larvrevrstender/services/user-service/artisan(11): Illuminate\\Foundation\\Application->handleCommand()
#22 {main}
"} 
[2026-03-16 13:12:54] production.ERROR: could not find driver (Connection: mysql, Host: 127.0.0.1, Port: 3306, Database: user_service, SQL: select count(*) as aggregate from `telescope_entries` where `type` = exception and `family_hash` = 053bd9829aa26cf1bb3e6aa227bb29bb) {"exception":"[object] (Illuminate\\Database\\QueryException(code: 0): could not find driver (Connection: mysql, Host: 127.0.0.1, Port: 3306, Database: user_service, SQL: select count(*) as aggregate from `telescope_entries` where `type` = exception and `family_hash` = 053bd9829aa26cf1bb3e6aa227bb29bb) at /tmp/abdoElHodaky/larvrevrstender/services/user-service/vendor/laravel/framework/src/Illuminate/Database/Connection.php:838)
[stacktrace]
#0 /tmp/abdoElHodaky/larvrevrstender/services/user-service/vendor/laravel/framework/src/Illuminate/Database/Connection.php(794): Illuminate\\Database\\Connection->runQueryCallback()
#1 /tmp/abdoElHodaky/larvrevrstender/services/user-service/vendor/laravel/framework/src/Illuminate/Database/Connection.php(411): Illuminate\\Database\\Connection->run()
#2 /tmp/abdoElHodaky/larvrevrstender/services/user-service/vendor/laravel/framework/src/Illuminate/Database/Query/Builder.php(3438): Illuminate\\Database\\Connection->select()
#3 /tmp/abdoElHodaky/larvrevrstender/services/user-service/vendor/laravel/framework/src/Illuminate/Database/Query/Builder.php(3423): Illuminate\\Database\\Query\\Builder->runSelect()
#4 /tmp/abdoElHodaky/larvrevrstender/services/user-service/vendor/laravel/framework/src/Illuminate/Database/Query/Builder.php(4013): Illuminate\\Database\\Query\\Builder->Illuminate\\Database\\Query\\{closure}()
#5 /tmp/abdoElHodaky/larvrevrstender/services/user-service/vendor/laravel/framework/src/Illuminate/Database/Query/Builder.php(3422): Illuminate\\Database\\Query\\Builder->onceWithColumns()
#6 /tmp/abdoElHodaky/larvrevrstender/services/user-service/vendor/laravel/framework/src/Illuminate/Database/Query/Builder.php(3937): Illuminate\\Database\\Query\\Builder->get()
#7 /tmp/abdoElHodaky/larvrevrstender/services/user-service/vendor/laravel/framework/src/Illuminate/Database/Query/Builder.php(3865): Illuminate\\Database\\Query\\Builder->aggregate()
#8 /tmp/abdoElHodaky/larvrevrstender/services/user-service/vendor/laravel/telescope/src/Storage/DatabaseEntriesRepository.php(123): Illuminate\\Database\\Query\\Builder->count()
#9 /tmp/abdoElHodaky/larvrevrstender/services/user-service/vendor/laravel/telescope/src/Storage/DatabaseEntriesRepository.php(165): Laravel\\Telescope\\Storage\\DatabaseEntriesRepository->countExceptionOccurences()
#10 [internal function]: Laravel\\Telescope\\Storage\\DatabaseEntriesRepository->Laravel\\Telescope\\Storage\\{closure}()
#11 /tmp/abdoElHodaky/larvrevrstender/services/user-service/vendor/laravel/framework/src/Illuminate/Collections/Arr.php(840): array_map()
#12 /tmp/abdoElHodaky/larvrevrstender/services/user-service/vendor/laravel/framework/src/Illuminate/Collections/Collection.php(829): Illuminate\\Support\\Arr::map()
#13 /tmp/abdoElHodaky/larvrevrstender/services/user-service/vendor/laravel/telescope/src/Storage/DatabaseEntriesRepository.php(164): Illuminate\\Support\\Collection->map()
#14 /tmp/abdoElHodaky/larvrevrstender/services/user-service/vendor/laravel/framework/src/Illuminate/Collections/Traits/EnumeratesValues.php(275): Laravel\\Telescope\\Storage\\DatabaseEntriesRepository->Laravel\\Telescope\\Storage\\{closure}()
#15 /tmp/abdoElHodaky/larvrevrstender/services/user-service/vendor/laravel/telescope/src/Storage/DatabaseEntriesRepository.php(163): Illuminate\\Support\\Collection->each()
#16 /tmp/abdoElHodaky/larvrevrstender/services/user-service/vendor/laravel/telescope/src/Storage/DatabaseEntriesRepository.php(140): Laravel\\Telescope\\Storage\\DatabaseEntriesRepository->storeExceptions()
#17 /tmp/abdoElHodaky/larvrevrstender/services/user-service/vendor/laravel/telescope/src/Telescope.php(664): Laravel\\Telescope\\Storage\\DatabaseEntriesRepository->store()
#18 [internal function]: Laravel\\Telescope\\Telescope::Laravel\\Telescope\\{closure}()
#19 /tmp/abdoElHodaky/larvrevrstender/services/user-service/vendor/laravel/telescope/src/Telescope.php(289): call_user_func()
#20 /tmp/abdoElHodaky/larvrevrstender/services/user-service/vendor/laravel/telescope/src/Telescope.php(656): Laravel\\Telescope\\Telescope::withoutRecording()
#21 /tmp/abdoElHodaky/larvrevrstender/services/user-service/vendor/laravel/telescope/src/ListensForStorageOpportunities.php(65): Laravel\\Telescope\\Telescope::store()
#22 /tmp/abdoElHodaky/larvrevrstender/services/user-service/vendor/laravel/framework/src/Illuminate/Container/BoundMethod.php(36): Laravel\\Telescope\\Telescope::Laravel\\Telescope\\{closure}()
#23 /tmp/abdoElHodaky/larvrevrstender/services/user-service/vendor/laravel/framework/src/Illuminate/Container/Util.php(43): Illuminate\\Container\\BoundMethod::Illuminate\\Container\\{closure}()
#24 /tmp/abdoElHodaky/larvrevrstender/services/user-service/vendor/laravel/framework/src/Illuminate/Container/BoundMethod.php(84): Illuminate\\Container\\Util::unwrapIfClosure()
#25 /tmp/abdoElHodaky/larvrevrstender/services/user-service/vendor/laravel/framework/src/Illuminate/Container/BoundMethod.php(35): Illuminate\\Container\\BoundMethod::callBoundMethod()
#26 /tmp/abdoElHodaky/larvrevrstender/services/user-service/vendor/laravel/framework/src/Illuminate/Container/Container.php(799): Illuminate\\Container\\BoundMethod::call()
#27 /tmp/abdoElHodaky/larvrevrstender/services/user-service/vendor/laravel/framework/src/Illuminate/Foundation/Application.php(1466): Illuminate\\Container\\Container->call()
#28 /tmp/abdoElHodaky/larvrevrstender/services/user-service/vendor/laravel/framework/src/Illuminate/Foundation/Console/Kernel.php(219): Illuminate\\Foundation\\Application->terminate()
#29 /tmp/abdoElHodaky/larvrevrstender/services/user-service/vendor/laravel/framework/src/Illuminate/Foundation/Application.php(1240): Illuminate\\Foundation\\Console\\Kernel->terminate()
#30 /tmp/abdoElHodaky/larvrevrstender/services/user-service/artisan(11): Illuminate\\Foundation\\Application->handleCommand()
#31 {main}

[previous exception] [object] (PDOException(code: 0): could not find driver at /tmp/abdoElHodaky/larvrevrstender/services/user-service/vendor/laravel/framework/src/Illuminate/Database/Connectors/Connector.php:66)
[stacktrace]
#0 /tmp/abdoElHodaky/larvrevrstender/services/user-service/vendor/laravel/framework/src/Illuminate/Database/Connectors/Connector.php(66): PDO->__construct()
#1 /tmp/abdoElHodaky/larvrevrstender/services/user-service/vendor/laravel/framework/src/Illuminate/Database/Connectors/Connector.php(44): Illuminate\\Database\\Connectors\\Connector->createPdoConnection()
#2 /tmp/abdoElHodaky/larvrevrstender/services/user-service/vendor/laravel/framework/src/Illuminate/Database/Connectors/MySqlConnector.php(24): Illuminate\\Database\\Connectors\\Connector->createConnection()
#3 /tmp/abdoElHodaky/larvrevrstender/services/user-service/vendor/laravel/framework/src/Illuminate/Database/Connectors/ConnectionFactory.php(186): Illuminate\\Database\\Connectors\\MySqlConnector->connect()
#4 [internal function]: Illuminate\\Database\\Connectors\\ConnectionFactory->Illuminate\\Database\\Connectors\\{closure}()
#5 /tmp/abdoElHodaky/larvrevrstender/services/user-service/vendor/laravel/framework/src/Illuminate/Database/Connection.php(1257): call_user_func()
#6 /tmp/abdoElHodaky/larvrevrstender/services/user-service/vendor/laravel/framework/src/Illuminate/Database/Connection.php(1295): Illuminate\\Database\\Connection->getPdo()
#7 /tmp/abdoElHodaky/larvrevrstender/services/user-service/vendor/laravel/framework/src/Illuminate/Database/Connection.php(525): Illuminate\\Database\\Connection->getReadPdo()
#8 /tmp/abdoElHodaky/larvrevrstender/services/user-service/vendor/laravel/framework/src/Illuminate/Database/Connection.php(420): Illuminate\\Database\\Connection->getPdoForSelect()
#9 /tmp/abdoElHodaky/larvrevrstender/services/user-service/vendor/laravel/framework/src/Illuminate/Database/Connection.php(827): Illuminate\\Database\\Connection->Illuminate\\Database\\{closure}()
#10 /tmp/abdoElHodaky/larvrevrstender/services/user-service/vendor/laravel/framework/src/Illuminate/Database/Connection.php(794): Illuminate\\Database\\Connection->runQueryCallback()
#11 /tmp/abdoElHodaky/larvrevrstender/services/user-service/vendor/laravel/framework/src/Illuminate/Database/Connection.php(411): Illuminate\\Database\\Connection->run()
#12 /tmp/abdoElHodaky/larvrevrstender/services/user-service/vendor/laravel/framework/src/Illuminate/Database/Query/Builder.php(3438): Illuminate\\Database\\Connection->select()
#13 /tmp/abdoElHodaky/larvrevrstender/services/user-service/vendor/laravel/framework/src/Illuminate/Database/Query/Builder.php(3423): Illuminate\\Database\\Query\\Builder->runSelect()
#14 /tmp/abdoElHodaky/larvrevrstender/services/user-service/vendor/laravel/framework/src/Illuminate/Database/Query/Builder.php(4013): Illuminate\\Database\\Query\\Builder->Illuminate\\Database\\Query\\{closure}()
#15 /tmp/abdoElHodaky/larvrevrstender/services/user-service/vendor/laravel/framework/src/Illuminate/Database/Query/Builder.php(3422): Illuminate\\Database\\Query\\Builder->onceWithColumns()
#16 /tmp/abdoElHodaky/larvrevrstender/services/user-service/vendor/laravel/framework/src/Illuminate/Database/Query/Builder.php(3937): Illuminate\\Database\\Query\\Builder->get()
#17 /tmp/abdoElHodaky/larvrevrstender/services/user-service/vendor/laravel/framework/src/Illuminate/Database/Query/Builder.php(3865): Illuminate\\Database\\Query\\Builder->aggregate()
#18 /tmp/abdoElHodaky/larvrevrstender/services/user-service/vendor/laravel/telescope/src/Storage/DatabaseEntriesRepository.php(123): Illuminate\\Database\\Query\\Builder->count()
#19 /tmp/abdoElHodaky/larvrevrstender/services/user-service/vendor/laravel/telescope/src/Storage/DatabaseEntriesRepository.php(165): Laravel\\Telescope\\Storage\\DatabaseEntriesRepository->countExceptionOccurences()
#20 [internal function]: Laravel\\Telescope\\Storage\\DatabaseEntriesRepository->Laravel\\Telescope\\Storage\\{closure}()
#21 /tmp/abdoElHodaky/larvrevrstender/services/user-service/vendor/laravel/framework/src/Illuminate/Collections/Arr.php(840): array_map()
#22 /tmp/abdoElHodaky/larvrevrstender/services/user-service/vendor/laravel/framework/src/Illuminate/Collections/Collection.php(829): Illuminate\\Support\\Arr::map()
#23 /tmp/abdoElHodaky/larvrevrstender/services/user-service/vendor/laravel/telescope/src/Storage/DatabaseEntriesRepository.php(164): Illuminate\\Support\\Collection->map()
#24 /tmp/abdoElHodaky/larvrevrstender/services/user-service/vendor/laravel/framework/src/Illuminate/Collections/Traits/EnumeratesValues.php(275): Laravel\\Telescope\\Storage\\DatabaseEntriesRepository->Laravel\\Telescope\\Storage\\{closure}()
#25 /tmp/abdoElHodaky/larvrevrstender/services/user-service/vendor/laravel/telescope/src/Storage/DatabaseEntriesRepository.php(163): Illuminate\\Support\\Collection->each()
#26 /tmp/abdoElHodaky/larvrevrstender/services/user-service/vendor/laravel/telescope/src/Storage/DatabaseEntriesRepository.php(140): Laravel\\Telescope\\Storage\\DatabaseEntriesRepository->storeExceptions()
#27 /tmp/abdoElHodaky/larvrevrstender/services/user-service/vendor/laravel/telescope/src/Telescope.php(664): Laravel\\Telescope\\Storage\\DatabaseEntriesRepository->store()
#28 [internal function]: Laravel\\Telescope\\Telescope::Laravel\\Telescope\\{closure}()
#29 /tmp/abdoElHodaky/larvrevrstender/services/user-service/vendor/laravel/telescope/src/Telescope.php(289): call_user_func()
#30 /tmp/abdoElHodaky/larvrevrstender/services/user-service/vendor/laravel/telescope/src/Telescope.php(656): Laravel\\Telescope\\Telescope::withoutRecording()
#31 /tmp/abdoElHodaky/larvrevrstender/services/user-service/vendor/laravel/telescope/src/ListensForStorageOpportunities.php(65): Laravel\\Telescope\\Telescope::store()
#32 /tmp/abdoElHodaky/larvrevrstender/services/user-service/vendor/laravel/framework/src/Illuminate/Container/BoundMethod.php(36): Laravel\\Telescope\\Telescope::Laravel\\Telescope\\{closure}()
#33 /tmp/abdoElHodaky/larvrevrstender/services/user-service/vendor/laravel/framework/src/Illuminate/Container/Util.php(43): Illuminate\\Container\\BoundMethod::Illuminate\\Container\\{closure}()
#34 /tmp/abdoElHodaky/larvrevrstender/services/user-service/vendor/laravel/framework/src/Illuminate/Container/BoundMethod.php(84): Illuminate\\Container\\Util::unwrapIfClosure()
#35 /tmp/abdoElHodaky/larvrevrstender/services/user-service/vendor/laravel/framework/src/Illuminate/Container/BoundMethod.php(35): Illuminate\\Container\\BoundMethod::callBoundMethod()
#36 /tmp/abdoElHodaky/larvrevrstender/services/user-service/vendor/laravel/framework/src/Illuminate/Container/Container.php(799): Illuminate\\Container\\BoundMethod::call()
#37 /tmp/abdoElHodaky/larvrevrstender/services/user-service/vendor/laravel/framework/src/Illuminate/Foundation/Application.php(1466): Illuminate\\Container\\Container->call()
#38 /tmp/abdoElHodaky/larvrevrstender/services/user-service/vendor/laravel/framework/src/Illuminate/Foundation/Console/Kernel.php(219): Illuminate\\Foundation\\Application->terminate()
#39 /tmp/abdoElHodaky/larvrevrstender/services/user-service/vendor/laravel/framework/src/Illuminate/Foundation/Application.php(1240): Illuminate\\Foundation\\Console\\Kernel->terminate()
#40 /tmp/abdoElHodaky/larvrevrstender/services/user-service/artisan(11): Illuminate\\Foundation\\Application->handleCommand()
#41 {main}
"} 
[2026-03-16 13:13:24] production.INFO: Procedure registered {"name":"events","class":"Shared\\Procedures\\CrossServiceProcedure","type":"micro"} 
[2026-03-16 13:13:24] production.INFO: Procedure registered {"name":"cache","class":"Shared\\Procedures\\CrossServiceProcedure","type":"micro"} 
[2026-03-16 13:13:24] production.INFO: Procedure registered {"name":"notification","class":"Shared\\Procedures\\CrossServiceProcedure","type":"micro"} 
[2026-03-16 13:13:24] production.INFO: Procedure registered {"name":"validation","class":"Shared\\Procedures\\CrossServiceProcedure","type":"micro"} 
[2026-03-16 13:13:24] production.INFO: Procedure registered {"name":"security","class":"Shared\\Procedures\\CrossServiceProcedure","type":"micro"} 
[2026-03-16 13:13:24] production.INFO: Procedure registered {"name":"circuit_breaker","class":"Shared\\Procedures\\CrossServiceProcedure","type":"micro"} 
[2026-03-16 13:13:24] production.INFO: Procedure registered {"name":"queue_circuit_breaker","class":"Shared\\Procedures\\CrossServiceProcedure","type":"micro"} 
[2026-03-16 13:13:24] production.INFO: Procedure registered {"name":"third_party_integration","class":"Shared\\Procedures\\CrossServiceProcedure","type":"micro"} 
[2026-03-16 13:13:24] production.INFO: Procedure registered {"name":"workflow","class":"Shared\\Procedures\\CrossServiceProcedure","type":"macro"} 
[2026-03-16 13:13:25] production.ERROR: Class "App\Http\Controllers\AddressController" does not exist {"exception":"[object] (ReflectionException(code: -1): Class \"App\\Http\\Controllers\\AddressController\" does not exist at /tmp/abdoElHodaky/larvrevrstender/services/user-service/vendor/laravel/framework/src/Illuminate/Foundation/Console/RouteListCommand.php:235)
[stacktrace]
#0 /tmp/abdoElHodaky/larvrevrstender/services/user-service/vendor/laravel/framework/src/Illuminate/Foundation/Console/RouteListCommand.php(235): ReflectionClass->__construct()
#1 /tmp/abdoElHodaky/larvrevrstender/services/user-service/vendor/laravel/framework/src/Illuminate/Foundation/Console/RouteListCommand.php(149): Illuminate\\Foundation\\Console\\RouteListCommand->isVendorRoute()
#2 /tmp/abdoElHodaky/larvrevrstender/services/user-service/vendor/laravel/framework/src/Illuminate/Foundation/Console/RouteListCommand.php(117): Illuminate\\Foundation\\Console\\RouteListCommand->getRouteInformation()
#3 [internal function]: Illuminate\\Foundation\\Console\\RouteListCommand->Illuminate\\Foundation\\Console\\{closure}()
#4 /tmp/abdoElHodaky/larvrevrstender/services/user-service/vendor/laravel/framework/src/Illuminate/Collections/Arr.php(840): array_map()
#5 /tmp/abdoElHodaky/larvrevrstender/services/user-service/vendor/laravel/framework/src/Illuminate/Collections/Collection.php(829): Illuminate\\Support\\Arr::map()
#6 /tmp/abdoElHodaky/larvrevrstender/services/user-service/vendor/laravel/framework/src/Illuminate/Foundation/Console/RouteListCommand.php(117): Illuminate\\Support\\Collection->map()
#7 /tmp/abdoElHodaky/larvrevrstender/services/user-service/vendor/laravel/framework/src/Illuminate/Foundation/Console/RouteListCommand.php(102): Illuminate\\Foundation\\Console\\RouteListCommand->getRoutes()
#8 /tmp/abdoElHodaky/larvrevrstender/services/user-service/vendor/laravel/framework/src/Illuminate/Container/BoundMethod.php(36): Illuminate\\Foundation\\Console\\RouteListCommand->handle()
#9 /tmp/abdoElHodaky/larvrevrstender/services/user-service/vendor/laravel/framework/src/Illuminate/Container/Util.php(43): Illuminate\\Container\\BoundMethod::Illuminate\\Container\\{closure}()
#10 /tmp/abdoElHodaky/larvrevrstender/services/user-service/vendor/laravel/framework/src/Illuminate/Container/BoundMethod.php(96): Illuminate\\Container\\Util::unwrapIfClosure()
#11 /tmp/abdoElHodaky/larvrevrstender/services/user-service/vendor/laravel/framework/src/Illuminate/Container/BoundMethod.php(35): Illuminate\\Container\\BoundMethod::callBoundMethod()
#12 /tmp/abdoElHodaky/larvrevrstender/services/user-service/vendor/laravel/framework/src/Illuminate/Container/Container.php(799): Illuminate\\Container\\BoundMethod::call()
#13 /tmp/abdoElHodaky/larvrevrstender/services/user-service/vendor/laravel/framework/src/Illuminate/Console/Command.php(211): Illuminate\\Container\\Container->call()
#14 /tmp/abdoElHodaky/larvrevrstender/services/user-service/vendor/symfony/console/Command/Command.php(341): Illuminate\\Console\\Command->execute()
#15 /tmp/abdoElHodaky/larvrevrstender/services/user-service/vendor/laravel/framework/src/Illuminate/Console/Command.php(180): Symfony\\Component\\Console\\Command\\Command->run()
#16 /tmp/abdoElHodaky/larvrevrstender/services/user-service/vendor/symfony/console/Application.php(1102): Illuminate\\Console\\Command->run()
#17 /tmp/abdoElHodaky/larvrevrstender/services/user-service/vendor/symfony/console/Application.php(356): Symfony\\Component\\Console\\Application->doRunCommand()
#18 /tmp/abdoElHodaky/larvrevrstender/services/user-service/vendor/symfony/console/Application.php(195): Symfony\\Component\\Console\\Application->doRun()
#19 /tmp/abdoElHodaky/larvrevrstender/services/user-service/vendor/laravel/framework/src/Illuminate/Foundation/Console/Kernel.php(198): Symfony\\Component\\Console\\Application->run()
#20 /tmp/abdoElHodaky/larvrevrstender/services/user-service/vendor/laravel/framework/src/Illuminate/Foundation/Application.php(1235): Illuminate\\Foundation\\Console\\Kernel->handle()
#21 /tmp/abdoElHodaky/larvrevrstender/services/user-service/artisan(11): Illuminate\\Foundation\\Application->handleCommand()
#22 {main}
"} 
[2026-03-16 13:13:25] production.ERROR: could not find driver (Connection: mysql, Host: 127.0.0.1, Port: 3306, Database: user_service, SQL: select count(*) as aggregate from `telescope_entries` where `type` = exception and `family_hash` = 053bd9829aa26cf1bb3e6aa227bb29bb) {"exception":"[object] (Illuminate\\Database\\QueryException(code: 0): could not find driver (Connection: mysql, Host: 127.0.0.1, Port: 3306, Database: user_service, SQL: select count(*) as aggregate from `telescope_entries` where `type` = exception and `family_hash` = 053bd9829aa26cf1bb3e6aa227bb29bb) at /tmp/abdoElHodaky/larvrevrstender/services/user-service/vendor/laravel/framework/src/Illuminate/Database/Connection.php:838)
[stacktrace]
#0 /tmp/abdoElHodaky/larvrevrstender/services/user-service/vendor/laravel/framework/src/Illuminate/Database/Connection.php(794): Illuminate\\Database\\Connection->runQueryCallback()
#1 /tmp/abdoElHodaky/larvrevrstender/services/user-service/vendor/laravel/framework/src/Illuminate/Database/Connection.php(411): Illuminate\\Database\\Connection->run()
#2 /tmp/abdoElHodaky/larvrevrstender/services/user-service/vendor/laravel/framework/src/Illuminate/Database/Query/Builder.php(3438): Illuminate\\Database\\Connection->select()
#3 /tmp/abdoElHodaky/larvrevrstender/services/user-service/vendor/laravel/framework/src/Illuminate/Database/Query/Builder.php(3423): Illuminate\\Database\\Query\\Builder->runSelect()
#4 /tmp/abdoElHodaky/larvrevrstender/services/user-service/vendor/laravel/framework/src/Illuminate/Database/Query/Builder.php(4013): Illuminate\\Database\\Query\\Builder->Illuminate\\Database\\Query\\{closure}()
#5 /tmp/abdoElHodaky/larvrevrstender/services/user-service/vendor/laravel/framework/src/Illuminate/Database/Query/Builder.php(3422): Illuminate\\Database\\Query\\Builder->onceWithColumns()
#6 /tmp/abdoElHodaky/larvrevrstender/services/user-service/vendor/laravel/framework/src/Illuminate/Database/Query/Builder.php(3937): Illuminate\\Database\\Query\\Builder->get()
#7 /tmp/abdoElHodaky/larvrevrstender/services/user-service/vendor/laravel/framework/src/Illuminate/Database/Query/Builder.php(3865): Illuminate\\Database\\Query\\Builder->aggregate()
#8 /tmp/abdoElHodaky/larvrevrstender/services/user-service/vendor/laravel/telescope/src/Storage/DatabaseEntriesRepository.php(123): Illuminate\\Database\\Query\\Builder->count()
#9 /tmp/abdoElHodaky/larvrevrstender/services/user-service/vendor/laravel/telescope/src/Storage/DatabaseEntriesRepository.php(165): Laravel\\Telescope\\Storage\\DatabaseEntriesRepository->countExceptionOccurences()
#10 [internal function]: Laravel\\Telescope\\Storage\\DatabaseEntriesRepository->Laravel\\Telescope\\Storage\\{closure}()
#11 /tmp/abdoElHodaky/larvrevrstender/services/user-service/vendor/laravel/framework/src/Illuminate/Collections/Arr.php(840): array_map()
#12 /tmp/abdoElHodaky/larvrevrstender/services/user-service/vendor/laravel/framework/src/Illuminate/Collections/Collection.php(829): Illuminate\\Support\\Arr::map()
#13 /tmp/abdoElHodaky/larvrevrstender/services/user-service/vendor/laravel/telescope/src/Storage/DatabaseEntriesRepository.php(164): Illuminate\\Support\\Collection->map()
#14 /tmp/abdoElHodaky/larvrevrstender/services/user-service/vendor/laravel/framework/src/Illuminate/Collections/Traits/EnumeratesValues.php(275): Laravel\\Telescope\\Storage\\DatabaseEntriesRepository->Laravel\\Telescope\\Storage\\{closure}()
#15 /tmp/abdoElHodaky/larvrevrstender/services/user-service/vendor/laravel/telescope/src/Storage/DatabaseEntriesRepository.php(163): Illuminate\\Support\\Collection->each()
#16 /tmp/abdoElHodaky/larvrevrstender/services/user-service/vendor/laravel/telescope/src/Storage/DatabaseEntriesRepository.php(140): Laravel\\Telescope\\Storage\\DatabaseEntriesRepository->storeExceptions()
#17 /tmp/abdoElHodaky/larvrevrstender/services/user-service/vendor/laravel/telescope/src/Telescope.php(664): Laravel\\Telescope\\Storage\\DatabaseEntriesRepository->store()
#18 [internal function]: Laravel\\Telescope\\Telescope::Laravel\\Telescope\\{closure}()
#19 /tmp/abdoElHodaky/larvrevrstender/services/user-service/vendor/laravel/telescope/src/Telescope.php(289): call_user_func()
#20 /tmp/abdoElHodaky/larvrevrstender/services/user-service/vendor/laravel/telescope/src/Telescope.php(656): Laravel\\Telescope\\Telescope::withoutRecording()
#21 /tmp/abdoElHodaky/larvrevrstender/services/user-service/vendor/laravel/telescope/src/ListensForStorageOpportunities.php(65): Laravel\\Telescope\\Telescope::store()
#22 /tmp/abdoElHodaky/larvrevrstender/services/user-service/vendor/laravel/framework/src/Illuminate/Container/BoundMethod.php(36): Laravel\\Telescope\\Telescope::Laravel\\Telescope\\{closure}()
#23 /tmp/abdoElHodaky/larvrevrstender/services/user-service/vendor/laravel/framework/src/Illuminate/Container/Util.php(43): Illuminate\\Container\\BoundMethod::Illuminate\\Container\\{closure}()
#24 /tmp/abdoElHodaky/larvrevrstender/services/user-service/vendor/laravel/framework/src/Illuminate/Container/BoundMethod.php(84): Illuminate\\Container\\Util::unwrapIfClosure()
#25 /tmp/abdoElHodaky/larvrevrstender/services/user-service/vendor/laravel/framework/src/Illuminate/Container/BoundMethod.php(35): Illuminate\\Container\\BoundMethod::callBoundMethod()
#26 /tmp/abdoElHodaky/larvrevrstender/services/user-service/vendor/laravel/framework/src/Illuminate/Container/Container.php(799): Illuminate\\Container\\BoundMethod::call()
#27 /tmp/abdoElHodaky/larvrevrstender/services/user-service/vendor/laravel/framework/src/Illuminate/Foundation/Application.php(1466): Illuminate\\Container\\Container->call()
#28 /tmp/abdoElHodaky/larvrevrstender/services/user-service/vendor/laravel/framework/src/Illuminate/Foundation/Console/Kernel.php(219): Illuminate\\Foundation\\Application->terminate()
#29 /tmp/abdoElHodaky/larvrevrstender/services/user-service/vendor/laravel/framework/src/Illuminate/Foundation/Application.php(1240): Illuminate\\Foundation\\Console\\Kernel->terminate()
#30 /tmp/abdoElHodaky/larvrevrstender/services/user-service/artisan(11): Illuminate\\Foundation\\Application->handleCommand()
#31 {main}

[previous exception] [object] (PDOException(code: 0): could not find driver at /tmp/abdoElHodaky/larvrevrstender/services/user-service/vendor/laravel/framework/src/Illuminate/Database/Connectors/Connector.php:66)
[stacktrace]
#0 /tmp/abdoElHodaky/larvrevrstender/services/user-service/vendor/laravel/framework/src/Illuminate/Database/Connectors/Connector.php(66): PDO->__construct()
#1 /tmp/abdoElHodaky/larvrevrstender/services/user-service/vendor/laravel/framework/src/Illuminate/Database/Connectors/Connector.php(44): Illuminate\\Database\\Connectors\\Connector->createPdoConnection()
#2 /tmp/abdoElHodaky/larvrevrstender/services/user-service/vendor/laravel/framework/src/Illuminate/Database/Connectors/MySqlConnector.php(24): Illuminate\\Database\\Connectors\\Connector->createConnection()
#3 /tmp/abdoElHodaky/larvrevrstender/services/user-service/vendor/laravel/framework/src/Illuminate/Database/Connectors/ConnectionFactory.php(186): Illuminate\\Database\\Connectors\\MySqlConnector->connect()
#4 [internal function]: Illuminate\\Database\\Connectors\\ConnectionFactory->Illuminate\\Database\\Connectors\\{closure}()
#5 /tmp/abdoElHodaky/larvrevrstender/services/user-service/vendor/laravel/framework/src/Illuminate/Database/Connection.php(1257): call_user_func()
#6 /tmp/abdoElHodaky/larvrevrstender/services/user-service/vendor/laravel/framework/src/Illuminate/Database/Connection.php(1295): Illuminate\\Database\\Connection->getPdo()
#7 /tmp/abdoElHodaky/larvrevrstender/services/user-service/vendor/laravel/framework/src/Illuminate/Database/Connection.php(525): Illuminate\\Database\\Connection->getReadPdo()
#8 /tmp/abdoElHodaky/larvrevrstender/services/user-service/vendor/laravel/framework/src/Illuminate/Database/Connection.php(420): Illuminate\\Database\\Connection->getPdoForSelect()
#9 /tmp/abdoElHodaky/larvrevrstender/services/user-service/vendor/laravel/framework/src/Illuminate/Database/Connection.php(827): Illuminate\\Database\\Connection->Illuminate\\Database\\{closure}()
#10 /tmp/abdoElHodaky/larvrevrstender/services/user-service/vendor/laravel/framework/src/Illuminate/Database/Connection.php(794): Illuminate\\Database\\Connection->runQueryCallback()
#11 /tmp/abdoElHodaky/larvrevrstender/services/user-service/vendor/laravel/framework/src/Illuminate/Database/Connection.php(411): Illuminate\\Database\\Connection->run()
#12 /tmp/abdoElHodaky/larvrevrstender/services/user-service/vendor/laravel/framework/src/Illuminate/Database/Query/Builder.php(3438): Illuminate\\Database\\Connection->select()
#13 /tmp/abdoElHodaky/larvrevrstender/services/user-service/vendor/laravel/framework/src/Illuminate/Database/Query/Builder.php(3423): Illuminate\\Database\\Query\\Builder->runSelect()
#14 /tmp/abdoElHodaky/larvrevrstender/services/user-service/vendor/laravel/framework/src/Illuminate/Database/Query/Builder.php(4013): Illuminate\\Database\\Query\\Builder->Illuminate\\Database\\Query\\{closure}()
#15 /tmp/abdoElHodaky/larvrevrstender/services/user-service/vendor/laravel/framework/src/Illuminate/Database/Query/Builder.php(3422): Illuminate\\Database\\Query\\Builder->onceWithColumns()
#16 /tmp/abdoElHodaky/larvrevrstender/services/user-service/vendor/laravel/framework/src/Illuminate/Database/Query/Builder.php(3937): Illuminate\\Database\\Query\\Builder->get()
#17 /tmp/abdoElHodaky/larvrevrstender/services/user-service/vendor/laravel/framework/src/Illuminate/Database/Query/Builder.php(3865): Illuminate\\Database\\Query\\Builder->aggregate()
#18 /tmp/abdoElHodaky/larvrevrstender/services/user-service/vendor/laravel/telescope/src/Storage/DatabaseEntriesRepository.php(123): Illuminate\\Database\\Query\\Builder->count()
#19 /tmp/abdoElHodaky/larvrevrstender/services/user-service/vendor/laravel/telescope/src/Storage/DatabaseEntriesRepository.php(165): Laravel\\Telescope\\Storage\\DatabaseEntriesRepository->countExceptionOccurences()
#20 [internal function]: Laravel\\Telescope\\Storage\\DatabaseEntriesRepository->Laravel\\Telescope\\Storage\\{closure}()
#21 /tmp/abdoElHodaky/larvrevrstender/services/user-service/vendor/laravel/framework/src/Illuminate/Collections/Arr.php(840): array_map()
#22 /tmp/abdoElHodaky/larvrevrstender/services/user-service/vendor/laravel/framework/src/Illuminate/Collections/Collection.php(829): Illuminate\\Support\\Arr::map()
#23 /tmp/abdoElHodaky/larvrevrstender/services/user-service/vendor/laravel/telescope/src/Storage/DatabaseEntriesRepository.php(164): Illuminate\\Support\\Collection->map()
#24 /tmp/abdoElHodaky/larvrevrstender/services/user-service/vendor/laravel/framework/src/Illuminate/Collections/Traits/EnumeratesValues.php(275): Laravel\\Telescope\\Storage\\DatabaseEntriesRepository->Laravel\\Telescope\\Storage\\{closure}()
#25 /tmp/abdoElHodaky/larvrevrstender/services/user-service/vendor/laravel/telescope/src/Storage/DatabaseEntriesRepository.php(163): Illuminate\\Support\\Collection->each()
#26 /tmp/abdoElHodaky/larvrevrstender/services/user-service/vendor/laravel/telescope/src/Storage/DatabaseEntriesRepository.php(140): Laravel\\Telescope\\Storage\\DatabaseEntriesRepository->storeExceptions()
#27 /tmp/abdoElHodaky/larvrevrstender/services/user-service/vendor/laravel/telescope/src/Telescope.php(664): Laravel\\Telescope\\Storage\\DatabaseEntriesRepository->store()
#28 [internal function]: Laravel\\Telescope\\Telescope::Laravel\\Telescope\\{closure}()
#29 /tmp/abdoElHodaky/larvrevrstender/services/user-service/vendor/laravel/telescope/src/Telescope.php(289): call_user_func()
#30 /tmp/abdoElHodaky/larvrevrstender/services/user-service/vendor/laravel/telescope/src/Telescope.php(656): Laravel\\Telescope\\Telescope::withoutRecording()
#31 /tmp/abdoElHodaky/larvrevrstender/services/user-service/vendor/laravel/telescope/src/ListensForStorageOpportunities.php(65): Laravel\\Telescope\\Telescope::store()
#32 /tmp/abdoElHodaky/larvrevrstender/services/user-service/vendor/laravel/framework/src/Illuminate/Container/BoundMethod.php(36): Laravel\\Telescope\\Telescope::Laravel\\Telescope\\{closure}()
#33 /tmp/abdoElHodaky/larvrevrstender/services/user-service/vendor/laravel/framework/src/Illuminate/Container/Util.php(43): Illuminate\\Container\\BoundMethod::Illuminate\\Container\\{closure}()
#34 /tmp/abdoElHodaky/larvrevrstender/services/user-service/vendor/laravel/framework/src/Illuminate/Container/BoundMethod.php(84): Illuminate\\Container\\Util::unwrapIfClosure()
#35 /tmp/abdoElHodaky/larvrevrstender/services/user-service/vendor/laravel/framework/src/Illuminate/Container/BoundMethod.php(35): Illuminate\\Container\\BoundMethod::callBoundMethod()
#36 /tmp/abdoElHodaky/larvrevrstender/services/user-service/vendor/laravel/framework/src/Illuminate/Container/Container.php(799): Illuminate\\Container\\BoundMethod::call()
#37 /tmp/abdoElHodaky/larvrevrstender/services/user-service/vendor/laravel/framework/src/Illuminate/Foundation/Application.php(1466): Illuminate\\Container\\Container->call()
#38 /tmp/abdoElHodaky/larvrevrstender/services/user-service/vendor/laravel/framework/src/Illuminate/Foundation/Console/Kernel.php(219): Illuminate\\Foundation\\Application->terminate()
#39 /tmp/abdoElHodaky/larvrevrstender/services/user-service/vendor/laravel/framework/src/Illuminate/Foundation/Application.php(1240): Illuminate\\Foundation\\Console\\Kernel->terminate()
#40 /tmp/abdoElHodaky/larvrevrstender/services/user-service/artisan(11): Illuminate\\Foundation\\Application->handleCommand()
#41 {main}
"} 
[2026-03-18 10:15:21] testing.INFO: Procedure registered {"name":"events","class":"Shared\\Procedures\\CrossServiceProcedure","type":"micro"} 
[2026-03-18 10:15:21] testing.INFO: Procedure registered {"name":"cache","class":"Shared\\Procedures\\CrossServiceProcedure","type":"micro"} 
[2026-03-18 10:15:21] testing.INFO: Procedure registered {"name":"notification","class":"Shared\\Procedures\\CrossServiceProcedure","type":"micro"} 
[2026-03-18 10:15:21] testing.INFO: Procedure registered {"name":"validation","class":"Shared\\Procedures\\CrossServiceProcedure","type":"micro"} 
[2026-03-18 10:15:21] testing.INFO: Procedure registered {"name":"security","class":"Shared\\Procedures\\CrossServiceProcedure","type":"micro"} 
[2026-03-18 10:15:21] testing.INFO: Procedure registered {"name":"circuit_breaker","class":"Shared\\Procedures\\CrossServiceProcedure","type":"micro"} 
[2026-03-18 10:15:21] testing.INFO: Procedure registered {"name":"queue_circuit_breaker","class":"Shared\\Procedures\\CrossServiceProcedure","type":"micro"} 
[2026-03-18 10:15:21] testing.INFO: Procedure registered {"name":"third_party_integration","class":"Shared\\Procedures\\CrossServiceProcedure","type":"micro"} 
[2026-03-18 10:15:21] testing.INFO: Procedure registered {"name":"workflow","class":"Shared\\Procedures\\CrossServiceProcedure","type":"macro"} 
[2026-03-18 10:15:21] testing.WARNING: Database health check attempt 1/3 failed for neon_postgresql: Database connection [neon_postgresql] not configured.  
[2026-03-18 10:15:22] testing.WARNING: Database health check attempt 2/3 failed for neon_postgresql: Database connection [neon_postgresql] not configured.  
[2026-03-18 10:15:23] testing.WARNING: Database health check attempt 3/3 failed for neon_postgresql: Database connection [neon_postgresql] not configured.  
[2026-03-18 10:15:23] testing.WARNING: Database health check attempt 1/3 failed for cloud_postgresql: Database connection [cloud_postgresql] not configured.  
[2026-03-18 10:15:24] testing.WARNING: Database health check attempt 2/3 failed for cloud_postgresql: Database connection [cloud_postgresql] not configured.  
[2026-03-18 10:15:25] testing.WARNING: Database health check attempt 3/3 failed for cloud_postgresql: Database connection [cloud_postgresql] not configured.  
[2026-03-18 10:15:25] testing.WARNING: Database health check attempt 1/3 failed for mongodb_atlas: Database connection [mongodb_atlas] not configured.  
[2026-03-18 10:15:26] testing.WARNING: Database health check attempt 2/3 failed for mongodb_atlas: Database connection [mongodb_atlas] not configured.  
[2026-03-18 10:15:27] testing.WARNING: Database health check attempt 3/3 failed for mongodb_atlas: Database connection [mongodb_atlas] not configured.  
[2026-03-18 10:15:27] testing.INFO: Database failover event: all_connections_failed {"timestamp":"2026-03-18 10:15:27","attempted_connections":{"primary":"neon_postgresql","secondary":"cloud_postgresql","fallback":"mongodb_atlas"}} 
[2026-03-18 10:15:27] testing.ERROR: Failed to ensure healthy database connection: All database connections are unhealthy  
[2026-03-18 10:15:27] testing.WARNING: No healthy connections available, enabling graceful degradation for service: user-service  
[2026-03-18 10:15:27] testing.ERROR: Shared\Http\Middleware\CustomCorsMiddleware::addCorsHeaders(): Argument #2 ($response) must be of type Illuminate\Http\Response, Illuminate\Http\JsonResponse given, called in /tmp/abdoElHodaky/larvrevrstender/services/shared/src/Http/Middleware/CustomCorsMiddleware.php on line 37 {"exception":"[object] (TypeError(code: 0): Shared\\Http\\Middleware\\CustomCorsMiddleware::addCorsHeaders(): Argument #2 ($response) must be of type Illuminate\\Http\\Response, Illuminate\\Http\\JsonResponse given, called in /tmp/abdoElHodaky/larvrevrstender/services/shared/src/Http/Middleware/CustomCorsMiddleware.php on line 37 at /tmp/abdoElHodaky/larvrevrstender/services/shared/src/Http/Middleware/CustomCorsMiddleware.php:79)
[stacktrace]
#0 /tmp/abdoElHodaky/larvrevrstender/services/shared/src/Http/Middleware/CustomCorsMiddleware.php(37): Shared\\Http\\Middleware\\CustomCorsMiddleware->addCorsHeaders()
#1 /tmp/abdoElHodaky/larvrevrstender/services/user-service/vendor/laravel/framework/src/Illuminate/Pipeline/Pipeline.php(219): Shared\\Http\\Middleware\\CustomCorsMiddleware->handle()
#2 /tmp/abdoElHodaky/larvrevrstender/services/shared/src/Middleware/DatabaseFailoverMiddleware.php(53): Illuminate\\Pipeline\\Pipeline->Illuminate\\Pipeline\\{closure}()
#3 /tmp/abdoElHodaky/larvrevrstender/services/user-service/vendor/laravel/framework/src/Illuminate/Pipeline/Pipeline.php(219): Shared\\Middleware\\DatabaseFailoverMiddleware->handle()
#4 /tmp/abdoElHodaky/larvrevrstender/services/user-service/vendor/laravel/framework/src/Illuminate/Foundation/Http/Middleware/TransformsRequest.php(21): Illuminate\\Pipeline\\Pipeline->Illuminate\\Pipeline\\{closure}()
#5 /tmp/abdoElHodaky/larvrevrstender/services/user-service/vendor/laravel/framework/src/Illuminate/Foundation/Http/Middleware/ConvertEmptyStringsToNull.php(31): Illuminate\\Foundation\\Http\\Middleware\\TransformsRequest->handle()
#6 /tmp/abdoElHodaky/larvrevrstender/services/user-service/vendor/laravel/framework/src/Illuminate/Pipeline/Pipeline.php(219): Illuminate\\Foundation\\Http\\Middleware\\ConvertEmptyStringsToNull->handle()
#7 /tmp/abdoElHodaky/larvrevrstender/services/user-service/vendor/laravel/framework/src/Illuminate/Foundation/Http/Middleware/TransformsRequest.php(21): Illuminate\\Pipeline\\Pipeline->Illuminate\\Pipeline\\{closure}()
#8 /tmp/abdoElHodaky/larvrevrstender/services/user-service/vendor/laravel/framework/src/Illuminate/Foundation/Http/Middleware/TrimStrings.php(51): Illuminate\\Foundation\\Http\\Middleware\\TransformsRequest->handle()
#9 /tmp/abdoElHodaky/larvrevrstender/services/user-service/vendor/laravel/framework/src/Illuminate/Pipeline/Pipeline.php(219): Illuminate\\Foundation\\Http\\Middleware\\TrimStrings->handle()
#10 /tmp/abdoElHodaky/larvrevrstender/services/user-service/vendor/laravel/framework/src/Illuminate/Http/Middleware/ValidatePostSize.php(27): Illuminate\\Pipeline\\Pipeline->Illuminate\\Pipeline\\{closure}()
#11 /tmp/abdoElHodaky/larvrevrstender/services/user-service/vendor/laravel/framework/src/Illuminate/Pipeline/Pipeline.php(219): Illuminate\\Http\\Middleware\\ValidatePostSize->handle()
#12 /tmp/abdoElHodaky/larvrevrstender/services/user-service/vendor/laravel/framework/src/Illuminate/Foundation/Http/Middleware/PreventRequestsDuringMaintenance.php(109): Illuminate\\Pipeline\\Pipeline->Illuminate\\Pipeline\\{closure}()
#13 /tmp/abdoElHodaky/larvrevrstender/services/user-service/vendor/laravel/framework/src/Illuminate/Pipeline/Pipeline.php(219): Illuminate\\Foundation\\Http\\Middleware\\PreventRequestsDuringMaintenance->handle()
#14 /tmp/abdoElHodaky/larvrevrstender/services/user-service/vendor/laravel/framework/src/Illuminate/Http/Middleware/HandleCors.php(61): Illuminate\\Pipeline\\Pipeline->Illuminate\\Pipeline\\{closure}()
#15 /tmp/abdoElHodaky/larvrevrstender/services/user-service/vendor/laravel/framework/src/Illuminate/Pipeline/Pipeline.php(219): Illuminate\\Http\\Middleware\\HandleCors->handle()
#16 /tmp/abdoElHodaky/larvrevrstender/services/user-service/vendor/laravel/framework/src/Illuminate/Http/Middleware/TrustProxies.php(58): Illuminate\\Pipeline\\Pipeline->Illuminate\\Pipeline\\{closure}()
#17 /tmp/abdoElHodaky/larvrevrstender/services/user-service/vendor/laravel/framework/src/Illuminate/Pipeline/Pipeline.php(219): Illuminate\\Http\\Middleware\\TrustProxies->handle()
#18 /tmp/abdoElHodaky/larvrevrstender/services/user-service/vendor/laravel/framework/src/Illuminate/Foundation/Http/Middleware/InvokeDeferredCallbacks.php(22): Illuminate\\Pipeline\\Pipeline->Illuminate\\Pipeline\\{closure}()
#19 /tmp/abdoElHodaky/larvrevrstender/services/user-service/vendor/laravel/framework/src/Illuminate/Pipeline/Pipeline.php(219): Illuminate\\Foundation\\Http\\Middleware\\InvokeDeferredCallbacks->handle()
#20 /tmp/abdoElHodaky/larvrevrstender/services/user-service/vendor/laravel/framework/src/Illuminate/Http/Middleware/ValidatePathEncoding.php(26): Illuminate\\Pipeline\\Pipeline->Illuminate\\Pipeline\\{closure}()
#21 /tmp/abdoElHodaky/larvrevrstender/services/user-service/vendor/laravel/framework/src/Illuminate/Pipeline/Pipeline.php(219): Illuminate\\Http\\Middleware\\ValidatePathEncoding->handle()
#22 /tmp/abdoElHodaky/larvrevrstender/services/user-service/vendor/laravel/framework/src/Illuminate/Pipeline/Pipeline.php(137): Illuminate\\Pipeline\\Pipeline->Illuminate\\Pipeline\\{closure}()
#23 /tmp/abdoElHodaky/larvrevrstender/services/user-service/vendor/laravel/framework/src/Illuminate/Foundation/Http/Kernel.php(175): Illuminate\\Pipeline\\Pipeline->then()
#24 /tmp/abdoElHodaky/larvrevrstender/services/user-service/vendor/laravel/framework/src/Illuminate/Foundation/Http/Kernel.php(144): Illuminate\\Foundation\\Http\\Kernel->sendRequestThroughRouter()
#25 /tmp/abdoElHodaky/larvrevrstender/services/user-service/vendor/laravel/framework/src/Illuminate/Foundation/Testing/Concerns/MakesHttpRequests.php(607): Illuminate\\Foundation\\Http\\Kernel->handle()
#26 /tmp/abdoElHodaky/larvrevrstender/services/user-service/vendor/laravel/framework/src/Illuminate/Foundation/Testing/Concerns/MakesHttpRequests.php(368): Illuminate\\Foundation\\Testing\\TestCase->call()
#27 /tmp/abdoElHodaky/larvrevrstender/services/user-service/tests/Feature/ExampleTest.php(14): Illuminate\\Foundation\\Testing\\TestCase->get()
#28 /tmp/abdoElHodaky/larvrevrstender/services/user-service/vendor/phpunit/phpunit/src/Framework/TestCase.php(1667): Tests\\Feature\\ExampleTest->test_the_application_returns_a_successful_response()
#29 /tmp/abdoElHodaky/larvrevrstender/services/user-service/vendor/phpunit/phpunit/src/Framework/TestCase.php(519): PHPUnit\\Framework\\TestCase->runTest()
#30 /tmp/abdoElHodaky/larvrevrstender/services/user-service/vendor/phpunit/phpunit/src/Framework/TestRunner/TestRunner.php(87): PHPUnit\\Framework\\TestCase->runBare()
#31 /tmp/abdoElHodaky/larvrevrstender/services/user-service/vendor/phpunit/phpunit/src/Framework/TestCase.php(365): PHPUnit\\Framework\\TestRunner->run()
#32 /tmp/abdoElHodaky/larvrevrstender/services/user-service/vendor/phpunit/phpunit/src/Framework/TestSuite.php(369): PHPUnit\\Framework\\TestCase->run()
#33 /tmp/abdoElHodaky/larvrevrstender/services/user-service/vendor/phpunit/phpunit/src/Framework/TestSuite.php(369): PHPUnit\\Framework\\TestSuite->run()
#34 /tmp/abdoElHodaky/larvrevrstender/services/user-service/vendor/phpunit/phpunit/src/Framework/TestSuite.php(369): PHPUnit\\Framework\\TestSuite->run()
#35 /tmp/abdoElHodaky/larvrevrstender/services/user-service/vendor/phpunit/phpunit/src/TextUI/TestRunner.php(64): PHPUnit\\Framework\\TestSuite->run()
#36 /tmp/abdoElHodaky/larvrevrstender/services/user-service/vendor/phpunit/phpunit/src/TextUI/Application.php(211): PHPUnit\\TextUI\\TestRunner->run()
#37 /tmp/abdoElHodaky/larvrevrstender/services/user-service/vendor/phpunit/phpunit/phpunit(104): PHPUnit\\TextUI\\Application->run()
#38 /tmp/abdoElHodaky/larvrevrstender/services/user-service/vendor/bin/phpunit(123): include('...')
#39 {main}
"} 
[2026-03-18 10:15:28] testing.WARNING: Response indicates potential database issues, checking connection health  
[2026-03-18 10:15:28] testing.WARNING: Current connection is unhealthy, triggering failover  
[2026-03-18 10:15:28] testing.WARNING: Triggering database failover from neon_postgresql  
[2026-03-18 10:15:28] testing.INFO: Database failover event: failover_failed {"from_connection":"neon_postgresql","timestamp":"2026-03-18 10:15:28","reason":"No healthy connections available"} 
[2026-03-18 10:15:28] testing.ERROR: Post-request health check failed: Failover failed: No healthy connections available  
