[2026-02-16 13:26:31] local.ERROR: SQLSTATE[HY000] [2002] Connection refused (Connection: mysql, Host: 127.0.0.1, Port: 3306, Database: payment_service, SQL: insert into `telescope_entries` (`batch_id`, `content`, `created_at`, `family_hash`, `type`, `uuid`) values (a117d6be-9485-403a-aef6-e3d0071c009a, {"command":"vendor:publish","exit_code":0,"arguments":{"command":"vendor:publish"},"options":{"existing":false,"force":true,"all":false,"provider":null,"tag":["laravel-assets"],"help":false,"silent":false,"quiet":false,"verbose":false,"version":false,"ansi":true,"no-interaction":false,"env":null},"hostname":"modal"}, 2026-02-16 13:26:31, ?, command, a117d6be-8f92-4933-a7be-03a8e7ebc287)) {"exception":"[object] (Illuminate\\Database\\QueryException(code: 2002): SQLSTATE[HY000] [2002] Connection refused (Connection: mysql, Host: 127.0.0.1, Port: 3306, Database: payment_service, SQL: insert into `telescope_entries` (`batch_id`, `content`, `created_at`, `family_hash`, `type`, `uuid`) values (a117d6be-9485-403a-aef6-e3d0071c009a, {\"command\":\"vendor:publish\",\"exit_code\":0,\"arguments\":{\"command\":\"vendor:publish\"},\"options\":{\"existing\":false,\"force\":true,\"all\":false,\"provider\":null,\"tag\":[\"laravel-assets\"],\"help\":false,\"silent\":false,\"quiet\":false,\"verbose\":false,\"version\":false,\"ansi\":true,\"no-interaction\":false,\"env\":null},\"hostname\":\"modal\"}, 2026-02-16 13:26:31, ?, command, a117d6be-8f92-4933-a7be-03a8e7ebc287)) at /tmp/abdoElHodaky/larvrevrstender/services/payment-service/vendor/laravel/framework/src/Illuminate/Database/Connection.php:838)
[stacktrace]
#0 /tmp/abdoElHodaky/larvrevrstender/services/payment-service/vendor/laravel/framework/src/Illuminate/Database/Connection.php(999): Illuminate\\Database\\Connection->runQueryCallback()
#1 /tmp/abdoElHodaky/larvrevrstender/services/payment-service/vendor/laravel/framework/src/Illuminate/Database/Connection.php(978): Illuminate\\Database\\Connection->tryAgainIfCausedByLostConnection()
#2 /tmp/abdoElHodaky/larvrevrstender/services/payment-service/vendor/laravel/framework/src/Illuminate/Database/Connection.php(796): Illuminate\\Database\\Connection->handleQueryException()
#3 /tmp/abdoElHodaky/larvrevrstender/services/payment-service/vendor/laravel/framework/src/Illuminate/Database/MySqlConnection.php(42): Illuminate\\Database\\Connection->run()
#4 /tmp/abdoElHodaky/larvrevrstender/services/payment-service/vendor/laravel/framework/src/Illuminate/Database/Query/Builder.php(4054): Illuminate\\Database\\MySqlConnection->insert()
#5 /tmp/abdoElHodaky/larvrevrstender/services/payment-service/vendor/laravel/telescope/src/Storage/DatabaseEntriesRepository.php(145): Illuminate\\Database\\Query\\Builder->insert()
#6 /tmp/abdoElHodaky/larvrevrstender/services/payment-service/vendor/laravel/framework/src/Illuminate/Collections/Traits/EnumeratesValues.php(275): Laravel\\Telescope\\Storage\\DatabaseEntriesRepository->Laravel\\Telescope\\Storage\\{closure}()
#7 /tmp/abdoElHodaky/larvrevrstender/services/payment-service/vendor/laravel/telescope/src/Storage/DatabaseEntriesRepository.php(144): Illuminate\\Support\\Collection->each()
#8 /tmp/abdoElHodaky/larvrevrstender/services/payment-service/vendor/laravel/telescope/src/Telescope.php(664): Laravel\\Telescope\\Storage\\DatabaseEntriesRepository->store()
#9 [internal function]: Laravel\\Telescope\\Telescope::Laravel\\Telescope\\{closure}()
#10 /tmp/abdoElHodaky/larvrevrstender/services/payment-service/vendor/laravel/telescope/src/Telescope.php(289): call_user_func()
#11 /tmp/abdoElHodaky/larvrevrstender/services/payment-service/vendor/laravel/telescope/src/Telescope.php(656): Laravel\\Telescope\\Telescope::withoutRecording()
#12 /tmp/abdoElHodaky/larvrevrstender/services/payment-service/vendor/laravel/telescope/src/ListensForStorageOpportunities.php(65): Laravel\\Telescope\\Telescope::store()
#13 /tmp/abdoElHodaky/larvrevrstender/services/payment-service/vendor/laravel/framework/src/Illuminate/Container/BoundMethod.php(36): Laravel\\Telescope\\Telescope::Laravel\\Telescope\\{closure}()
#14 /tmp/abdoElHodaky/larvrevrstender/services/payment-service/vendor/laravel/framework/src/Illuminate/Container/Util.php(43): Illuminate\\Container\\BoundMethod::Illuminate\\Container\\{closure}()
#15 /tmp/abdoElHodaky/larvrevrstender/services/payment-service/vendor/laravel/framework/src/Illuminate/Container/BoundMethod.php(84): Illuminate\\Container\\Util::unwrapIfClosure()
#16 /tmp/abdoElHodaky/larvrevrstender/services/payment-service/vendor/laravel/framework/src/Illuminate/Container/BoundMethod.php(35): Illuminate\\Container\\BoundMethod::callBoundMethod()
#17 /tmp/abdoElHodaky/larvrevrstender/services/payment-service/vendor/laravel/framework/src/Illuminate/Container/Container.php(799): Illuminate\\Container\\BoundMethod::call()
#18 /tmp/abdoElHodaky/larvrevrstender/services/payment-service/vendor/laravel/framework/src/Illuminate/Foundation/Application.php(1466): Illuminate\\Container\\Container->call()
#19 /tmp/abdoElHodaky/larvrevrstender/services/payment-service/vendor/laravel/framework/src/Illuminate/Foundation/Console/Kernel.php(219): Illuminate\\Foundation\\Application->terminate()
#20 /tmp/abdoElHodaky/larvrevrstender/services/payment-service/artisan(51): Illuminate\\Foundation\\Console\\Kernel->terminate()
#21 {main}

[previous exception] [object] (PDOException(code: 2002): SQLSTATE[HY000] [2002] Connection refused at /tmp/abdoElHodaky/larvrevrstender/services/payment-service/vendor/laravel/framework/src/Illuminate/Database/Connectors/Connector.php:66)
[stacktrace]
#0 /tmp/abdoElHodaky/larvrevrstender/services/payment-service/vendor/laravel/framework/src/Illuminate/Database/Connectors/Connector.php(66): PDO->__construct()
#1 /tmp/abdoElHodaky/larvrevrstender/services/payment-service/vendor/laravel/framework/src/Illuminate/Database/Connectors/Connector.php(85): Illuminate\\Database\\Connectors\\Connector->createPdoConnection()
#2 /tmp/abdoElHodaky/larvrevrstender/services/payment-service/vendor/laravel/framework/src/Illuminate/Database/Connectors/Connector.php(48): Illuminate\\Database\\Connectors\\Connector->tryAgainIfCausedByLostConnection()
#3 /tmp/abdoElHodaky/larvrevrstender/services/payment-service/vendor/laravel/framework/src/Illuminate/Database/Connectors/MySqlConnector.php(24): Illuminate\\Database\\Connectors\\Connector->createConnection()
#4 /tmp/abdoElHodaky/larvrevrstender/services/payment-service/vendor/laravel/framework/src/Illuminate/Database/Connectors/ConnectionFactory.php(186): Illuminate\\Database\\Connectors\\MySqlConnector->connect()
#5 [internal function]: Illuminate\\Database\\Connectors\\ConnectionFactory->Illuminate\\Database\\Connectors\\{closure}()
#6 /tmp/abdoElHodaky/larvrevrstender/services/payment-service/vendor/laravel/framework/src/Illuminate/Database/Connection.php(1257): call_user_func()
#7 /tmp/abdoElHodaky/larvrevrstender/services/payment-service/vendor/laravel/framework/src/Illuminate/Database/MySqlConnection.php(47): Illuminate\\Database\\Connection->getPdo()
#8 /tmp/abdoElHodaky/larvrevrstender/services/payment-service/vendor/laravel/framework/src/Illuminate/Database/Connection.php(827): Illuminate\\Database\\MySqlConnection->Illuminate\\Database\\{closure}()
#9 /tmp/abdoElHodaky/larvrevrstender/services/payment-service/vendor/laravel/framework/src/Illuminate/Database/Connection.php(999): Illuminate\\Database\\Connection->runQueryCallback()
#10 /tmp/abdoElHodaky/larvrevrstender/services/payment-service/vendor/laravel/framework/src/Illuminate/Database/Connection.php(978): Illuminate\\Database\\Connection->tryAgainIfCausedByLostConnection()
#11 /tmp/abdoElHodaky/larvrevrstender/services/payment-service/vendor/laravel/framework/src/Illuminate/Database/Connection.php(796): Illuminate\\Database\\Connection->handleQueryException()
#12 /tmp/abdoElHodaky/larvrevrstender/services/payment-service/vendor/laravel/framework/src/Illuminate/Database/MySqlConnection.php(42): Illuminate\\Database\\Connection->run()
#13 /tmp/abdoElHodaky/larvrevrstender/services/payment-service/vendor/laravel/framework/src/Illuminate/Database/Query/Builder.php(4054): Illuminate\\Database\\MySqlConnection->insert()
#14 /tmp/abdoElHodaky/larvrevrstender/services/payment-service/vendor/laravel/telescope/src/Storage/DatabaseEntriesRepository.php(145): Illuminate\\Database\\Query\\Builder->insert()
#15 /tmp/abdoElHodaky/larvrevrstender/services/payment-service/vendor/laravel/framework/src/Illuminate/Collections/Traits/EnumeratesValues.php(275): Laravel\\Telescope\\Storage\\DatabaseEntriesRepository->Laravel\\Telescope\\Storage\\{closure}()
#16 /tmp/abdoElHodaky/larvrevrstender/services/payment-service/vendor/laravel/telescope/src/Storage/DatabaseEntriesRepository.php(144): Illuminate\\Support\\Collection->each()
#17 /tmp/abdoElHodaky/larvrevrstender/services/payment-service/vendor/laravel/telescope/src/Telescope.php(664): Laravel\\Telescope\\Storage\\DatabaseEntriesRepository->store()
#18 [internal function]: Laravel\\Telescope\\Telescope::Laravel\\Telescope\\{closure}()
#19 /tmp/abdoElHodaky/larvrevrstender/services/payment-service/vendor/laravel/telescope/src/Telescope.php(289): call_user_func()
#20 /tmp/abdoElHodaky/larvrevrstender/services/payment-service/vendor/laravel/telescope/src/Telescope.php(656): Laravel\\Telescope\\Telescope::withoutRecording()
#21 /tmp/abdoElHodaky/larvrevrstender/services/payment-service/vendor/laravel/telescope/src/ListensForStorageOpportunities.php(65): Laravel\\Telescope\\Telescope::store()
#22 /tmp/abdoElHodaky/larvrevrstender/services/payment-service/vendor/laravel/framework/src/Illuminate/Container/BoundMethod.php(36): Laravel\\Telescope\\Telescope::Laravel\\Telescope\\{closure}()
#23 /tmp/abdoElHodaky/larvrevrstender/services/payment-service/vendor/laravel/framework/src/Illuminate/Container/Util.php(43): Illuminate\\Container\\BoundMethod::Illuminate\\Container\\{closure}()
#24 /tmp/abdoElHodaky/larvrevrstender/services/payment-service/vendor/laravel/framework/src/Illuminate/Container/BoundMethod.php(84): Illuminate\\Container\\Util::unwrapIfClosure()
#25 /tmp/abdoElHodaky/larvrevrstender/services/payment-service/vendor/laravel/framework/src/Illuminate/Container/BoundMethod.php(35): Illuminate\\Container\\BoundMethod::callBoundMethod()
#26 /tmp/abdoElHodaky/larvrevrstender/services/payment-service/vendor/laravel/framework/src/Illuminate/Container/Container.php(799): Illuminate\\Container\\BoundMethod::call()
#27 /tmp/abdoElHodaky/larvrevrstender/services/payment-service/vendor/laravel/framework/src/Illuminate/Foundation/Application.php(1466): Illuminate\\Container\\Container->call()
#28 /tmp/abdoElHodaky/larvrevrstender/services/payment-service/vendor/laravel/framework/src/Illuminate/Foundation/Console/Kernel.php(219): Illuminate\\Foundation\\Application->terminate()
#29 /tmp/abdoElHodaky/larvrevrstender/services/payment-service/artisan(51): Illuminate\\Foundation\\Console\\Kernel->terminate()
#30 {main}
"} 
[2026-02-16 13:28:15] local.ERROR: SQLSTATE[HY000] [2002] Connection refused (Connection: mysql, Host: 127.0.0.1, Port: 3306, Database: payment_service, SQL: insert into `telescope_entries` (`batch_id`, `content`, `created_at`, `family_hash`, `type`, `uuid`) values (a117d75e-2a20-4597-a793-26779476d84e, {"command":"vendor:publish","exit_code":0,"arguments":{"command":"vendor:publish"},"options":{"existing":false,"force":true,"all":false,"provider":null,"tag":["laravel-assets"],"help":false,"silent":false,"quiet":false,"verbose":false,"version":false,"ansi":true,"no-interaction":false,"env":null},"hostname":"modal"}, 2026-02-16 13:28:15, ?, command, a117d75e-27ca-42aa-b357-0908b16690f4)) {"exception":"[object] (Illuminate\\Database\\QueryException(code: 2002): SQLSTATE[HY000] [2002] Connection refused (Connection: mysql, Host: 127.0.0.1, Port: 3306, Database: payment_service, SQL: insert into `telescope_entries` (`batch_id`, `content`, `created_at`, `family_hash`, `type`, `uuid`) values (a117d75e-2a20-4597-a793-26779476d84e, {\"command\":\"vendor:publish\",\"exit_code\":0,\"arguments\":{\"command\":\"vendor:publish\"},\"options\":{\"existing\":false,\"force\":true,\"all\":false,\"provider\":null,\"tag\":[\"laravel-assets\"],\"help\":false,\"silent\":false,\"quiet\":false,\"verbose\":false,\"version\":false,\"ansi\":true,\"no-interaction\":false,\"env\":null},\"hostname\":\"modal\"}, 2026-02-16 13:28:15, ?, command, a117d75e-27ca-42aa-b357-0908b16690f4)) at /tmp/abdoElHodaky/larvrevrstender/services/payment-service/vendor/laravel/framework/src/Illuminate/Database/Connection.php:838)
[stacktrace]
#0 /tmp/abdoElHodaky/larvrevrstender/services/payment-service/vendor/laravel/framework/src/Illuminate/Database/Connection.php(999): Illuminate\\Database\\Connection->runQueryCallback()
#1 /tmp/abdoElHodaky/larvrevrstender/services/payment-service/vendor/laravel/framework/src/Illuminate/Database/Connection.php(978): Illuminate\\Database\\Connection->tryAgainIfCausedByLostConnection()
#2 /tmp/abdoElHodaky/larvrevrstender/services/payment-service/vendor/laravel/framework/src/Illuminate/Database/Connection.php(796): Illuminate\\Database\\Connection->handleQueryException()
#3 /tmp/abdoElHodaky/larvrevrstender/services/payment-service/vendor/laravel/framework/src/Illuminate/Database/MySqlConnection.php(42): Illuminate\\Database\\Connection->run()
#4 /tmp/abdoElHodaky/larvrevrstender/services/payment-service/vendor/laravel/framework/src/Illuminate/Database/Query/Builder.php(4054): Illuminate\\Database\\MySqlConnection->insert()
#5 /tmp/abdoElHodaky/larvrevrstender/services/payment-service/vendor/laravel/telescope/src/Storage/DatabaseEntriesRepository.php(145): Illuminate\\Database\\Query\\Builder->insert()
#6 /tmp/abdoElHodaky/larvrevrstender/services/payment-service/vendor/laravel/framework/src/Illuminate/Collections/Traits/EnumeratesValues.php(275): Laravel\\Telescope\\Storage\\DatabaseEntriesRepository->Laravel\\Telescope\\Storage\\{closure}()
#7 /tmp/abdoElHodaky/larvrevrstender/services/payment-service/vendor/laravel/telescope/src/Storage/DatabaseEntriesRepository.php(144): Illuminate\\Support\\Collection->each()
#8 /tmp/abdoElHodaky/larvrevrstender/services/payment-service/vendor/laravel/telescope/src/Telescope.php(664): Laravel\\Telescope\\Storage\\DatabaseEntriesRepository->store()
#9 [internal function]: Laravel\\Telescope\\Telescope::Laravel\\Telescope\\{closure}()
#10 /tmp/abdoElHodaky/larvrevrstender/services/payment-service/vendor/laravel/telescope/src/Telescope.php(289): call_user_func()
#11 /tmp/abdoElHodaky/larvrevrstender/services/payment-service/vendor/laravel/telescope/src/Telescope.php(656): Laravel\\Telescope\\Telescope::withoutRecording()
#12 /tmp/abdoElHodaky/larvrevrstender/services/payment-service/vendor/laravel/telescope/src/ListensForStorageOpportunities.php(65): Laravel\\Telescope\\Telescope::store()
#13 /tmp/abdoElHodaky/larvrevrstender/services/payment-service/vendor/laravel/framework/src/Illuminate/Container/BoundMethod.php(36): Laravel\\Telescope\\Telescope::Laravel\\Telescope\\{closure}()
#14 /tmp/abdoElHodaky/larvrevrstender/services/payment-service/vendor/laravel/framework/src/Illuminate/Container/Util.php(43): Illuminate\\Container\\BoundMethod::Illuminate\\Container\\{closure}()
#15 /tmp/abdoElHodaky/larvrevrstender/services/payment-service/vendor/laravel/framework/src/Illuminate/Container/BoundMethod.php(84): Illuminate\\Container\\Util::unwrapIfClosure()
#16 /tmp/abdoElHodaky/larvrevrstender/services/payment-service/vendor/laravel/framework/src/Illuminate/Container/BoundMethod.php(35): Illuminate\\Container\\BoundMethod::callBoundMethod()
#17 /tmp/abdoElHodaky/larvrevrstender/services/payment-service/vendor/laravel/framework/src/Illuminate/Container/Container.php(799): Illuminate\\Container\\BoundMethod::call()
#18 /tmp/abdoElHodaky/larvrevrstender/services/payment-service/vendor/laravel/framework/src/Illuminate/Foundation/Application.php(1466): Illuminate\\Container\\Container->call()
#19 /tmp/abdoElHodaky/larvrevrstender/services/payment-service/vendor/laravel/framework/src/Illuminate/Foundation/Console/Kernel.php(219): Illuminate\\Foundation\\Application->terminate()
#20 /tmp/abdoElHodaky/larvrevrstender/services/payment-service/artisan(51): Illuminate\\Foundation\\Console\\Kernel->terminate()
#21 {main}

[previous exception] [object] (PDOException(code: 2002): SQLSTATE[HY000] [2002] Connection refused at /tmp/abdoElHodaky/larvrevrstender/services/payment-service/vendor/laravel/framework/src/Illuminate/Database/Connectors/Connector.php:66)
[stacktrace]
#0 /tmp/abdoElHodaky/larvrevrstender/services/payment-service/vendor/laravel/framework/src/Illuminate/Database/Connectors/Connector.php(66): PDO->__construct()
#1 /tmp/abdoElHodaky/larvrevrstender/services/payment-service/vendor/laravel/framework/src/Illuminate/Database/Connectors/Connector.php(85): Illuminate\\Database\\Connectors\\Connector->createPdoConnection()
#2 /tmp/abdoElHodaky/larvrevrstender/services/payment-service/vendor/laravel/framework/src/Illuminate/Database/Connectors/Connector.php(48): Illuminate\\Database\\Connectors\\Connector->tryAgainIfCausedByLostConnection()
#3 /tmp/abdoElHodaky/larvrevrstender/services/payment-service/vendor/laravel/framework/src/Illuminate/Database/Connectors/MySqlConnector.php(24): Illuminate\\Database\\Connectors\\Connector->createConnection()
#4 /tmp/abdoElHodaky/larvrevrstender/services/payment-service/vendor/laravel/framework/src/Illuminate/Database/Connectors/ConnectionFactory.php(186): Illuminate\\Database\\Connectors\\MySqlConnector->connect()
#5 [internal function]: Illuminate\\Database\\Connectors\\ConnectionFactory->Illuminate\\Database\\Connectors\\{closure}()
#6 /tmp/abdoElHodaky/larvrevrstender/services/payment-service/vendor/laravel/framework/src/Illuminate/Database/Connection.php(1257): call_user_func()
#7 /tmp/abdoElHodaky/larvrevrstender/services/payment-service/vendor/laravel/framework/src/Illuminate/Database/MySqlConnection.php(47): Illuminate\\Database\\Connection->getPdo()
#8 /tmp/abdoElHodaky/larvrevrstender/services/payment-service/vendor/laravel/framework/src/Illuminate/Database/Connection.php(827): Illuminate\\Database\\MySqlConnection->Illuminate\\Database\\{closure}()
#9 /tmp/abdoElHodaky/larvrevrstender/services/payment-service/vendor/laravel/framework/src/Illuminate/Database/Connection.php(999): Illuminate\\Database\\Connection->runQueryCallback()
#10 /tmp/abdoElHodaky/larvrevrstender/services/payment-service/vendor/laravel/framework/src/Illuminate/Database/Connection.php(978): Illuminate\\Database\\Connection->tryAgainIfCausedByLostConnection()
#11 /tmp/abdoElHodaky/larvrevrstender/services/payment-service/vendor/laravel/framework/src/Illuminate/Database/Connection.php(796): Illuminate\\Database\\Connection->handleQueryException()
#12 /tmp/abdoElHodaky/larvrevrstender/services/payment-service/vendor/laravel/framework/src/Illuminate/Database/MySqlConnection.php(42): Illuminate\\Database\\Connection->run()
#13 /tmp/abdoElHodaky/larvrevrstender/services/payment-service/vendor/laravel/framework/src/Illuminate/Database/Query/Builder.php(4054): Illuminate\\Database\\MySqlConnection->insert()
#14 /tmp/abdoElHodaky/larvrevrstender/services/payment-service/vendor/laravel/telescope/src/Storage/DatabaseEntriesRepository.php(145): Illuminate\\Database\\Query\\Builder->insert()
#15 /tmp/abdoElHodaky/larvrevrstender/services/payment-service/vendor/laravel/framework/src/Illuminate/Collections/Traits/EnumeratesValues.php(275): Laravel\\Telescope\\Storage\\DatabaseEntriesRepository->Laravel\\Telescope\\Storage\\{closure}()
#16 /tmp/abdoElHodaky/larvrevrstender/services/payment-service/vendor/laravel/telescope/src/Storage/DatabaseEntriesRepository.php(144): Illuminate\\Support\\Collection->each()
#17 /tmp/abdoElHodaky/larvrevrstender/services/payment-service/vendor/laravel/telescope/src/Telescope.php(664): Laravel\\Telescope\\Storage\\DatabaseEntriesRepository->store()
#18 [internal function]: Laravel\\Telescope\\Telescope::Laravel\\Telescope\\{closure}()
#19 /tmp/abdoElHodaky/larvrevrstender/services/payment-service/vendor/laravel/telescope/src/Telescope.php(289): call_user_func()
#20 /tmp/abdoElHodaky/larvrevrstender/services/payment-service/vendor/laravel/telescope/src/Telescope.php(656): Laravel\\Telescope\\Telescope::withoutRecording()
#21 /tmp/abdoElHodaky/larvrevrstender/services/payment-service/vendor/laravel/telescope/src/ListensForStorageOpportunities.php(65): Laravel\\Telescope\\Telescope::store()
#22 /tmp/abdoElHodaky/larvrevrstender/services/payment-service/vendor/laravel/framework/src/Illuminate/Container/BoundMethod.php(36): Laravel\\Telescope\\Telescope::Laravel\\Telescope\\{closure}()
#23 /tmp/abdoElHodaky/larvrevrstender/services/payment-service/vendor/laravel/framework/src/Illuminate/Container/Util.php(43): Illuminate\\Container\\BoundMethod::Illuminate\\Container\\{closure}()
#24 /tmp/abdoElHodaky/larvrevrstender/services/payment-service/vendor/laravel/framework/src/Illuminate/Container/BoundMethod.php(84): Illuminate\\Container\\Util::unwrapIfClosure()
#25 /tmp/abdoElHodaky/larvrevrstender/services/payment-service/vendor/laravel/framework/src/Illuminate/Container/BoundMethod.php(35): Illuminate\\Container\\BoundMethod::callBoundMethod()
#26 /tmp/abdoElHodaky/larvrevrstender/services/payment-service/vendor/laravel/framework/src/Illuminate/Container/Container.php(799): Illuminate\\Container\\BoundMethod::call()
#27 /tmp/abdoElHodaky/larvrevrstender/services/payment-service/vendor/laravel/framework/src/Illuminate/Foundation/Application.php(1466): Illuminate\\Container\\Container->call()
#28 /tmp/abdoElHodaky/larvrevrstender/services/payment-service/vendor/laravel/framework/src/Illuminate/Foundation/Console/Kernel.php(219): Illuminate\\Foundation\\Application->terminate()
#29 /tmp/abdoElHodaky/larvrevrstender/services/payment-service/artisan(51): Illuminate\\Foundation\\Console\\Kernel->terminate()
#30 {main}
"} 
[2026-02-16 17:55:58] testing.ERROR: Trait "Shared\Procedures\Macro\WorkflowProcedure" not found {"exception":"[object] (Symfony\\Component\\ErrorHandler\\Error\\FatalError(code: 0): Trait \"Shared\\Procedures\\Macro\\WorkflowProcedure\" not found at /tmp/abdoElHodaky/larvrevrstender/services/shared/src/Procedures/CrossServiceProcedure.php:31)
[stacktrace]
#0 {main}
"} 
[2026-02-16 17:58:27] testing.ERROR: Access level to Shared\Procedures\CrossServiceProcedure::$config must be protected (as in class Shared\Core\BaseProcedure) or weaker {"exception":"[object] (Symfony\\Component\\ErrorHandler\\Error\\FatalError(code: 0): Access level to Shared\\Procedures\\CrossServiceProcedure::$config must be protected (as in class Shared\\Core\\BaseProcedure) or weaker at /tmp/abdoElHodaky/larvrevrstender/services/shared/src/Procedures/CrossServiceProcedure.php:31)
[stacktrace]
#0 {main}
"} 
[2026-02-16 17:59:12] testing.ERROR: Type of Shared\Procedures\CrossServiceProcedure::$config must be array (as in class Shared\Core\BaseProcedure) {"exception":"[object] (Symfony\\Component\\ErrorHandler\\Error\\FatalError(code: 0): Type of Shared\\Procedures\\CrossServiceProcedure::$config must be array (as in class Shared\\Core\\BaseProcedure) at /tmp/abdoElHodaky/larvrevrstender/services/shared/src/Procedures/CrossServiceProcedure.php:31)
[stacktrace]
#0 {main}
"} 
[2026-02-16 18:02:26] testing.ERROR: Access level to Shared\Procedures\Micro\NotificationProcedure::errorResponse() must be protected (as in class Shared\Core\BaseProcedure) or weaker {"exception":"[object] (Symfony\\Component\\ErrorHandler\\Error\\FatalError(code: 0): Access level to Shared\\Procedures\\Micro\\NotificationProcedure::errorResponse() must be protected (as in class Shared\\Core\\BaseProcedure) or weaker at /tmp/abdoElHodaky/larvrevrstender/services/shared/src/Procedures/Micro/NotificationProcedure.php:262)
[stacktrace]
#0 {main}
"} 
[2026-02-16 18:03:35] testing.ERROR: Declaration of Shared\Procedures\Micro\NotificationProcedure::errorResponse(string $message, array $details = []): array must be compatible with Shared\Core\BaseProcedure::errorResponse(string $message, $data = null, array $metadata = []): array {"exception":"[object] (Symfony\\Component\\ErrorHandler\\Error\\FatalError(code: 0): Declaration of Shared\\Procedures\\Micro\\NotificationProcedure::errorResponse(string $message, array $details = []): array must be compatible with Shared\\Core\\BaseProcedure::errorResponse(string $message, $data = null, array $metadata = []): array at /tmp/abdoElHodaky/larvrevrstender/services/shared/src/Procedures/Micro/NotificationProcedure.php:262)
[stacktrace]
#0 {main}
"} 
[2026-02-16 18:04:38] testing.ERROR: Trait method Shared\Procedures\Micro\WebPushProcedure::makeRpcCall has not been applied as Shared\Procedures\CrossServiceProcedure::makeRpcCall, because of collision with Shared\Procedures\Micro\NotificationProcedure::makeRpcCall {"exception":"[object] (Symfony\\Component\\ErrorHandler\\Error\\FatalError(code: 0): Trait method Shared\\Procedures\\Micro\\WebPushProcedure::makeRpcCall has not been applied as Shared\\Procedures\\CrossServiceProcedure::makeRpcCall, because of collision with Shared\\Procedures\\Micro\\NotificationProcedure::makeRpcCall at /tmp/abdoElHodaky/larvrevrstender/services/shared/src/Procedures/CrossServiceProcedure.php:31)
[stacktrace]
#0 {main}
"} 
[2026-02-16 18:05:20] testing.INFO: Procedure registered {"name":"events","class":"Shared\\Procedures\\CrossServiceProcedure","type":"micro"} 
[2026-02-16 18:05:20] testing.INFO: Procedure registered {"name":"cache","class":"Shared\\Procedures\\CrossServiceProcedure","type":"micro"} 
[2026-02-16 18:05:20] testing.INFO: Procedure registered {"name":"notification","class":"Shared\\Procedures\\CrossServiceProcedure","type":"micro"} 
[2026-02-16 18:05:20] testing.INFO: Procedure registered {"name":"validation","class":"Shared\\Procedures\\CrossServiceProcedure","type":"micro"} 
[2026-02-16 18:05:20] testing.INFO: Procedure registered {"name":"security","class":"Shared\\Procedures\\CrossServiceProcedure","type":"micro"} 
[2026-02-16 18:05:20] testing.INFO: Procedure registered {"name":"circuit_breaker","class":"Shared\\Procedures\\CrossServiceProcedure","type":"micro"} 
[2026-02-16 18:05:20] testing.INFO: Procedure registered {"name":"queue_circuit_breaker","class":"Shared\\Procedures\\CrossServiceProcedure","type":"micro"} 
[2026-02-16 18:05:20] testing.INFO: Procedure registered {"name":"third_party_integration","class":"Shared\\Procedures\\CrossServiceProcedure","type":"micro"} 
[2026-02-16 18:05:20] testing.INFO: Procedure registered {"name":"workflow","class":"Shared\\Procedures\\CrossServiceProcedure","type":"macro"} 
[2026-02-16 18:05:20] testing.INFO: Procedure registered {"name":"events","class":"Shared\\Procedures\\CrossServiceProcedure","type":"micro"} 
[2026-02-16 18:05:20] testing.INFO: Procedure registered {"name":"cache","class":"Shared\\Procedures\\CrossServiceProcedure","type":"micro"} 
[2026-02-16 18:05:20] testing.INFO: Procedure registered {"name":"notification","class":"Shared\\Procedures\\CrossServiceProcedure","type":"micro"} 
[2026-02-16 18:05:20] testing.INFO: Procedure registered {"name":"validation","class":"Shared\\Procedures\\CrossServiceProcedure","type":"micro"} 
[2026-02-16 18:05:20] testing.INFO: Procedure registered {"name":"security","class":"Shared\\Procedures\\CrossServiceProcedure","type":"micro"} 
[2026-02-16 18:05:20] testing.INFO: Procedure registered {"name":"circuit_breaker","class":"Shared\\Procedures\\CrossServiceProcedure","type":"micro"} 
[2026-02-16 18:05:20] testing.INFO: Procedure registered {"name":"queue_circuit_breaker","class":"Shared\\Procedures\\CrossServiceProcedure","type":"micro"} 
[2026-02-16 18:05:20] testing.INFO: Procedure registered {"name":"third_party_integration","class":"Shared\\Procedures\\CrossServiceProcedure","type":"micro"} 
[2026-02-16 18:05:20] testing.INFO: Procedure registered {"name":"workflow","class":"Shared\\Procedures\\CrossServiceProcedure","type":"macro"} 
[2026-02-16 18:05:20] testing.INFO: Procedure registered {"name":"events","class":"Shared\\Procedures\\CrossServiceProcedure","type":"micro"} 
[2026-02-16 18:05:20] testing.INFO: Procedure registered {"name":"cache","class":"Shared\\Procedures\\CrossServiceProcedure","type":"micro"} 
[2026-02-16 18:05:20] testing.INFO: Procedure registered {"name":"notification","class":"Shared\\Procedures\\CrossServiceProcedure","type":"micro"} 
[2026-02-16 18:05:20] testing.INFO: Procedure registered {"name":"validation","class":"Shared\\Procedures\\CrossServiceProcedure","type":"micro"} 
[2026-02-16 18:05:20] testing.INFO: Procedure registered {"name":"security","class":"Shared\\Procedures\\CrossServiceProcedure","type":"micro"} 
[2026-02-16 18:05:20] testing.INFO: Procedure registered {"name":"circuit_breaker","class":"Shared\\Procedures\\CrossServiceProcedure","type":"micro"} 
[2026-02-16 18:05:20] testing.INFO: Procedure registered {"name":"queue_circuit_breaker","class":"Shared\\Procedures\\CrossServiceProcedure","type":"micro"} 
[2026-02-16 18:05:20] testing.INFO: Procedure registered {"name":"third_party_integration","class":"Shared\\Procedures\\CrossServiceProcedure","type":"micro"} 
[2026-02-16 18:05:20] testing.INFO: Procedure registered {"name":"workflow","class":"Shared\\Procedures\\CrossServiceProcedure","type":"macro"} 
[2026-02-16 18:05:20] testing.INFO: Procedure registered {"name":"events","class":"Shared\\Procedures\\CrossServiceProcedure","type":"micro"} 
[2026-02-16 18:05:20] testing.INFO: Procedure registered {"name":"cache","class":"Shared\\Procedures\\CrossServiceProcedure","type":"micro"} 
[2026-02-16 18:05:20] testing.INFO: Procedure registered {"name":"notification","class":"Shared\\Procedures\\CrossServiceProcedure","type":"micro"} 
[2026-02-16 18:05:20] testing.INFO: Procedure registered {"name":"validation","class":"Shared\\Procedures\\CrossServiceProcedure","type":"micro"} 
[2026-02-16 18:05:20] testing.INFO: Procedure registered {"name":"security","class":"Shared\\Procedures\\CrossServiceProcedure","type":"micro"} 
[2026-02-16 18:05:20] testing.INFO: Procedure registered {"name":"circuit_breaker","class":"Shared\\Procedures\\CrossServiceProcedure","type":"micro"} 
[2026-02-16 18:05:20] testing.INFO: Procedure registered {"name":"queue_circuit_breaker","class":"Shared\\Procedures\\CrossServiceProcedure","type":"micro"} 
[2026-02-16 18:05:20] testing.INFO: Procedure registered {"name":"third_party_integration","class":"Shared\\Procedures\\CrossServiceProcedure","type":"micro"} 
[2026-02-16 18:05:20] testing.INFO: Procedure registered {"name":"workflow","class":"Shared\\Procedures\\CrossServiceProcedure","type":"macro"} 
[2026-02-16 20:08:26] testing.INFO: Procedure registered {"name":"events","class":"Shared\\Procedures\\CrossServiceProcedure","type":"micro"} 
[2026-02-16 20:08:26] testing.INFO: Procedure registered {"name":"cache","class":"Shared\\Procedures\\CrossServiceProcedure","type":"micro"} 
[2026-02-16 20:08:26] testing.INFO: Procedure registered {"name":"notification","class":"Shared\\Procedures\\CrossServiceProcedure","type":"micro"} 
[2026-02-16 20:08:26] testing.INFO: Procedure registered {"name":"validation","class":"Shared\\Procedures\\CrossServiceProcedure","type":"micro"} 
[2026-02-16 20:08:26] testing.INFO: Procedure registered {"name":"security","class":"Shared\\Procedures\\CrossServiceProcedure","type":"micro"} 
[2026-02-16 20:08:26] testing.INFO: Procedure registered {"name":"circuit_breaker","class":"Shared\\Procedures\\CrossServiceProcedure","type":"micro"} 
[2026-02-16 20:08:26] testing.INFO: Procedure registered {"name":"queue_circuit_breaker","class":"Shared\\Procedures\\CrossServiceProcedure","type":"micro"} 
[2026-02-16 20:08:26] testing.INFO: Procedure registered {"name":"third_party_integration","class":"Shared\\Procedures\\CrossServiceProcedure","type":"micro"} 
[2026-02-16 20:08:26] testing.INFO: Procedure registered {"name":"workflow","class":"Shared\\Procedures\\CrossServiceProcedure","type":"macro"} 
[2026-02-16 20:08:26] testing.INFO: Procedure registered {"name":"events","class":"Shared\\Procedures\\CrossServiceProcedure","type":"micro"} 
[2026-02-16 20:08:26] testing.INFO: Procedure registered {"name":"cache","class":"Shared\\Procedures\\CrossServiceProcedure","type":"micro"} 
[2026-02-16 20:08:26] testing.INFO: Procedure registered {"name":"notification","class":"Shared\\Procedures\\CrossServiceProcedure","type":"micro"} 
[2026-02-16 20:08:26] testing.INFO: Procedure registered {"name":"validation","class":"Shared\\Procedures\\CrossServiceProcedure","type":"micro"} 
[2026-02-16 20:08:26] testing.INFO: Procedure registered {"name":"security","class":"Shared\\Procedures\\CrossServiceProcedure","type":"micro"} 
[2026-02-16 20:08:26] testing.INFO: Procedure registered {"name":"circuit_breaker","class":"Shared\\Procedures\\CrossServiceProcedure","type":"micro"} 
[2026-02-16 20:08:26] testing.INFO: Procedure registered {"name":"queue_circuit_breaker","class":"Shared\\Procedures\\CrossServiceProcedure","type":"micro"} 
[2026-02-16 20:08:26] testing.INFO: Procedure registered {"name":"third_party_integration","class":"Shared\\Procedures\\CrossServiceProcedure","type":"micro"} 
[2026-02-16 20:08:26] testing.INFO: Procedure registered {"name":"workflow","class":"Shared\\Procedures\\CrossServiceProcedure","type":"macro"} 
[2026-02-16 20:08:26] testing.INFO: Procedure registered {"name":"events","class":"Shared\\Procedures\\CrossServiceProcedure","type":"micro"} 
[2026-02-16 20:08:26] testing.INFO: Procedure registered {"name":"cache","class":"Shared\\Procedures\\CrossServiceProcedure","type":"micro"} 
[2026-02-16 20:08:26] testing.INFO: Procedure registered {"name":"notification","class":"Shared\\Procedures\\CrossServiceProcedure","type":"micro"} 
[2026-02-16 20:08:26] testing.INFO: Procedure registered {"name":"validation","class":"Shared\\Procedures\\CrossServiceProcedure","type":"micro"} 
[2026-02-16 20:08:26] testing.INFO: Procedure registered {"name":"security","class":"Shared\\Procedures\\CrossServiceProcedure","type":"micro"} 
[2026-02-16 20:08:26] testing.INFO: Procedure registered {"name":"circuit_breaker","class":"Shared\\Procedures\\CrossServiceProcedure","type":"micro"} 
[2026-02-16 20:08:26] testing.INFO: Procedure registered {"name":"queue_circuit_breaker","class":"Shared\\Procedures\\CrossServiceProcedure","type":"micro"} 
[2026-02-16 20:08:26] testing.INFO: Procedure registered {"name":"third_party_integration","class":"Shared\\Procedures\\CrossServiceProcedure","type":"micro"} 
[2026-02-16 20:08:26] testing.INFO: Procedure registered {"name":"workflow","class":"Shared\\Procedures\\CrossServiceProcedure","type":"macro"} 
[2026-02-16 20:08:26] testing.INFO: Procedure registered {"name":"events","class":"Shared\\Procedures\\CrossServiceProcedure","type":"micro"} 
[2026-02-16 20:08:26] testing.INFO: Procedure registered {"name":"cache","class":"Shared\\Procedures\\CrossServiceProcedure","type":"micro"} 
[2026-02-16 20:08:26] testing.INFO: Procedure registered {"name":"notification","class":"Shared\\Procedures\\CrossServiceProcedure","type":"micro"} 
[2026-02-16 20:08:26] testing.INFO: Procedure registered {"name":"validation","class":"Shared\\Procedures\\CrossServiceProcedure","type":"micro"} 
[2026-02-16 20:08:26] testing.INFO: Procedure registered {"name":"security","class":"Shared\\Procedures\\CrossServiceProcedure","type":"micro"} 
[2026-02-16 20:08:26] testing.INFO: Procedure registered {"name":"circuit_breaker","class":"Shared\\Procedures\\CrossServiceProcedure","type":"micro"} 
[2026-02-16 20:08:26] testing.INFO: Procedure registered {"name":"queue_circuit_breaker","class":"Shared\\Procedures\\CrossServiceProcedure","type":"micro"} 
[2026-02-16 20:08:26] testing.INFO: Procedure registered {"name":"third_party_integration","class":"Shared\\Procedures\\CrossServiceProcedure","type":"micro"} 
[2026-02-16 20:08:26] testing.INFO: Procedure registered {"name":"workflow","class":"Shared\\Procedures\\CrossServiceProcedure","type":"macro"} 
[2026-02-17 05:48:22] testing.INFO: Procedure registered {"name":"events","class":"Shared\\Procedures\\CrossServiceProcedure","type":"micro"} 
[2026-02-17 05:48:22] testing.INFO: Procedure registered {"name":"cache","class":"Shared\\Procedures\\CrossServiceProcedure","type":"micro"} 
[2026-02-17 05:48:22] testing.INFO: Procedure registered {"name":"notification","class":"Shared\\Procedures\\CrossServiceProcedure","type":"micro"} 
[2026-02-17 05:48:22] testing.INFO: Procedure registered {"name":"validation","class":"Shared\\Procedures\\CrossServiceProcedure","type":"micro"} 
[2026-02-17 05:48:22] testing.INFO: Procedure registered {"name":"security","class":"Shared\\Procedures\\CrossServiceProcedure","type":"micro"} 
[2026-02-17 05:48:22] testing.INFO: Procedure registered {"name":"circuit_breaker","class":"Shared\\Procedures\\CrossServiceProcedure","type":"micro"} 
[2026-02-17 05:48:22] testing.INFO: Procedure registered {"name":"queue_circuit_breaker","class":"Shared\\Procedures\\CrossServiceProcedure","type":"micro"} 
[2026-02-17 05:48:22] testing.INFO: Procedure registered {"name":"third_party_integration","class":"Shared\\Procedures\\CrossServiceProcedure","type":"micro"} 
[2026-02-17 05:48:22] testing.INFO: Procedure registered {"name":"workflow","class":"Shared\\Procedures\\CrossServiceProcedure","type":"macro"} 
[2026-02-17 05:48:22] testing.INFO: Procedure registered {"name":"events","class":"Shared\\Procedures\\CrossServiceProcedure","type":"micro"} 
[2026-02-17 05:48:22] testing.INFO: Procedure registered {"name":"cache","class":"Shared\\Procedures\\CrossServiceProcedure","type":"micro"} 
[2026-02-17 05:48:22] testing.INFO: Procedure registered {"name":"notification","class":"Shared\\Procedures\\CrossServiceProcedure","type":"micro"} 
[2026-02-17 05:48:22] testing.INFO: Procedure registered {"name":"validation","class":"Shared\\Procedures\\CrossServiceProcedure","type":"micro"} 
[2026-02-17 05:48:22] testing.INFO: Procedure registered {"name":"security","class":"Shared\\Procedures\\CrossServiceProcedure","type":"micro"} 
[2026-02-17 05:48:22] testing.INFO: Procedure registered {"name":"circuit_breaker","class":"Shared\\Procedures\\CrossServiceProcedure","type":"micro"} 
[2026-02-17 05:48:22] testing.INFO: Procedure registered {"name":"queue_circuit_breaker","class":"Shared\\Procedures\\CrossServiceProcedure","type":"micro"} 
[2026-02-17 05:48:22] testing.INFO: Procedure registered {"name":"third_party_integration","class":"Shared\\Procedures\\CrossServiceProcedure","type":"micro"} 
[2026-02-17 05:48:22] testing.INFO: Procedure registered {"name":"workflow","class":"Shared\\Procedures\\CrossServiceProcedure","type":"macro"} 
[2026-02-17 05:48:22] testing.INFO: Procedure registered {"name":"events","class":"Shared\\Procedures\\CrossServiceProcedure","type":"micro"} 
[2026-02-17 05:48:22] testing.INFO: Procedure registered {"name":"cache","class":"Shared\\Procedures\\CrossServiceProcedure","type":"micro"} 
[2026-02-17 05:48:22] testing.INFO: Procedure registered {"name":"notification","class":"Shared\\Procedures\\CrossServiceProcedure","type":"micro"} 
[2026-02-17 05:48:22] testing.INFO: Procedure registered {"name":"validation","class":"Shared\\Procedures\\CrossServiceProcedure","type":"micro"} 
[2026-02-17 05:48:22] testing.INFO: Procedure registered {"name":"security","class":"Shared\\Procedures\\CrossServiceProcedure","type":"micro"} 
[2026-02-17 05:48:22] testing.INFO: Procedure registered {"name":"circuit_breaker","class":"Shared\\Procedures\\CrossServiceProcedure","type":"micro"} 
[2026-02-17 05:48:22] testing.INFO: Procedure registered {"name":"queue_circuit_breaker","class":"Shared\\Procedures\\CrossServiceProcedure","type":"micro"} 
[2026-02-17 05:48:22] testing.INFO: Procedure registered {"name":"third_party_integration","class":"Shared\\Procedures\\CrossServiceProcedure","type":"micro"} 
[2026-02-17 05:48:22] testing.INFO: Procedure registered {"name":"workflow","class":"Shared\\Procedures\\CrossServiceProcedure","type":"macro"} 
[2026-02-17 05:48:22] testing.INFO: Procedure registered {"name":"events","class":"Shared\\Procedures\\CrossServiceProcedure","type":"micro"} 
[2026-02-17 05:48:22] testing.INFO: Procedure registered {"name":"cache","class":"Shared\\Procedures\\CrossServiceProcedure","type":"micro"} 
[2026-02-17 05:48:22] testing.INFO: Procedure registered {"name":"notification","class":"Shared\\Procedures\\CrossServiceProcedure","type":"micro"} 
[2026-02-17 05:48:22] testing.INFO: Procedure registered {"name":"validation","class":"Shared\\Procedures\\CrossServiceProcedure","type":"micro"} 
[2026-02-17 05:48:22] testing.INFO: Procedure registered {"name":"security","class":"Shared\\Procedures\\CrossServiceProcedure","type":"micro"} 
[2026-02-17 05:48:22] testing.INFO: Procedure registered {"name":"circuit_breaker","class":"Shared\\Procedures\\CrossServiceProcedure","type":"micro"} 
[2026-02-17 05:48:22] testing.INFO: Procedure registered {"name":"queue_circuit_breaker","class":"Shared\\Procedures\\CrossServiceProcedure","type":"micro"} 
[2026-02-17 05:48:22] testing.INFO: Procedure registered {"name":"third_party_integration","class":"Shared\\Procedures\\CrossServiceProcedure","type":"micro"} 
[2026-02-17 05:48:22] testing.INFO: Procedure registered {"name":"workflow","class":"Shared\\Procedures\\CrossServiceProcedure","type":"macro"} 
[2026-02-17 05:52:02] testing.INFO: PaymentProcessingSaga started {"workflow_id":1,"order_id":12345,"customer_id":67890,"amount":100.0,"payment_method":"card"} 
[2026-02-17 05:52:02] testing.INFO: Procedure registered {"name":"events","class":"Shared\\Procedures\\CrossServiceProcedure","type":"micro"} 
[2026-02-17 05:52:02] testing.INFO: Procedure registered {"name":"cache","class":"Shared\\Procedures\\CrossServiceProcedure","type":"micro"} 
[2026-02-17 05:52:02] testing.INFO: Procedure registered {"name":"notification","class":"Shared\\Procedures\\CrossServiceProcedure","type":"micro"} 
[2026-02-17 05:52:02] testing.INFO: Procedure registered {"name":"validation","class":"Shared\\Procedures\\CrossServiceProcedure","type":"micro"} 
[2026-02-17 05:52:02] testing.INFO: Procedure registered {"name":"security","class":"Shared\\Procedures\\CrossServiceProcedure","type":"micro"} 
[2026-02-17 05:52:02] testing.INFO: Procedure registered {"name":"circuit_breaker","class":"Shared\\Procedures\\CrossServiceProcedure","type":"micro"} 
[2026-02-17 05:52:02] testing.INFO: Procedure registered {"name":"queue_circuit_breaker","class":"Shared\\Procedures\\CrossServiceProcedure","type":"micro"} 
[2026-02-17 05:52:02] testing.INFO: Procedure registered {"name":"third_party_integration","class":"Shared\\Procedures\\CrossServiceProcedure","type":"micro"} 
[2026-02-17 05:52:02] testing.INFO: Procedure registered {"name":"workflow","class":"Shared\\Procedures\\CrossServiceProcedure","type":"macro"} 
[2026-02-17 05:52:02] testing.ERROR: PaymentProcessingSaga encountered error, executing compensations {"workflow_id":1,"error":"Typed property Workflow\\Activity::$storedWorkflow must not be accessed before initialization","trace":"#0 /tmp/abdoElHodaky/larvrevrstender/services/payment-service/vendor/laravel/framework/src/Illuminate/Bus/UniqueLock.php(69): Workflow\\Activity->uniqueId()
#1 /tmp/abdoElHodaky/larvrevrstender/services/payment-service/vendor/laravel/framework/src/Illuminate/Foundation/Queue/InteractsWithUniqueJobs.php(22): Illuminate\\Bus\\UniqueLock::getKey()
#2 /tmp/abdoElHodaky/larvrevrstender/services/payment-service/vendor/laravel/framework/src/Illuminate/Foundation/Bus/PendingDispatch.php(243): Illuminate\\Foundation\\Bus\\PendingDispatch->addUniqueJobInformationToContext()
#3 /tmp/abdoElHodaky/larvrevrstender/services/payment-service/vendor/laravel/framework/src/Illuminate/Foundation/Bus/Dispatchable.php(19): Illuminate\\Foundation\\Bus\\PendingDispatch->__destruct()
#4 /tmp/abdoElHodaky/larvrevrstender/services/payment-service/vendor/laravel-workflow/laravel-workflow/src/ActivityStub.php(69): Workflow\\Activity::dispatch()
#5 /tmp/abdoElHodaky/larvrevrstender/services/payment-service/vendor/laravel-workflow/laravel-workflow/src/functions.php(58): Workflow\\ActivityStub::make()
#6 /tmp/abdoElHodaky/larvrevrstender/services/payment-service/app/Workflows/PaymentProcessingSaga.php(73): Workflow\\activity()
#7 [internal function]: App\\Workflows\\PaymentProcessingSaga->execute()
#8 /tmp/abdoElHodaky/larvrevrstender/services/payment-service/vendor/laravel-workflow/laravel-workflow/src/Workflow.php(216): Generator->valid()
#9 /tmp/abdoElHodaky/larvrevrstender/services/payment-service/vendor/laravel/framework/src/Illuminate/Container/BoundMethod.php(36): Workflow\\Workflow->handle()
#10 /tmp/abdoElHodaky/larvrevrstender/services/payment-service/vendor/laravel/framework/src/Illuminate/Container/Util.php(43): Illuminate\\Container\\BoundMethod::Illuminate\\Container\\{closure}()
#11 /tmp/abdoElHodaky/larvrevrstender/services/payment-service/vendor/laravel/framework/src/Illuminate/Container/BoundMethod.php(96): Illuminate\\Container\\Util::unwrapIfClosure()
#12 /tmp/abdoElHodaky/larvrevrstender/services/payment-service/vendor/laravel/framework/src/Illuminate/Container/BoundMethod.php(35): Illuminate\\Container\\BoundMethod::callBoundMethod()
#13 /tmp/abdoElHodaky/larvrevrstender/services/payment-service/vendor/laravel/framework/src/Illuminate/Container/Container.php(799): Illuminate\\Container\\BoundMethod::call()
#14 /tmp/abdoElHodaky/larvrevrstender/services/payment-service/vendor/laravel/framework/src/Illuminate/Bus/Dispatcher.php(129): Illuminate\\Container\\Container->call()
#15 /tmp/abdoElHodaky/larvrevrstender/services/payment-service/vendor/laravel/framework/src/Illuminate/Pipeline/Pipeline.php(180): Illuminate\\Bus\\Dispatcher->Illuminate\\Bus\\{closure}()
#16 /tmp/abdoElHodaky/larvrevrstender/services/payment-service/vendor/laravel/framework/src/Illuminate/Pipeline/Pipeline.php(137): Illuminate\\Pipeline\\Pipeline->Illuminate\\Pipeline\\{closure}()
#17 /tmp/abdoElHodaky/larvrevrstender/services/payment-service/vendor/laravel/framework/src/Illuminate/Bus/Dispatcher.php(133): Illuminate\\Pipeline\\Pipeline->then()
#18 /tmp/abdoElHodaky/larvrevrstender/services/payment-service/vendor/laravel/framework/src/Illuminate/Queue/CallQueuedHandler.php(136): Illuminate\\Bus\\Dispatcher->dispatchNow()
#19 /tmp/abdoElHodaky/larvrevrstender/services/payment-service/vendor/laravel/framework/src/Illuminate/Pipeline/Pipeline.php(180): Illuminate\\Queue\\CallQueuedHandler->Illuminate\\Queue\\{closure}()
#20 /tmp/abdoElHodaky/larvrevrstender/services/payment-service/vendor/laravel-workflow/laravel-workflow/src/Middleware/WithoutOverlappingMiddleware.php(47): Illuminate\\Pipeline\\Pipeline->Illuminate\\Pipeline\\{closure}()
#21 /tmp/abdoElHodaky/larvrevrstender/services/payment-service/vendor/laravel/framework/src/Illuminate/Pipeline/Pipeline.php(219): Workflow\\Middleware\\WithoutOverlappingMiddleware->handle()
#22 /tmp/abdoElHodaky/larvrevrstender/services/payment-service/vendor/laravel/framework/src/Illuminate/Pipeline/Pipeline.php(137): Illuminate\\Pipeline\\Pipeline->Illuminate\\Pipeline\\{closure}()
#23 /tmp/abdoElHodaky/larvrevrstender/services/payment-service/vendor/laravel/framework/src/Illuminate/Queue/CallQueuedHandler.php(129): Illuminate\\Pipeline\\Pipeline->then()
#24 /tmp/abdoElHodaky/larvrevrstender/services/payment-service/vendor/laravel/framework/src/Illuminate/Queue/CallQueuedHandler.php(70): Illuminate\\Queue\\CallQueuedHandler->dispatchThroughMiddleware()
#25 /tmp/abdoElHodaky/larvrevrstender/services/payment-service/vendor/laravel/framework/src/Illuminate/Queue/Jobs/Job.php(102): Illuminate\\Queue\\CallQueuedHandler->call()
#26 /tmp/abdoElHodaky/larvrevrstender/services/payment-service/vendor/laravel/framework/src/Illuminate/Queue/SyncQueue.php(131): Illuminate\\Queue\\Jobs\\Job->fire()
#27 /tmp/abdoElHodaky/larvrevrstender/services/payment-service/vendor/laravel/framework/src/Illuminate/Queue/SyncQueue.php(107): Illuminate\\Queue\\SyncQueue->executeJob()
#28 /tmp/abdoElHodaky/larvrevrstender/services/payment-service/vendor/laravel/framework/src/Illuminate/Foundation/Testing/DatabaseTransactionsManager.php(38): Illuminate\\Queue\\SyncQueue->Illuminate\\Queue\\{closure}()
#29 /tmp/abdoElHodaky/larvrevrstender/services/payment-service/vendor/laravel/framework/src/Illuminate/Queue/SyncQueue.php(106): Illuminate\\Foundation\\Testing\\DatabaseTransactionsManager->addCallback()
#30 /tmp/abdoElHodaky/larvrevrstender/services/payment-service/vendor/laravel/framework/src/Illuminate/Bus/Dispatcher.php(246): Illuminate\\Queue\\SyncQueue->push()
#31 /tmp/abdoElHodaky/larvrevrstender/services/payment-service/vendor/laravel/framework/src/Illuminate/Bus/Dispatcher.php(230): Illuminate\\Bus\\Dispatcher->pushCommandToQueue()
#32 /tmp/abdoElHodaky/larvrevrstender/services/payment-service/vendor/laravel/framework/src/Illuminate/Bus/Dispatcher.php(80): Illuminate\\Bus\\Dispatcher->dispatchToQueue()
#33 /tmp/abdoElHodaky/larvrevrstender/services/payment-service/vendor/laravel/framework/src/Illuminate/Foundation/Bus/PendingDispatch.php(252): Illuminate\\Bus\\Dispatcher->dispatch()
#34 /tmp/abdoElHodaky/larvrevrstender/services/payment-service/vendor/laravel/framework/src/Illuminate/Foundation/Bus/Dispatchable.php(19): Illuminate\\Foundation\\Bus\\PendingDispatch->__destruct()
#35 /tmp/abdoElHodaky/larvrevrstender/services/payment-service/vendor/laravel-workflow/laravel-workflow/src/WorkflowStub.php(396): Workflow\\Workflow::dispatch()
#36 /tmp/abdoElHodaky/larvrevrstender/services/payment-service/vendor/laravel-workflow/laravel-workflow/src/WorkflowStub.php(250): Workflow\\WorkflowStub->dispatch()
#37 /tmp/abdoElHodaky/larvrevrstender/services/payment-service/app/Workflows/PaymentProcessingSaga.php(49): Workflow\\WorkflowStub->start()
#38 /tmp/abdoElHodaky/larvrevrstender/services/payment-service/tests/Feature/PaymentProcessingSagaTest.php(52): App\\Workflows\\PaymentProcessingSaga::start()
#39 /tmp/abdoElHodaky/larvrevrstender/services/payment-service/vendor/phpunit/phpunit/src/Framework/TestCase.php(1667): Tests\\Feature\\PaymentProcessingSagaTest->test_successful_payment_processing_saga()
#40 /tmp/abdoElHodaky/larvrevrstender/services/payment-service/vendor/phpunit/phpunit/src/Framework/TestCase.php(519): PHPUnit\\Framework\\TestCase->runTest()
#41 /tmp/abdoElHodaky/larvrevrstender/services/payment-service/vendor/phpunit/phpunit/src/Framework/TestRunner/TestRunner.php(87): PHPUnit\\Framework\\TestCase->runBare()
#42 /tmp/abdoElHodaky/larvrevrstender/services/payment-service/vendor/phpunit/phpunit/src/Framework/TestCase.php(365): PHPUnit\\Framework\\TestRunner->run()
#43 /tmp/abdoElHodaky/larvrevrstender/services/payment-service/vendor/phpunit/phpunit/src/Framework/TestSuite.php(369): PHPUnit\\Framework\\TestCase->run()
#44 /tmp/abdoElHodaky/larvrevrstender/services/payment-service/vendor/phpunit/phpunit/src/Framework/TestSuite.php(369): PHPUnit\\Framework\\TestSuite->run()
#45 /tmp/abdoElHodaky/larvrevrstender/services/payment-service/vendor/phpunit/phpunit/src/Framework/TestSuite.php(369): PHPUnit\\Framework\\TestSuite->run()
#46 /tmp/abdoElHodaky/larvrevrstender/services/payment-service/vendor/phpunit/phpunit/src/TextUI/TestRunner.php(64): PHPUnit\\Framework\\TestSuite->run()
#47 /tmp/abdoElHodaky/larvrevrstender/services/payment-service/vendor/phpunit/phpunit/src/TextUI/Application.php(211): PHPUnit\\TextUI\\TestRunner->run()
#48 /tmp/abdoElHodaky/larvrevrstender/services/payment-service/vendor/phpunit/phpunit/phpunit(104): PHPUnit\\TextUI\\Application->run()
#49 /tmp/abdoElHodaky/larvrevrstender/services/payment-service/vendor/bin/phpunit(122): include('...')
#50 {main}"} 
[2026-02-17 05:52:47] testing.INFO: PaymentProcessingSaga started {"workflow_id":1,"order_id":12345,"customer_id":67890,"amount":100.0,"payment_method":"card"} 
[2026-02-17 05:52:47] testing.INFO: Procedure registered {"name":"events","class":"Shared\\Procedures\\CrossServiceProcedure","type":"micro"} 
[2026-02-17 05:52:47] testing.INFO: Procedure registered {"name":"cache","class":"Shared\\Procedures\\CrossServiceProcedure","type":"micro"} 
[2026-02-17 05:52:47] testing.INFO: Procedure registered {"name":"notification","class":"Shared\\Procedures\\CrossServiceProcedure","type":"micro"} 
[2026-02-17 05:52:47] testing.INFO: Procedure registered {"name":"validation","class":"Shared\\Procedures\\CrossServiceProcedure","type":"micro"} 
[2026-02-17 05:52:47] testing.INFO: Procedure registered {"name":"security","class":"Shared\\Procedures\\CrossServiceProcedure","type":"micro"} 
[2026-02-17 05:52:47] testing.INFO: Procedure registered {"name":"circuit_breaker","class":"Shared\\Procedures\\CrossServiceProcedure","type":"micro"} 
[2026-02-17 05:52:47] testing.INFO: Procedure registered {"name":"queue_circuit_breaker","class":"Shared\\Procedures\\CrossServiceProcedure","type":"micro"} 
[2026-02-17 05:52:47] testing.INFO: Procedure registered {"name":"third_party_integration","class":"Shared\\Procedures\\CrossServiceProcedure","type":"micro"} 
[2026-02-17 05:52:47] testing.INFO: Procedure registered {"name":"workflow","class":"Shared\\Procedures\\CrossServiceProcedure","type":"macro"} 
[2026-02-17 05:52:47] testing.ERROR: PaymentProcessingSaga encountered error, executing compensations {"workflow_id":1,"error":"Typed property Workflow\\Activity::$storedWorkflow must not be accessed before initialization","trace":"#0 /tmp/abdoElHodaky/larvrevrstender/services/payment-service/vendor/laravel/framework/src/Illuminate/Bus/UniqueLock.php(69): Workflow\\Activity->uniqueId()
#1 /tmp/abdoElHodaky/larvrevrstender/services/payment-service/vendor/laravel/framework/src/Illuminate/Foundation/Queue/InteractsWithUniqueJobs.php(22): Illuminate\\Bus\\UniqueLock::getKey()
#2 /tmp/abdoElHodaky/larvrevrstender/services/payment-service/vendor/laravel/framework/src/Illuminate/Foundation/Bus/PendingDispatch.php(243): Illuminate\\Foundation\\Bus\\PendingDispatch->addUniqueJobInformationToContext()
#3 /tmp/abdoElHodaky/larvrevrstender/services/payment-service/vendor/laravel/framework/src/Illuminate/Foundation/Bus/Dispatchable.php(19): Illuminate\\Foundation\\Bus\\PendingDispatch->__destruct()
#4 /tmp/abdoElHodaky/larvrevrstender/services/payment-service/vendor/laravel-workflow/laravel-workflow/src/ActivityStub.php(69): Workflow\\Activity::dispatch()
#5 /tmp/abdoElHodaky/larvrevrstender/services/payment-service/vendor/laravel-workflow/laravel-workflow/src/functions.php(58): Workflow\\ActivityStub::make()
#6 /tmp/abdoElHodaky/larvrevrstender/services/payment-service/app/Workflows/PaymentProcessingSaga.php(73): Workflow\\activity()
#7 [internal function]: App\\Workflows\\PaymentProcessingSaga->execute()
#8 /tmp/abdoElHodaky/larvrevrstender/services/payment-service/vendor/laravel-workflow/laravel-workflow/src/Workflow.php(216): Generator->valid()
#9 /tmp/abdoElHodaky/larvrevrstender/services/payment-service/vendor/laravel/framework/src/Illuminate/Container/BoundMethod.php(36): Workflow\\Workflow->handle()
#10 /tmp/abdoElHodaky/larvrevrstender/services/payment-service/vendor/laravel/framework/src/Illuminate/Container/Util.php(43): Illuminate\\Container\\BoundMethod::Illuminate\\Container\\{closure}()
#11 /tmp/abdoElHodaky/larvrevrstender/services/payment-service/vendor/laravel/framework/src/Illuminate/Container/BoundMethod.php(96): Illuminate\\Container\\Util::unwrapIfClosure()
#12 /tmp/abdoElHodaky/larvrevrstender/services/payment-service/vendor/laravel/framework/src/Illuminate/Container/BoundMethod.php(35): Illuminate\\Container\\BoundMethod::callBoundMethod()
#13 /tmp/abdoElHodaky/larvrevrstender/services/payment-service/vendor/laravel/framework/src/Illuminate/Container/Container.php(799): Illuminate\\Container\\BoundMethod::call()
#14 /tmp/abdoElHodaky/larvrevrstender/services/payment-service/vendor/laravel/framework/src/Illuminate/Bus/Dispatcher.php(129): Illuminate\\Container\\Container->call()
#15 /tmp/abdoElHodaky/larvrevrstender/services/payment-service/vendor/laravel/framework/src/Illuminate/Pipeline/Pipeline.php(180): Illuminate\\Bus\\Dispatcher->Illuminate\\Bus\\{closure}()
#16 /tmp/abdoElHodaky/larvrevrstender/services/payment-service/vendor/laravel/framework/src/Illuminate/Pipeline/Pipeline.php(137): Illuminate\\Pipeline\\Pipeline->Illuminate\\Pipeline\\{closure}()
#17 /tmp/abdoElHodaky/larvrevrstender/services/payment-service/vendor/laravel/framework/src/Illuminate/Bus/Dispatcher.php(133): Illuminate\\Pipeline\\Pipeline->then()
#18 /tmp/abdoElHodaky/larvrevrstender/services/payment-service/vendor/laravel/framework/src/Illuminate/Queue/CallQueuedHandler.php(136): Illuminate\\Bus\\Dispatcher->dispatchNow()
#19 /tmp/abdoElHodaky/larvrevrstender/services/payment-service/vendor/laravel/framework/src/Illuminate/Pipeline/Pipeline.php(180): Illuminate\\Queue\\CallQueuedHandler->Illuminate\\Queue\\{closure}()
#20 /tmp/abdoElHodaky/larvrevrstender/services/payment-service/vendor/laravel-workflow/laravel-workflow/src/Middleware/WithoutOverlappingMiddleware.php(47): Illuminate\\Pipeline\\Pipeline->Illuminate\\Pipeline\\{closure}()
#21 /tmp/abdoElHodaky/larvrevrstender/services/payment-service/vendor/laravel/framework/src/Illuminate/Pipeline/Pipeline.php(219): Workflow\\Middleware\\WithoutOverlappingMiddleware->handle()
#22 /tmp/abdoElHodaky/larvrevrstender/services/payment-service/vendor/laravel/framework/src/Illuminate/Pipeline/Pipeline.php(137): Illuminate\\Pipeline\\Pipeline->Illuminate\\Pipeline\\{closure}()
#23 /tmp/abdoElHodaky/larvrevrstender/services/payment-service/vendor/laravel/framework/src/Illuminate/Queue/CallQueuedHandler.php(129): Illuminate\\Pipeline\\Pipeline->then()
#24 /tmp/abdoElHodaky/larvrevrstender/services/payment-service/vendor/laravel/framework/src/Illuminate/Queue/CallQueuedHandler.php(70): Illuminate\\Queue\\CallQueuedHandler->dispatchThroughMiddleware()
#25 /tmp/abdoElHodaky/larvrevrstender/services/payment-service/vendor/laravel/framework/src/Illuminate/Queue/Jobs/Job.php(102): Illuminate\\Queue\\CallQueuedHandler->call()
#26 /tmp/abdoElHodaky/larvrevrstender/services/payment-service/vendor/laravel/framework/src/Illuminate/Queue/SyncQueue.php(131): Illuminate\\Queue\\Jobs\\Job->fire()
#27 /tmp/abdoElHodaky/larvrevrstender/services/payment-service/vendor/laravel/framework/src/Illuminate/Queue/SyncQueue.php(107): Illuminate\\Queue\\SyncQueue->executeJob()
#28 /tmp/abdoElHodaky/larvrevrstender/services/payment-service/vendor/laravel/framework/src/Illuminate/Foundation/Testing/DatabaseTransactionsManager.php(38): Illuminate\\Queue\\SyncQueue->Illuminate\\Queue\\{closure}()
#29 /tmp/abdoElHodaky/larvrevrstender/services/payment-service/vendor/laravel/framework/src/Illuminate/Queue/SyncQueue.php(106): Illuminate\\Foundation\\Testing\\DatabaseTransactionsManager->addCallback()
#30 /tmp/abdoElHodaky/larvrevrstender/services/payment-service/vendor/laravel/framework/src/Illuminate/Bus/Dispatcher.php(246): Illuminate\\Queue\\SyncQueue->push()
#31 /tmp/abdoElHodaky/larvrevrstender/services/payment-service/vendor/laravel/framework/src/Illuminate/Bus/Dispatcher.php(230): Illuminate\\Bus\\Dispatcher->pushCommandToQueue()
#32 /tmp/abdoElHodaky/larvrevrstender/services/payment-service/vendor/laravel/framework/src/Illuminate/Bus/Dispatcher.php(80): Illuminate\\Bus\\Dispatcher->dispatchToQueue()
#33 /tmp/abdoElHodaky/larvrevrstender/services/payment-service/vendor/laravel/framework/src/Illuminate/Foundation/Bus/PendingDispatch.php(252): Illuminate\\Bus\\Dispatcher->dispatch()
#34 /tmp/abdoElHodaky/larvrevrstender/services/payment-service/vendor/laravel/framework/src/Illuminate/Foundation/Bus/Dispatchable.php(19): Illuminate\\Foundation\\Bus\\PendingDispatch->__destruct()
#35 /tmp/abdoElHodaky/larvrevrstender/services/payment-service/vendor/laravel-workflow/laravel-workflow/src/WorkflowStub.php(396): Workflow\\Workflow::dispatch()
#36 /tmp/abdoElHodaky/larvrevrstender/services/payment-service/vendor/laravel-workflow/laravel-workflow/src/WorkflowStub.php(250): Workflow\\WorkflowStub->dispatch()
#37 /tmp/abdoElHodaky/larvrevrstender/services/payment-service/app/Workflows/PaymentProcessingSaga.php(49): Workflow\\WorkflowStub->start()
#38 /tmp/abdoElHodaky/larvrevrstender/services/payment-service/tests/Feature/PaymentProcessingSagaTest.php(52): App\\Workflows\\PaymentProcessingSaga::start()
#39 /tmp/abdoElHodaky/larvrevrstender/services/payment-service/vendor/phpunit/phpunit/src/Framework/TestCase.php(1667): Tests\\Feature\\PaymentProcessingSagaTest->test_successful_payment_processing_saga()
#40 /tmp/abdoElHodaky/larvrevrstender/services/payment-service/vendor/phpunit/phpunit/src/Framework/TestCase.php(519): PHPUnit\\Framework\\TestCase->runTest()
#41 /tmp/abdoElHodaky/larvrevrstender/services/payment-service/vendor/phpunit/phpunit/src/Framework/TestRunner/TestRunner.php(87): PHPUnit\\Framework\\TestCase->runBare()
#42 /tmp/abdoElHodaky/larvrevrstender/services/payment-service/vendor/phpunit/phpunit/src/Framework/TestCase.php(365): PHPUnit\\Framework\\TestRunner->run()
#43 /tmp/abdoElHodaky/larvrevrstender/services/payment-service/vendor/phpunit/phpunit/src/Framework/TestSuite.php(369): PHPUnit\\Framework\\TestCase->run()
#44 /tmp/abdoElHodaky/larvrevrstender/services/payment-service/vendor/phpunit/phpunit/src/Framework/TestSuite.php(369): PHPUnit\\Framework\\TestSuite->run()
#45 /tmp/abdoElHodaky/larvrevrstender/services/payment-service/vendor/phpunit/phpunit/src/Framework/TestSuite.php(369): PHPUnit\\Framework\\TestSuite->run()
#46 /tmp/abdoElHodaky/larvrevrstender/services/payment-service/vendor/phpunit/phpunit/src/TextUI/TestRunner.php(64): PHPUnit\\Framework\\TestSuite->run()
#47 /tmp/abdoElHodaky/larvrevrstender/services/payment-service/vendor/phpunit/phpunit/src/TextUI/Application.php(211): PHPUnit\\TextUI\\TestRunner->run()
#48 /tmp/abdoElHodaky/larvrevrstender/services/payment-service/vendor/phpunit/phpunit/phpunit(104): PHPUnit\\TextUI\\Application->run()
#49 /tmp/abdoElHodaky/larvrevrstender/services/payment-service/vendor/bin/phpunit(122): include('...')
#50 {main}"} 
[2026-02-17 05:53:02] testing.INFO: PaymentProcessingSaga started {"workflow_id":1,"order_id":12345,"customer_id":67890,"amount":100.0,"payment_method":"card"} 
[2026-02-17 05:53:02] testing.INFO: Procedure registered {"name":"events","class":"Shared\\Procedures\\CrossServiceProcedure","type":"micro"} 
[2026-02-17 05:53:02] testing.INFO: Procedure registered {"name":"cache","class":"Shared\\Procedures\\CrossServiceProcedure","type":"micro"} 
[2026-02-17 05:53:02] testing.INFO: Procedure registered {"name":"notification","class":"Shared\\Procedures\\CrossServiceProcedure","type":"micro"} 
[2026-02-17 05:53:02] testing.INFO: Procedure registered {"name":"validation","class":"Shared\\Procedures\\CrossServiceProcedure","type":"micro"} 
[2026-02-17 05:53:02] testing.INFO: Procedure registered {"name":"security","class":"Shared\\Procedures\\CrossServiceProcedure","type":"micro"} 
[2026-02-17 05:53:02] testing.INFO: Procedure registered {"name":"circuit_breaker","class":"Shared\\Procedures\\CrossServiceProcedure","type":"micro"} 
[2026-02-17 05:53:02] testing.INFO: Procedure registered {"name":"queue_circuit_breaker","class":"Shared\\Procedures\\CrossServiceProcedure","type":"micro"} 
[2026-02-17 05:53:02] testing.INFO: Procedure registered {"name":"third_party_integration","class":"Shared\\Procedures\\CrossServiceProcedure","type":"micro"} 
[2026-02-17 05:53:02] testing.INFO: Procedure registered {"name":"workflow","class":"Shared\\Procedures\\CrossServiceProcedure","type":"macro"} 
[2026-02-17 05:53:02] testing.ERROR: PaymentProcessingSaga encountered error, executing compensations {"workflow_id":1,"error":"Typed property Workflow\\Activity::$storedWorkflow must not be accessed before initialization","trace":"#0 /tmp/abdoElHodaky/larvrevrstender/services/payment-service/vendor/laravel/framework/src/Illuminate/Bus/UniqueLock.php(69): Workflow\\Activity->uniqueId()
#1 /tmp/abdoElHodaky/larvrevrstender/services/payment-service/vendor/laravel/framework/src/Illuminate/Foundation/Queue/InteractsWithUniqueJobs.php(22): Illuminate\\Bus\\UniqueLock::getKey()
#2 /tmp/abdoElHodaky/larvrevrstender/services/payment-service/vendor/laravel/framework/src/Illuminate/Foundation/Bus/PendingDispatch.php(243): Illuminate\\Foundation\\Bus\\PendingDispatch->addUniqueJobInformationToContext()
#3 /tmp/abdoElHodaky/larvrevrstender/services/payment-service/vendor/laravel/framework/src/Illuminate/Foundation/Bus/Dispatchable.php(19): Illuminate\\Foundation\\Bus\\PendingDispatch->__destruct()
#4 /tmp/abdoElHodaky/larvrevrstender/services/payment-service/vendor/laravel-workflow/laravel-workflow/src/ActivityStub.php(69): Workflow\\Activity::dispatch()
#5 /tmp/abdoElHodaky/larvrevrstender/services/payment-service/vendor/laravel-workflow/laravel-workflow/src/functions.php(58): Workflow\\ActivityStub::make()
#6 /tmp/abdoElHodaky/larvrevrstender/services/payment-service/app/Workflows/PaymentProcessingSaga.php(73): Workflow\\activity()
#7 [internal function]: App\\Workflows\\PaymentProcessingSaga->execute()
#8 /tmp/abdoElHodaky/larvrevrstender/services/payment-service/vendor/laravel-workflow/laravel-workflow/src/Workflow.php(216): Generator->valid()
#9 /tmp/abdoElHodaky/larvrevrstender/services/payment-service/vendor/laravel/framework/src/Illuminate/Container/BoundMethod.php(36): Workflow\\Workflow->handle()
#10 /tmp/abdoElHodaky/larvrevrstender/services/payment-service/vendor/laravel/framework/src/Illuminate/Container/Util.php(43): Illuminate\\Container\\BoundMethod::Illuminate\\Container\\{closure}()
#11 /tmp/abdoElHodaky/larvrevrstender/services/payment-service/vendor/laravel/framework/src/Illuminate/Container/BoundMethod.php(96): Illuminate\\Container\\Util::unwrapIfClosure()
#12 /tmp/abdoElHodaky/larvrevrstender/services/payment-service/vendor/laravel/framework/src/Illuminate/Container/BoundMethod.php(35): Illuminate\\Container\\BoundMethod::callBoundMethod()
#13 /tmp/abdoElHodaky/larvrevrstender/services/payment-service/vendor/laravel/framework/src/Illuminate/Container/Container.php(799): Illuminate\\Container\\BoundMethod::call()
#14 /tmp/abdoElHodaky/larvrevrstender/services/payment-service/vendor/laravel/framework/src/Illuminate/Bus/Dispatcher.php(129): Illuminate\\Container\\Container->call()
#15 /tmp/abdoElHodaky/larvrevrstender/services/payment-service/vendor/laravel/framework/src/Illuminate/Pipeline/Pipeline.php(180): Illuminate\\Bus\\Dispatcher->Illuminate\\Bus\\{closure}()
#16 /tmp/abdoElHodaky/larvrevrstender/services/payment-service/vendor/laravel/framework/src/Illuminate/Pipeline/Pipeline.php(137): Illuminate\\Pipeline\\Pipeline->Illuminate\\Pipeline\\{closure}()
#17 /tmp/abdoElHodaky/larvrevrstender/services/payment-service/vendor/laravel/framework/src/Illuminate/Bus/Dispatcher.php(133): Illuminate\\Pipeline\\Pipeline->then()
#18 /tmp/abdoElHodaky/larvrevrstender/services/payment-service/vendor/laravel/framework/src/Illuminate/Queue/CallQueuedHandler.php(136): Illuminate\\Bus\\Dispatcher->dispatchNow()
#19 /tmp/abdoElHodaky/larvrevrstender/services/payment-service/vendor/laravel/framework/src/Illuminate/Pipeline/Pipeline.php(180): Illuminate\\Queue\\CallQueuedHandler->Illuminate\\Queue\\{closure}()
#20 /tmp/abdoElHodaky/larvrevrstender/services/payment-service/vendor/laravel-workflow/laravel-workflow/src/Middleware/WithoutOverlappingMiddleware.php(47): Illuminate\\Pipeline\\Pipeline->Illuminate\\Pipeline\\{closure}()
#21 /tmp/abdoElHodaky/larvrevrstender/services/payment-service/vendor/laravel/framework/src/Illuminate/Pipeline/Pipeline.php(219): Workflow\\Middleware\\WithoutOverlappingMiddleware->handle()
#22 /tmp/abdoElHodaky/larvrevrstender/services/payment-service/vendor/laravel/framework/src/Illuminate/Pipeline/Pipeline.php(137): Illuminate\\Pipeline\\Pipeline->Illuminate\\Pipeline\\{closure}()
#23 /tmp/abdoElHodaky/larvrevrstender/services/payment-service/vendor/laravel/framework/src/Illuminate/Queue/CallQueuedHandler.php(129): Illuminate\\Pipeline\\Pipeline->then()
#24 /tmp/abdoElHodaky/larvrevrstender/services/payment-service/vendor/laravel/framework/src/Illuminate/Queue/CallQueuedHandler.php(70): Illuminate\\Queue\\CallQueuedHandler->dispatchThroughMiddleware()
#25 /tmp/abdoElHodaky/larvrevrstender/services/payment-service/vendor/laravel/framework/src/Illuminate/Queue/Jobs/Job.php(102): Illuminate\\Queue\\CallQueuedHandler->call()
#26 /tmp/abdoElHodaky/larvrevrstender/services/payment-service/vendor/laravel/framework/src/Illuminate/Queue/SyncQueue.php(131): Illuminate\\Queue\\Jobs\\Job->fire()
#27 /tmp/abdoElHodaky/larvrevrstender/services/payment-service/vendor/laravel/framework/src/Illuminate/Queue/SyncQueue.php(107): Illuminate\\Queue\\SyncQueue->executeJob()
#28 /tmp/abdoElHodaky/larvrevrstender/services/payment-service/vendor/laravel/framework/src/Illuminate/Foundation/Testing/DatabaseTransactionsManager.php(38): Illuminate\\Queue\\SyncQueue->Illuminate\\Queue\\{closure}()
#29 /tmp/abdoElHodaky/larvrevrstender/services/payment-service/vendor/laravel/framework/src/Illuminate/Queue/SyncQueue.php(106): Illuminate\\Foundation\\Testing\\DatabaseTransactionsManager->addCallback()
#30 /tmp/abdoElHodaky/larvrevrstender/services/payment-service/vendor/laravel/framework/src/Illuminate/Bus/Dispatcher.php(246): Illuminate\\Queue\\SyncQueue->push()
#31 /tmp/abdoElHodaky/larvrevrstender/services/payment-service/vendor/laravel/framework/src/Illuminate/Bus/Dispatcher.php(230): Illuminate\\Bus\\Dispatcher->pushCommandToQueue()
#32 /tmp/abdoElHodaky/larvrevrstender/services/payment-service/vendor/laravel/framework/src/Illuminate/Bus/Dispatcher.php(80): Illuminate\\Bus\\Dispatcher->dispatchToQueue()
#33 /tmp/abdoElHodaky/larvrevrstender/services/payment-service/vendor/laravel/framework/src/Illuminate/Foundation/Bus/PendingDispatch.php(252): Illuminate\\Bus\\Dispatcher->dispatch()
#34 /tmp/abdoElHodaky/larvrevrstender/services/payment-service/vendor/laravel/framework/src/Illuminate/Foundation/Bus/Dispatchable.php(19): Illuminate\\Foundation\\Bus\\PendingDispatch->__destruct()
#35 /tmp/abdoElHodaky/larvrevrstender/services/payment-service/vendor/laravel-workflow/laravel-workflow/src/WorkflowStub.php(396): Workflow\\Workflow::dispatch()
#36 /tmp/abdoElHodaky/larvrevrstender/services/payment-service/vendor/laravel-workflow/laravel-workflow/src/WorkflowStub.php(250): Workflow\\WorkflowStub->dispatch()
#37 /tmp/abdoElHodaky/larvrevrstender/services/payment-service/app/Workflows/PaymentProcessingSaga.php(49): Workflow\\WorkflowStub->start()
#38 /tmp/abdoElHodaky/larvrevrstender/services/payment-service/tests/Feature/PaymentProcessingSagaTest.php(52): App\\Workflows\\PaymentProcessingSaga::start()
#39 /tmp/abdoElHodaky/larvrevrstender/services/payment-service/vendor/phpunit/phpunit/src/Framework/TestCase.php(1667): Tests\\Feature\\PaymentProcessingSagaTest->test_successful_payment_processing_saga()
#40 /tmp/abdoElHodaky/larvrevrstender/services/payment-service/vendor/phpunit/phpunit/src/Framework/TestCase.php(519): PHPUnit\\Framework\\TestCase->runTest()
#41 /tmp/abdoElHodaky/larvrevrstender/services/payment-service/vendor/phpunit/phpunit/src/Framework/TestRunner/TestRunner.php(87): PHPUnit\\Framework\\TestCase->runBare()
#42 /tmp/abdoElHodaky/larvrevrstender/services/payment-service/vendor/phpunit/phpunit/src/Framework/TestCase.php(365): PHPUnit\\Framework\\TestRunner->run()
#43 /tmp/abdoElHodaky/larvrevrstender/services/payment-service/vendor/phpunit/phpunit/src/Framework/TestSuite.php(369): PHPUnit\\Framework\\TestCase->run()
#44 /tmp/abdoElHodaky/larvrevrstender/services/payment-service/vendor/phpunit/phpunit/src/Framework/TestSuite.php(369): PHPUnit\\Framework\\TestSuite->run()
#45 /tmp/abdoElHodaky/larvrevrstender/services/payment-service/vendor/phpunit/phpunit/src/Framework/TestSuite.php(369): PHPUnit\\Framework\\TestSuite->run()
#46 /tmp/abdoElHodaky/larvrevrstender/services/payment-service/vendor/phpunit/phpunit/src/TextUI/TestRunner.php(64): PHPUnit\\Framework\\TestSuite->run()
#47 /tmp/abdoElHodaky/larvrevrstender/services/payment-service/vendor/phpunit/phpunit/src/TextUI/Application.php(211): PHPUnit\\TextUI\\TestRunner->run()
#48 /tmp/abdoElHodaky/larvrevrstender/services/payment-service/vendor/phpunit/phpunit/phpunit(104): PHPUnit\\TextUI\\Application->run()
#49 /tmp/abdoElHodaky/larvrevrstender/services/payment-service/vendor/bin/phpunit(122): include('...')
#50 {main}"} 
[2026-02-17 08:53:08] local.ERROR: SQLSTATE[HY000] [2002] Connection refused (Connection: mysql, Host: 127.0.0.1, Port: 3306, Database: payment_service, SQL: select exists (select 1 from information_schema.tables where table_schema = schema() and table_name = 'migrations' and table_type in ('BASE TABLE', 'SYSTEM VERSIONED')) as `exists`) {"exception":"[object] (Illuminate\\Database\\QueryException(code: 2002): SQLSTATE[HY000] [2002] Connection refused (Connection: mysql, Host: 127.0.0.1, Port: 3306, Database: payment_service, SQL: select exists (select 1 from information_schema.tables where table_schema = schema() and table_name = 'migrations' and table_type in ('BASE TABLE', 'SYSTEM VERSIONED')) as `exists`) at /tmp/abdoElHodaky/larvrevrstender/services/payment-service/vendor/laravel/framework/src/Illuminate/Database/Connection.php:838)
[stacktrace]
#0 /tmp/abdoElHodaky/larvrevrstender/services/payment-service/vendor/laravel/framework/src/Illuminate/Database/Connection.php(999): Illuminate\\Database\\Connection->runQueryCallback()
#1 /tmp/abdoElHodaky/larvrevrstender/services/payment-service/vendor/laravel/framework/src/Illuminate/Database/Connection.php(978): Illuminate\\Database\\Connection->tryAgainIfCausedByLostConnection()
#2 /tmp/abdoElHodaky/larvrevrstender/services/payment-service/vendor/laravel/framework/src/Illuminate/Database/Connection.php(796): Illuminate\\Database\\Connection->handleQueryException()
#3 /tmp/abdoElHodaky/larvrevrstender/services/payment-service/vendor/laravel/framework/src/Illuminate/Database/Connection.php(411): Illuminate\\Database\\Connection->run()
#4 /tmp/abdoElHodaky/larvrevrstender/services/payment-service/vendor/laravel/framework/src/Illuminate/Database/Connection.php(357): Illuminate\\Database\\Connection->select()
#5 /tmp/abdoElHodaky/larvrevrstender/services/payment-service/vendor/laravel/framework/src/Illuminate/Database/Connection.php(374): Illuminate\\Database\\Connection->selectOne()
#6 /tmp/abdoElHodaky/larvrevrstender/services/payment-service/vendor/laravel/framework/src/Illuminate/Database/Schema/Builder.php(176): Illuminate\\Database\\Connection->scalar()
#7 /tmp/abdoElHodaky/larvrevrstender/services/payment-service/vendor/laravel/framework/src/Illuminate/Database/Migrations/DatabaseMigrationRepository.php(185): Illuminate\\Database\\Schema\\Builder->hasTable()
#8 /tmp/abdoElHodaky/larvrevrstender/services/payment-service/vendor/laravel/framework/src/Illuminate/Database/Migrations/Migrator.php(758): Illuminate\\Database\\Migrations\\DatabaseMigrationRepository->repositoryExists()
#9 /tmp/abdoElHodaky/larvrevrstender/services/payment-service/vendor/laravel/framework/src/Illuminate/Database/Console/Migrations/StatusCommand.php(55): Illuminate\\Database\\Migrations\\Migrator->repositoryExists()
#10 /tmp/abdoElHodaky/larvrevrstender/services/payment-service/vendor/laravel/framework/src/Illuminate/Database/Migrations/Migrator.php(671): Illuminate\\Database\\Console\\Migrations\\StatusCommand->Illuminate\\Database\\Console\\Migrations\\{closure}()
#11 /tmp/abdoElHodaky/larvrevrstender/services/payment-service/vendor/laravel/framework/src/Illuminate/Database/Console/Migrations/StatusCommand.php(54): Illuminate\\Database\\Migrations\\Migrator->usingConnection()
#12 /tmp/abdoElHodaky/larvrevrstender/services/payment-service/vendor/laravel/framework/src/Illuminate/Container/BoundMethod.php(36): Illuminate\\Database\\Console\\Migrations\\StatusCommand->handle()
#13 /tmp/abdoElHodaky/larvrevrstender/services/payment-service/vendor/laravel/framework/src/Illuminate/Container/Util.php(43): Illuminate\\Container\\BoundMethod::Illuminate\\Container\\{closure}()
#14 /tmp/abdoElHodaky/larvrevrstender/services/payment-service/vendor/laravel/framework/src/Illuminate/Container/BoundMethod.php(96): Illuminate\\Container\\Util::unwrapIfClosure()
#15 /tmp/abdoElHodaky/larvrevrstender/services/payment-service/vendor/laravel/framework/src/Illuminate/Container/BoundMethod.php(35): Illuminate\\Container\\BoundMethod::callBoundMethod()
#16 /tmp/abdoElHodaky/larvrevrstender/services/payment-service/vendor/laravel/framework/src/Illuminate/Container/Container.php(799): Illuminate\\Container\\BoundMethod::call()
#17 /tmp/abdoElHodaky/larvrevrstender/services/payment-service/vendor/laravel/framework/src/Illuminate/Console/Command.php(211): Illuminate\\Container\\Container->call()
#18 /tmp/abdoElHodaky/larvrevrstender/services/payment-service/vendor/symfony/console/Command/Command.php(341): Illuminate\\Console\\Command->execute()
#19 /tmp/abdoElHodaky/larvrevrstender/services/payment-service/vendor/laravel/framework/src/Illuminate/Console/Command.php(180): Symfony\\Component\\Console\\Command\\Command->run()
#20 /tmp/abdoElHodaky/larvrevrstender/services/payment-service/vendor/symfony/console/Application.php(1102): Illuminate\\Console\\Command->run()
#21 /tmp/abdoElHodaky/larvrevrstender/services/payment-service/vendor/symfony/console/Application.php(356): Symfony\\Component\\Console\\Application->doRunCommand()
#22 /tmp/abdoElHodaky/larvrevrstender/services/payment-service/vendor/symfony/console/Application.php(195): Symfony\\Component\\Console\\Application->doRun()
#23 /tmp/abdoElHodaky/larvrevrstender/services/payment-service/vendor/laravel/framework/src/Illuminate/Foundation/Console/Kernel.php(198): Symfony\\Component\\Console\\Application->run()
#24 /tmp/abdoElHodaky/larvrevrstender/services/payment-service/artisan(35): Illuminate\\Foundation\\Console\\Kernel->handle()
#25 {main}

[previous exception] [object] (PDOException(code: 2002): SQLSTATE[HY000] [2002] Connection refused at /tmp/abdoElHodaky/larvrevrstender/services/payment-service/vendor/laravel/framework/src/Illuminate/Database/Connectors/Connector.php:66)
[stacktrace]
#0 /tmp/abdoElHodaky/larvrevrstender/services/payment-service/vendor/laravel/framework/src/Illuminate/Database/Connectors/Connector.php(66): PDO->__construct()
#1 /tmp/abdoElHodaky/larvrevrstender/services/payment-service/vendor/laravel/framework/src/Illuminate/Database/Connectors/Connector.php(85): Illuminate\\Database\\Connectors\\Connector->createPdoConnection()
#2 /tmp/abdoElHodaky/larvrevrstender/services/payment-service/vendor/laravel/framework/src/Illuminate/Database/Connectors/Connector.php(48): Illuminate\\Database\\Connectors\\Connector->tryAgainIfCausedByLostConnection()
#3 /tmp/abdoElHodaky/larvrevrstender/services/payment-service/vendor/laravel/framework/src/Illuminate/Database/Connectors/MySqlConnector.php(24): Illuminate\\Database\\Connectors\\Connector->createConnection()
#4 /tmp/abdoElHodaky/larvrevrstender/services/payment-service/vendor/laravel/framework/src/Illuminate/Database/Connectors/ConnectionFactory.php(186): Illuminate\\Database\\Connectors\\MySqlConnector->connect()
#5 [internal function]: Illuminate\\Database\\Connectors\\ConnectionFactory->Illuminate\\Database\\Connectors\\{closure}()
#6 /tmp/abdoElHodaky/larvrevrstender/services/payment-service/vendor/laravel/framework/src/Illuminate/Database/Connection.php(1257): call_user_func()
#7 /tmp/abdoElHodaky/larvrevrstender/services/payment-service/vendor/laravel/framework/src/Illuminate/Database/Connection.php(1295): Illuminate\\Database\\Connection->getPdo()
#8 /tmp/abdoElHodaky/larvrevrstender/services/payment-service/vendor/laravel/framework/src/Illuminate/Database/Connection.php(525): Illuminate\\Database\\Connection->getReadPdo()
#9 /tmp/abdoElHodaky/larvrevrstender/services/payment-service/vendor/laravel/framework/src/Illuminate/Database/Connection.php(420): Illuminate\\Database\\Connection->getPdoForSelect()
#10 /tmp/abdoElHodaky/larvrevrstender/services/payment-service/vendor/laravel/framework/src/Illuminate/Database/Connection.php(827): Illuminate\\Database\\Connection->Illuminate\\Database\\{closure}()
#11 /tmp/abdoElHodaky/larvrevrstender/services/payment-service/vendor/laravel/framework/src/Illuminate/Database/Connection.php(999): Illuminate\\Database\\Connection->runQueryCallback()
#12 /tmp/abdoElHodaky/larvrevrstender/services/payment-service/vendor/laravel/framework/src/Illuminate/Database/Connection.php(978): Illuminate\\Database\\Connection->tryAgainIfCausedByLostConnection()
#13 /tmp/abdoElHodaky/larvrevrstender/services/payment-service/vendor/laravel/framework/src/Illuminate/Database/Connection.php(796): Illuminate\\Database\\Connection->handleQueryException()
#14 /tmp/abdoElHodaky/larvrevrstender/services/payment-service/vendor/laravel/framework/src/Illuminate/Database/Connection.php(411): Illuminate\\Database\\Connection->run()
#15 /tmp/abdoElHodaky/larvrevrstender/services/payment-service/vendor/laravel/framework/src/Illuminate/Database/Connection.php(357): Illuminate\\Database\\Connection->select()
#16 /tmp/abdoElHodaky/larvrevrstender/services/payment-service/vendor/laravel/framework/src/Illuminate/Database/Connection.php(374): Illuminate\\Database\\Connection->selectOne()
#17 /tmp/abdoElHodaky/larvrevrstender/services/payment-service/vendor/laravel/framework/src/Illuminate/Database/Schema/Builder.php(176): Illuminate\\Database\\Connection->scalar()
#18 /tmp/abdoElHodaky/larvrevrstender/services/payment-service/vendor/laravel/framework/src/Illuminate/Database/Migrations/DatabaseMigrationRepository.php(185): Illuminate\\Database\\Schema\\Builder->hasTable()
#19 /tmp/abdoElHodaky/larvrevrstender/services/payment-service/vendor/laravel/framework/src/Illuminate/Database/Migrations/Migrator.php(758): Illuminate\\Database\\Migrations\\DatabaseMigrationRepository->repositoryExists()
#20 /tmp/abdoElHodaky/larvrevrstender/services/payment-service/vendor/laravel/framework/src/Illuminate/Database/Console/Migrations/StatusCommand.php(55): Illuminate\\Database\\Migrations\\Migrator->repositoryExists()
#21 /tmp/abdoElHodaky/larvrevrstender/services/payment-service/vendor/laravel/framework/src/Illuminate/Database/Migrations/Migrator.php(671): Illuminate\\Database\\Console\\Migrations\\StatusCommand->Illuminate\\Database\\Console\\Migrations\\{closure}()
#22 /tmp/abdoElHodaky/larvrevrstender/services/payment-service/vendor/laravel/framework/src/Illuminate/Database/Console/Migrations/StatusCommand.php(54): Illuminate\\Database\\Migrations\\Migrator->usingConnection()
#23 /tmp/abdoElHodaky/larvrevrstender/services/payment-service/vendor/laravel/framework/src/Illuminate/Container/BoundMethod.php(36): Illuminate\\Database\\Console\\Migrations\\StatusCommand->handle()
#24 /tmp/abdoElHodaky/larvrevrstender/services/payment-service/vendor/laravel/framework/src/Illuminate/Container/Util.php(43): Illuminate\\Container\\BoundMethod::Illuminate\\Container\\{closure}()
#25 /tmp/abdoElHodaky/larvrevrstender/services/payment-service/vendor/laravel/framework/src/Illuminate/Container/BoundMethod.php(96): Illuminate\\Container\\Util::unwrapIfClosure()
#26 /tmp/abdoElHodaky/larvrevrstender/services/payment-service/vendor/laravel/framework/src/Illuminate/Container/BoundMethod.php(35): Illuminate\\Container\\BoundMethod::callBoundMethod()
#27 /tmp/abdoElHodaky/larvrevrstender/services/payment-service/vendor/laravel/framework/src/Illuminate/Container/Container.php(799): Illuminate\\Container\\BoundMethod::call()
#28 /tmp/abdoElHodaky/larvrevrstender/services/payment-service/vendor/laravel/framework/src/Illuminate/Console/Command.php(211): Illuminate\\Container\\Container->call()
#29 /tmp/abdoElHodaky/larvrevrstender/services/payment-service/vendor/symfony/console/Command/Command.php(341): Illuminate\\Console\\Command->execute()
#30 /tmp/abdoElHodaky/larvrevrstender/services/payment-service/vendor/laravel/framework/src/Illuminate/Console/Command.php(180): Symfony\\Component\\Console\\Command\\Command->run()
#31 /tmp/abdoElHodaky/larvrevrstender/services/payment-service/vendor/symfony/console/Application.php(1102): Illuminate\\Console\\Command->run()
#32 /tmp/abdoElHodaky/larvrevrstender/services/payment-service/vendor/symfony/console/Application.php(356): Symfony\\Component\\Console\\Application->doRunCommand()
#33 /tmp/abdoElHodaky/larvrevrstender/services/payment-service/vendor/symfony/console/Application.php(195): Symfony\\Component\\Console\\Application->doRun()
#34 /tmp/abdoElHodaky/larvrevrstender/services/payment-service/vendor/laravel/framework/src/Illuminate/Foundation/Console/Kernel.php(198): Symfony\\Component\\Console\\Application->run()
#35 /tmp/abdoElHodaky/larvrevrstender/services/payment-service/artisan(35): Illuminate\\Foundation\\Console\\Kernel->handle()
#36 {main}
"} 
[2026-02-17 08:53:08] local.ERROR: SQLSTATE[HY000] [2002] Connection refused (Connection: mysql, Host: 127.0.0.1, Port: 3306, Database: payment_service, SQL: select count(*) as aggregate from `telescope_entries` where `type` = exception and `family_hash` = 096f0cc2ae84120efcabddf93ddef59b) {"exception":"[object] (Illuminate\\Database\\QueryException(code: 2002): SQLSTATE[HY000] [2002] Connection refused (Connection: mysql, Host: 127.0.0.1, Port: 3306, Database: payment_service, SQL: select count(*) as aggregate from `telescope_entries` where `type` = exception and `family_hash` = 096f0cc2ae84120efcabddf93ddef59b) at /tmp/abdoElHodaky/larvrevrstender/services/payment-service/vendor/laravel/framework/src/Illuminate/Database/Connection.php:838)
[stacktrace]
#0 /tmp/abdoElHodaky/larvrevrstender/services/payment-service/vendor/laravel/framework/src/Illuminate/Database/Connection.php(999): Illuminate\\Database\\Connection->runQueryCallback()
#1 /tmp/abdoElHodaky/larvrevrstender/services/payment-service/vendor/laravel/framework/src/Illuminate/Database/Connection.php(978): Illuminate\\Database\\Connection->tryAgainIfCausedByLostConnection()
#2 /tmp/abdoElHodaky/larvrevrstender/services/payment-service/vendor/laravel/framework/src/Illuminate/Database/Connection.php(796): Illuminate\\Database\\Connection->handleQueryException()
#3 /tmp/abdoElHodaky/larvrevrstender/services/payment-service/vendor/laravel/framework/src/Illuminate/Database/Connection.php(411): Illuminate\\Database\\Connection->run()
#4 /tmp/abdoElHodaky/larvrevrstender/services/payment-service/vendor/laravel/framework/src/Illuminate/Database/Query/Builder.php(3438): Illuminate\\Database\\Connection->select()
#5 /tmp/abdoElHodaky/larvrevrstender/services/payment-service/vendor/laravel/framework/src/Illuminate/Database/Query/Builder.php(3423): Illuminate\\Database\\Query\\Builder->runSelect()
#6 /tmp/abdoElHodaky/larvrevrstender/services/payment-service/vendor/laravel/framework/src/Illuminate/Database/Query/Builder.php(4013): Illuminate\\Database\\Query\\Builder->Illuminate\\Database\\Query\\{closure}()
#7 /tmp/abdoElHodaky/larvrevrstender/services/payment-service/vendor/laravel/framework/src/Illuminate/Database/Query/Builder.php(3422): Illuminate\\Database\\Query\\Builder->onceWithColumns()
#8 /tmp/abdoElHodaky/larvrevrstender/services/payment-service/vendor/laravel/framework/src/Illuminate/Database/Query/Builder.php(3937): Illuminate\\Database\\Query\\Builder->get()
#9 /tmp/abdoElHodaky/larvrevrstender/services/payment-service/vendor/laravel/framework/src/Illuminate/Database/Query/Builder.php(3865): Illuminate\\Database\\Query\\Builder->aggregate()
#10 /tmp/abdoElHodaky/larvrevrstender/services/payment-service/vendor/laravel/telescope/src/Storage/DatabaseEntriesRepository.php(123): Illuminate\\Database\\Query\\Builder->count()
#11 /tmp/abdoElHodaky/larvrevrstender/services/payment-service/vendor/laravel/telescope/src/Storage/DatabaseEntriesRepository.php(165): Laravel\\Telescope\\Storage\\DatabaseEntriesRepository->countExceptionOccurences()
#12 [internal function]: Laravel\\Telescope\\Storage\\DatabaseEntriesRepository->Laravel\\Telescope\\Storage\\{closure}()
#13 /tmp/abdoElHodaky/larvrevrstender/services/payment-service/vendor/laravel/framework/src/Illuminate/Collections/Arr.php(840): array_map()
#14 /tmp/abdoElHodaky/larvrevrstender/services/payment-service/vendor/laravel/framework/src/Illuminate/Collections/Collection.php(829): Illuminate\\Support\\Arr::map()
#15 /tmp/abdoElHodaky/larvrevrstender/services/payment-service/vendor/laravel/telescope/src/Storage/DatabaseEntriesRepository.php(164): Illuminate\\Support\\Collection->map()
#16 /tmp/abdoElHodaky/larvrevrstender/services/payment-service/vendor/laravel/framework/src/Illuminate/Collections/Traits/EnumeratesValues.php(275): Laravel\\Telescope\\Storage\\DatabaseEntriesRepository->Laravel\\Telescope\\Storage\\{closure}()
#17 /tmp/abdoElHodaky/larvrevrstender/services/payment-service/vendor/laravel/telescope/src/Storage/DatabaseEntriesRepository.php(163): Illuminate\\Support\\Collection->each()
#18 /tmp/abdoElHodaky/larvrevrstender/services/payment-service/vendor/laravel/telescope/src/Storage/DatabaseEntriesRepository.php(140): Laravel\\Telescope\\Storage\\DatabaseEntriesRepository->storeExceptions()
#19 /tmp/abdoElHodaky/larvrevrstender/services/payment-service/vendor/laravel/telescope/src/Telescope.php(664): Laravel\\Telescope\\Storage\\DatabaseEntriesRepository->store()
#20 [internal function]: Laravel\\Telescope\\Telescope::Laravel\\Telescope\\{closure}()
#21 /tmp/abdoElHodaky/larvrevrstender/services/payment-service/vendor/laravel/telescope/src/Telescope.php(289): call_user_func()
#22 /tmp/abdoElHodaky/larvrevrstender/services/payment-service/vendor/laravel/telescope/src/Telescope.php(656): Laravel\\Telescope\\Telescope::withoutRecording()
#23 /tmp/abdoElHodaky/larvrevrstender/services/payment-service/vendor/laravel/telescope/src/ListensForStorageOpportunities.php(65): Laravel\\Telescope\\Telescope::store()
#24 /tmp/abdoElHodaky/larvrevrstender/services/payment-service/vendor/laravel/framework/src/Illuminate/Container/BoundMethod.php(36): Laravel\\Telescope\\Telescope::Laravel\\Telescope\\{closure}()
#25 /tmp/abdoElHodaky/larvrevrstender/services/payment-service/vendor/laravel/framework/src/Illuminate/Container/Util.php(43): Illuminate\\Container\\BoundMethod::Illuminate\\Container\\{closure}()
#26 /tmp/abdoElHodaky/larvrevrstender/services/payment-service/vendor/laravel/framework/src/Illuminate/Container/BoundMethod.php(84): Illuminate\\Container\\Util::unwrapIfClosure()
#27 /tmp/abdoElHodaky/larvrevrstender/services/payment-service/vendor/laravel/framework/src/Illuminate/Container/BoundMethod.php(35): Illuminate\\Container\\BoundMethod::callBoundMethod()
#28 /tmp/abdoElHodaky/larvrevrstender/services/payment-service/vendor/laravel/framework/src/Illuminate/Container/Container.php(799): Illuminate\\Container\\BoundMethod::call()
#29 /tmp/abdoElHodaky/larvrevrstender/services/payment-service/vendor/laravel/framework/src/Illuminate/Foundation/Application.php(1466): Illuminate\\Container\\Container->call()
#30 /tmp/abdoElHodaky/larvrevrstender/services/payment-service/vendor/laravel/framework/src/Illuminate/Foundation/Console/Kernel.php(219): Illuminate\\Foundation\\Application->terminate()
#31 /tmp/abdoElHodaky/larvrevrstender/services/payment-service/artisan(51): Illuminate\\Foundation\\Console\\Kernel->terminate()
#32 {main}

[previous exception] [object] (PDOException(code: 2002): SQLSTATE[HY000] [2002] Connection refused at /tmp/abdoElHodaky/larvrevrstender/services/payment-service/vendor/laravel/framework/src/Illuminate/Database/Connectors/Connector.php:66)
[stacktrace]
#0 /tmp/abdoElHodaky/larvrevrstender/services/payment-service/vendor/laravel/framework/src/Illuminate/Database/Connectors/Connector.php(66): PDO->__construct()
#1 /tmp/abdoElHodaky/larvrevrstender/services/payment-service/vendor/laravel/framework/src/Illuminate/Database/Connectors/Connector.php(85): Illuminate\\Database\\Connectors\\Connector->createPdoConnection()
#2 /tmp/abdoElHodaky/larvrevrstender/services/payment-service/vendor/laravel/framework/src/Illuminate/Database/Connectors/Connector.php(48): Illuminate\\Database\\Connectors\\Connector->tryAgainIfCausedByLostConnection()
#3 /tmp/abdoElHodaky/larvrevrstender/services/payment-service/vendor/laravel/framework/src/Illuminate/Database/Connectors/MySqlConnector.php(24): Illuminate\\Database\\Connectors\\Connector->createConnection()
#4 /tmp/abdoElHodaky/larvrevrstender/services/payment-service/vendor/laravel/framework/src/Illuminate/Database/Connectors/ConnectionFactory.php(186): Illuminate\\Database\\Connectors\\MySqlConnector->connect()
#5 [internal function]: Illuminate\\Database\\Connectors\\ConnectionFactory->Illuminate\\Database\\Connectors\\{closure}()
#6 /tmp/abdoElHodaky/larvrevrstender/services/payment-service/vendor/laravel/framework/src/Illuminate/Database/Connection.php(1257): call_user_func()
#7 /tmp/abdoElHodaky/larvrevrstender/services/payment-service/vendor/laravel/framework/src/Illuminate/Database/Connection.php(1295): Illuminate\\Database\\Connection->getPdo()
#8 /tmp/abdoElHodaky/larvrevrstender/services/payment-service/vendor/laravel/framework/src/Illuminate/Database/Connection.php(525): Illuminate\\Database\\Connection->getReadPdo()
#9 /tmp/abdoElHodaky/larvrevrstender/services/payment-service/vendor/laravel/framework/src/Illuminate/Database/Connection.php(420): Illuminate\\Database\\Connection->getPdoForSelect()
#10 /tmp/abdoElHodaky/larvrevrstender/services/payment-service/vendor/laravel/framework/src/Illuminate/Database/Connection.php(827): Illuminate\\Database\\Connection->Illuminate\\Database\\{closure}()
#11 /tmp/abdoElHodaky/larvrevrstender/services/payment-service/vendor/laravel/framework/src/Illuminate/Database/Connection.php(999): Illuminate\\Database\\Connection->runQueryCallback()
#12 /tmp/abdoElHodaky/larvrevrstender/services/payment-service/vendor/laravel/framework/src/Illuminate/Database/Connection.php(978): Illuminate\\Database\\Connection->tryAgainIfCausedByLostConnection()
#13 /tmp/abdoElHodaky/larvrevrstender/services/payment-service/vendor/laravel/framework/src/Illuminate/Database/Connection.php(796): Illuminate\\Database\\Connection->handleQueryException()
#14 /tmp/abdoElHodaky/larvrevrstender/services/payment-service/vendor/laravel/framework/src/Illuminate/Database/Connection.php(411): Illuminate\\Database\\Connection->run()
#15 /tmp/abdoElHodaky/larvrevrstender/services/payment-service/vendor/laravel/framework/src/Illuminate/Database/Query/Builder.php(3438): Illuminate\\Database\\Connection->select()
#16 /tmp/abdoElHodaky/larvrevrstender/services/payment-service/vendor/laravel/framework/src/Illuminate/Database/Query/Builder.php(3423): Illuminate\\Database\\Query\\Builder->runSelect()
#17 /tmp/abdoElHodaky/larvrevrstender/services/payment-service/vendor/laravel/framework/src/Illuminate/Database/Query/Builder.php(4013): Illuminate\\Database\\Query\\Builder->Illuminate\\Database\\Query\\{closure}()
#18 /tmp/abdoElHodaky/larvrevrstender/services/payment-service/vendor/laravel/framework/src/Illuminate/Database/Query/Builder.php(3422): Illuminate\\Database\\Query\\Builder->onceWithColumns()
#19 /tmp/abdoElHodaky/larvrevrstender/services/payment-service/vendor/laravel/framework/src/Illuminate/Database/Query/Builder.php(3937): Illuminate\\Database\\Query\\Builder->get()
#20 /tmp/abdoElHodaky/larvrevrstender/services/payment-service/vendor/laravel/framework/src/Illuminate/Database/Query/Builder.php(3865): Illuminate\\Database\\Query\\Builder->aggregate()
#21 /tmp/abdoElHodaky/larvrevrstender/services/payment-service/vendor/laravel/telescope/src/Storage/DatabaseEntriesRepository.php(123): Illuminate\\Database\\Query\\Builder->count()
#22 /tmp/abdoElHodaky/larvrevrstender/services/payment-service/vendor/laravel/telescope/src/Storage/DatabaseEntriesRepository.php(165): Laravel\\Telescope\\Storage\\DatabaseEntriesRepository->countExceptionOccurences()
#23 [internal function]: Laravel\\Telescope\\Storage\\DatabaseEntriesRepository->Laravel\\Telescope\\Storage\\{closure}()
#24 /tmp/abdoElHodaky/larvrevrstender/services/payment-service/vendor/laravel/framework/src/Illuminate/Collections/Arr.php(840): array_map()
#25 /tmp/abdoElHodaky/larvrevrstender/services/payment-service/vendor/laravel/framework/src/Illuminate/Collections/Collection.php(829): Illuminate\\Support\\Arr::map()
#26 /tmp/abdoElHodaky/larvrevrstender/services/payment-service/vendor/laravel/telescope/src/Storage/DatabaseEntriesRepository.php(164): Illuminate\\Support\\Collection->map()
#27 /tmp/abdoElHodaky/larvrevrstender/services/payment-service/vendor/laravel/framework/src/Illuminate/Collections/Traits/EnumeratesValues.php(275): Laravel\\Telescope\\Storage\\DatabaseEntriesRepository->Laravel\\Telescope\\Storage\\{closure}()
#28 /tmp/abdoElHodaky/larvrevrstender/services/payment-service/vendor/laravel/telescope/src/Storage/DatabaseEntriesRepository.php(163): Illuminate\\Support\\Collection->each()
#29 /tmp/abdoElHodaky/larvrevrstender/services/payment-service/vendor/laravel/telescope/src/Storage/DatabaseEntriesRepository.php(140): Laravel\\Telescope\\Storage\\DatabaseEntriesRepository->storeExceptions()
#30 /tmp/abdoElHodaky/larvrevrstender/services/payment-service/vendor/laravel/telescope/src/Telescope.php(664): Laravel\\Telescope\\Storage\\DatabaseEntriesRepository->store()
#31 [internal function]: Laravel\\Telescope\\Telescope::Laravel\\Telescope\\{closure}()
#32 /tmp/abdoElHodaky/larvrevrstender/services/payment-service/vendor/laravel/telescope/src/Telescope.php(289): call_user_func()
#33 /tmp/abdoElHodaky/larvrevrstender/services/payment-service/vendor/laravel/telescope/src/Telescope.php(656): Laravel\\Telescope\\Telescope::withoutRecording()
#34 /tmp/abdoElHodaky/larvrevrstender/services/payment-service/vendor/laravel/telescope/src/ListensForStorageOpportunities.php(65): Laravel\\Telescope\\Telescope::store()
#35 /tmp/abdoElHodaky/larvrevrstender/services/payment-service/vendor/laravel/framework/src/Illuminate/Container/BoundMethod.php(36): Laravel\\Telescope\\Telescope::Laravel\\Telescope\\{closure}()
#36 /tmp/abdoElHodaky/larvrevrstender/services/payment-service/vendor/laravel/framework/src/Illuminate/Container/Util.php(43): Illuminate\\Container\\BoundMethod::Illuminate\\Container\\{closure}()
#37 /tmp/abdoElHodaky/larvrevrstender/services/payment-service/vendor/laravel/framework/src/Illuminate/Container/BoundMethod.php(84): Illuminate\\Container\\Util::unwrapIfClosure()
#38 /tmp/abdoElHodaky/larvrevrstender/services/payment-service/vendor/laravel/framework/src/Illuminate/Container/BoundMethod.php(35): Illuminate\\Container\\BoundMethod::callBoundMethod()
#39 /tmp/abdoElHodaky/larvrevrstender/services/payment-service/vendor/laravel/framework/src/Illuminate/Container/Container.php(799): Illuminate\\Container\\BoundMethod::call()
#40 /tmp/abdoElHodaky/larvrevrstender/services/payment-service/vendor/laravel/framework/src/Illuminate/Foundation/Application.php(1466): Illuminate\\Container\\Container->call()
#41 /tmp/abdoElHodaky/larvrevrstender/services/payment-service/vendor/laravel/framework/src/Illuminate/Foundation/Console/Kernel.php(219): Illuminate\\Foundation\\Application->terminate()
#42 /tmp/abdoElHodaky/larvrevrstender/services/payment-service/artisan(51): Illuminate\\Foundation\\Console\\Kernel->terminate()
#43 {main}
"} 
[2026-02-17 05:53:41] testing.INFO: PaymentProcessingSaga started {"workflow_id":2,"order_id":12345,"customer_id":67890,"amount":100.0,"payment_method":"card"} 
[2026-02-17 05:53:41] testing.INFO: Procedure registered {"name":"events","class":"Shared\\Procedures\\CrossServiceProcedure","type":"micro"} 
[2026-02-17 05:53:41] testing.INFO: Procedure registered {"name":"cache","class":"Shared\\Procedures\\CrossServiceProcedure","type":"micro"} 
[2026-02-17 05:53:41] testing.INFO: Procedure registered {"name":"notification","class":"Shared\\Procedures\\CrossServiceProcedure","type":"micro"} 
[2026-02-17 05:53:41] testing.INFO: Procedure registered {"name":"validation","class":"Shared\\Procedures\\CrossServiceProcedure","type":"micro"} 
[2026-02-17 05:53:41] testing.INFO: Procedure registered {"name":"security","class":"Shared\\Procedures\\CrossServiceProcedure","type":"micro"} 
[2026-02-17 05:53:41] testing.INFO: Procedure registered {"name":"circuit_breaker","class":"Shared\\Procedures\\CrossServiceProcedure","type":"micro"} 
[2026-02-17 05:53:41] testing.INFO: Procedure registered {"name":"queue_circuit_breaker","class":"Shared\\Procedures\\CrossServiceProcedure","type":"micro"} 
[2026-02-17 05:53:41] testing.INFO: Procedure registered {"name":"third_party_integration","class":"Shared\\Procedures\\CrossServiceProcedure","type":"micro"} 
[2026-02-17 05:53:41] testing.INFO: Procedure registered {"name":"workflow","class":"Shared\\Procedures\\CrossServiceProcedure","type":"macro"} 
[2026-02-17 05:53:41] testing.ERROR: PaymentProcessingSaga encountered error, executing compensations {"workflow_id":2,"error":"Typed property Workflow\\Activity::$storedWorkflow must not be accessed before initialization","trace":"#0 /tmp/abdoElHodaky/larvrevrstender/services/payment-service/vendor/laravel/framework/src/Illuminate/Bus/UniqueLock.php(69): Workflow\\Activity->uniqueId()
#1 /tmp/abdoElHodaky/larvrevrstender/services/payment-service/vendor/laravel/framework/src/Illuminate/Foundation/Queue/InteractsWithUniqueJobs.php(22): Illuminate\\Bus\\UniqueLock::getKey()
#2 /tmp/abdoElHodaky/larvrevrstender/services/payment-service/vendor/laravel/framework/src/Illuminate/Foundation/Bus/PendingDispatch.php(243): Illuminate\\Foundation\\Bus\\PendingDispatch->addUniqueJobInformationToContext()
#3 /tmp/abdoElHodaky/larvrevrstender/services/payment-service/vendor/laravel/framework/src/Illuminate/Foundation/Bus/Dispatchable.php(19): Illuminate\\Foundation\\Bus\\PendingDispatch->__destruct()
#4 /tmp/abdoElHodaky/larvrevrstender/services/payment-service/vendor/laravel-workflow/laravel-workflow/src/ActivityStub.php(69): Workflow\\Activity::dispatch()
#5 /tmp/abdoElHodaky/larvrevrstender/services/payment-service/vendor/laravel-workflow/laravel-workflow/src/functions.php(58): Workflow\\ActivityStub::make()
#6 /tmp/abdoElHodaky/larvrevrstender/services/payment-service/app/Workflows/PaymentProcessingSaga.php(73): Workflow\\activity()
#7 [internal function]: App\\Workflows\\PaymentProcessingSaga->execute()
#8 /tmp/abdoElHodaky/larvrevrstender/services/payment-service/vendor/laravel-workflow/laravel-workflow/src/Workflow.php(216): Generator->valid()
#9 /tmp/abdoElHodaky/larvrevrstender/services/payment-service/vendor/laravel/framework/src/Illuminate/Container/BoundMethod.php(36): Workflow\\Workflow->handle()
#10 /tmp/abdoElHodaky/larvrevrstender/services/payment-service/vendor/laravel/framework/src/Illuminate/Container/Util.php(43): Illuminate\\Container\\BoundMethod::Illuminate\\Container\\{closure}()
#11 /tmp/abdoElHodaky/larvrevrstender/services/payment-service/vendor/laravel/framework/src/Illuminate/Container/BoundMethod.php(96): Illuminate\\Container\\Util::unwrapIfClosure()
#12 /tmp/abdoElHodaky/larvrevrstender/services/payment-service/vendor/laravel/framework/src/Illuminate/Container/BoundMethod.php(35): Illuminate\\Container\\BoundMethod::callBoundMethod()
#13 /tmp/abdoElHodaky/larvrevrstender/services/payment-service/vendor/laravel/framework/src/Illuminate/Container/Container.php(799): Illuminate\\Container\\BoundMethod::call()
#14 /tmp/abdoElHodaky/larvrevrstender/services/payment-service/vendor/laravel/framework/src/Illuminate/Bus/Dispatcher.php(129): Illuminate\\Container\\Container->call()
#15 /tmp/abdoElHodaky/larvrevrstender/services/payment-service/vendor/laravel/framework/src/Illuminate/Pipeline/Pipeline.php(180): Illuminate\\Bus\\Dispatcher->Illuminate\\Bus\\{closure}()
#16 /tmp/abdoElHodaky/larvrevrstender/services/payment-service/vendor/laravel/framework/src/Illuminate/Pipeline/Pipeline.php(137): Illuminate\\Pipeline\\Pipeline->Illuminate\\Pipeline\\{closure}()
#17 /tmp/abdoElHodaky/larvrevrstender/services/payment-service/vendor/laravel/framework/src/Illuminate/Bus/Dispatcher.php(133): Illuminate\\Pipeline\\Pipeline->then()
#18 /tmp/abdoElHodaky/larvrevrstender/services/payment-service/vendor/laravel/framework/src/Illuminate/Queue/CallQueuedHandler.php(136): Illuminate\\Bus\\Dispatcher->dispatchNow()
#19 /tmp/abdoElHodaky/larvrevrstender/services/payment-service/vendor/laravel/framework/src/Illuminate/Pipeline/Pipeline.php(180): Illuminate\\Queue\\CallQueuedHandler->Illuminate\\Queue\\{closure}()
#20 /tmp/abdoElHodaky/larvrevrstender/services/payment-service/vendor/laravel-workflow/laravel-workflow/src/Middleware/WithoutOverlappingMiddleware.php(47): Illuminate\\Pipeline\\Pipeline->Illuminate\\Pipeline\\{closure}()
#21 /tmp/abdoElHodaky/larvrevrstender/services/payment-service/vendor/laravel/framework/src/Illuminate/Pipeline/Pipeline.php(219): Workflow\\Middleware\\WithoutOverlappingMiddleware->handle()
#22 /tmp/abdoElHodaky/larvrevrstender/services/payment-service/vendor/laravel/framework/src/Illuminate/Pipeline/Pipeline.php(137): Illuminate\\Pipeline\\Pipeline->Illuminate\\Pipeline\\{closure}()
#23 /tmp/abdoElHodaky/larvrevrstender/services/payment-service/vendor/laravel/framework/src/Illuminate/Queue/CallQueuedHandler.php(129): Illuminate\\Pipeline\\Pipeline->then()
#24 /tmp/abdoElHodaky/larvrevrstender/services/payment-service/vendor/laravel/framework/src/Illuminate/Queue/CallQueuedHandler.php(70): Illuminate\\Queue\\CallQueuedHandler->dispatchThroughMiddleware()
#25 /tmp/abdoElHodaky/larvrevrstender/services/payment-service/vendor/laravel/framework/src/Illuminate/Queue/Jobs/Job.php(102): Illuminate\\Queue\\CallQueuedHandler->call()
#26 /tmp/abdoElHodaky/larvrevrstender/services/payment-service/vendor/laravel/framework/src/Illuminate/Queue/SyncQueue.php(131): Illuminate\\Queue\\Jobs\\Job->fire()
#27 /tmp/abdoElHodaky/larvrevrstender/services/payment-service/vendor/laravel/framework/src/Illuminate/Queue/SyncQueue.php(107): Illuminate\\Queue\\SyncQueue->executeJob()
#28 /tmp/abdoElHodaky/larvrevrstender/services/payment-service/vendor/laravel/framework/src/Illuminate/Foundation/Testing/DatabaseTransactionsManager.php(38): Illuminate\\Queue\\SyncQueue->Illuminate\\Queue\\{closure}()
#29 /tmp/abdoElHodaky/larvrevrstender/services/payment-service/vendor/laravel/framework/src/Illuminate/Queue/SyncQueue.php(106): Illuminate\\Foundation\\Testing\\DatabaseTransactionsManager->addCallback()
#30 /tmp/abdoElHodaky/larvrevrstender/services/payment-service/vendor/laravel/framework/src/Illuminate/Bus/Dispatcher.php(246): Illuminate\\Queue\\SyncQueue->push()
#31 /tmp/abdoElHodaky/larvrevrstender/services/payment-service/vendor/laravel/framework/src/Illuminate/Bus/Dispatcher.php(230): Illuminate\\Bus\\Dispatcher->pushCommandToQueue()
#32 /tmp/abdoElHodaky/larvrevrstender/services/payment-service/vendor/laravel/framework/src/Illuminate/Bus/Dispatcher.php(80): Illuminate\\Bus\\Dispatcher->dispatchToQueue()
#33 /tmp/abdoElHodaky/larvrevrstender/services/payment-service/vendor/laravel/framework/src/Illuminate/Foundation/Bus/PendingDispatch.php(252): Illuminate\\Bus\\Dispatcher->dispatch()
#34 /tmp/abdoElHodaky/larvrevrstender/services/payment-service/vendor/laravel/framework/src/Illuminate/Foundation/Bus/Dispatchable.php(19): Illuminate\\Foundation\\Bus\\PendingDispatch->__destruct()
#35 /tmp/abdoElHodaky/larvrevrstender/services/payment-service/vendor/laravel-workflow/laravel-workflow/src/WorkflowStub.php(396): Workflow\\Workflow::dispatch()
#36 /tmp/abdoElHodaky/larvrevrstender/services/payment-service/vendor/laravel-workflow/laravel-workflow/src/WorkflowStub.php(250): Workflow\\WorkflowStub->dispatch()
#37 /tmp/abdoElHodaky/larvrevrstender/services/payment-service/app/Workflows/PaymentProcessingSaga.php(49): Workflow\\WorkflowStub->start()
#38 /tmp/abdoElHodaky/larvrevrstender/services/payment-service/tests/Feature/SimpleWorkflowTest.php(35): App\\Workflows\\PaymentProcessingSaga::start()
#39 /tmp/abdoElHodaky/larvrevrstender/services/payment-service/vendor/phpunit/phpunit/src/Framework/TestCase.php(1667): Tests\\Feature\\SimpleWorkflowTest->test_workflow_can_be_created()
#40 /tmp/abdoElHodaky/larvrevrstender/services/payment-service/vendor/phpunit/phpunit/src/Framework/TestCase.php(519): PHPUnit\\Framework\\TestCase->runTest()
#41 /tmp/abdoElHodaky/larvrevrstender/services/payment-service/vendor/phpunit/phpunit/src/Framework/TestRunner/TestRunner.php(87): PHPUnit\\Framework\\TestCase->runBare()
#42 /tmp/abdoElHodaky/larvrevrstender/services/payment-service/vendor/phpunit/phpunit/src/Framework/TestCase.php(365): PHPUnit\\Framework\\TestRunner->run()
#43 /tmp/abdoElHodaky/larvrevrstender/services/payment-service/vendor/phpunit/phpunit/src/Framework/TestSuite.php(369): PHPUnit\\Framework\\TestCase->run()
#44 /tmp/abdoElHodaky/larvrevrstender/services/payment-service/vendor/phpunit/phpunit/src/TextUI/TestRunner.php(64): PHPUnit\\Framework\\TestSuite->run()
#45 /tmp/abdoElHodaky/larvrevrstender/services/payment-service/vendor/phpunit/phpunit/src/TextUI/Application.php(211): PHPUnit\\TextUI\\TestRunner->run()
#46 /tmp/abdoElHodaky/larvrevrstender/services/payment-service/vendor/phpunit/phpunit/phpunit(104): PHPUnit\\TextUI\\Application->run()
#47 /tmp/abdoElHodaky/larvrevrstender/services/payment-service/vendor/bin/phpunit(122): include('...')
#48 {main}"} 
[2026-02-17 05:59:11] testing.ERROR: SQLSTATE[HY000] [2002] Connection refused (Connection: mysql, Host: 127.0.0.1, Port: 3306, Database: laravel, SQL: insert into `telescope_entries` (`batch_id`, `content`, `created_at`, `family_hash`, `type`, `uuid`) values (a1197a1f-380e-4114-855c-1c98c2041153, {"connection":"sqlite","driver":"sqlite","bindings":[],"sql":"select exists (select 1 from \"main\".sqlite_master where name = 'migrations' and type = 'table') as \"exists\"","time":"1.22","slow":false,"file":"\/tmp\/abdoElHodaky\/larvrevrstender\/services\/payment-service\/artisan","line":35,"hash":"38099705c85292ffaed0ba8949c6d9ae","hostname":"modal"}, 2026-02-17 05:59:11, ?, query, a1197a1f-02d9-4345-ae62-6cd0f8fb4234), (a1197a1f-380e-4114-855c-1c98c2041153, {"connection":"sqlite","driver":"sqlite","bindings":[],"sql":"select exists (select 1 from \"main\".sqlite_master where name = 'migrations' and type = 'table') as \"exists\"","time":"0.16","slow":false,"file":"\/tmp\/abdoElHodaky\/larvrevrstender\/services\/payment-service\/artisan","line":35,"hash":"38099705c85292ffaed0ba8949c6d9ae","hostname":"modal"}, 2026-02-17 05:59:11, ?, query, a1197a1f-0602-48df-bbdc-ad36619cac6b), (a1197a1f-380e-4114-855c-1c98c2041153, {"connection":"sqlite","driver":"sqlite","bindings":[],"sql":"create table \"migrations\" (\"id\" integer primary key autoincrement not null, \"migration\" varchar not null, \"batch\" integer not null)","time":"0.57","slow":false,"file":"\/tmp\/abdoElHodaky\/larvrevrstender\/services\/payment-service\/artisan","line":35,"hash":"cd781e22d95b5c778aff00905540ff24","hostname":"modal"}, 2026-02-17 05:59:11, ?, query, a1197a1f-06e4-4209-90cf-2011ce4297ff), (a1197a1f-380e-4114-855c-1c98c2041153, {"connection":"sqlite","driver":"sqlite","bindings":[],"sql":"select exists (select 1 from \"main\".sqlite_master where name = 'migrations' and type = 'table') as \"exists\"","time":"0.11","slow":false,"file":"\/tmp\/abdoElHodaky\/larvrevrstender\/services\/payment-service\/artisan","line":35,"hash":"38099705c85292ffaed0ba8949c6d9ae","hostname":"modal"}, 2026-02-17 05:59:11, ?, query, a1197a1f-0796-4be3-bd18-7c67afb94d05), (a1197a1f-380e-4114-855c-1c98c2041153, {"connection":"sqlite","driver":"sqlite","bindings":[],"sql":"select \"migration\" from \"migrations\" order by \"batch\" asc, \"migration\" asc","time":"0.10","slow":false,"file":"\/tmp\/abdoElHodaky\/larvrevrstender\/services\/payment-service\/artisan","line":35,"hash":"84af29f5c40ba2eeda76663cdfcee4df","hostname":"modal"}, 2026-02-17 05:59:11, ?, query, a1197a1f-08e1-48a1-8a43-ed97418b244e), (a1197a1f-380e-4114-855c-1c98c2041153, {"connection":"sqlite","driver":"sqlite","bindings":[],"sql":"select \"migration\" from \"migrations\" order by \"batch\" asc, \"migration\" asc","time":"0.09","slow":false,"file":"\/tmp\/abdoElHodaky\/larvrevrstender\/services\/payment-service\/artisan","line":35,"hash":"84af29f5c40ba2eeda76663cdfcee4df","hostname":"modal"}, 2026-02-17 05:59:11, ?, query, a1197a1f-0926-4583-b3e4-fa70178c808f), (a1197a1f-380e-4114-855c-1c98c2041153, {"connection":"sqlite","driver":"sqlite","bindings":[],"sql":"select max(\"batch\") as aggregate from \"migrations\"","time":"0.10","slow":false,"file":"\/tmp\/abdoElHodaky\/larvrevrstender\/services\/payment-service\/artisan","line":35,"hash":"891c93593b7807a7dfc0848070936947","hostname":"modal"}, 2026-02-17 05:59:11, ?, query, a1197a1f-0a18-4ce3-967a-a37045964d2f), (a1197a1f-380e-4114-855c-1c98c2041153, {"connection":"sqlite","driver":"sqlite","bindings":[],"sql":"create table \"workflows\" (\"id\" integer primary key autoincrement not null, \"class\" text not null, \"arguments\" text, \"output\" text, \"status\" varchar not null default 'pending', \"created_at\" datetime, \"updated_at\" datetime)","time":"0.43","slow":false,"file":"\/tmp\/abdoElHodaky\/larvrevrstender\/services\/payment-service\/database\/migrations\/2022_01_01_000000_create_workflows_table.php","line":16,"hash":"b990086747ee90a99f538fe612edb553","hostname":"modal"}, 2026-02-17 05:59:11, ?, query, a1197a1f-0ad7-4820-a6c0-a3a2230881d6), (a1197a1f-380e-4114-855c-1c98c2041153, {"connection":"sqlite","driver":"sqlite","bindings":[],"sql":"create index \"workflows_status_index\" on \"workflows\" (\"status\")","time":"0.39","slow":false,"file":"\/tmp\/abdoElHodaky\/larvrevrstender\/services\/payment-service\/database\/migrations\/2022_01_01_000000_create_workflows_table.php","line":16,"hash":"e08b62641f316da088b7de24b238b631","hostname":"modal"}, 2026-02-17 05:59:11, ?, query, a1197a1f-0b0b-411e-b103-65eccd976e82), (a1197a1f-380e-4114-855c-1c98c2041153, {"connection":"sqlite","driver":"sqlite","bindings":[],"sql":"insert into \"migrations\" (\"migration\", \"batch\") values ('2022_01_01_000000_create_workflows_table', 1)","time":"0.38","slow":false,"file":"\/tmp\/abdoElHodaky\/larvrevrstender\/services\/payment-service\/artisan","line":35,"hash":"09c22f830d52d80cc99fe8c1b1acc44c","hostname":"modal"}, 2026-02-17 05:59:11, ?, query, a1197a1f-0b90-4715-b8e0-cfd87d211fa1), (a1197a1f-380e-4114-855c-1c98c2041153, {"connection":"sqlite","driver":"sqlite","bindings":[],"sql":"create table \"workflow_logs\" (\"id\" integer primary key autoincrement not null, \"stored_workflow_id\" integer not null, \"index\" integer not null, \"now\" datetime not null, \"class\" text not null, \"result\" text, \"created_at\" datetime, foreign key(\"stored_workflow_id\") references \"workflows\"(\"id\"))","time":"0.38","slow":false,"file":"\/tmp\/abdoElHodaky\/larvrevrstender\/services\/payment-service\/database\/migrations\/2022_01_01_000001_create_workflow_logs_table.php","line":16,"hash":"e268ff9f0774251af596d195af6cb1e6","hostname":"modal"}, 2026-02-17 05:59:11, ?, query, a1197a1f-0bfb-4dee-939f-a109fb2a1988), (a1197a1f-380e-4114-855c-1c98c2041153, {"connection":"sqlite","driver":"sqlite","bindings":[],"sql":"create unique index \"workflow_logs_stored_workflow_id_index_unique\" on \"workflow_logs\" (\"stored_workflow_id\", \"index\")","time":"0.36","slow":false,"file":"\/tmp\/abdoElHodaky\/larvrevrstender\/services\/payment-service\/database\/migrations\/2022_01_01_000001_create_workflow_logs_table.php","line":16,"hash":"4858829f520e15ab1c81ce9eaa4de739","hostname":"modal"}, 2026-02-17 05:59:11, ?, query, a1197a1f-0c2c-445e-aed0-ea1ffc5462f1), (a1197a1f-380e-4114-855c-1c98c2041153, {"connection":"sqlite","driver":"sqlite","bindings":[],"sql":"create index \"workflow_logs_stored_workflow_id_index\" on \"workflow_logs\" (\"stored_workflow_id\")","time":"0.33","slow":false,"file":"\/tmp\/abdoElHodaky\/larvrevrstender\/services\/payment-service\/database\/migrations\/2022_01_01_000001_create_workflow_logs_table.php","line":16,"hash":"af16786bf2e722b0452036375309aea3","hostname":"modal"}, 2026-02-17 05:59:11, ?, query, a1197a1f-0c5a-4ad2-a34e-7317ab35de19), (a1197a1f-380e-4114-855c-1c98c2041153, {"connection":"sqlite","driver":"sqlite","bindings":[],"sql":"insert into \"migrations\" (\"migration\", \"batch\") values ('2022_01_01_000001_create_workflow_logs_table', 1)","time":"0.35","slow":false,"file":"\/tmp\/abdoElHodaky\/larvrevrstender\/services\/payment-service\/artisan","line":35,"hash":"09c22f830d52d80cc99fe8c1b1acc44c","hostname":"modal"}, 2026-02-17 05:59:11, ?, query, a1197a1f-0cbc-40f4-8581-73960527b7ba), (a1197a1f-380e-4114-855c-1c98c2041153, {"connection":"sqlite","driver":"sqlite","bindings":[],"sql":"create table \"workflow_signals\" (\"id\" integer primary key autoincrement not null, \"stored_workflow_id\" integer not null, \"method\" text not null, \"arguments\" text, \"created_at\" datetime, foreign key(\"stored_workflow_id\") references \"workflows\"(\"id\"))","time":"0.35","slow":false,"file":"\/tmp\/abdoElHodaky\/larvrevrstender\/services\/payment-service\/database\/migrations\/2022_01_01_000002_create_workflow_signals_table.php","line":16,"hash":"29cc7162e8010b853c5bf4edfefe34f9","hostname":"modal"}, 2026-02-17 05:59:11, ?, query, a1197a1f-0d07-418b-adc5-7f23f139193d), (a1197a1f-380e-4114-855c-1c98c2041153, {"connection":"sqlite","driver":"sqlite","bindings":[],"sql":"create index \"workflow_signals_stored_workflow_id_created_at_index\" on \"workflow_signals\" (\"stored_workflow_id\", \"created_at\")","time":"0.32","slow":false,"file":"\/tmp\/abdoElHodaky\/larvrevrstender\/services\/payment-service\/database\/migrations\/2022_01_01_000002_create_workflow_signals_table.php","line":16,"hash":"388e901cb7a9928839db7b42de51887a","hostname":"modal"}, 2026-02-17 05:59:11, ?, query, a1197a1f-0d34-4cb7-9d0a-72f2357064ba), (a1197a1f-380e-4114-855c-1c98c2041153, {"connection":"sqlite","driver":"sqlite","bindings":[],"sql":"create index \"workflow_signals_stored_workflow_id_index\" on \"workflow_signals\" (\"stored_workflow_id\")","time":"0.34","slow":false,"file":"\/tmp\/abdoElHodaky\/larvrevrstender\/services\/payment-service\/database\/migrations\/2022_01_01_000002_create_workflow_signals_table.php","line":16,"hash":"65db80e406107aad7595627832fc2b55","hostname":"modal"}, 2026-02-17 05:59:11, ?, query, a1197a1f-0d62-4e8b-8dae-6222b2db7567), (a1197a1f-380e-4114-855c-1c98c2041153, {"connection":"sqlite","driver":"sqlite","bindings":[],"sql":"insert into \"migrations\" (\"migration\", \"batch\") values ('2022_01_01_000002_create_workflow_signals_table', 1)","time":"0.36","slow":false,"file":"\/tmp\/abdoElHodaky\/larvrevrstender\/services\/payment-service\/artisan","line":35,"hash":"09c22f830d52d80cc99fe8c1b1acc44c","hostname":"modal"}, 2026-02-17 05:59:11, ?, query, a1197a1f-0dbd-4dff-934c-9ddeba51205e), (a1197a1f-380e-4114-855c-1c98c2041153, {"connection":"sqlite","driver":"sqlite","bindings":[],"sql":"create table \"workflow_timers\" (\"id\" integer primary key autoincrement not null, \"stored_workflow_id\" integer not null, \"index\" integer not null, \"stop_at\" datetime not null, \"created_at\" datetime, foreign key(\"stored_workflow_id\") references \"workflows\"(\"id\"))","time":"0.43","slow":false,"file":"\/tmp\/abdoElHodaky\/larvrevrstender\/services\/payment-service\/database\/migrations\/2022_01_01_000003_create_workflow_timers_table.php","line":16,"hash":"45dca749a6696434b1fbf9f6137ead24","hostname":"modal"}, 2026-02-17 05:59:11, ?, query, a1197a1f-0e0f-4ff3-8206-cb5bf0b6750a), (a1197a1f-380e-4114-855c-1c98c2041153, {"connection":"sqlite","driver":"sqlite","bindings":[],"sql":"create index \"workflow_timers_stored_workflow_id_created_at_index\" on \"workflow_timers\" (\"stored_workflow_id\", \"created_at\")","time":"0.34","slow":false,"file":"\/tmp\/abdoElHodaky\/larvrevrstender\/services\/payment-service\/database\/migrations\/2022_01_01_000003_create_workflow_timers_table.php","line":16,"hash":"be243af711a0c24944b9f432f2b9e786","hostname":"modal"}, 2026-02-17 05:59:11, ?, query, a1197a1f-0e3f-45d2-9f12-cb8c1535b401), (a1197a1f-380e-4114-855c-1c98c2041153, {"connection":"sqlite","driver":"sqlite","bindings":[],"sql":"create index \"workflow_timers_stored_workflow_id_index\" on \"workflow_timers\" (\"stored_workflow_id\")","time":"0.33","slow":false,"file":"\/tmp\/abdoElHodaky\/larvrevrstender\/services\/payment-service\/database\/migrations\/2022_01_01_000003_create_workflow_timers_table.php","line":16,"hash":"efd5af37fae13cb7a4260e5053f63c5c","hostname":"modal"}, 2026-02-17 05:59:11, ?, query, a1197a1f-0e6d-4241-9408-927b304f9d2d), (a1197a1f-380e-4114-855c-1c98c2041153, {"connection":"sqlite","driver":"sqlite","bindings":[],"sql":"insert into \"migrations\" (\"migration\", \"batch\") values ('2022_01_01_000003_create_workflow_timers_table', 1)","time":"0.35","slow":false,"file":"\/tmp\/abdoElHodaky\/larvrevrstender\/services\/payment-service\/artisan","line":35,"hash":"09c22f830d52d80cc99fe8c1b1acc44c","hostname":"modal"}, 2026-02-17 05:59:11, ?, query, a1197a1f-0ec9-4330-bc4e-03d2076aac07), (a1197a1f-380e-4114-855c-1c98c2041153, {"connection":"sqlite","driver":"sqlite","bindings":[],"sql":"create table \"workflow_exceptions\" (\"id\" integer primary key autoincrement not null, \"stored_workflow_id\" integer not null, \"class\" text not null, \"exception\" text not null, \"created_at\" datetime, foreign key(\"stored_workflow_id\") references \"workflows\"(\"id\"))","time":"0.38","slow":false,"file":"\/tmp\/abdoElHodaky\/larvrevrstender\/services\/payment-service\/database\/migrations\/2022_01_01_000004_create_workflow_exceptions_table.php","line":16,"hash":"91aca29e23fdf341475b9c58897041f4","hostname":"modal"}, 2026-02-17 05:59:11, ?, query, a1197a1f-0f16-40ee-be0b-07bdf36d3dbf), (a1197a1f-380e-4114-855c-1c98c2041153, {"connection":"sqlite","driver":"sqlite","bindings":[],"sql":"create index \"workflow_exceptions_stored_workflow_id_index\" on \"workflow_exceptions\" (\"stored_workflow_id\")","time":"0.36","slow":false,"file":"\/tmp\/abdoElHodaky\/larvrevrstender\/services\/payment-service\/database\/migrations\/2022_01_01_000004_create_workflow_exceptions_table.php","line":16,"hash":"4a3f245677b2f5a058d000695aa1dd56","hostname":"modal"}, 2026-02-17 05:59:11, ?, query, a1197a1f-0f47-4827-b5a1-a2c7a32feb82), (a1197a1f-380e-4114-855c-1c98c2041153, {"connection":"sqlite","driver":"sqlite","bindings":[],"sql":"insert into \"migrations\" (\"migration\", \"batch\") values ('2022_01_01_000004_create_workflow_exceptions_table', 1)","time":"0.35","slow":false,"file":"\/tmp\/abdoElHodaky\/larvrevrstender\/services\/payment-service\/artisan","line":35,"hash":"09c22f830d52d80cc99fe8c1b1acc44c","hostname":"modal"}, 2026-02-17 05:59:11, ?, query, a1197a1f-0fa1-41b7-8e00-7a524a46a9a0), (a1197a1f-380e-4114-855c-1c98c2041153, {"connection":"sqlite","driver":"sqlite","bindings":[],"sql":"create table \"workflow_relationships\" (\"id\" integer primary key autoincrement not null, \"parent_workflow_id\" integer, \"parent_index\" integer not null, \"parent_now\" datetime not null, \"child_workflow_id\" integer, foreign key(\"parent_workflow_id\") references \"workflows\"(\"id\"), foreign key(\"child_workflow_id\") references \"workflows\"(\"id\"))","time":"0.38","slow":false,"file":"\/tmp\/abdoElHodaky\/larvrevrstender\/services\/payment-service\/database\/migrations\/2022_01_01_000005_create_workflow_relationships_table.php","line":16,"hash":"86e8ae0d1eb668d58e5b5e0a05d1cac3","hostname":"modal"}, 2026-02-17 05:59:11, ?, query, a1197a1f-0fee-40ae-8abe-c04edf39d52d), (a1197a1f-380e-4114-855c-1c98c2041153, {"connection":"sqlite","driver":"sqlite","bindings":[],"sql":"create index \"workflow_relationships_parent_workflow_id_index\" on \"workflow_relationships\" (\"parent_workflow_id\")","time":"0.34","slow":false,"file":"\/tmp\/abdoElHodaky\/larvrevrstender\/services\/payment-service\/database\/migrations\/2022_01_01_000005_create_workflow_relationships_table.php","line":16,"hash":"47b45b53c0ca304387f146ff08765c40","hostname":"modal"}, 2026-02-17 05:59:11, ?, query, a1197a1f-101d-4730-b279-1fe630c774be), (a1197a1f-380e-4114-855c-1c98c2041153, {"connection":"sqlite","driver":"sqlite","bindings":[],"sql":"create index \"workflow_relationships_child_workflow_id_index\" on \"workflow_relationships\" (\"child_workflow_id\")","time":"0.37","slow":false,"file":"\/tmp\/abdoElHodaky\/larvrevrstender\/services\/payment-service\/database\/migrations\/2022_01_01_000005_create_workflow_relationships_table.php","line":16,"hash":"0a34e6f6d56fc5a25a08cb898df76f89","hostname":"modal"}, 2026-02-17 05:59:11, ?, query, a1197a1f-104f-45e6-9dc1-498d2314c155), (a1197a1f-380e-4114-855c-1c98c2041153, {"connection":"sqlite","driver":"sqlite","bindings":[],"sql":"insert into \"migrations\" (\"migration\", \"batch\") values ('2022_01_01_000005_create_workflow_relationships_table', 1)","time":"0.34","slow":false,"file":"\/tmp\/abdoElHodaky\/larvrevrstender\/services\/payment-service\/artisan","line":35,"hash":"09c22f830d52d80cc99fe8c1b1acc44c","hostname":"modal"}, 2026-02-17 05:59:11, ?, query, a1197a1f-109f-4f31-971c-afedfbc2255b), (a1197a1f-380e-4114-855c-1c98c2041153, {"connection":"sqlite","driver":"sqlite","bindings":[],"sql":"create table \"invoices\" (\"id\" integer primary key autoincrement not null, \"invoice_number\" varchar not null, \"order_id\" integer not null, \"customer_id\" integer not null, \"merchant_id\" integer not null, \"subtotal\" numeric not null, \"tax_amount\" numeric not null default '0', \"platform_fee\" numeric not null default '0', \"delivery_fee\" numeric not null default '0', \"discount_amount\" numeric not null default '0', \"total_amount\" numeric not null, \"currency\" varchar not null default 'SAR', \"status\" varchar check (\"status\" in ('draft', 'sent', 'viewed', 'paid', 'overdue', 'cancelled', 'refunded')) not null default 'draft', \"invoice_date\" date not null, \"due_date\" date not null, \"sent_at\" datetime, \"viewed_at\" datetime, \"paid_at\" datetime, \"billing_address\" text not null, \"customer_name\" varchar not null, \"customer_email\" varchar, \"customer_phone\" varchar, \"customer_tax_id\" varchar, \"merchant_name\" varchar not null, \"merchant_tax_number\" varchar, \"merchant_address\" text, \"line_items\" text not null, \"zatca_uuid\" varchar, \"zatca_hash\" varchar, \"zatca_qr_code\" text, \"zatca_status\" varchar check (\"zatca_status\" in ('pending', 'submitted', 'approved', 'rejected')), \"zatca_submitted_at\" datetime, \"zatca_response\" text, \"payment_method\" varchar, \"payment_reference\" varchar, \"payment_metadata\" text, \"notes\" text, \"status_history\" text, \"email_history\" text, \"metadata\" text, \"created_at\" datetime, \"updated_at\" datetime)","time":"0.68","slow":false,"file":"\/tmp\/abdoElHodaky\/larvrevrstender\/services\/payment-service\/database\/migrations\/2024_01_03_000001_create_invoices_table.php","line":14,"hash":"6041e6497c52723209c63b25412cc284","hostname":"modal"}, 2026-02-17 05:59:11, ?, query, a1197a1f-114b-4078-a7eb-ca878616df83), (a1197a1f-380e-4114-855c-1c98c2041153, {"connection":"sqlite","driver":"sqlite","bindings":[],"sql":"create index \"invoices_customer_id_status_index\" on \"invoices\" (\"customer_id\", \"status\")","time":"0.39","slow":false,"file":"\/tmp\/abdoElHodaky\/larvrevrstender\/services\/payment-service\/database\/migrations\/2024_01_03_000001_create_invoices_table.php","line":14,"hash":"0047f531a0eb1e9580929cc170e205b1","hostname":"modal"}, 2026-02-17 05:59:11, ?, query, a1197a1f-1180-45f4-840e-80d29df2b25c), (a1197a1f-380e-4114-855c-1c98c2041153, {"connection":"sqlite","driver":"sqlite","bindings":[],"sql":"create index \"invoices_merchant_id_status_index\" on \"invoices\" (\"merchant_id\", \"status\")","time":"0.39","slow":false,"file":"\/tmp\/abdoElHodaky\/larvrevrstender\/services\/payment-service\/database\/migrations\/2024_01_03_000001_create_invoices_table.php","line":14,"hash":"a867984b8984d184973162b014fbd9f4","hostname":"modal"}, 2026-02-17 05:59:11, ?, query, a1197a1f-11b5-497f-8d3d-c11af352ac89), (a1197a1f-380e-4114-855c-1c98c2041153, {"connection":"sqlite","driver":"sqlite","bindings":[],"sql":"create index \"invoices_status_due_date_index\" on \"invoices\" (\"status\", \"due_date\")","time":"0.37","slow":false,"file":"\/tmp\/abdoElHodaky\/larvrevrstender\/services\/payment-service\/database\/migrations\/2024_01_03_000001_create_invoices_table.php","line":14,"hash":"25bacce12402b4fc5f56e84280f29080","hostname":"modal"}, 2026-02-17 05:59:11, ?, query, a1197a1f-11e7-4fb6-bb08-d5fcf337c275), (a1197a1f-380e-4114-855c-1c98c2041153, {"connection":"sqlite","driver":"sqlite","bindings":[],"sql":"create index \"invoices_invoice_date_status_index\" on \"invoices\" (\"invoice_date\", \"status\")","time":"0.39","slow":false,"file":"\/tmp\/abdoElHodaky\/larvrevrstender\/services\/payment-service\/database\/migrations\/2024_01_03_000001_create_invoices_table.php","line":14,"hash":"775b371b8bbfa3fbd36d20d7a10a56ad","hostname":"modal"}, 2026-02-17 05:59:11, ?, query, a1197a1f-121b-4bb7-810f-b38494fbd40b), (a1197a1f-380e-4114-855c-1c98c2041153, {"connection":"sqlite","driver":"sqlite","bindings":[],"sql":"create index \"invoices_created_at_index\" on \"invoices\" (\"created_at\")","time":"0.37","slow":false,"file":"\/tmp\/abdoElHodaky\/larvrevrstender\/services\/payment-service\/database\/migrations\/2024_01_03_000001_create_invoices_table.php","line":14,"hash":"e8397c89bd149c7ab7b433dfbc4ce298","hostname":"modal"}, 2026-02-17 05:59:11, ?, query, a1197a1f-124c-4818-9ead-b7b6e28ca4ff), (a1197a1f-380e-4114-855c-1c98c2041153, {"connection":"sqlite","driver":"sqlite","bindings":[],"sql":"create unique index \"invoices_invoice_number_unique\" on \"invoices\" (\"invoice_number\")","time":"0.37","slow":false,"file":"\/tmp\/abdoElHodaky\/larvrevrstender\/services\/payment-service\/database\/migrations\/2024_01_03_000001_create_invoices_table.php","line":14,"hash":"9c3acf3c012871e0f18ae68e81542be2","hostname":"modal"}, 2026-02-17 05:59:11, ?, query, a1197a1f-127e-430f-8a25-77302c030bd9), (a1197a1f-380e-4114-855c-1c98c2041153, {"connection":"sqlite","driver":"sqlite","bindings":[],"sql":"create unique index \"invoices_order_id_unique\" on \"invoices\" (\"order_id\")","time":"2.89","slow":false,"file":"\/tmp\/abdoElHodaky\/larvrevrstender\/services\/payment-service\/database\/migrations\/2024_01_03_000001_create_invoices_table.php","line":14,"hash":"13c80b9410a0c160b856ef4eb4fbf8a7","hostname":"modal"}, 2026-02-17 05:59:11, ?, query, a1197a1f-13b3-491e-a993-8a26018abf68), (a1197a1f-380e-4114-855c-1c98c2041153, {"connection":"sqlite","driver":"sqlite","bindings":[],"sql":"create index \"invoices_status_index\" on \"invoices\" (\"status\")","time":"0.50","slow":false,"file":"\/tmp\/abdoElHodaky\/larvrevrstender\/services\/payment-service\/database\/migrations\/2024_01_03_000001_create_invoices_table.php","line":14,"hash":"2b7b2de556fcfd500bad87312c4deb07","hostname":"modal"}, 2026-02-17 05:59:11, ?, query, a1197a1f-13fc-4736-b965-b90bef8cad7e), (a1197a1f-380e-4114-855c-1c98c2041153, {"connection":"sqlite","driver":"sqlite","bindings":[],"sql":"create unique index \"invoices_zatca_uuid_unique\" on \"invoices\" (\"zatca_uuid\")","time":"0.43","slow":false,"file":"\/tmp\/abdoElHodaky\/larvrevrstender\/services\/payment-service\/database\/migrations\/2024_01_03_000001_create_invoices_table.php","line":14,"hash":"d3dfa3aa8aee93a970e4f0c48ed1b278","hostname":"modal"}, 2026-02-17 05:59:11, ?, query, a1197a1f-1435-44a2-a7c9-89a267193b21), (a1197a1f-380e-4114-855c-1c98c2041153, {"connection":"sqlite","driver":"sqlite","bindings":[],"sql":"create index \"invoices_zatca_hash_index\" on \"invoices\" (\"zatca_hash\")","time":"0.38","slow":false,"file":"\/tmp\/abdoElHodaky\/larvrevrstender\/services\/payment-service\/database\/migrations\/2024_01_03_000001_create_invoices_table.php","line":14,"hash":"1105770c2d8767c013eeb01136fc754e","hostname":"modal"}, 2026-02-17 05:59:11, ?, query, a1197a1f-1468-45ad-b756-fdd7a3dbcb91), (a1197a1f-380e-4114-855c-1c98c2041153, {"connection":"sqlite","driver":"sqlite","bindings":[],"sql":"create index \"invoices_zatca_status_index\" on \"invoices\" (\"zatca_status\")","time":"0.42","slow":false,"file":"\/tmp\/abdoElHodaky\/larvrevrstender\/services\/payment-service\/database\/migrations\/2024_01_03_000001_create_invoices_table.php","line":14,"hash":"285550fc33ef6a650c43b30591e34ede","hostname":"modal"}, 2026-02-17 05:59:11, ?, query, a1197a1f-149d-4037-bb2b-fbfa461dfc32), (a1197a1f-380e-4114-855c-1c98c2041153, {"connection":"sqlite","driver":"sqlite","bindings":[],"sql":"create index \"invoices_payment_reference_index\" on \"invoices\" (\"payment_reference\")","time":"0.39","slow":false,"file":"\/tmp\/abdoElHodaky\/larvrevrstender\/services\/payment-service\/database\/migrations\/2024_01_03_000001_create_invoices_table.php","line":14,"hash":"4847f4be555d00e604cd9c993fbe9d98","hostname":"modal"}, 2026-02-17 05:59:11, ?, query, a1197a1f-14d0-44cf-98cb-988ed0c49221), (a1197a1f-380e-4114-855c-1c98c2041153, {"connection":"sqlite","driver":"sqlite","bindings":[],"sql":"insert into \"migrations\" (\"migration\", \"batch\") values ('2024_01_03_000001_create_invoices_table', 1)","time":"0.37","slow":false,"file":"\/tmp\/abdoElHodaky\/larvrevrstender\/services\/payment-service\/artisan","line":35,"hash":"09c22f830d52d80cc99fe8c1b1acc44c","hostname":"modal"}, 2026-02-17 05:59:11, ?, query, a1197a1f-1546-401e-96f9-f04e1e60949d), (a1197a1f-380e-4114-855c-1c98c2041153, {"connection":"sqlite","driver":"sqlite","bindings":[],"sql":"create table \"payments\" (\"id\" integer primary key autoincrement not null, \"payment_reference\" varchar not null, \"invoice_id\" integer not null, \"order_id\" integer not null, \"customer_id\" integer not null, \"merchant_id\" integer not null, \"amount\" numeric not null, \"currency\" varchar not null default 'SAR', \"type\" varchar check (\"type\" in ('payment', 'refund', 'partial_refund')) not null default 'payment', \"payment_method\" varchar not null, \"payment_provider\" varchar, \"provider_transaction_id\" varchar, \"payment_details\" text, \"card_last_four\" varchar, \"card_brand\" varchar, \"card_token\" varchar, \"status\" varchar check (\"status\" in ('pending', 'processing', 'completed', 'failed', 'cancelled', 'refunded', 'partially_refunded')) not null default 'pending', \"initiated_at\" datetime, \"processed_at\" datetime, \"completed_at\" datetime, \"failed_at\" datetime, \"failure_reason\" varchar, \"failure_code\" varchar, \"failure_message\" text, \"refunded_amount\" numeric not null default '0', \"refunded_at\" datetime, \"refund_reason\" text, \"risk_assessment\" text, \"requires_3ds\" tinyint(1) not null default '0', \"3ds_status\" varchar, \"gateway_request\" text, \"gateway_response\" text, \"webhook_data\" text, \"gateway_fee\" numeric not null default '0', \"platform_fee\" numeric not null default '0', \"net_amount\" numeric, \"reconciled\" tinyint(1) not null default '0', \"reconciled_at\" datetime, \"reconciliation_reference\" varchar, \"zatca_payment_reference\" varchar, \"zatca_payment_data\" text, \"metadata\" text, \"created_at\" datetime, \"updated_at\" datetime, foreign key(\"invoice_id\") references \"invoices\"(\"id\") on delete cascade)","time":"0.56","slow":false,"file":"\/tmp\/abdoElHodaky\/larvrevrstender\/services\/payment-service\/database\/migrations\/2024_01_03_000002_create_payments_table.php","line":14,"hash":"1c1f39707ce900874166bf9f624ecf3c","hostname":"modal"}, 2026-02-17 05:59:11, ?, query, a1197a1f-15f4-4604-b529-73812a3ef119), (a1197a1f-380e-4114-855c-1c98c2041153, {"connection":"sqlite","driver":"sqlite","bindings":[],"sql":"create index \"payments_customer_id_status_index\" on \"payments\" (\"customer_id\", \"status\")","time":"0.42","slow":false,"file":"\/tmp\/abdoElHodaky\/larvrevrstender\/services\/payment-service\/database\/migrations\/2024_01_03_000002_create_payments_table.php","line":14,"hash":"cd9c3839049867a07d3cff891a6b29fa","hostname":"modal"}, 2026-02-17 05:59:11, ?, query, a1197a1f-162b-4b9b-8a2f-952e55dea79e), (a1197a1f-380e-4114-855c-1c98c2041153, {"connection":"sqlite","driver":"sqlite","bindings":[],"sql":"create index \"payments_merchant_id_status_index\" on \"payments\" (\"merchant_id\", \"status\")","time":"0.41","slow":false,"file":"\/tmp\/abdoElHodaky\/larvrevrstender\/services\/payment-service\/database\/migrations\/2024_01_03_000002_create_payments_table.php","line":14,"hash":"633a0c08b107bc49208bdeb0281afe76","hostname":"modal"}, 2026-02-17 05:59:11, ?, query, a1197a1f-1661-4925-bf3b-36ba0208df9b), (a1197a1f-380e-4114-855c-1c98c2041153, {"connection":"sqlite","driver":"sqlite","bindings":[],"sql":"create index \"payments_payment_method_status_index\" on \"payments\" (\"payment_method\", \"status\")","time":"0.38","slow":false,"file":"\/tmp\/abdoElHodaky\/larvrevrstender\/services\/payment-service\/database\/migrations\/2024_01_03_000002_create_payments_table.php","line":14,"hash":"6c8573c0c9ecc90a9d552d094ea9be34","hostname":"modal"}, 2026-02-17 05:59:11, ?, query, a1197a1f-1694-42ef-a203-a42125dd8b77), (a1197a1f-380e-4114-855c-1c98c2041153, {"connection":"sqlite","driver":"sqlite","bindings":[],"sql":"create index \"payments_payment_provider_status_index\" on \"payments\" (\"payment_provider\", \"status\")","time":"0.38","slow":false,"file":"\/tmp\/abdoElHodaky\/larvrevrstender\/services\/payment-service\/database\/migrations\/2024_01_03_000002_create_payments_table.php","line":14,"hash":"02c5f566b75e5010d43853030d2d1f94","hostname":"modal"}, 2026-02-17 05:59:11, ?, query, a1197a1f-16c5-44e0-bc95-19930784c4b2), (a1197a1f-380e-4114-855c-1c98c2041153, {"connection":"sqlite","driver":"sqlite","bindings":[],"sql":"create index \"payments_status_created_at_index\" on \"payments\" (\"status\", \"created_at\")","time":"0.37","slow":false,"file":"\/tmp\/abdoElHodaky\/larvrevrstender\/services\/payment-service\/database\/migrations\/2024_01_03_000002_create_payments_table.php","line":14,"hash":"de6f4059d444358a3f96368c02c2aa7a","hostname":"modal"}, 2026-02-17 05:59:11, ?, query, a1197a1f-16f6-453d-9abc-bbfbd0c24b00), (a1197a1f-380e-4114-855c-1c98c2041153, {"connection":"sqlite","driver":"sqlite","bindings":[],"sql":"create index \"payments_completed_at_index\" on \"payments\" (\"completed_at\")","time":"0.39","slow":false,"file":"\/tmp\/abdoElHodaky\/larvrevrstender\/services\/payment-service\/database\/migrations\/2024_01_03_000002_create_payments_table.php","line":14,"hash":"e9865d7abb6b27c0668667a38e58c5e2","hostname":"modal"}, 2026-02-17 05:59:11, ?, query, a1197a1f-1728-4b46-aa2c-a71aa1f3a5d9), (a1197a1f-380e-4114-855c-1c98c2041153, {"connection":"sqlite","driver":"sqlite","bindings":[],"sql":"create unique index \"payments_payment_reference_unique\" on \"payments\" (\"payment_reference\")","time":"0.36","slow":false,"file":"\/tmp\/abdoElHodaky\/larvrevrstender\/services\/payment-service\/database\/migrations\/2024_01_03_000002_create_payments_table.php","line":14,"hash":"e785bc298b70052b3ce318d8d32d2ae5","hostname":"modal"}, 2026-02-17 05:59:11, ?, query, a1197a1f-1757-48f6-a404-4a39bb384dbb), (a1197a1f-380e-4114-855c-1c98c2041153, {"connection":"sqlite","driver":"sqlite","bindings":[],"sql":"create index \"payments_type_index\" on \"payments\" (\"type\")","time":"0.38","slow":false,"file":"\/tmp\/abdoElHodaky\/larvrevrstender\/services\/payment-service\/database\/migrations\/2024_01_03_000002_create_payments_table.php","line":14,"hash":"18f1e9c07c7b1a655ad91c94853976ef","hostname":"modal"}, 2026-02-17 05:59:11, ?, query, a1197a1f-1788-44fa-9fa9-7545ac09de04), (a1197a1f-380e-4114-855c-1c98c2041153, {"connection":"sqlite","driver":"sqlite","bindings":[],"sql":"create index \"payments_payment_method_index\" on \"payments\" (\"payment_method\")","time":"0.37","slow":false,"file":"\/tmp\/abdoElHodaky\/larvrevrstender\/services\/payment-service\/database\/migrations\/2024_01_03_000002_create_payments_table.php","line":14,"hash":"dc62a6ccc470736a3b089d0a885bc5c6","hostname":"modal"}, 2026-02-17 05:59:11, ?, query, a1197a1f-17b9-4e48-b280-55a63ce7b553), (a1197a1f-380e-4114-855c-1c98c2041153, {"connection":"sqlite","driver":"sqlite","bindings":[],"sql":"create index \"payments_provider_transaction_id_index\" on \"payments\" (\"provider_transaction_id\")","time":"0.37","slow":false,"file":"\/tmp\/abdoElHodaky\/larvrevrstender\/services\/payment-service\/database\/migrations\/2024_01_03_000002_create_payments_table.php","line":14,"hash":"28e4358fdb8d43b3cb04f5a12390f70e","hostname":"modal"}, 2026-02-17 05:59:11, ?, query, a1197a1f-17ea-4f5e-9b4f-8da302e51005), (a1197a1f-380e-4114-855c-1c98c2041153, {"connection":"sqlite","driver":"sqlite","bindings":[],"sql":"create index \"payments_status_index\" on \"payments\" (\"status\")","time":"0.36","slow":false,"file":"\/tmp\/abdoElHodaky\/larvrevrstender\/services\/payment-service\/database\/migrations\/2024_01_03_000002_create_payments_table.php","line":14,"hash":"998a526c34219171b0058125a70926a1","hostname":"modal"}, 2026-02-17 05:59:11, ?, query, a1197a1f-181a-4f62-8d51-27a0949ceb98), (a1197a1f-380e-4114-855c-1c98c2041153, {"connection":"sqlite","driver":"sqlite","bindings":[],"sql":"create index \"payments_reconciled_index\" on \"payments\" (\"reconciled\")","time":"0.37","slow":false,"file":"\/tmp\/abdoElHodaky\/larvrevrstender\/services\/payment-service\/database\/migrations\/2024_01_03_000002_create_payments_table.php","line":14,"hash":"66d4ad3333044938f2ee3729eaa1ffaa","hostname":"modal"}, 2026-02-17 05:59:11, ?, query, a1197a1f-184a-4ca8-bff2-31e8f610bc35), (a1197a1f-380e-4114-855c-1c98c2041153, {"connection":"sqlite","driver":"sqlite","bindings":[],"sql":"insert into \"migrations\" (\"migration\", \"batch\") values ('2024_01_03_000002_create_payments_table', 1)","time":"0.37","slow":false,"file":"\/tmp\/abdoElHodaky\/larvrevrstender\/services\/payment-service\/artisan","line":35,"hash":"09c22f830d52d80cc99fe8c1b1acc44c","hostname":"modal"}, 2026-02-17 05:59:11, ?, query, a1197a1f-18bc-472b-9151-88b5d03eb476), (a1197a1f-380e-4114-855c-1c98c2041153, {"connection":"sqlite","driver":"sqlite","bindings":[],"sql":"create table \"transactions\" (\"id\" integer primary key autoincrement not null, \"transaction_reference\" varchar not null, \"payment_id\" integer, \"invoice_id\" integer, \"order_id\" integer, \"customer_id\" integer not null, \"merchant_id\" integer not null, \"type\" varchar check (\"type\" in ('payment', 'refund', 'partial_refund', 'fee', 'chargeback', 'adjustment')) not null, \"status\" varchar check (\"status\" in ('pending', 'processing', 'completed', 'failed', 'cancelled', 'reversed')) not null, \"amount\" numeric not null, \"currency\" varchar not null, \"fee_amount\" numeric not null default '0', \"net_amount\" numeric not null, \"description\" varchar, \"category\" varchar, \"tags\" text, \"metadata\" text, \"payment_provider\" varchar, \"gateway_transaction_id\" varchar, \"gateway_response\" text, \"accounting_code\" varchar, \"reconciled\" tinyint(1) not null default '0', \"reconciled_at\" datetime, \"reconciliation_reference\" varchar, \"processed_at\" datetime, \"settled_at\" datetime, \"processed_by\" varchar, \"parent_transaction_id\" integer, \"external_reference\" varchar, \"created_at\" datetime, \"updated_at\" datetime, foreign key(\"payment_id\") references \"payments\"(\"id\") on delete set null, foreign key(\"invoice_id\") references \"invoices\"(\"id\") on delete set null, foreign key(\"parent_transaction_id\") references \"transactions\"(\"id\") on delete set null)","time":"0.56","slow":false,"file":"\/tmp\/abdoElHodaky\/larvrevrstender\/services\/payment-service\/database\/migrations\/2024_01_03_000003_create_transactions_table.php","line":14,"hash":"e5dc457a20f6fb5fe2020aadbee8e30d","hostname":"modal"}, 2026-02-17 05:59:11, ?, query, a1197a1f-1954-402b-80bf-3ef855808e6f), (a1197a1f-380e-4114-855c-1c98c2041153, {"connection":"sqlite","driver":"sqlite","bindings":[],"sql":"create index \"transactions_customer_id_created_at_index\" on \"transactions\" (\"customer_id\", \"created_at\")","time":"0.39","slow":false,"file":"\/tmp\/abdoElHodaky\/larvrevrstender\/services\/payment-service\/database\/migrations\/2024_01_03_000003_create_transactions_table.php","line":14,"hash":"ceb2ab7bf4b66d892c4aa581fd1cd7d2","hostname":"modal"}, 2026-02-17 05:59:11, ?, query, a1197a1f-198a-4e93-8f87-426e71ccd31d), (a1197a1f-380e-4114-855c-1c98c2041153, {"connection":"sqlite","driver":"sqlite","bindings":[],"sql":"create index \"transactions_merchant_id_created_at_index\" on \"transactions\" (\"merchant_id\", \"created_at\")","time":"0.41","slow":false,"file":"\/tmp\/abdoElHodaky\/larvrevrstender\/services\/payment-service\/database\/migrations\/2024_01_03_000003_create_transactions_table.php","line":14,"hash":"df8b0110c0cb81e23a4c288b2ef83d43","hostname":"modal"}, 2026-02-17 05:59:11, ?, query, a1197a1f-19c1-4252-8aaa-cb7f7757498d), (a1197a1f-380e-4114-855c-1c98c2041153, {"connection":"sqlite","driver":"sqlite","bindings":[],"sql":"create index \"transactions_payment_id_index\" on \"transactions\" (\"payment_id\")","time":"0.39","slow":false,"file":"\/tmp\/abdoElHodaky\/larvrevrstender\/services\/payment-service\/database\/migrations\/2024_01_03_000003_create_transactions_table.php","line":14,"hash":"e3d2a9404e4f6d312210a513773e8a49","hostname":"modal"}, 2026-02-17 05:59:11, ?, query, a1197a1f-19f4-467f-a6cc-4f6dcfe8f7b5), (a1197a1f-380e-4114-855c-1c98c2041153, {"connection":"sqlite","driver":"sqlite","bindings":[],"sql":"create index \"transactions_invoice_id_index\" on \"transactions\" (\"invoice_id\")","time":"0.38","slow":false,"file":"\/tmp\/abdoElHodaky\/larvrevrstender\/services\/payment-service\/database\/migrations\/2024_01_03_000003_create_transactions_table.php","line":14,"hash":"503cf630883b3654b756f9e7fd929876","hostname":"modal"}, 2026-02-17 05:59:11, ?, query, a1197a1f-1a28-4901-8881-6bbf4d6bdb44), (a1197a1f-380e-4114-855c-1c98c2041153, {"connection":"sqlite","driver":"sqlite","bindings":[],"sql":"create index \"transactions_order_id_index\" on \"transactions\" (\"order_id\")","time":"0.41","slow":false,"file":"\/tmp\/abdoElHodaky\/larvrevrstender\/services\/payment-service\/database\/migrations\/2024_01_03_000003_create_transactions_table.php","line":14,"hash":"f4929c562d0175fa4f1bfe390681705f","hostname":"modal"}, 2026-02-17 05:59:11, ?, query, a1197a1f-1a5d-4420-ba13-d22bc6feb467), (a1197a1f-380e-4114-855c-1c98c2041153, {"connection":"sqlite","driver":"sqlite","bindings":[],"sql":"create index \"transactions_type_status_index\" on \"transactions\" (\"type\", \"status\")","time":"0.37","slow":false,"file":"\/tmp\/abdoElHodaky\/larvrevrstender\/services\/payment-service\/database\/migrations\/2024_01_03_000003_create_transactions_table.php","line":14,"hash":"6dd0bc235d31cbcd731407cc02d4305c","hostname":"modal"}, 2026-02-17 05:59:11, ?, query, a1197a1f-1a8d-4c25-93ad-1b5108bb37c4), (a1197a1f-380e-4114-855c-1c98c2041153, {"connection":"sqlite","driver":"sqlite","bindings":[],"sql":"create index \"transactions_reconciled_created_at_index\" on \"transactions\" (\"reconciled\", \"created_at\")","time":"0.39","slow":false,"file":"\/tmp\/abdoElHodaky\/larvrevrstender\/services\/payment-service\/database\/migrations\/2024_01_03_000003_create_transactions_table.php","line":14,"hash":"3e2fa9466c191db94b545cd82776f750","hostname":"modal"}, 2026-02-17 05:59:11, ?, query, a1197a1f-1ac0-451b-983e-63924c5ec996), (a1197a1f-380e-4114-855c-1c98c2041153, {"connection":"sqlite","driver":"sqlite","bindings":[],"sql":"create index \"transactions_payment_provider_gateway_transaction_id_index\" on \"transactions\" (\"payment_provider\", \"gateway_transaction_id\")","time":"0.38","slow":false,"file":"\/tmp\/abdoElHodaky\/larvrevrstender\/services\/payment-service\/database\/migrations\/2024_01_03_000003_create_transactions_table.php","line":14,"hash":"29f144fd8d0331d167b2d48e9cc18ac6","hostname":"modal"}, 2026-02-17 05:59:11, ?, query, a1197a1f-1af2-4e72-b7ca-0df17968c170), (a1197a1f-380e-4114-855c-1c98c2041153, {"connection":"sqlite","driver":"sqlite","bindings":[],"sql":"create unique index \"transactions_transaction_reference_unique\" on \"transactions\" (\"transaction_reference\")","time":"0.36","slow":false,"file":"\/tmp\/abdoElHodaky\/larvrevrstender\/services\/payment-service\/database\/migrations\/2024_01_03_000003_create_transactions_table.php","line":14,"hash":"624c2ba84012417d75dc932e5675eeab","hostname":"modal"}, 2026-02-17 05:59:11, ?, query, a1197a1f-1b22-4dfc-875d-16b570e15665), (a1197a1f-380e-4114-855c-1c98c2041153, {"connection":"sqlite","driver":"sqlite","bindings":[],"sql":"insert into \"migrations\" (\"migration\", \"batch\") values ('2024_01_03_000003_create_transactions_table', 1)","time":"0.35","slow":false,"file":"\/tmp\/abdoElHodaky\/larvrevrstender\/services\/payment-service\/artisan","line":35,"hash":"09c22f830d52d80cc99fe8c1b1acc44c","hostname":"modal"}, 2026-02-17 05:59:11, ?, query, a1197a1f-1b8a-402f-947a-3e9349132d2b), (a1197a1f-380e-4114-855c-1c98c2041153, {"connection":"sqlite","driver":"sqlite","bindings":[],"sql":"create table \"payment_methods\" (\"id\" integer primary key autoincrement not null, \"payment_method_reference\" varchar not null, \"customer_id\" integer not null, \"type\" varchar check (\"type\" in ('card', 'bank_account', 'wallet', 'cash')) not null, \"provider\" varchar not null, \"provider_method_id\" varchar, \"provider_customer_id\" varchar, \"card_last_four\" varchar, \"card_brand\" varchar, \"card_type\" varchar, \"card_country\" varchar, \"card_fingerprint\" varchar, \"card_exp_month\" integer, \"card_exp_year\" integer, \"bank_name\" varchar, \"bank_account_type\" varchar, \"bank_account_last_four\" varchar, \"bank_routing_number\" varchar, \"bank_country\" varchar, \"wallet_type\" varchar, \"wallet_account_id\" varchar, \"token\" varchar, \"encrypted_data\" text, \"fingerprint_hash\" varchar, \"status\" varchar check (\"status\" in ('active', 'inactive', 'expired', 'failed_verification')) not null, \"is_default\" tinyint(1) not null default '0', \"is_verified\" tinyint(1) not null default '0', \"verified_at\" datetime, \"expires_at\" datetime, \"last_used_at\" datetime, \"billing_name\" varchar, \"billing_email\" varchar, \"billing_phone\" varchar, \"billing_address_line1\" varchar, \"billing_address_line2\" varchar, \"billing_city\" varchar, \"billing_state\" varchar, \"billing_postal_code\" varchar, \"billing_country\" varchar, \"metadata\" text, \"created_by\" varchar, \"updated_by\" varchar, \"deleted_at\" datetime, \"created_at\" datetime, \"updated_at\" datetime)","time":"0.86","slow":false,"file":"\/tmp\/abdoElHodaky\/larvrevrstender\/services\/payment-service\/database\/migrations\/2024_01_03_000004_create_payment_methods_table.php","line":14,"hash":"013a21207ece0e82be848fae8aa2bffc","hostname":"modal"}, 2026-02-17 05:59:11, ?, query, a1197a1f-1c49-45a7-809d-4a6f53cc814e), (a1197a1f-380e-4114-855c-1c98c2041153, {"connection":"sqlite","driver":"sqlite","bindings":[],"sql":"create index \"payment_methods_customer_id_is_default_index\" on \"payment_methods\" (\"customer_id\", \"is_default\")","time":"0.39","slow":false,"file":"\/tmp\/abdoElHodaky\/larvrevrstender\/services\/payment-service\/database\/migrations\/2024_01_03_000004_create_payment_methods_table.php","line":14,"hash":"da39d10e2801b3899f353ef44a9e5fd7","hostname":"modal"}, 2026-02-17 05:59:11, ?, query, a1197a1f-1c80-4147-9031-91128fae613d), (a1197a1f-380e-4114-855c-1c98c2041153, {"connection":"sqlite","driver":"sqlite","bindings":[],"sql":"create index \"payment_methods_customer_id_status_index\" on \"payment_methods\" (\"customer_id\", \"status\")","time":"0.38","slow":false,"file":"\/tmp\/abdoElHodaky\/larvrevrstender\/services\/payment-service\/database\/migrations\/2024_01_03_000004_create_payment_methods_table.php","line":14,"hash":"b05555db5de072252873093b2c2ba8a7","hostname":"modal"}, 2026-02-17 05:59:11, ?, query, a1197a1f-1cb3-458d-aaf3-a63ab614cb1d), (a1197a1f-380e-4114-855c-1c98c2041153, {"connection":"sqlite","driver":"sqlite","bindings":[],"sql":"create index \"payment_methods_provider_provider_method_id_index\" on \"payment_methods\" (\"provider\", \"provider_method_id\")","time":"0.37","slow":false,"file":"\/tmp\/abdoElHodaky\/larvrevrstender\/services\/payment-service\/database\/migrations\/2024_01_03_000004_create_payment_methods_table.php","line":14,"hash":"c5cdc2230c77eccef755352e26935bb2","hostname":"modal"}, 2026-02-17 05:59:11, ?, query, a1197a1f-1ce5-4fd7-8174-d4119b82e9a7), (a1197a1f-380e-4114-855c-1c98c2041153, {"connection":"sqlite","driver":"sqlite","bindings":[],"sql":"create index \"payment_methods_card_fingerprint_index\" on \"payment_methods\" (\"card_fingerprint\")","time":"0.45","slow":false,"file":"\/tmp\/abdoElHodaky\/larvrevrstender\/services\/payment-service\/database\/migrations\/2024_01_03_000004_create_payment_methods_table.php","line":14,"hash":"9c4dc1431803cb925c08e7986a57e0cf","hostname":"modal"}, 2026-02-17 05:59:11, ?, query, a1197a1f-1d1f-4033-85b9-ef444d55884c), (a1197a1f-380e-4114-855c-1c98c2041153, {"connection":"sqlite","driver":"sqlite","bindings":[],"sql":"create index \"payment_methods_fingerprint_hash_index\" on \"payment_methods\" (\"fingerprint_hash\")","time":"0.45","slow":false,"file":"\/tmp\/abdoElHodaky\/larvrevrstender\/services\/payment-service\/database\/migrations\/2024_01_03_000004_create_payment_methods_table.php","line":14,"hash":"47c3043a5998d200282b8ef3d7dd013d","hostname":"modal"}, 2026-02-17 05:59:11, ?, query, a1197a1f-1d59-44da-99b1-f1281f4e785f), (a1197a1f-380e-4114-855c-1c98c2041153, {"connection":"sqlite","driver":"sqlite","bindings":[],"sql":"create index \"payment_methods_expires_at_index\" on \"payment_methods\" (\"expires_at\")","time":"0.38","slow":false,"file":"\/tmp\/abdoElHodaky\/larvrevrstender\/services\/payment-service\/database\/migrations\/2024_01_03_000004_create_payment_methods_table.php","line":14,"hash":"cbb1f563e81393d5b680cb0a65e5e826","hostname":"modal"}, 2026-02-17 05:59:11, ?, query, a1197a1f-1d8c-4991-bb9b-fefea2956d91), (a1197a1f-380e-4114-855c-1c98c2041153, {"connection":"sqlite","driver":"sqlite","bindings":[],"sql":"create index \"payment_methods_last_used_at_index\" on \"payment_methods\" (\"last_used_at\")","time":"0.37","slow":false,"file":"\/tmp\/abdoElHodaky\/larvrevrstender\/services\/payment-service\/database\/migrations\/2024_01_03_000004_create_payment_methods_table.php","line":14,"hash":"db44b667c62999006b4c102ce41c429e","hostname":"modal"}, 2026-02-17 05:59:11, ?, query, a1197a1f-1dbd-4f6d-ba19-911bec9bb1e2), (a1197a1f-380e-4114-855c-1c98c2041153, {"connection":"sqlite","driver":"sqlite","bindings":[],"sql":"create index \"payment_methods_deleted_at_index\" on \"payment_methods\" (\"deleted_at\")","time":"0.36","slow":false,"file":"\/tmp\/abdoElHodaky\/larvrevrstender\/services\/payment-service\/database\/migrations\/2024_01_03_000004_create_payment_methods_table.php","line":14,"hash":"58fcec54d7922c3d4adb64cf95c607a1","hostname":"modal"}, 2026-02-17 05:59:11, ?, query, a1197a1f-1dec-4a14-aa00-06207047e000), (a1197a1f-380e-4114-855c-1c98c2041153, {"connection":"sqlite","driver":"sqlite","bindings":[],"sql":"create unique index \"unique_customer_provider_method\" on \"payment_methods\" (\"customer_id\", \"provider\", \"provider_method_id\")","time":"0.40","slow":false,"file":"\/tmp\/abdoElHodaky\/larvrevrstender\/services\/payment-service\/database\/migrations\/2024_01_03_000004_create_payment_methods_table.php","line":14,"hash":"c824a9c00dec90126ca438b54462e8ea","hostname":"modal"}, 2026-02-17 05:59:11, ?, query, a1197a1f-1e20-4c18-82c2-dc1f46b05288), (a1197a1f-380e-4114-855c-1c98c2041153, {"connection":"sqlite","driver":"sqlite","bindings":[],"sql":"create unique index \"unique_customer_default\" on \"payment_methods\" (\"customer_id\", \"is_default\")","time":"0.37","slow":false,"file":"\/tmp\/abdoElHodaky\/larvrevrstender\/services\/payment-service\/database\/migrations\/2024_01_03_000004_create_payment_methods_table.php","line":14,"hash":"18bb21e8de4679c05433d81f754c10bc","hostname":"modal"}, 2026-02-17 05:59:11, ?, query, a1197a1f-1e52-4fb2-bbd5-2c0f032f9fd9), (a1197a1f-380e-4114-855c-1c98c2041153, {"connection":"sqlite","driver":"sqlite","bindings":[],"sql":"create unique index \"payment_methods_payment_method_reference_unique\" on \"payment_methods\" (\"payment_method_reference\")","time":"0.39","slow":false,"file":"\/tmp\/abdoElHodaky\/larvrevrstender\/services\/payment-service\/database\/migrations\/2024_01_03_000004_create_payment_methods_table.php","line":14,"hash":"f7129d9309d21d60f5ecca0aba9e4ee2","hostname":"modal"}, 2026-02-17 05:59:11, ?, query, a1197a1f-1e85-4335-a998-3aaea8f713fa), (a1197a1f-380e-4114-855c-1c98c2041153, {"connection":"sqlite","driver":"sqlite","bindings":[],"sql":"insert into \"migrations\" (\"migration\", \"batch\") values ('2024_01_03_000004_create_payment_methods_table', 1)","time":"0.38","slow":false,"file":"\/tmp\/abdoElHodaky\/larvrevrstender\/services\/payment-service\/artisan","line":35,"hash":"09c22f830d52d80cc99fe8c1b1acc44c","hostname":"modal"}, 2026-02-17 05:59:11, ?, query, a1197a1f-1ef1-4e2a-943d-b44bbd765046), (a1197a1f-380e-4114-855c-1c98c2041153, {"connection":"sqlite","driver":"sqlite","bindings":[],"sql":"create table \"refunds\" (\"id\" integer primary key autoincrement not null, \"refund_reference\" varchar not null, \"payment_id\" integer not null, \"original_payment_id\" integer, \"invoice_id\" integer, \"order_id\" integer, \"customer_id\" integer not null, \"merchant_id\" integer not null, \"type\" varchar check (\"type\" in ('full', 'partial')) not null, \"status\" varchar check (\"status\" in ('pending', 'processing', 'completed', 'failed', 'cancelled')) not null, \"amount\" numeric not null, \"currency\" varchar not null, \"fee_amount\" numeric not null default '0', \"net_refund_amount\" numeric not null, \"reason\" varchar check (\"reason\" in ('requested_by_customer', 'duplicate_payment', 'fraudulent_transaction', 'order_cancelled', 'product_not_delivered', 'product_defective', 'merchant_error', 'chargeback_prevention', 'other')) not null, \"reason_description\" text, \"initiated_by\" varchar, \"payment_provider\" varchar not null, \"gateway_refund_id\" varchar, \"gateway_transaction_id\" varchar, \"gateway_request\" text, \"gateway_response\" text, \"initiated_at\" datetime not null, \"processed_at\" datetime, \"completed_at\" datetime, \"failed_at\" datetime, \"processing_time_seconds\" integer, \"failure_reason\" varchar, \"failure_code\" varchar, \"failure_message\" text, \"retry_count\" integer not null default '0', \"next_retry_at\" datetime, \"reconciled\" tinyint(1) not null default '0', \"reconciled_at\" datetime, \"reconciliation_reference\" varchar, \"accounting_code\" varchar, \"compliance_data\" text, \"audit_trail\" text, \"metadata\" text, \"customer_notified\" tinyint(1) not null default '0', \"customer_notified_at\" datetime, \"merchant_notified\" tinyint(1) not null default '0', \"merchant_notified_at\" datetime, \"created_at\" datetime, \"updated_at\" datetime, foreign key(\"payment_id\") references \"payments\"(\"id\") on delete cascade, foreign key(\"original_payment_id\") references \"payments\"(\"id\") on delete set null, foreign key(\"invoice_id\") references \"invoices\"(\"id\") on delete set null)","time":"0.60","slow":false,"file":"\/tmp\/abdoElHodaky\/larvrevrstender\/services\/payment-service\/database\/migrations\/2024_01_03_000005_create_refunds_table.php","line":14,"hash":"b1ab414a184f570815e8f4c78ebafb1e","hostname":"modal"}, 2026-02-17 05:59:11, ?, query, a1197a1f-1fa1-4ddc-9c5f-7a57ae2886d6), (a1197a1f-380e-4114-855c-1c98c2041153, {"connection":"sqlite","driver":"sqlite","bindings":[],"sql":"create index \"refunds_payment_id_index\" on \"refunds\" (\"payment_id\")","time":"0.39","slow":false,"file":"\/tmp\/abdoElHodaky\/larvrevrstender\/services\/payment-service\/database\/migrations\/2024_01_03_000005_create_refunds_table.php","line":14,"hash":"b94703efe2a06ba2126c44ca8e1a46ae","hostname":"modal"}, 2026-02-17 05:59:11, ?, query, a1197a1f-1fd5-4420-a26c-877b5e779cf8), (a1197a1f-380e-4114-855c-1c98c2041153, {"connection":"sqlite","driver":"sqlite","bindings":[],"sql":"create index \"refunds_original_payment_id_index\" on \"refunds\" (\"original_payment_id\")","time":"0.39","slow":false,"file":"\/tmp\/abdoElHodaky\/larvrevrstender\/services\/payment-service\/database\/migrations\/2024_01_03_000005_create_refunds_table.php","line":14,"hash":"8765072bfefd80c4ba8d46958c2173bf","hostname":"modal"}, 2026-02-17 05:59:11, ?, query, a1197a1f-2008-4bd0-bc45-c2c8ef9a8198), (a1197a1f-380e-4114-855c-1c98c2041153, {"connection":"sqlite","driver":"sqlite","bindings":[],"sql":"create index \"refunds_customer_id_created_at_index\" on \"refunds\" (\"customer_id\", \"created_at\")","time":"0.40","slow":false,"file":"\/tmp\/abdoElHodaky\/larvrevrstender\/services\/payment-service\/database\/migrations\/2024_01_03_000005_create_refunds_table.php","line":14,"hash":"53f13946000999228112b29103b974a8","hostname":"modal"}, 2026-02-17 05:59:11, ?, query, a1197a1f-203d-42c0-9a45-2bb90e5b5f23), (a1197a1f-380e-4114-855c-1c98c2041153, {"connection":"sqlite","driver":"sqlite","bindings":[],"sql":"create index \"refunds_merchant_id_created_at_index\" on \"refunds\" (\"merchant_id\", \"created_at\")","time":"0.39","slow":false,"file":"\/tmp\/abdoElHodaky\/larvrevrstender\/services\/payment-service\/database\/migrations\/2024_01_03_000005_create_refunds_table.php","line":14,"hash":"aec2445afe0bc6b6262effb347e280ac","hostname":"modal"}, 2026-02-17 05:59:11, ?, query, a1197a1f-2070-4017-a40a-e98b55554a74), (a1197a1f-380e-4114-855c-1c98c2041153, {"connection":"sqlite","driver":"sqlite","bindings":[],"sql":"create index \"refunds_status_created_at_index\" on \"refunds\" (\"status\", \"created_at\")","time":"0.38","slow":false,"file":"\/tmp\/abdoElHodaky\/larvrevrstender\/services\/payment-service\/database\/migrations\/2024_01_03_000005_create_refunds_table.php","line":14,"hash":"d24689c3cb17105c10a1796d9d733ca2","hostname":"modal"}, 2026-02-17 05:59:11, ?, query, a1197a1f-20a1-4ff5-ac5c-99fd03428580), (a1197a1f-380e-4114-855c-1c98c2041153, {"connection":"sqlite","driver":"sqlite","bindings":[],"sql":"create index \"refunds_payment_provider_gateway_refund_id_index\" on \"refunds\" (\"payment_provider\", \"gateway_refund_id\")","time":"0.38","slow":false,"file":"\/tmp\/abdoElHodaky\/larvrevrstender\/services\/payment-service\/database\/migrations\/2024_01_03_000005_create_refunds_table.php","line":14,"hash":"81600b64555fce072ea3dd966377af25","hostname":"modal"}, 2026-02-17 05:59:11, ?, query, a1197a1f-20d3-4097-9257-541dd81d7873), (a1197a1f-380e-4114-855c-1c98c2041153, {"connection":"sqlite","driver":"sqlite","bindings":[],"sql":"create index \"refunds_reconciled_created_at_index\" on \"refunds\" (\"reconciled\", \"created_at\")","time":"0.37","slow":false,"file":"\/tmp\/abdoElHodaky\/larvrevrstender\/services\/payment-service\/database\/migrations\/2024_01_03_000005_create_refunds_table.php","line":14,"hash":"c2f5b4b08d1715dd1838ecf0a3299122","hostname":"modal"}, 2026-02-17 05:59:11, ?, query, a1197a1f-2103-49c7-b6f9-0aef8d3a43c8), (a1197a1f-380e-4114-855c-1c98c2041153, {"connection":"sqlite","driver":"sqlite","bindings":[],"sql":"create index \"refunds_initiated_at_index\" on \"refunds\" (\"initiated_at\")","time":"0.38","slow":false,"file":"\/tmp\/abdoElHodaky\/larvrevrstender\/services\/payment-service\/database\/migrations\/2024_01_03_000005_create_refunds_table.php","line":14,"hash":"e8623a22dbca2eb4bc227c9c5d11f0eb","hostname":"modal"}, 2026-02-17 05:59:11, ?, query, a1197a1f-2135-4322-aac4-e666b6f9073b), (a1197a1f-380e-4114-855c-1c98c2041153, {"connection":"sqlite","driver":"sqlite","bindings":[],"sql":"create index \"refunds_next_retry_at_index\" on \"refunds\" (\"next_retry_at\")","time":"0.36","slow":false,"file":"\/tmp\/abdoElHodaky\/larvrevrstender\/services\/payment-service\/database\/migrations\/2024_01_03_000005_create_refunds_table.php","line":14,"hash":"04608bb137e9521176d01891a8f9d77c","hostname":"modal"}, 2026-02-17 05:59:11, ?, query, a1197a1f-2164-44e2-9294-a27b34f357bd), (a1197a1f-380e-4114-855c-1c98c2041153, {"connection":"sqlite","driver":"sqlite","bindings":[],"sql":"create unique index \"refunds_refund_reference_unique\" on \"refunds\" (\"refund_reference\")","time":"0.38","slow":false,"file":"\/tmp\/abdoElHodaky\/larvrevrstender\/services\/payment-service\/database\/migrations\/2024_01_03_000005_create_refunds_table.php","line":14,"hash":"98339fbb1958959c9f4bc104f88bdf0b","hostname":"modal"}, 2026-02-17 05:59:11, ?, query, a1197a1f-2195-45b1-a116-44751aa40600), (a1197a1f-380e-4114-855c-1c98c2041153, {"connection":"sqlite","driver":"sqlite","bindings":[],"sql":"insert into \"migrations\" (\"migration\", \"batch\") values ('2024_01_03_000005_create_refunds_table', 1)","time":"0.62","slow":false,"file":"\/tmp\/abdoElHodaky\/larvrevrstender\/services\/payment-service\/artisan","line":35,"hash":"09c22f830d52d80cc99fe8c1b1acc44c","hostname":"modal"}, 2026-02-17 05:59:11, ?, query, a1197a1f-222a-4443-b41a-abe0691e5876), (a1197a1f-380e-4114-855c-1c98c2041153, {"connection":"sqlite","driver":"sqlite","bindings":[],"sql":"create table \"payment_gateways\" (\"id\" integer primary key autoincrement not null, \"name\" varchar not null, \"display_name\" varchar not null, \"description\" text, \"status\" varchar check (\"status\" in ('active', 'inactive', 'maintenance', 'deprecated')) not null, \"is_enabled\" tinyint(1) not null default '1', \"is_test_mode\" tinyint(1) not null default '0', \"priority\" integer not null default '100', \"supported_payment_methods\" text not null, \"supported_currencies\" text not null, \"supported_countries\" text, \"supports_refunds\" tinyint(1) not null default '1', \"supports_partial_refunds\" tinyint(1) not null default '1', \"supports_3ds\" tinyint(1) not null default '0', \"supports_webhooks\" tinyint(1) not null default '1', \"supports_recurring\" tinyint(1) not null default '0', \"fee_percentage\" numeric not null default '0', \"fee_fixed\" numeric not null default '0', \"refund_fee_percentage\" numeric not null default '0', \"refund_fee_fixed\" numeric not null default '0', \"minimum_amount\" numeric not null default '0', \"maximum_amount\" numeric, \"api_endpoint\" varchar, \"webhook_endpoint\" varchar, \"api_version\" varchar, \"api_credentials\" text, \"webhook_config\" text, \"health_status\" varchar check (\"health_status\" in ('healthy', 'degraded', 'unhealthy', 'unknown')) not null default 'unknown', \"last_health_check\" datetime, \"success_rate\" numeric, \"avg_response_time_ms\" integer, \"health_metrics\" text, \"rate_limit_per_minute\" integer, \"rate_limit_per_hour\" integer, \"rate_limit_per_day\" integer, \"rate_limit_reset_at\" datetime, \"current_usage_count\" integer not null default '0', \"maintenance_start\" datetime, \"maintenance_end\" datetime, \"maintenance_reason\" text, \"downtime_history\" text, \"integration_config\" text, \"ui_config\" text, \"logo_url\" varchar, \"documentation_url\" varchar, \"metadata\" text, \"created_by\" varchar, \"updated_by\" varchar, \"last_used_at\" datetime, \"created_at\" datetime, \"updated_at\" datetime)","time":"0.63","slow":false,"file":"\/tmp\/abdoElHodaky\/larvrevrstender\/services\/payment-service\/database\/migrations\/2024_01_03_000006_create_payment_gateways_table.php","line":14,"hash":"99afc49f582e19430e4765baed05a3e6","hostname":"modal"}, 2026-02-17 05:59:11, ?, query, a1197a1f-22da-46f9-9d43-3befd24ff297), (a1197a1f-380e-4114-855c-1c98c2041153, {"connection":"sqlite","driver":"sqlite","bindings":[],"sql":"create index \"payment_gateways_status_is_enabled_index\" on \"payment_gateways\" (\"status\", \"is_enabled\")","time":"0.41","slow":false,"file":"\/tmp\/abdoElHodaky\/larvrevrstender\/services\/payment-service\/database\/migrations\/2024_01_03_000006_create_payment_gateways_table.php","line":14,"hash":"4ad95f32bf39042863796921c68ad7a0","hostname":"modal"}, 2026-02-17 05:59:11, ?, query, a1197a1f-2310-47b1-a965-f39ac3083645), (a1197a1f-380e-4114-855c-1c98c2041153, {"connection":"sqlite","driver":"sqlite","bindings":[],"sql":"create index \"payment_gateways_priority_status_index\" on \"payment_gateways\" (\"priority\", \"status\")","time":"0.40","slow":false,"file":"\/tmp\/abdoElHodaky\/larvrevrstender\/services\/payment-service\/database\/migrations\/2024_01_03_000006_create_payment_gateways_table.php","line":14,"hash":"23dd144a1285e57e74ce3d6f1c35c228","hostname":"modal"}, 2026-02-17 05:59:11, ?, query, a1197a1f-2345-4239-97a8-412fec2435cf), (a1197a1f-380e-4114-855c-1c98c2041153, {"connection":"sqlite","driver":"sqlite","bindings":[],"sql":"create index \"payment_gateways_health_status_index\" on \"payment_gateways\" (\"health_status\")","time":"0.37","slow":false,"file":"\/tmp\/abdoElHodaky\/larvrevrstender\/services\/payment-service\/database\/migrations\/2024_01_03_000006_create_payment_gateways_table.php","line":14,"hash":"985d83f256f4aa72372b5e3d717ab32c","hostname":"modal"}, 2026-02-17 05:59:11, ?, query, a1197a1f-2376-4483-960b-93664d8f24ff), (a1197a1f-380e-4114-855c-1c98c2041153, {"connection":"sqlite","driver":"sqlite","bindings":[],"sql":"create index \"payment_gateways_last_health_check_index\" on \"payment_gateways\" (\"last_health_check\")","time":"0.37","slow":false,"file":"\/tmp\/abdoElHodaky\/larvrevrstender\/services\/payment-service\/database\/migrations\/2024_01_03_000006_create_payment_gateways_table.php","line":14,"hash":"f5cc6b64094f86daa246009457ec4f6f","hostname":"modal"}, 2026-02-17 05:59:11, ?, query, a1197a1f-23a6-430d-a50e-90516b4369bc), (a1197a1f-380e-4114-855c-1c98c2041153, {"connection":"sqlite","driver":"sqlite","bindings":[],"sql":"create index \"payment_gateways_is_test_mode_index\" on \"payment_gateways\" (\"is_test_mode\")","time":"0.36","slow":false,"file":"\/tmp\/abdoElHodaky\/larvrevrstender\/services\/payment-service\/database\/migrations\/2024_01_03_000006_create_payment_gateways_table.php","line":14,"hash":"346958b753849ebafe77c7c6018fd217","hostname":"modal"}, 2026-02-17 05:59:11, ?, query, a1197a1f-23d6-4950-97fb-05f9e7cd2515), (a1197a1f-380e-4114-855c-1c98c2041153, {"connection":"sqlite","driver":"sqlite","bindings":[],"sql":"create index \"payment_gateways_last_used_at_index\" on \"payment_gateways\" (\"last_used_at\")","time":"0.36","slow":false,"file":"\/tmp\/abdoElHodaky\/larvrevrstender\/services\/payment-service\/database\/migrations\/2024_01_03_000006_create_payment_gateways_table.php","line":14,"hash":"d116bc74d40fccecf2040d7d07106d17","hostname":"modal"}, 2026-02-17 05:59:11, ?, query, a1197a1f-2406-474b-872c-a4b5a63da759), (a1197a1f-380e-4114-855c-1c98c2041153, {"connection":"sqlite","driver":"sqlite","bindings":[],"sql":"create unique index \"payment_gateways_name_unique\" on \"payment_gateways\" (\"name\")","time":"0.37","slow":false,"file":"\/tmp\/abdoElHodaky\/larvrevrstender\/services\/payment-service\/database\/migrations\/2024_01_03_000006_create_payment_gateways_table.php","line":14,"hash":"1fa3e09c6b758d0d49b8df4b19a7f008","hostname":"modal"}, 2026-02-17 05:59:11, ?, query, a1197a1f-2437-4862-86e1-5b34ac1e7597), (a1197a1f-380e-4114-855c-1c98c2041153, {"connection":"sqlite","driver":"sqlite","bindings":[],"sql":"insert into \"migrations\" (\"migration\", \"batch\") values ('2024_01_03_000006_create_payment_gateways_table', 1)","time":"0.36","slow":false,"file":"\/tmp\/abdoElHodaky\/larvrevrstender\/services\/payment-service\/artisan","line":35,"hash":"09c22f830d52d80cc99fe8c1b1acc44c","hostname":"modal"}, 2026-02-17 05:59:11, ?, query, a1197a1f-249e-4e98-ab59-2a5d471d1c55), (a1197a1f-380e-4114-855c-1c98c2041153, {"connection":"sqlite","driver":"sqlite","bindings":[],"sql":"create table \"payment_webhooks\" (\"id\" integer primary key autoincrement not null, \"webhook_id\" varchar not null, \"provider\" varchar not null, \"event_type\" varchar not null, \"event_id\" varchar, \"payment_id\" integer, \"payment_reference\" varchar, \"refund_id\" integer, \"external_transaction_id\" varchar, \"headers\" text not null, \"payload\" text not null, \"parsed_data\" text, \"signature\" varchar, \"signature_algorithm\" varchar, \"status\" varchar check (\"status\" in ('pending', 'processing', 'processed', 'failed', 'ignored', 'duplicate')) not null, \"received_at\" datetime not null, \"processed_at\" datetime, \"processing_time_ms\" integer, \"retry_count\" integer not null default '0', \"next_retry_at\" datetime, \"signature_verified\" tinyint(1) not null default '0', \"signature_verified_at\" datetime, \"source_ip\" varchar, \"user_agent\" varchar, \"is_test_event\" tinyint(1) not null default '0', \"processing_result\" text, \"processing_errors\" text, \"actions_taken\" text, \"requires_manual_review\" tinyint(1) not null default '0', \"idempotency_key\" varchar, \"content_hash\" varchar, \"duplicate_of_webhook_id\" integer, \"workflow_id\" varchar, \"workflow_step\" varchar, \"workflow_context\" text, \"alert_sent\" tinyint(1) not null default '0', \"alert_sent_at\" datetime, \"notification_recipients\" text, \"audit_trail\" text, \"compliance_data\" text, \"metadata\" text, \"response_status_code\" integer, \"response_body\" text, \"response_sent_at\" datetime, \"created_at\" datetime, \"updated_at\" datetime, foreign key(\"payment_id\") references \"payments\"(\"id\") on delete set null, foreign key(\"refund_id\") references \"refunds\"(\"id\") on delete set null, foreign key(\"duplicate_of_webhook_id\") references \"payment_webhooks\"(\"id\") on delete set null)","time":"0.73","slow":false,"file":"\/tmp\/abdoElHodaky\/larvrevrstender\/services\/payment-service\/database\/migrations\/2024_01_03_000007_create_payment_webhooks_table.php","line":14,"hash":"b14da1dffb7166f3fa147a99ed396618","hostname":"modal"}, 2026-02-17 05:59:11, ?, query, a1197a1f-255b-4b03-bb17-cc06623db85a), (a1197a1f-380e-4114-855c-1c98c2041153, {"connection":"sqlite","driver":"sqlite","bindings":[],"sql":"create index \"payment_webhooks_provider_event_type_index\" on \"payment_webhooks\" (\"provider\", \"event_type\")","time":"0.42","slow":false,"file":"\/tmp\/abdoElHodaky\/larvrevrstender\/services\/payment-service\/database\/migrations\/2024_01_03_000007_create_payment_webhooks_table.php","line":14,"hash":"9ef1aa74f4de9451b53cf836cfbd2b16","hostname":"modal"}, 2026-02-17 05:59:11, ?, query, a1197a1f-2593-4770-83fd-f794495675a4), (a1197a1f-380e-4114-855c-1c98c2041153, {"connection":"sqlite","driver":"sqlite","bindings":[],"sql":"create index \"payment_webhooks_payment_id_index\" on \"payment_webhooks\" (\"payment_id\")","time":"0.38","slow":false,"file":"\/tmp\/abdoElHodaky\/larvrevrstender\/services\/payment-service\/database\/migrations\/2024_01_03_000007_create_payment_webhooks_table.php","line":14,"hash":"a3408ee0f3145cd748dc3e7af83fbbc9","hostname":"modal"}, 2026-02-17 05:59:11, ?, query, a1197a1f-25c6-4836-a550-8e104426524a), (a1197a1f-380e-4114-855c-1c98c2041153, {"connection":"sqlite","driver":"sqlite","bindings":[],"sql":"create index \"payment_webhooks_payment_reference_index\" on \"payment_webhooks\" (\"payment_reference\")","time":"0.38","slow":false,"file":"\/tmp\/abdoElHodaky\/larvrevrstender\/services\/payment-service\/database\/migrations\/2024_01_03_000007_create_payment_webhooks_table.php","line":14,"hash":"561eb4d73536c712564f05aeada77317","hostname":"modal"}, 2026-02-17 05:59:11, ?, query, a1197a1f-25f8-4f15-a8e6-27130ed90198), (a1197a1f-380e-4114-855c-1c98c2041153, {"connection":"sqlite","driver":"sqlite","bindings":[],"sql":"create index \"payment_webhooks_refund_id_index\" on \"payment_webhooks\" (\"refund_id\")","time":"0.37","slow":false,"file":"\/tmp\/abdoElHodaky\/larvrevrstender\/services\/payment-service\/database\/migrations\/2024_01_03_000007_create_payment_webhooks_table.php","line":14,"hash":"ba7fc5032b17371f301e8b9fc45a9fd2","hostname":"modal"}, 2026-02-17 05:59:11, ?, query, a1197a1f-2629-4202-bd39-cfef949acfc7), (a1197a1f-380e-4114-855c-1c98c2041153, {"connection":"sqlite","driver":"sqlite","bindings":[],"sql":"create index \"payment_webhooks_external_transaction_id_index\" on \"payment_webhooks\" (\"external_transaction_id\")","time":"0.39","slow":false,"file":"\/tmp\/abdoElHodaky\/larvrevrstender\/services\/payment-service\/database\/migrations\/2024_01_03_000007_create_payment_webhooks_table.php","line":14,"hash":"d7be8bd5855bc884ed03be5659c367c7","hostname":"modal"}, 2026-02-17 05:59:11, ?, query, a1197a1f-265c-411d-ae99-f13ce68c4e2c), (a1197a1f-380e-4114-855c-1c98c2041153, {"connection":"sqlite","driver":"sqlite","bindings":[],"sql":"create index \"payment_webhooks_status_received_at_index\" on \"payment_webhooks\" (\"status\", \"received_at\")","time":"0.54","slow":false,"file":"\/tmp\/abdoElHodaky\/larvrevrstender\/services\/payment-service\/database\/migrations\/2024_01_03_000007_create_payment_webhooks_table.php","line":14,"hash":"fd3d7b8043413ad03f67bcc1a3394c07","hostname":"modal"}, 2026-02-17 05:59:11, ?, query, a1197a1f-269e-4f7d-a9ba-f3d9010cc976), (a1197a1f-380e-4114-855c-1c98c2041153, {"connection":"sqlite","driver":"sqlite","bindings":[],"sql":"create index \"payment_webhooks_received_at_index\" on \"payment_webhooks\" (\"received_at\")","time":"0.41","slow":false,"file":"\/tmp\/abdoElHodaky\/larvrevrstender\/services\/payment-service\/database\/migrations\/2024_01_03_000007_create_payment_webhooks_table.php","line":14,"hash":"d97276792603550d0892a8a64527af83","hostname":"modal"}, 2026-02-17 05:59:11, ?, query, a1197a1f-26d4-4d16-814c-cae539edecb7), (a1197a1f-380e-4114-855c-1c98c2041153, {"connection":"sqlite","driver":"sqlite","bindings":[],"sql":"create index \"payment_webhooks_next_retry_at_index\" on \"payment_webhooks\" (\"next_retry_at\")","time":"0.37","slow":false,"file":"\/tmp\/abdoElHodaky\/larvrevrstender\/services\/payment-service\/database\/migrations\/2024_01_03_000007_create_payment_webhooks_table.php","line":14,"hash":"34cc08591100105ccd0a9e3e8ae67ae2","hostname":"modal"}, 2026-02-17 05:59:11, ?, query, a1197a1f-2704-40fa-92a8-f32e79341085), (a1197a1f-380e-4114-855c-1c98c2041153, {"connection":"sqlite","driver":"sqlite","bindings":[],"sql":"create index \"payment_webhooks_signature_verified_index\" on \"payment_webhooks\" (\"signature_verified\")","time":"0.36","slow":false,"file":"\/tmp\/abdoElHodaky\/larvrevrstender\/services\/payment-service\/database\/migrations\/2024_01_03_000007_create_payment_webhooks_table.php","line":14,"hash":"026353ea90aa9c515ce4d0f8470c730f","hostname":"modal"}, 2026-02-17 05:59:11, ?, query, a1197a1f-2735-4364-bf9b-6d38d8c41cae), (a1197a1f-380e-4114-855c-1c98c2041153, {"connection":"sqlite","driver":"sqlite","bindings":[],"sql":"create index \"payment_webhooks_is_test_event_index\" on \"payment_webhooks\" (\"is_test_event\")","time":"0.37","slow":false,"file":"\/tmp\/abdoElHodaky\/larvrevrstender\/services\/payment-service\/database\/migrations\/2024_01_03_000007_create_payment_webhooks_table.php","line":14,"hash":"7f862238ad65b36a5727d9d87ab8f570","hostname":"modal"}, 2026-02-17 05:59:11, ?, query, a1197a1f-2765-4eb0-b0ee-69b8d9ce8a0b), (a1197a1f-380e-4114-855c-1c98c2041153, {"connection":"sqlite","driver":"sqlite","bindings":[],"sql":"create index \"payment_webhooks_requires_manual_review_index\" on \"payment_webhooks\" (\"requires_manual_review\")","time":"0.46","slow":false,"file":"\/tmp\/abdoElHodaky\/larvrevrstender\/services\/payment-service\/database\/migrations\/2024_01_03_000007_create_payment_webhooks_table.php","line":14,"hash":"6b22b99da7c085d7df0657e314f891ad","hostname":"modal"}, 2026-02-17 05:59:11, ?, query, a1197a1f-27a4-415d-bbb6-76c6f9d613cc), (a1197a1f-380e-4114-855c-1c98c2041153, {"connection":"sqlite","driver":"sqlite","bindings":[],"sql":"create index \"payment_webhooks_content_hash_index\" on \"payment_webhooks\" (\"content_hash\")","time":"0.36","slow":false,"file":"\/tmp\/abdoElHodaky\/larvrevrstender\/services\/payment-service\/database\/migrations\/2024_01_03_000007_create_payment_webhooks_table.php","line":14,"hash":"2f313de07da2081fc301cd777d0d90d3","hostname":"modal"}, 2026-02-17 05:59:11, ?, query, a1197a1f-27d5-48cc-9880-193bac5fff7f), (a1197a1f-380e-4114-855c-1c98c2041153, {"connection":"sqlite","driver":"sqlite","bindings":[],"sql":"create index \"payment_webhooks_idempotency_key_index\" on \"payment_webhooks\" (\"idempotency_key\")","time":"0.37","slow":false,"file":"\/tmp\/abdoElHodaky\/larvrevrstender\/services\/payment-service\/database\/migrations\/2024_01_03_000007_create_payment_webhooks_table.php","line":14,"hash":"acce7d72f1dc1467c8b9dcfec7746d2b","hostname":"modal"}, 2026-02-17 05:59:11, ?, query, a1197a1f-2805-48f1-a8e6-d28f9680fc37), (a1197a1f-380e-4114-855c-1c98c2041153, {"connection":"sqlite","driver":"sqlite","bindings":[],"sql":"create index \"payment_webhooks_workflow_id_index\" on \"payment_webhooks\" (\"workflow_id\")","time":"0.46","slow":false,"file":"\/tmp\/abdoElHodaky\/larvrevrstender\/services\/payment-service\/database\/migrations\/2024_01_03_000007_create_payment_webhooks_table.php","line":14,"hash":"68d56057f04178fd4840c74f96fbf8b3","hostname":"modal"}, 2026-02-17 05:59:11, ?, query, a1197a1f-283f-4707-aa9c-be51c4495649), (a1197a1f-380e-4114-855c-1c98c2041153, {"connection":"sqlite","driver":"sqlite","bindings":[],"sql":"create index \"payment_webhooks_duplicate_of_webhook_id_index\" on \"payment_webhooks\" (\"duplicate_of_webhook_id\")","time":"0.36","slow":false,"file":"\/tmp\/abdoElHodaky\/larvrevrstender\/services\/payment-service\/database\/migrations\/2024_01_03_000007_create_payment_webhooks_table.php","line":14,"hash":"cfffe931b6170b8d6e6f85a11ae48bc2","hostname":"modal"}, 2026-02-17 05:59:11, ?, query, a1197a1f-286e-4e38-b481-1969999ab139), (a1197a1f-380e-4114-855c-1c98c2041153, {"connection":"sqlite","driver":"sqlite","bindings":[],"sql":"create unique index \"payment_webhooks_webhook_id_unique\" on \"payment_webhooks\" (\"webhook_id\")","time":"0.38","slow":false,"file":"\/tmp\/abdoElHodaky\/larvrevrstender\/services\/payment-service\/database\/migrations\/2024_01_03_000007_create_payment_webhooks_table.php","line":14,"hash":"2e84833c040ee7903ff57e6327ee8198","hostname":"modal"}, 2026-02-17 05:59:11, ?, query, a1197a1f-289f-4a8f-b245-4e3a99a58765), (a1197a1f-380e-4114-855c-1c98c2041153, {"connection":"sqlite","driver":"sqlite","bindings":[],"sql":"insert into \"migrations\" (\"migration\", \"batch\") values ('2024_01_03_000007_create_payment_webhooks_table', 1)","time":"0.36","slow":false,"file":"\/tmp\/abdoElHodaky\/larvrevrstender\/services\/payment-service\/artisan","line":35,"hash":"09c22f830d52d80cc99fe8c1b1acc44c","hostname":"modal"}, 2026-02-17 05:59:11, ?, query, a1197a1f-2906-4a9a-ad8a-dc9cee4118f3), (a1197a1f-380e-4114-855c-1c98c2041153, {"connection":"sqlite","driver":"sqlite","bindings":[],"sql":"create table \"reconciliation_records\" (\"id\" integer primary key autoincrement not null, \"reconciliation_reference\" varchar not null, \"batch_id\" varchar, \"source_type\" varchar check (\"source_type\" in ('bank_statement', 'gateway_report', 'manual_entry', 'automated_sync')) not null, \"source_reference\" varchar, \"source_file_path\" varchar, \"source_metadata\" text, \"payment_id\" integer, \"payment_reference\" varchar, \"transaction_id\" integer, \"external_transaction_id\" varchar, \"status\" varchar check (\"status\" in ('pending', 'matched', 'unmatched', 'disputed', 'resolved', 'ignored')) not null, \"match_type\" varchar check (\"match_type\" in ('exact', 'fuzzy', 'manual', 'system_generated')), \"match_confidence\" numeric, \"expected_amount\" numeric, \"actual_amount\" numeric not null, \"variance_amount\" numeric, \"currency\" varchar not null, \"fees_expected\" numeric not null default '0', \"fees_actual\" numeric not null default '0', \"transaction_date\" date not null, \"settlement_date\" date, \"reconciliation_date\" date not null, \"matched_at\" datetime, \"resolved_at\" datetime, \"payment_provider\" varchar, \"bank_name\" varchar, \"bank_account\" varchar, \"bank_reference\" varchar, \"bank_description\" text, \"discrepancy_type\" varchar check (\"discrepancy_type\" in ('amount_mismatch', 'missing_payment', 'duplicate_payment', 'timing_difference', 'fee_variance', 'currency_mismatch', 'other')), \"discrepancy_notes\" text, \"assigned_to\" varchar, \"resolution_actions\" text, \"matching_criteria\" text, \"matching_rules_applied\" text, \"alternative_matches\" text, \"reconciled_by\" varchar, \"reconciliation_method\" varchar check (\"reconciliation_method\" in ('automatic', 'semi_automatic', 'manual')) not null, \"audit_trail\" text, \"approval_workflow\" text, \"requires_approval\" tinyint(1) not null default '0', \"approved_by\" varchar, \"approved_at\" datetime, \"reporting_period\" varchar, \"tags\" text, \"custom_fields\" text, \"accounting_entry_id\" varchar, \"exported_to_accounting\" tinyint(1) not null default '0', \"exported_at\" datetime, \"accounting_metadata\" text, \"compliance_data\" text, \"flagged_for_review\" tinyint(1) not null default '0', \"review_notes\" text, \"created_at\" datetime, \"updated_at\" datetime, foreign key(\"payment_id\") references \"payments\"(\"id\") on delete set null, foreign key(\"transaction_id\") references \"transactions\"(\"id\") on delete set null)","time":"0.60","slow":false,"file":"\/tmp\/abdoElHodaky\/larvrevrstender\/services\/payment-service\/database\/migrations\/2024_01_03_000008_create_reconciliation_records_table.php","line":14,"hash":"d65f07a554bfb57b8e4a8a33f87e3123","hostname":"modal"}, 2026-02-17 05:59:11, ?, query, a1197a1f-29c9-4d38-b2fa-faf8b11ce3e0), (a1197a1f-380e-4114-855c-1c98c2041153, {"connection":"sqlite","driver":"sqlite","bindings":[],"sql":"create index \"reconciliation_records_payment_id_index\" on \"reconciliation_records\" (\"payment_id\")","time":"0.39","slow":false,"file":"\/tmp\/abdoElHodaky\/larvrevrstender\/services\/payment-service\/database\/migrations\/2024_01_03_000008_create_reconciliation_records_table.php","line":14,"hash":"e191e286ad3bd02d6531f02e2584b4d4","hostname":"modal"}, 2026-02-17 05:59:11, ?, query, a1197a1f-29fd-44b0-bf5a-ade2ebbd6282), (a1197a1f-380e-4114-855c-1c98c2041153, {"connection":"sqlite","driver":"sqlite","bindings":[],"sql":"create index \"reconciliation_records_transaction_id_index\" on \"reconciliation_records\" (\"transaction_id\")","time":"0.39","slow":false,"file":"\/tmp\/abdoElHodaky\/larvrevrstender\/services\/payment-service\/database\/migrations\/2024_01_03_000008_create_reconciliation_records_table.php","line":14,"hash":"aa33d07274505cef3e2a8bee9e5f3d2b","hostname":"modal"}, 2026-02-17 05:59:11, ?, query, a1197a1f-2a31-46b1-830e-abfd80e07852), (a1197a1f-380e-4114-855c-1c98c2041153, {"connection":"sqlite","driver":"sqlite","bindings":[],"sql":"create index \"reconciliation_records_payment_reference_index\" on \"reconciliation_records\" (\"payment_reference\")","time":"0.39","slow":false,"file":"\/tmp\/abdoElHodaky\/larvrevrstender\/services\/payment-service\/database\/migrations\/2024_01_03_000008_create_reconciliation_records_table.php","line":14,"hash":"de05be7b9e1d7ef77dd0096ce1792517","hostname":"modal"}, 2026-02-17 05:59:11, ?, query, a1197a1f-2a65-4de9-ab2b-05f854992288), (a1197a1f-380e-4114-855c-1c98c2041153, {"connection":"sqlite","driver":"sqlite","bindings":[],"sql":"create index \"reconciliation_records_external_transaction_id_index\" on \"reconciliation_records\" (\"external_transaction_id\")","time":"0.47","slow":false,"file":"\/tmp\/abdoElHodaky\/larvrevrstender\/services\/payment-service\/database\/migrations\/2024_01_03_000008_create_reconciliation_records_table.php","line":14,"hash":"ae8f5bb7b49f017ee47f3a30924d27e6","hostname":"modal"}, 2026-02-17 05:59:11, ?, query, a1197a1f-2aa0-4ac0-b3d8-208b56ba9873), (a1197a1f-380e-4114-855c-1c98c2041153, {"connection":"sqlite","driver":"sqlite","bindings":[],"sql":"create index \"reconciliation_records_status_reconciliation_date_index\" on \"reconciliation_records\" (\"status\", \"reconciliation_date\")","time":"0.36","slow":false,"file":"\/tmp\/abdoElHodaky\/larvrevrstender\/services\/payment-service\/database\/migrations\/2024_01_03_000008_create_reconciliation_records_table.php","line":14,"hash":"5293b12e9add4671119d8edd57a3acfd","hostname":"modal"}, 2026-02-17 05:59:11, ?, query, a1197a1f-2ad0-4352-924d-2f765a8df452), (a1197a1f-380e-4114-855c-1c98c2041153, {"connection":"sqlite","driver":"sqlite","bindings":[],"sql":"create index \"reconciliation_records_transaction_date_index\" on \"reconciliation_records\" (\"transaction_date\")","time":"0.46","slow":false,"file":"\/tmp\/abdoElHodaky\/larvrevrstender\/services\/payment-service\/database\/migrations\/2024_01_03_000008_create_reconciliation_records_table.php","line":14,"hash":"bb217086e0064ecade4bf3875d0d60b4","hostname":"modal"}, 2026-02-17 05:59:11, ?, query, a1197a1f-2b09-4863-a4aa-559e0ef817f0), (a1197a1f-380e-4114-855c-1c98c2041153, {"connection":"sqlite","driver":"sqlite","bindings":[],"sql":"create index \"reconciliation_records_settlement_date_index\" on \"reconciliation_records\" (\"settlement_date\")","time":"0.35","slow":false,"file":"\/tmp\/abdoElHodaky\/larvrevrstender\/services\/payment-service\/database\/migrations\/2024_01_03_000008_create_reconciliation_records_table.php","line":14,"hash":"b106138f9ea5c5f06ad4439e7e9cd4fb","hostname":"modal"}, 2026-02-17 05:59:11, ?, query, a1197a1f-2b38-4312-ba53-09e3aa84fa41), (a1197a1f-380e-4114-855c-1c98c2041153, {"connection":"sqlite","driver":"sqlite","bindings":[],"sql":"create index \"reconciliation_records_reconciliation_date_index\" on \"reconciliation_records\" (\"reconciliation_date\")","time":"4.66","slow":false,"file":"\/tmp\/abdoElHodaky\/larvrevrstender\/services\/payment-service\/database\/migrations\/2024_01_03_000008_create_reconciliation_records_table.php","line":14,"hash":"425e7ab68cf7f3b20068c94d42cc296e","hostname":"modal"}, 2026-02-17 05:59:11, ?, query, a1197a1f-2d1d-407c-a086-ff7e10be0b38), (a1197a1f-380e-4114-855c-1c98c2041153, {"connection":"sqlite","driver":"sqlite","bindings":[],"sql":"create index \"reconciliation_records_payment_provider_index\" on \"reconciliation_records\" (\"payment_provider\")","time":"0.50","slow":false,"file":"\/tmp\/abdoElHodaky\/larvrevrstender\/services\/payment-service\/database\/migrations\/2024_01_03_000008_create_reconciliation_records_table.php","line":14,"hash":"c5205b9ff9c55393a81184445d45a745","hostname":"modal"}, 2026-02-17 05:59:11, ?, query, a1197a1f-2d64-4b2b-923a-eef50cfbc71b), (a1197a1f-380e-4114-855c-1c98c2041153, {"connection":"sqlite","driver":"sqlite","bindings":[],"sql":"create index \"reconciliation_records_bank_name_bank_account_index\" on \"reconciliation_records\" (\"bank_name\", \"bank_account\")","time":"0.39","slow":false,"file":"\/tmp\/abdoElHodaky\/larvrevrstender\/services\/payment-service\/database\/migrations\/2024_01_03_000008_create_reconciliation_records_table.php","line":14,"hash":"ef001112f4fd3a16aabdff9b14cd82d4","hostname":"modal"}, 2026-02-17 05:59:11, ?, query, a1197a1f-2d99-4efc-9b9c-bd61f13ce30e), (a1197a1f-380e-4114-855c-1c98c2041153, {"connection":"sqlite","driver":"sqlite","bindings":[],"sql":"create index \"reconciliation_records_batch_id_index\" on \"reconciliation_records\" (\"batch_id\")","time":"0.39","slow":false,"file":"\/tmp\/abdoElHodaky\/larvrevrstender\/services\/payment-service\/database\/migrations\/2024_01_03_000008_create_reconciliation_records_table.php","line":14,"hash":"b2ed14191a62c22b932b39082cec69ab","hostname":"modal"}, 2026-02-17 05:59:11, ?, query, a1197a1f-2dcc-4ab9-9aaf-362ce36c4ac4), (a1197a1f-380e-4114-855c-1c98c2041153, {"connection":"sqlite","driver":"sqlite","bindings":[],"sql":"create index \"reconciliation_records_source_type_source_reference_index\" on \"reconciliation_records\" (\"source_type\", \"source_reference\")","time":"0.39","slow":false,"file":"\/tmp\/abdoElHodaky\/larvrevrstender\/services\/payment-service\/database\/migrations\/2024_01_03_000008_create_reconciliation_records_table.php","line":14,"hash":"7056bb3b11149b58f5dbe89ae66fc479","hostname":"modal"}, 2026-02-17 05:59:11, ?, query, a1197a1f-2dff-49a4-adf3-f5e66e780b8d), (a1197a1f-380e-4114-855c-1c98c2041153, {"connection":"sqlite","driver":"sqlite","bindings":[],"sql":"create index \"reconciliation_records_discrepancy_type_index\" on \"reconciliation_records\" (\"discrepancy_type\")","time":"0.41","slow":false,"file":"\/tmp\/abdoElHodaky\/larvrevrstender\/services\/payment-service\/database\/migrations\/2024_01_03_000008_create_reconciliation_records_table.php","line":14,"hash":"2c3a9da70596396b8cce6989f78ae156","hostname":"modal"}, 2026-02-17 05:59:11, ?, query, a1197a1f-2e34-4014-8fa5-de32251626c0), (a1197a1f-380e-4114-855c-1c98c2041153, {"connection":"sqlite","driver":"sqlite","bindings":[],"sql":"create index \"reconciliation_records_requires_approval_approved_at_index\" on \"reconciliation_records\" (\"requires_approval\", \"approved_at\")","time":"0.38","slow":false,"file":"\/tmp\/abdoElHodaky\/larvrevrstender\/services\/payment-service\/database\/migrations\/2024_01_03_000008_create_reconciliation_records_table.php","line":14,"hash":"897ec50c82e7e5ab909bf7e04b50e190","hostname":"modal"}, 2026-02-17 05:59:11, ?, query, a1197a1f-2e66-4d02-ba00-2f6ffd2eaeab), (a1197a1f-380e-4114-855c-1c98c2041153, {"connection":"sqlite","driver":"sqlite","bindings":[],"sql":"create index \"reconciliation_records_flagged_for_review_index\" on \"reconciliation_records\" (\"flagged_for_review\")","time":"0.41","slow":false,"file":"\/tmp\/abdoElHodaky\/larvrevrstender\/services\/payment-service\/database\/migrations\/2024_01_03_000008_create_reconciliation_records_table.php","line":14,"hash":"1a35647e807f1ff9ec4d422563ed3876","hostname":"modal"}, 2026-02-17 05:59:11, ?, query, a1197a1f-2e9b-4095-96ca-87df5e7bd15f), (a1197a1f-380e-4114-855c-1c98c2041153, {"connection":"sqlite","driver":"sqlite","bindings":[],"sql":"create index \"reconciliation_records_exported_to_accounting_index\" on \"reconciliation_records\" (\"exported_to_accounting\")","time":"0.37","slow":false,"file":"\/tmp\/abdoElHodaky\/larvrevrstender\/services\/payment-service\/database\/migrations\/2024_01_03_000008_create_reconciliation_records_table.php","line":14,"hash":"a2eb392405038826de8b2df2c0369bbf","hostname":"modal"}, 2026-02-17 05:59:11, ?, query, a1197a1f-2ecc-4d8f-8e8d-21b3ee76bd06), (a1197a1f-380e-4114-855c-1c98c2041153, {"connection":"sqlite","driver":"sqlite","bindings":[],"sql":"create index \"reconciliation_records_match_type_match_confidence_index\" on \"reconciliation_records\" (\"match_type\", \"match_confidence\")","time":"0.41","slow":false,"file":"\/tmp\/abdoElHodaky\/larvrevrstender\/services\/payment-service\/database\/migrations\/2024_01_03_000008_create_reconciliation_records_table.php","line":14,"hash":"28d7ee53fe28744e4c8545e60ce1da40","hostname":"modal"}, 2026-02-17 05:59:11, ?, query, a1197a1f-2f00-4fd6-8e9e-2e4322c4fb19), (a1197a1f-380e-4114-855c-1c98c2041153, {"connection":"sqlite","driver":"sqlite","bindings":[],"sql":"create unique index \"reconciliation_records_reconciliation_reference_unique\" on \"reconciliation_records\" (\"reconciliation_reference\")","time":"0.37","slow":false,"file":"\/tmp\/abdoElHodaky\/larvrevrstender\/services\/payment-service\/database\/migrations\/2024_01_03_000008_create_reconciliation_records_table.php","line":14,"hash":"89f14dcd234d1681f9e1c808639a1d0f","hostname":"modal"}, 2026-02-17 05:59:11, ?, query, a1197a1f-2f31-4837-a38d-d072edf52901), (a1197a1f-380e-4114-855c-1c98c2041153, {"connection":"sqlite","driver":"sqlite","bindings":[],"sql":"insert into \"migrations\" (\"migration\", \"batch\") values ('2024_01_03_000008_create_reconciliation_records_table', 1)","time":"0.35","slow":false,"file":"\/tmp\/abdoElHodaky\/larvrevrstender\/services\/payment-service\/artisan","line":35,"hash":"09c22f830d52d80cc99fe8c1b1acc44c","hostname":"modal"}, 2026-02-17 05:59:11, ?, query, a1197a1f-2f8c-42a8-bfc7-18b617053281), (a1197a1f-380e-4114-855c-1c98c2041153, {"connection":"sqlite","driver":"sqlite","bindings":[],"sql":"create table \"escrows\" (\"id\" integer primary key autoincrement not null, \"order_id\" integer not null, \"payment_id\" integer not null, \"buyer_id\" integer not null, \"seller_id\" integer not null, \"amount\" numeric not null, \"currency\" varchar not null default 'SAR', \"status\" varchar check (\"status\" in ('created', 'funded', 'released', 'disputed', 'cancelled')) not null default 'created', \"hold_until\" datetime, \"released_at\" datetime, \"created_at\" datetime, \"updated_at\" datetime)","time":"0.57","slow":false,"file":"\/tmp\/abdoElHodaky\/larvrevrstender\/services\/payment-service\/database\/migrations\/2024_01_03_000009_create_escrows_table.php","line":14,"hash":"a3626b6c4ff2ace0a0d69ac6b3aabf92","hostname":"modal"}, 2026-02-17 05:59:11, ?, query, a1197a1f-305b-4706-8d4f-dc0e607b66c3), (a1197a1f-380e-4114-855c-1c98c2041153, {"connection":"sqlite","driver":"sqlite","bindings":[],"sql":"create index \"escrows_status_hold_until_index\" on \"escrows\" (\"status\", \"hold_until\")","time":"0.42","slow":false,"file":"\/tmp\/abdoElHodaky\/larvrevrstender\/services\/payment-service\/database\/migrations\/2024_01_03_000009_create_escrows_table.php","line":14,"hash":"2aca48fc039b9e850b1ffe07034bbb1e","hostname":"modal"}, 2026-02-17 05:59:11, ?, query, a1197a1f-3094-4195-ae0d-c72d8f1843cc), (a1197a1f-380e-4114-855c-1c98c2041153, {"connection":"sqlite","driver":"sqlite","bindings":[],"sql":"create index \"escrows_buyer_id_status_index\" on \"escrows\" (\"buyer_id\", \"status\")","time":"0.38","slow":false,"file":"\/tmp\/abdoElHodaky\/larvrevrstender\/services\/payment-service\/database\/migrations\/2024_01_03_000009_create_escrows_table.php","line":14,"hash":"9b2c1c37d60b8f5bb2bcb91070746dee","hostname":"modal"}, 2026-02-17 05:59:11, ?, query, a1197a1f-30c7-4389-b792-d8212384cd4c), (a1197a1f-380e-4114-855c-1c98c2041153, {"connection":"sqlite","driver":"sqlite","bindings":[],"sql":"create index \"escrows_seller_id_status_index\" on \"escrows\" (\"seller_id\", \"status\")","time":"0.39","slow":false,"file":"\/tmp\/abdoElHodaky\/larvrevrstender\/services\/payment-service\/database\/migrations\/2024_01_03_000009_create_escrows_table.php","line":14,"hash":"9e01534441570cabebb3d4de1c46c8d5","hostname":"modal"}, 2026-02-17 05:59:11, ?, query, a1197a1f-3101-44de-9ad0-f95602e77876), (a1197a1f-380e-4114-855c-1c98c2041153, {"connection":"sqlite","driver":"sqlite","bindings":[],"sql":"create index \"escrows_order_id_index\" on \"escrows\" (\"order_id\")","time":"0.38","slow":false,"file":"\/tmp\/abdoElHodaky\/larvrevrstender\/services\/payment-service\/database\/migrations\/2024_01_03_000009_create_escrows_table.php","line":14,"hash":"546f33d18977424d077ad252e1785d13","hostname":"modal"}, 2026-02-17 05:59:11, ?, query, a1197a1f-3134-490c-9f6e-f840bea2347a), (a1197a1f-380e-4114-855c-1c98c2041153, {"connection":"sqlite","driver":"sqlite","bindings":[],"sql":"create index \"escrows_payment_id_index\" on \"escrows\" (\"payment_id\")","time":"0.37","slow":false,"file":"\/tmp\/abdoElHodaky\/larvrevrstender\/services\/payment-service\/database\/migrations\/2024_01_03_000009_create_escrows_table.php","line":14,"hash":"28df5a10ecffb92f3875d83b59138ed4","hostname":"modal"}, 2026-02-17 05:59:11, ?, query, a1197a1f-3165-4f2c-a8bd-12bf75ce94ee), (a1197a1f-380e-4114-855c-1c98c2041153, {"connection":"sqlite","driver":"sqlite","bindings":[],"sql":"create index \"escrows_buyer_id_index\" on \"escrows\" (\"buyer_id\")","time":"0.45","slow":false,"file":"\/tmp\/abdoElHodaky\/larvrevrstender\/services\/payment-service\/database\/migrations\/2024_01_03_000009_create_escrows_table.php","line":14,"hash":"c7d9343bdca3feec594a94fa3d4e2ce6","hostname":"modal"}, 2026-02-17 05:59:11, ?, query, a1197a1f-319d-412a-b421-3fbcd3274c2b), (a1197a1f-380e-4114-855c-1c98c2041153, {"connection":"sqlite","driver":"sqlite","bindings":[],"sql":"create index \"escrows_seller_id_index\" on \"escrows\" (\"seller_id\")","time":"0.36","slow":false,"file":"\/tmp\/abdoElHodaky\/larvrevrstender\/services\/payment-service\/database\/migrations\/2024_01_03_000009_create_escrows_table.php","line":14,"hash":"b0458660330639fcb41ef7cf8e9892f2","hostname":"modal"}, 2026-02-17 05:59:11, ?, query, a1197a1f-31cd-499d-afb3-6c44e0e5f4a6), (a1197a1f-380e-4114-855c-1c98c2041153, {"connection":"sqlite","driver":"sqlite","bindings":[],"sql":"create index \"escrows_status_index\" on \"escrows\" (\"status\")","time":"0.47","slow":false,"file":"\/tmp\/abdoElHodaky\/larvrevrstender\/services\/payment-service\/database\/migrations\/2024_01_03_000009_create_escrows_table.php","line":14,"hash":"d508706c32cdae354f2e83a2074a1f32","hostname":"modal"}, 2026-02-17 05:59:11, ?, query, a1197a1f-3208-4b24-8223-b10a62fec9bd), (a1197a1f-380e-4114-855c-1c98c2041153, {"connection":"sqlite","driver":"sqlite","bindings":[],"sql":"create index \"escrows_hold_until_index\" on \"escrows\" (\"hold_until\")","time":"0.36","slow":false,"file":"\/tmp\/abdoElHodaky\/larvrevrstender\/services\/payment-service\/database\/migrations\/2024_01_03_000009_create_escrows_table.php","line":14,"hash":"33c51038b66e608ff0c991db2cd83e44","hostname":"modal"}, 2026-02-17 05:59:11, ?, query, a1197a1f-3238-486f-be81-1efac80a6c3b), (a1197a1f-380e-4114-855c-1c98c2041153, {"connection":"sqlite","driver":"sqlite","bindings":[],"sql":"insert into \"migrations\" (\"migration\", \"batch\") values ('2024_01_03_000009_create_escrows_table', 1)","time":"0.36","slow":false,"file":"\/tmp\/abdoElHodaky\/larvrevrstender\/services\/payment-service\/artisan","line":35,"hash":"09c22f830d52d80cc99fe8c1b1acc44c","hostname":"modal"}, 2026-02-17 05:59:11, ?, query, a1197a1f-32b3-4817-bd0d-570dff22cd9a), (a1197a1f-380e-4114-855c-1c98c2041153, {"connection":"sqlite","driver":"sqlite","bindings":[],"sql":"create table \"escrow_transactions\" (\"id\" integer primary key autoincrement not null, \"escrow_id\" integer not null, \"type\" varchar check (\"type\" in ('hold', 'release', 'partial_release', 'dispute', 'cancel')) not null, \"amount\" numeric not null, \"reason\" text, \"processed_by\" integer, \"processed_at\" datetime not null default CURRENT_TIMESTAMP, \"external_reference\" varchar, \"metadata\" text, \"created_at\" datetime, \"updated_at\" datetime, foreign key(\"escrow_id\") references \"escrows\"(\"id\") on delete cascade)","time":"0.47","slow":false,"file":"\/tmp\/abdoElHodaky\/larvrevrstender\/services\/payment-service\/database\/migrations\/2024_01_03_000010_create_escrow_transactions_table.php","line":14,"hash":"2b1bf1b0a990234e387e59165c85b899","hostname":"modal"}, 2026-02-17 05:59:11, ?, query, a1197a1f-3381-4e7a-9e21-aea6f02d0e58), (a1197a1f-380e-4114-855c-1c98c2041153, {"connection":"sqlite","driver":"sqlite","bindings":[],"sql":"create index \"escrow_transactions_escrow_id_type_index\" on \"escrow_transactions\" (\"escrow_id\", \"type\")","time":"0.42","slow":false,"file":"\/tmp\/abdoElHodaky\/larvrevrstender\/services\/payment-service\/database\/migrations\/2024_01_03_000010_create_escrow_transactions_table.php","line":14,"hash":"3aa960e2937fd7391815bfe7e759959f","hostname":"modal"}, 2026-02-17 05:59:11, ?, query, a1197a1f-33be-4af3-b256-734d07e7d8aa), (a1197a1f-380e-4114-855c-1c98c2041153, {"connection":"sqlite","driver":"sqlite","bindings":[],"sql":"create index \"escrow_transactions_processed_at_type_index\" on \"escrow_transactions\" (\"processed_at\", \"type\")","time":"0.44","slow":false,"file":"\/tmp\/abdoElHodaky\/larvrevrstender\/services\/payment-service\/database\/migrations\/2024_01_03_000010_create_escrow_transactions_table.php","line":14,"hash":"8103ea081cf06ea2f255aba8bdaf15a8","hostname":"modal"}, 2026-02-17 05:59:11, ?, query, a1197a1f-33f7-4f78-81ee-b89eaca06b45), (a1197a1f-380e-4114-855c-1c98c2041153, {"connection":"sqlite","driver":"sqlite","bindings":[],"sql":"create index \"escrow_transactions_escrow_id_index\" on \"escrow_transactions\" (\"escrow_id\")","time":"0.40","slow":false,"file":"\/tmp\/abdoElHodaky\/larvrevrstender\/services\/payment-service\/database\/migrations\/2024_01_03_000010_create_escrow_transactions_table.php","line":14,"hash":"bae44038e4254e4c794b4ea19e533351","hostname":"modal"}, 2026-02-17 05:59:11, ?, query, a1197a1f-342b-4da0-9cf8-afb5b1df81a2), (a1197a1f-380e-4114-855c-1c98c2041153, {"connection":"sqlite","driver":"sqlite","bindings":[],"sql":"create index \"escrow_transactions_type_index\" on \"escrow_transactions\" (\"type\")","time":"0.39","slow":false,"file":"\/tmp\/abdoElHodaky\/larvrevrstender\/services\/payment-service\/database\/migrations\/2024_01_03_000010_create_escrow_transactions_table.php","line":14,"hash":"e6c40456171003b4e60b3b0665ccb154","hostname":"modal"}, 2026-02-17 05:59:11, ?, query, a1197a1f-345e-4d4a-b47c-29d8c5648f37), (a1197a1f-380e-4114-855c-1c98c2041153, {"connection":"sqlite","driver":"sqlite","bindings":[],"sql":"create index \"escrow_transactions_external_reference_index\" on \"escrow_transactions\" (\"external_reference\")","time":"0.39","slow":false,"file":"\/tmp\/abdoElHodaky\/larvrevrstender\/services\/payment-service\/database\/migrations\/2024_01_03_000010_create_escrow_transactions_table.php","line":14,"hash":"64413cb4ba3220877d17a562c79de96e","hostname":"modal"}, 2026-02-17 05:59:11, ?, query, a1197a1f-3491-4c5c-9939-4028f45113f7), (a1197a1f-380e-4114-855c-1c98c2041153, {"connection":"sqlite","driver":"sqlite","bindings":[],"sql":"insert into \"migrations\" (\"migration\", \"batch\") values ('2024_01_03_000010_create_escrow_transactions_table', 1)","time":"0.35","slow":false,"file":"\/tmp\/abdoElHodaky\/larvrevrstender\/services\/payment-service\/artisan","line":35,"hash":"09c22f830d52d80cc99fe8c1b1acc44c","hostname":"modal"}, 2026-02-17 05:59:11, ?, query, a1197a1f-34f0-4ea2-b077-8ce6d2d333ee), (a1197a1f-380e-4114-855c-1c98c2041153, {"connection":"sqlite","driver":"sqlite","bindings":[],"sql":"create table \"escrow_release_conditions\" (\"id\" integer primary key autoincrement not null, \"escrow_id\" integer not null, \"condition_type\" varchar check (\"condition_type\" in ('delivery_confirmed', 'inspection_passed', 'time_elapsed', 'manual_approval')) not null, \"condition_data\" text, \"is_met\" tinyint(1) not null default '0', \"met_at\" datetime, \"created_at\" datetime, \"updated_at\" datetime, foreign key(\"escrow_id\") references \"escrows\"(\"id\") on delete cascade)","time":"0.44","slow":false,"file":"\/tmp\/abdoElHodaky\/larvrevrstender\/services\/payment-service\/database\/migrations\/2024_01_03_000011_create_escrow_release_conditions_table.php","line":14,"hash":"d51495df51b2a856afd9c1628948771e","hostname":"modal"}, 2026-02-17 05:59:11, ?, query, a1197a1f-3566-4358-8b51-23b051d5141e), (a1197a1f-380e-4114-855c-1c98c2041153, {"connection":"sqlite","driver":"sqlite","bindings":[],"sql":"create index \"escrow_release_conditions_escrow_id_condition_type_index\" on \"escrow_release_conditions\" (\"escrow_id\", \"condition_type\")","time":"0.48","slow":false,"file":"\/tmp\/abdoElHodaky\/larvrevrstender\/services\/payment-service\/database\/migrations\/2024_01_03_000011_create_escrow_release_conditions_table.php","line":14,"hash":"489ab318c3ba6043d6763eec6ecb5b56","hostname":"modal"}, 2026-02-17 05:59:11, ?, query, a1197a1f-35a3-484c-9369-f55631e67747), (a1197a1f-380e-4114-855c-1c98c2041153, {"connection":"sqlite","driver":"sqlite","bindings":[],"sql":"create index \"escrow_release_conditions_escrow_id_is_met_index\" on \"escrow_release_conditions\" (\"escrow_id\", \"is_met\")","time":"0.38","slow":false,"file":"\/tmp\/abdoElHodaky\/larvrevrstender\/services\/payment-service\/database\/migrations\/2024_01_03_000011_create_escrow_release_conditions_table.php","line":14,"hash":"2b6696c997508e6cff443cf7f574f4ad","hostname":"modal"}, 2026-02-17 05:59:11, ?, query, a1197a1f-35d5-4455-9517-bb3351542d2e), (a1197a1f-380e-4114-855c-1c98c2041153, {"connection":"sqlite","driver":"sqlite","bindings":[],"sql":"create index \"escrow_release_conditions_condition_type_is_met_index\" on \"escrow_release_conditions\" (\"condition_type\", \"is_met\")","time":"0.38","slow":false,"file":"\/tmp\/abdoElHodaky\/larvrevrstender\/services\/payment-service\/database\/migrations\/2024_01_03_000011_create_escrow_release_conditions_table.php","line":14,"hash":"cdc885efdd6668ba2c15774773857612","hostname":"modal"}, 2026-02-17 05:59:11, ?, query, a1197a1f-3608-4a20-84c8-b35a3a9999ef), (a1197a1f-380e-4114-855c-1c98c2041153, {"connection":"sqlite","driver":"sqlite","bindings":[],"sql":"create index \"escrow_release_conditions_escrow_id_index\" on \"escrow_release_conditions\" (\"escrow_id\")","time":"0.40","slow":false,"file":"\/tmp\/abdoElHodaky\/larvrevrstender\/services\/payment-service\/database\/migrations\/2024_01_03_000011_create_escrow_release_conditions_table.php","line":14,"hash":"1f3f61b1394003499651f27e6eb47601","hostname":"modal"}, 2026-02-17 05:59:11, ?, query, a1197a1f-363d-428b-a118-66cb6caf1b6c), (a1197a1f-380e-4114-855c-1c98c2041153, {"connection":"sqlite","driver":"sqlite","bindings":[],"sql":"create index \"escrow_release_conditions_condition_type_index\" on \"escrow_release_conditions\" (\"condition_type\")","time":"0.45","slow":false,"file":"\/tmp\/abdoElHodaky\/larvrevrstender\/services\/payment-service\/database\/migrations\/2024_01_03_000011_create_escrow_release_conditions_table.php","line":14,"hash":"1e2ec584862d9534071c2c0afd9cfac4","hostname":"modal"}, 2026-02-17 05:59:11, ?, query, a1197a1f-3677-47ab-80bb-92c77527b182), (a1197a1f-380e-4114-855c-1c98c2041153, {"connection":"sqlite","driver":"sqlite","bindings":[],"sql":"create index \"escrow_release_conditions_is_met_index\" on \"escrow_release_conditions\" (\"is_met\")","time":"0.36","slow":false,"file":"\/tmp\/abdoElHodaky\/larvrevrstender\/services\/payment-service\/database\/migrations\/2024_01_03_000011_create_escrow_release_conditions_table.php","line":14,"hash":"18db30272a12a1f00aedba6731003162","hostname":"modal"}, 2026-02-17 05:59:11, ?, query, a1197a1f-36a9-4a9e-9fea-2319873a51c2), (a1197a1f-380e-4114-855c-1c98c2041153, {"connection":"sqlite","driver":"sqlite","bindings":[],"sql":"insert into \"migrations\" (\"migration\", \"batch\") values ('2024_01_03_000011_create_escrow_release_conditions_table', 1)","time":"0.36","slow":false,"file":"\/tmp\/abdoElHodaky\/larvrevrstender\/services\/payment-service\/artisan","line":35,"hash":"09c22f830d52d80cc99fe8c1b1acc44c","hostname":"modal"}, 2026-02-17 05:59:11, ?, query, a1197a1f-36fd-43c2-9fa3-f0e29fa70898), (a1197a1f-380e-4114-855c-1c98c2041153, {"connection":"sqlite","driver":"sqlite","bindings":[],"sql":"insert into \"migrations\" (\"migration\", \"batch\") values ('2024_12_15_000001_add_authorized_voided_statuses_to_payments_table', 1)","time":"0.39","slow":false,"file":"\/tmp\/abdoElHodaky\/larvrevrstender\/services\/payment-service\/artisan","line":35,"hash":"09c22f830d52d80cc99fe8c1b1acc44c","hostname":"modal"}, 2026-02-17 05:59:11, ?, query, a1197a1f-3772-4a59-9647-a3c1e24bc3ad)) {"exception":"[object] (Illuminate\\Database\\QueryException(code: 2002): SQLSTATE[HY000] [2002] Connection refused (Connection: mysql, Host: 127.0.0.1, Port: 3306, Database: laravel, SQL: insert into `telescope_entries` (`batch_id`, `content`, `created_at`, `family_hash`, `type`, `uuid`) values (a1197a1f-380e-4114-855c-1c98c2041153, {\"connection\":\"sqlite\",\"driver\":\"sqlite\",\"bindings\":[],\"sql\":\"select exists (select 1 from \\\"main\\\".sqlite_master where name = 'migrations' and type = 'table') as \\\"exists\\\"\",\"time\":\"1.22\",\"slow\":false,\"file\":\"\\/tmp\\/abdoElHodaky\\/larvrevrstender\\/services\\/payment-service\\/artisan\",\"line\":35,\"hash\":\"38099705c85292ffaed0ba8949c6d9ae\",\"hostname\":\"modal\"}, 2026-02-17 05:59:11, ?, query, a1197a1f-02d9-4345-ae62-6cd0f8fb4234), (a1197a1f-380e-4114-855c-1c98c2041153, {\"connection\":\"sqlite\",\"driver\":\"sqlite\",\"bindings\":[],\"sql\":\"select exists (select 1 from \\\"main\\\".sqlite_master where name = 'migrations' and type = 'table') as \\\"exists\\\"\",\"time\":\"0.16\",\"slow\":false,\"file\":\"\\/tmp\\/abdoElHodaky\\/larvrevrstender\\/services\\/payment-service\\/artisan\",\"line\":35,\"hash\":\"38099705c85292ffaed0ba8949c6d9ae\",\"hostname\":\"modal\"}, 2026-02-17 05:59:11, ?, query, a1197a1f-0602-48df-bbdc-ad36619cac6b), (a1197a1f-380e-4114-855c-1c98c2041153, {\"connection\":\"sqlite\",\"driver\":\"sqlite\",\"bindings\":[],\"sql\":\"create table \\\"migrations\\\" (\\\"id\\\" integer primary key autoincrement not null, \\\"migration\\\" varchar not null, \\\"batch\\\" integer not null)\",\"time\":\"0.57\",\"slow\":false,\"file\":\"\\/tmp\\/abdoElHodaky\\/larvrevrstender\\/services\\/payment-service\\/artisan\",\"line\":35,\"hash\":\"cd781e22d95b5c778aff00905540ff24\",\"hostname\":\"modal\"}, 2026-02-17 05:59:11, ?, query, a1197a1f-06e4-4209-90cf-2011ce4297ff), (a1197a1f-380e-4114-855c-1c98c2041153, {\"connection\":\"sqlite\",\"driver\":\"sqlite\",\"bindings\":[],\"sql\":\"select exists (select 1 from \\\"main\\\".sqlite_master where name = 'migrations' and type = 'table') as \\\"exists\\\"\",\"time\":\"0.11\",\"slow\":false,\"file\":\"\\/tmp\\/abdoElHodaky\\/larvrevrstender\\/services\\/payment-service\\/artisan\",\"line\":35,\"hash\":\"38099705c85292ffaed0ba8949c6d9ae\",\"hostname\":\"modal\"}, 2026-02-17 05:59:11, ?, query, a1197a1f-0796-4be3-bd18-7c67afb94d05), (a1197a1f-380e-4114-855c-1c98c2041153, {\"connection\":\"sqlite\",\"driver\":\"sqlite\",\"bindings\":[],\"sql\":\"select \\\"migration\\\" from \\\"migrations\\\" order by \\\"batch\\\" asc, \\\"migration\\\" asc\",\"time\":\"0.10\",\"slow\":false,\"file\":\"\\/tmp\\/abdoElHodaky\\/larvrevrstender\\/services\\/payment-service\\/artisan\",\"line\":35,\"hash\":\"84af29f5c40ba2eeda76663cdfcee4df\",\"hostname\":\"modal\"}, 2026-02-17 05:59:11, ?, query, a1197a1f-08e1-48a1-8a43-ed97418b244e), (a1197a1f-380e-4114-855c-1c98c2041153, {\"connection\":\"sqlite\",\"driver\":\"sqlite\",\"bindings\":[],\"sql\":\"select \\\"migration\\\" from \\\"migrations\\\" order by \\\"batch\\\" asc, \\\"migration\\\" asc\",\"time\":\"0.09\",\"slow\":false,\"file\":\"\\/tmp\\/abdoElHodaky\\/larvrevrstender\\/services\\/payment-service\\/artisan\",\"line\":35,\"hash\":\"84af29f5c40ba2eeda76663cdfcee4df\",\"hostname\":\"modal\"}, 2026-02-17 05:59:11, ?, query, a1197a1f-0926-4583-b3e4-fa70178c808f), (a1197a1f-380e-4114-855c-1c98c2041153, {\"connection\":\"sqlite\",\"driver\":\"sqlite\",\"bindings\":[],\"sql\":\"select max(\\\"batch\\\") as aggregate from \\\"migrations\\\"\",\"time\":\"0.10\",\"slow\":false,\"file\":\"\\/tmp\\/abdoElHodaky\\/larvrevrstender\\/services\\/payment-service\\/artisan\",\"line\":35,\"hash\":\"891c93593b7807a7dfc0848070936947\",\"hostname\":\"modal\"}, 2026-02-17 05:59:11, ?, query, a1197a1f-0a18-4ce3-967a-a37045964d2f), (a1197a1f-380e-4114-855c-1c98c2041153, {\"connection\":\"sqlite\",\"driver\":\"sqlite\",\"bindings\":[],\"sql\":\"create table \\\"workflows\\\" (\\\"id\\\" integer primary key autoincrement not null, \\\"class\\\" text not null, \\\"arguments\\\" text, \\\"output\\\" text, \\\"status\\\" varchar not null default 'pending', \\\"created_at\\\" datetime, \\\"updated_at\\\" datetime)\",\"time\":\"0.43\",\"slow\":false,\"file\":\"\\/tmp\\/abdoElHodaky\\/larvrevrstender\\/services\\/payment-service\\/database\\/migrations\\/2022_01_01_000000_create_workflows_table.php\",\"line\":16,\"hash\":\"b990086747ee90a99f538fe612edb553\",\"hostname\":\"modal\"}, 2026-02-17 05:59:11, ?, query, a1197a1f-0ad7-4820-a6c0-a3a2230881d6), (a1197a1f-380e-4114-855c-1c98c2041153, {\"connection\":\"sqlite\",\"driver\":\"sqlite\",\"bindings\":[],\"sql\":\"create index \\\"workflows_status_index\\\" on \\\"workflows\\\" (\\\"status\\\")\",\"time\":\"0.39\",\"slow\":false,\"file\":\"\\/tmp\\/abdoElHodaky\\/larvrevrstender\\/services\\/payment-service\\/database\\/migrations\\/2022_01_01_000000_create_workflows_table.php\",\"line\":16,\"hash\":\"e08b62641f316da088b7de24b238b631\",\"hostname\":\"modal\"}, 2026-02-17 05:59:11, ?, query, a1197a1f-0b0b-411e-b103-65eccd976e82), (a1197a1f-380e-4114-855c-1c98c2041153, {\"connection\":\"sqlite\",\"driver\":\"sqlite\",\"bindings\":[],\"sql\":\"insert into \\\"migrations\\\" (\\\"migration\\\", \\\"batch\\\") values ('2022_01_01_000000_create_workflows_table', 1)\",\"time\":\"0.38\",\"slow\":false,\"file\":\"\\/tmp\\/abdoElHodaky\\/larvrevrstender\\/services\\/payment-service\\/artisan\",\"line\":35,\"hash\":\"09c22f830d52d80cc99fe8c1b1acc44c\",\"hostname\":\"modal\"}, 2026-02-17 05:59:11, ?, query, a1197a1f-0b90-4715-b8e0-cfd87d211fa1), (a1197a1f-380e-4114-855c-1c98c2041153, {\"connection\":\"sqlite\",\"driver\":\"sqlite\",\"bindings\":[],\"sql\":\"create table \\\"workflow_logs\\\" (\\\"id\\\" integer primary key autoincrement not null, \\\"stored_workflow_id\\\" integer not null, \\\"index\\\" integer not null, \\\"now\\\" datetime not null, \\\"class\\\" text not null, \\\"result\\\" text, \\\"created_at\\\" datetime, foreign key(\\\"stored_workflow_id\\\") references \\\"workflows\\\"(\\\"id\\\"))\",\"time\":\"0.38\",\"slow\":false,\"file\":\"\\/tmp\\/abdoElHodaky\\/larvrevrstender\\/services\\/payment-service\\/database\\/migrations\\/2022_01_01_000001_create_workflow_logs_table.php\",\"line\":16,\"hash\":\"e268ff9f0774251af596d195af6cb1e6\",\"hostname\":\"modal\"}, 2026-02-17 05:59:11, ?, query, a1197a1f-0bfb-4dee-939f-a109fb2a1988), (a1197a1f-380e-4114-855c-1c98c2041153, {\"connection\":\"sqlite\",\"driver\":\"sqlite\",\"bindings\":[],\"sql\":\"create unique index \\\"workflow_logs_stored_workflow_id_index_unique\\\" on \\\"workflow_logs\\\" (\\\"stored_workflow_id\\\", \\\"index\\\")\",\"time\":\"0.36\",\"slow\":false,\"file\":\"\\/tmp\\/abdoElHodaky\\/larvrevrstender\\/services\\/payment-service\\/database\\/migrations\\/2022_01_01_000001_create_workflow_logs_table.php\",\"line\":16,\"hash\":\"4858829f520e15ab1c81ce9eaa4de739\",\"hostname\":\"modal\"}, 2026-02-17 05:59:11, ?, query, a1197a1f-0c2c-445e-aed0-ea1ffc5462f1), (a1197a1f-380e-4114-855c-1c98c2041153, {\"connection\":\"sqlite\",\"driver\":\"sqlite\",\"bindings\":[],\"sql\":\"create index \\\"workflow_logs_stored_workflow_id_index\\\" on \\\"workflow_logs\\\" (\\\"stored_workflow_id\\\")\",\"time\":\"0.33\",\"slow\":false,\"file\":\"\\/tmp\\/abdoElHodaky\\/larvrevrstender\\/services\\/payment-service\\/database\\/migrations\\/2022_01_01_000001_create_workflow_logs_table.php\",\"line\":16,\"hash\":\"af16786bf2e722b0452036375309aea3\",\"hostname\":\"modal\"}, 2026-02-17 05:59:11, ?, query, a1197a1f-0c5a-4ad2-a34e-7317ab35de19), (a1197a1f-380e-4114-855c-1c98c2041153, {\"connection\":\"sqlite\",\"driver\":\"sqlite\",\"bindings\":[],\"sql\":\"insert into \\\"migrations\\\" (\\\"migration\\\", \\\"batch\\\") values ('2022_01_01_000001_create_workflow_logs_table', 1)\",\"time\":\"0.35\",\"slow\":false,\"file\":\"\\/tmp\\/abdoElHodaky\\/larvrevrstender\\/services\\/payment-service\\/artisan\",\"line\":35,\"hash\":\"09c22f830d52d80cc99fe8c1b1acc44c\",\"hostname\":\"modal\"}, 2026-02-17 05:59:11, ?, query, a1197a1f-0cbc-40f4-8581-73960527b7ba), (a1197a1f-380e-4114-855c-1c98c2041153, {\"connection\":\"sqlite\",\"driver\":\"sqlite\",\"bindings\":[],\"sql\":\"create table \\\"workflow_signals\\\" (\\\"id\\\" integer primary key autoincrement not null, \\\"stored_workflow_id\\\" integer not null, \\\"method\\\" text not null, \\\"arguments\\\" text, \\\"created_at\\\" datetime, foreign key(\\\"stored_workflow_id\\\") references \\\"workflows\\\"(\\\"id\\\"))\",\"time\":\"0.35\",\"slow\":false,\"file\":\"\\/tmp\\/abdoElHodaky\\/larvrevrstender\\/services\\/payment-service\\/database\\/migrations\\/2022_01_01_000002_create_workflow_signals_table.php\",\"line\":16,\"hash\":\"29cc7162e8010b853c5bf4edfefe34f9\",\"hostname\":\"modal\"}, 2026-02-17 05:59:11, ?, query, a1197a1f-0d07-418b-adc5-7f23f139193d), (a1197a1f-380e-4114-855c-1c98c2041153, {\"connection\":\"sqlite\",\"driver\":\"sqlite\",\"bindings\":[],\"sql\":\"create index \\\"workflow_signals_stored_workflow_id_created_at_index\\\" on \\\"workflow_signals\\\" (\\\"stored_workflow_id\\\", \\\"created_at\\\")\",\"time\":\"0.32\",\"slow\":false,\"file\":\"\\/tmp\\/abdoElHodaky\\/larvrevrstender\\/services\\/payment-service\\/database\\/migrations\\/2022_01_01_000002_create_workflow_signals_table.php\",\"line\":16,\"hash\":\"388e901cb7a9928839db7b42de51887a\",\"hostname\":\"modal\"}, 2026-02-17 05:59:11, ?, query, a1197a1f-0d34-4cb7-9d0a-72f2357064ba), (a1197a1f-380e-4114-855c-1c98c2041153, {\"connection\":\"sqlite\",\"driver\":\"sqlite\",\"bindings\":[],\"sql\":\"create index \\\"workflow_signals_stored_workflow_id_index\\\" on \\\"workflow_signals\\\" (\\\"stored_workflow_id\\\")\",\"time\":\"0.34\",\"slow\":false,\"file\":\"\\/tmp\\/abdoElHodaky\\/larvrevrstender\\/services\\/payment-service\\/database\\/migrations\\/2022_01_01_000002_create_workflow_signals_table.php\",\"line\":16,\"hash\":\"65db80e406107aad7595627832fc2b55\",\"hostname\":\"modal\"}, 2026-02-17 05:59:11, ?, query, a1197a1f-0d62-4e8b-8dae-6222b2db7567), (a1197a1f-380e-4114-855c-1c98c2041153, {\"connection\":\"sqlite\",\"driver\":\"sqlite\",\"bindings\":[],\"sql\":\"insert into \\\"migrations\\\" (\\\"migration\\\", \\\"batch\\\") values ('2022_01_01_000002_create_workflow_signals_table', 1)\",\"time\":\"0.36\",\"slow\":false,\"file\":\"\\/tmp\\/abdoElHodaky\\/larvrevrstender\\/services\\/payment-service\\/artisan\",\"line\":35,\"hash\":\"09c22f830d52d80cc99fe8c1b1acc44c\",\"hostname\":\"modal\"}, 2026-02-17 05:59:11, ?, query, a1197a1f-0dbd-4dff-934c-9ddeba51205e), (a1197a1f-380e-4114-855c-1c98c2041153, {\"connection\":\"sqlite\",\"driver\":\"sqlite\",\"bindings\":[],\"sql\":\"create table \\\"workflow_timers\\\" (\\\"id\\\" integer primary key autoincrement not null, \\\"stored_workflow_id\\\" integer not null, \\\"index\\\" integer not null, \\\"stop_at\\\" datetime not null, \\\"created_at\\\" datetime, foreign key(\\\"stored_workflow_id\\\") references \\\"workflows\\\"(\\\"id\\\"))\",\"time\":\"0.43\",\"slow\":false,\"file\":\"\\/tmp\\/abdoElHodaky\\/larvrevrstender\\/services\\/payment-service\\/database\\/migrations\\/2022_01_01_000003_create_workflow_timers_table.php\",\"line\":16,\"hash\":\"45dca749a6696434b1fbf9f6137ead24\",\"hostname\":\"modal\"}, 2026-02-17 05:59:11, ?, query, a1197a1f-0e0f-4ff3-8206-cb5bf0b6750a), (a1197a1f-380e-4114-855c-1c98c2041153, {\"connection\":\"sqlite\",\"driver\":\"sqlite\",\"bindings\":[],\"sql\":\"create index \\\"workflow_timers_stored_workflow_id_created_at_index\\\" on \\\"workflow_timers\\\" (\\\"stored_workflow_id\\\", \\\"created_at\\\")\",\"time\":\"0.34\",\"slow\":false,\"file\":\"\\/tmp\\/abdoElHodaky\\/larvrevrstender\\/services\\/payment-service\\/database\\/migrations\\/2022_01_01_000003_create_workflow_timers_table.php\",\"line\":16,\"hash\":\"be243af711a0c24944b9f432f2b9e786\",\"hostname\":\"modal\"}, 2026-02-17 05:59:11, ?, query, a1197a1f-0e3f-45d2-9f12-cb8c1535b401), (a1197a1f-380e-4114-855c-1c98c2041153, {\"connection\":\"sqlite\",\"driver\":\"sqlite\",\"bindings\":[],\"sql\":\"create index \\\"workflow_timers_stored_workflow_id_index\\\" on \\\"workflow_timers\\\" (\\\"stored_workflow_id\\\")\",\"time\":\"0.33\",\"slow\":false,\"file\":\"\\/tmp\\/abdoElHodaky\\/larvrevrstender\\/services\\/payment-service\\/database\\/migrations\\/2022_01_01_000003_create_workflow_timers_table.php\",\"line\":16,\"hash\":\"efd5af37fae13cb7a4260e5053f63c5c\",\"hostname\":\"modal\"}, 2026-02-17 05:59:11, ?, query, a1197a1f-0e6d-4241-9408-927b304f9d2d), (a1197a1f-380e-4114-855c-1c98c2041153, {\"connection\":\"sqlite\",\"driver\":\"sqlite\",\"bindings\":[],\"sql\":\"insert into \\\"migrations\\\" (\\\"migration\\\", \\\"batch\\\") values ('2022_01_01_000003_create_workflow_timers_table', 1)\",\"time\":\"0.35\",\"slow\":false,\"file\":\"\\/tmp\\/abdoElHodaky\\/larvrevrstender\\/services\\/payment-service\\/artisan\",\"line\":35,\"hash\":\"09c22f830d52d80cc99fe8c1b1acc44c\",\"hostname\":\"modal\"}, 2026-02-17 05:59:11, ?, query, a1197a1f-0ec9-4330-bc4e-03d2076aac07), (a1197a1f-380e-4114-855c-1c98c2041153, {\"connection\":\"sqlite\",\"driver\":\"sqlite\",\"bindings\":[],\"sql\":\"create table \\\"workflow_exceptions\\\" (\\\"id\\\" integer primary key autoincrement not null, \\\"stored_workflow_id\\\" integer not null, \\\"class\\\" text not null, \\\"exception\\\" text not null, \\\"created_at\\\" datetime, foreign key(\\\"stored_workflow_id\\\") references \\\"workflows\\\"(\\\"id\\\"))\",\"time\":\"0.38\",\"slow\":false,\"file\":\"\\/tmp\\/abdoElHodaky\\/larvrevrstender\\/services\\/payment-service\\/database\\/migrations\\/2022_01_01_000004_create_workflow_exceptions_table.php\",\"line\":16,\"hash\":\"91aca29e23fdf341475b9c58897041f4\",\"hostname\":\"modal\"}, 2026-02-17 05:59:11, ?, query, a1197a1f-0f16-40ee-be0b-07bdf36d3dbf), (a1197a1f-380e-4114-855c-1c98c2041153, {\"connection\":\"sqlite\",\"driver\":\"sqlite\",\"bindings\":[],\"sql\":\"create index \\\"workflow_exceptions_stored_workflow_id_index\\\" on \\\"workflow_exceptions\\\" (\\\"stored_workflow_id\\\")\",\"time\":\"0.36\",\"slow\":false,\"file\":\"\\/tmp\\/abdoElHodaky\\/larvrevrstender\\/services\\/payment-service\\/database\\/migrations\\/2022_01_01_000004_create_workflow_exceptions_table.php\",\"line\":16,\"hash\":\"4a3f245677b2f5a058d000695aa1dd56\",\"hostname\":\"modal\"}, 2026-02-17 05:59:11, ?, query, a1197a1f-0f47-4827-b5a1-a2c7a32feb82), (a1197a1f-380e-4114-855c-1c98c2041153, {\"connection\":\"sqlite\",\"driver\":\"sqlite\",\"bindings\":[],\"sql\":\"insert into \\\"migrations\\\" (\\\"migration\\\", \\\"batch\\\") values ('2022_01_01_000004_create_workflow_exceptions_table', 1)\",\"time\":\"0.35\",\"slow\":false,\"file\":\"\\/tmp\\/abdoElHodaky\\/larvrevrstender\\/services\\/payment-service\\/artisan\",\"line\":35,\"hash\":\"09c22f830d52d80cc99fe8c1b1acc44c\",\"hostname\":\"modal\"}, 2026-02-17 05:59:11, ?, query, a1197a1f-0fa1-41b7-8e00-7a524a46a9a0), (a1197a1f-380e-4114-855c-1c98c2041153, {\"connection\":\"sqlite\",\"driver\":\"sqlite\",\"bindings\":[],\"sql\":\"create table \\\"workflow_relationships\\\" (\\\"id\\\" integer primary key autoincrement not null, \\\"parent_workflow_id\\\" integer, \\\"parent_index\\\" integer not null, \\\"parent_now\\\" datetime not null, \\\"child_workflow_id\\\" integer, foreign key(\\\"parent_workflow_id\\\") references \\\"workflows\\\"(\\\"id\\\"), foreign key(\\\"child_workflow_id\\\") references \\\"workflows\\\"(\\\"id\\\"))\",\"time\":\"0.38\",\"slow\":false,\"file\":\"\\/tmp\\/abdoElHodaky\\/larvrevrstender\\/services\\/payment-service\\/database\\/migrations\\/2022_01_01_000005_create_workflow_relationships_table.php\",\"line\":16,\"hash\":\"86e8ae0d1eb668d58e5b5e0a05d1cac3\",\"hostname\":\"modal\"}, 2026-02-17 05:59:11, ?, query, a1197a1f-0fee-40ae-8abe-c04edf39d52d), (a1197a1f-380e-4114-855c-1c98c2041153, {\"connection\":\"sqlite\",\"driver\":\"sqlite\",\"bindings\":[],\"sql\":\"create index \\\"workflow_relationships_parent_workflow_id_index\\\" on \\\"workflow_relationships\\\" (\\\"parent_workflow_id\\\")\",\"time\":\"0.34\",\"slow\":false,\"file\":\"\\/tmp\\/abdoElHodaky\\/larvrevrstender\\/services\\/payment-service\\/database\\/migrations\\/2022_01_01_000005_create_workflow_relationships_table.php\",\"line\":16,\"hash\":\"47b45b53c0ca304387f146ff08765c40\",\"hostname\":\"modal\"}, 2026-02-17 05:59:11, ?, query, a1197a1f-101d-4730-b279-1fe630c774be), (a1197a1f-380e-4114-855c-1c98c2041153, {\"connection\":\"sqlite\",\"driver\":\"sqlite\",\"bindings\":[],\"sql\":\"create index \\\"workflow_relationships_child_workflow_id_index\\\" on \\\"workflow_relationships\\\" (\\\"child_workflow_id\\\")\",\"time\":\"0.37\",\"slow\":false,\"file\":\"\\/tmp\\/abdoElHodaky\\/larvrevrstender\\/services\\/payment-service\\/database\\/migrations\\/2022_01_01_000005_create_workflow_relationships_table.php\",\"line\":16,\"hash\":\"0a34e6f6d56fc5a25a08cb898df76f89\",\"hostname\":\"modal\"}, 2026-02-17 05:59:11, ?, query, a1197a1f-104f-45e6-9dc1-498d2314c155), (a1197a1f-380e-4114-855c-1c98c2041153, {\"connection\":\"sqlite\",\"driver\":\"sqlite\",\"bindings\":[],\"sql\":\"insert into \\\"migrations\\\" (\\\"migration\\\", \\\"batch\\\") values ('2022_01_01_000005_create_workflow_relationships_table', 1)\",\"time\":\"0.34\",\"slow\":false,\"file\":\"\\/tmp\\/abdoElHodaky\\/larvrevrstender\\/services\\/payment-service\\/artisan\",\"line\":35,\"hash\":\"09c22f830d52d80cc99fe8c1b1acc44c\",\"hostname\":\"modal\"}, 2026-02-17 05:59:11, ?, query, a1197a1f-109f-4f31-971c-afedfbc2255b), (a1197a1f-380e-4114-855c-1c98c2041153, {\"connection\":\"sqlite\",\"driver\":\"sqlite\",\"bindings\":[],\"sql\":\"create table \\\"invoices\\\" (\\\"id\\\" integer primary key autoincrement not null, \\\"invoice_number\\\" varchar not null, \\\"order_id\\\" integer not null, \\\"customer_id\\\" integer not null, \\\"merchant_id\\\" integer not null, \\\"subtotal\\\" numeric not null, \\\"tax_amount\\\" numeric not null default '0', \\\"platform_fee\\\" numeric not null default '0', \\\"delivery_fee\\\" numeric not null default '0', \\\"discount_amount\\\" numeric not null default '0', \\\"total_amount\\\" numeric not null, \\\"currency\\\" varchar not null default 'SAR', \\\"status\\\" varchar check (\\\"status\\\" in ('draft', 'sent', 'viewed', 'paid', 'overdue', 'cancelled', 'refunded')) not null default 'draft', \\\"invoice_date\\\" date not null, \\\"due_date\\\" date not null, \\\"sent_at\\\" datetime, \\\"viewed_at\\\" datetime, \\\"paid_at\\\" datetime, \\\"billing_address\\\" text not null, \\\"customer_name\\\" varchar not null, \\\"customer_email\\\" varchar, \\\"customer_phone\\\" varchar, \\\"customer_tax_id\\\" varchar, \\\"merchant_name\\\" varchar not null, \\\"merchant_tax_number\\\" varchar, \\\"merchant_address\\\" text, \\\"line_items\\\" text not null, \\\"zatca_uuid\\\" varchar, \\\"zatca_hash\\\" varchar, \\\"zatca_qr_code\\\" text, \\\"zatca_status\\\" varchar check (\\\"zatca_status\\\" in ('pending', 'submitted', 'approved', 'rejected')), \\\"zatca_submitted_at\\\" datetime, \\\"zatca_response\\\" text, \\\"payment_method\\\" varchar, \\\"payment_reference\\\" varchar, \\\"payment_metadata\\\" text, \\\"notes\\\" text, \\\"status_history\\\" text, \\\"email_history\\\" text, \\\"metadata\\\" text, \\\"created_at\\\" datetime, \\\"updated_at\\\" datetime)\",\"time\":\"0.68\",\"slow\":false,\"file\":\"\\/tmp\\/abdoElHodaky\\/larvrevrstender\\/services\\/payment-service\\/database\\/migrations\\/2024_01_03_000001_create_invoices_table.php\",\"line\":14,\"hash\":\"6041e6497c52723209c63b25412cc284\",\"hostname\":\"modal\"}, 2026-02-17 05:59:11, ?, query, a1197a1f-114b-4078-a7eb-ca878616df83), (a1197a1f-380e-4114-855c-1c98c2041153, {\"connection\":\"sqlite\",\"driver\":\"sqlite\",\"bindings\":[],\"sql\":\"create index \\\"invoices_customer_id_status_index\\\" on \\\"invoices\\\" (\\\"customer_id\\\", \\\"status\\\")\",\"time\":\"0.39\",\"slow\":false,\"file\":\"\\/tmp\\/abdoElHodaky\\/larvrevrstender\\/services\\/payment-service\\/database\\/migrations\\/2024_01_03_000001_create_invoices_table.php\",\"line\":14,\"hash\":\"0047f531a0eb1e9580929cc170e205b1\",\"hostname\":\"modal\"}, 2026-02-17 05:59:11, ?, query, a1197a1f-1180-45f4-840e-80d29df2b25c), (a1197a1f-380e-4114-855c-1c98c2041153, {\"connection\":\"sqlite\",\"driver\":\"sqlite\",\"bindings\":[],\"sql\":\"create index \\\"invoices_merchant_id_status_index\\\" on \\\"invoices\\\" (\\\"merchant_id\\\", \\\"status\\\")\",\"time\":\"0.39\",\"slow\":false,\"file\":\"\\/tmp\\/abdoElHodaky\\/larvrevrstender\\/services\\/payment-service\\/database\\/migrations\\/2024_01_03_000001_create_invoices_table.php\",\"line\":14,\"hash\":\"a867984b8984d184973162b014fbd9f4\",\"hostname\":\"modal\"}, 2026-02-17 05:59:11, ?, query, a1197a1f-11b5-497f-8d3d-c11af352ac89), (a1197a1f-380e-4114-855c-1c98c2041153, {\"connection\":\"sqlite\",\"driver\":\"sqlite\",\"bindings\":[],\"sql\":\"create index \\\"invoices_status_due_date_index\\\" on \\\"invoices\\\" (\\\"status\\\", \\\"due_date\\\")\",\"time\":\"0.37\",\"slow\":false,\"file\":\"\\/tmp\\/abdoElHodaky\\/larvrevrstender\\/services\\/payment-service\\/database\\/migrations\\/2024_01_03_000001_create_invoices_table.php\",\"line\":14,\"hash\":\"25bacce12402b4fc5f56e84280f29080\",\"hostname\":\"modal\"}, 2026-02-17 05:59:11, ?, query, a1197a1f-11e7-4fb6-bb08-d5fcf337c275), (a1197a1f-380e-4114-855c-1c98c2041153, {\"connection\":\"sqlite\",\"driver\":\"sqlite\",\"bindings\":[],\"sql\":\"create index \\\"invoices_invoice_date_status_index\\\" on \\\"invoices\\\" (\\\"invoice_date\\\", \\\"status\\\")\",\"time\":\"0.39\",\"slow\":false,\"file\":\"\\/tmp\\/abdoElHodaky\\/larvrevrstender\\/services\\/payment-service\\/database\\/migrations\\/2024_01_03_000001_create_invoices_table.php\",\"line\":14,\"hash\":\"775b371b8bbfa3fbd36d20d7a10a56ad\",\"hostname\":\"modal\"}, 2026-02-17 05:59:11, ?, query, a1197a1f-121b-4bb7-810f-b38494fbd40b), (a1197a1f-380e-4114-855c-1c98c2041153, {\"connection\":\"sqlite\",\"driver\":\"sqlite\",\"bindings\":[],\"sql\":\"create index \\\"invoices_created_at_index\\\" on \\\"invoices\\\" (\\\"created_at\\\")\",\"time\":\"0.37\",\"slow\":false,\"file\":\"\\/tmp\\/abdoElHodaky\\/larvrevrstender\\/services\\/payment-service\\/database\\/migrations\\/2024_01_03_000001_create_invoices_table.php\",\"line\":14,\"hash\":\"e8397c89bd149c7ab7b433dfbc4ce298\",\"hostname\":\"modal\"}, 2026-02-17 05:59:11, ?, query, a1197a1f-124c-4818-9ead-b7b6e28ca4ff), (a1197a1f-380e-4114-855c-1c98c2041153, {\"connection\":\"sqlite\",\"driver\":\"sqlite\",\"bindings\":[],\"sql\":\"create unique index \\\"invoices_invoice_number_unique\\\" on \\\"invoices\\\" (\\\"invoice_number\\\")\",\"time\":\"0.37\",\"slow\":false,\"file\":\"\\/tmp\\/abdoElHodaky\\/larvrevrstender\\/services\\/payment-service\\/database\\/migrations\\/2024_01_03_000001_create_invoices_table.php\",\"line\":14,\"hash\":\"9c3acf3c012871e0f18ae68e81542be2\",\"hostname\":\"modal\"}, 2026-02-17 05:59:11, ?, query, a1197a1f-127e-430f-8a25-77302c030bd9), (a1197a1f-380e-4114-855c-1c98c2041153, {\"connection\":\"sqlite\",\"driver\":\"sqlite\",\"bindings\":[],\"sql\":\"create unique index \\\"invoices_order_id_unique\\\" on \\\"invoices\\\" (\\\"order_id\\\")\",\"time\":\"2.89\",\"slow\":false,\"file\":\"\\/tmp\\/abdoElHodaky\\/larvrevrstender\\/services\\/payment-service\\/database\\/migrations\\/2024_01_03_000001_create_invoices_table.php\",\"line\":14,\"hash\":\"13c80b9410a0c160b856ef4eb4fbf8a7\",\"hostname\":\"modal\"}, 2026-02-17 05:59:11, ?, query, a1197a1f-13b3-491e-a993-8a26018abf68), (a1197a1f-380e-4114-855c-1c98c2041153, {\"connection\":\"sqlite\",\"driver\":\"sqlite\",\"bindings\":[],\"sql\":\"create index \\\"invoices_status_index\\\" on \\\"invoices\\\" (\\\"status\\\")\",\"time\":\"0.50\",\"slow\":false,\"file\":\"\\/tmp\\/abdoElHodaky\\/larvrevrstender\\/services\\/payment-service\\/database\\/migrations\\/2024_01_03_000001_create_invoices_table.php\",\"line\":14,\"hash\":\"2b7b2de556fcfd500bad87312c4deb07\",\"hostname\":\"modal\"}, 2026-02-17 05:59:11, ?, query, a1197a1f-13fc-4736-b965-b90bef8cad7e), (a1197a1f-380e-4114-855c-1c98c2041153, {\"connection\":\"sqlite\",\"driver\":\"sqlite\",\"bindings\":[],\"sql\":\"create unique index \\\"invoices_zatca_uuid_unique\\\" on \\\"invoices\\\" (\\\"zatca_uuid\\\")\",\"time\":\"0.43\",\"slow\":false,\"file\":\"\\/tmp\\/abdoElHodaky\\/larvrevrstender\\/services\\/payment-service\\/database\\/migrations\\/2024_01_03_000001_create_invoices_table.php\",\"line\":14,\"hash\":\"d3dfa3aa8aee93a970e4f0c48ed1b278\",\"hostname\":\"modal\"}, 2026-02-17 05:59:11, ?, query, a1197a1f-1435-44a2-a7c9-89a267193b21), (a1197a1f-380e-4114-855c-1c98c2041153, {\"connection\":\"sqlite\",\"driver\":\"sqlite\",\"bindings\":[],\"sql\":\"create index \\\"invoices_zatca_hash_index\\\" on \\\"invoices\\\" (\\\"zatca_hash\\\")\",\"time\":\"0.38\",\"slow\":false,\"file\":\"\\/tmp\\/abdoElHodaky\\/larvrevrstender\\/services\\/payment-service\\/database\\/migrations\\/2024_01_03_000001_create_invoices_table.php\",\"line\":14,\"hash\":\"1105770c2d8767c013eeb01136fc754e\",\"hostname\":\"modal\"}, 2026-02-17 05:59:11, ?, query, a1197a1f-1468-45ad-b756-fdd7a3dbcb91), (a1197a1f-380e-4114-855c-1c98c2041153, {\"connection\":\"sqlite\",\"driver\":\"sqlite\",\"bindings\":[],\"sql\":\"create index \\\"invoices_zatca_status_index\\\" on \\\"invoices\\\" (\\\"zatca_status\\\")\",\"time\":\"0.42\",\"slow\":false,\"file\":\"\\/tmp\\/abdoElHodaky\\/larvrevrstender\\/services\\/payment-service\\/database\\/migrations\\/2024_01_03_000001_create_invoices_table.php\",\"line\":14,\"hash\":\"285550fc33ef6a650c43b30591e34ede\",\"hostname\":\"modal\"}, 2026-02-17 05:59:11, ?, query, a1197a1f-149d-4037-bb2b-fbfa461dfc32), (a1197a1f-380e-4114-855c-1c98c2041153, {\"connection\":\"sqlite\",\"driver\":\"sqlite\",\"bindings\":[],\"sql\":\"create index \\\"invoices_payment_reference_index\\\" on \\\"invoices\\\" (\\\"payment_reference\\\")\",\"time\":\"0.39\",\"slow\":false,\"file\":\"\\/tmp\\/abdoElHodaky\\/larvrevrstender\\/services\\/payment-service\\/database\\/migrations\\/2024_01_03_000001_create_invoices_table.php\",\"line\":14,\"hash\":\"4847f4be555d00e604cd9c993fbe9d98\",\"hostname\":\"modal\"}, 2026-02-17 05:59:11, ?, query, a1197a1f-14d0-44cf-98cb-988ed0c49221), (a1197a1f-380e-4114-855c-1c98c2041153, {\"connection\":\"sqlite\",\"driver\":\"sqlite\",\"bindings\":[],\"sql\":\"insert into \\\"migrations\\\" (\\\"migration\\\", \\\"batch\\\") values ('2024_01_03_000001_create_invoices_table', 1)\",\"time\":\"0.37\",\"slow\":false,\"file\":\"\\/tmp\\/abdoElHodaky\\/larvrevrstender\\/services\\/payment-service\\/artisan\",\"line\":35,\"hash\":\"09c22f830d52d80cc99fe8c1b1acc44c\",\"hostname\":\"modal\"}, 2026-02-17 05:59:11, ?, query, a1197a1f-1546-401e-96f9-f04e1e60949d), (a1197a1f-380e-4114-855c-1c98c2041153, {\"connection\":\"sqlite\",\"driver\":\"sqlite\",\"bindings\":[],\"sql\":\"create table \\\"payments\\\" (\\\"id\\\" integer primary key autoincrement not null, \\\"payment_reference\\\" varchar not null, \\\"invoice_id\\\" integer not null, \\\"order_id\\\" integer not null, \\\"customer_id\\\" integer not null, \\\"merchant_id\\\" integer not null, \\\"amount\\\" numeric not null, \\\"currency\\\" varchar not null default 'SAR', \\\"type\\\" varchar check (\\\"type\\\" in ('payment', 'refund', 'partial_refund')) not null default 'payment', \\\"payment_method\\\" varchar not null, \\\"payment_provider\\\" varchar, \\\"provider_transaction_id\\\" varchar, \\\"payment_details\\\" text, \\\"card_last_four\\\" varchar, \\\"card_brand\\\" varchar, \\\"card_token\\\" varchar, \\\"status\\\" varchar check (\\\"status\\\" in ('pending', 'processing', 'completed', 'failed', 'cancelled', 'refunded', 'partially_refunded')) not null default 'pending', \\\"initiated_at\\\" datetime, \\\"processed_at\\\" datetime, \\\"completed_at\\\" datetime, \\\"failed_at\\\" datetime, \\\"failure_reason\\\" varchar, \\\"failure_code\\\" varchar, \\\"failure_message\\\" text, \\\"refunded_amount\\\" numeric not null default '0', \\\"refunded_at\\\" datetime, \\\"refund_reason\\\" text, \\\"risk_assessment\\\" text, \\\"requires_3ds\\\" tinyint(1) not null default '0', \\\"3ds_status\\\" varchar, \\\"gateway_request\\\" text, \\\"gateway_response\\\" text, \\\"webhook_data\\\" text, \\\"gateway_fee\\\" numeric not null default '0', \\\"platform_fee\\\" numeric not null default '0', \\\"net_amount\\\" numeric, \\\"reconciled\\\" tinyint(1) not null default '0', \\\"reconciled_at\\\" datetime, \\\"reconciliation_reference\\\" varchar, \\\"zatca_payment_reference\\\" varchar, \\\"zatca_payment_data\\\" text, \\\"metadata\\\" text, \\\"created_at\\\" datetime, \\\"updated_at\\\" datetime, foreign key(\\\"invoice_id\\\") references \\\"invoices\\\"(\\\"id\\\") on delete cascade)\",\"time\":\"0.56\",\"slow\":false,\"file\":\"\\/tmp\\/abdoElHodaky\\/larvrevrstender\\/services\\/payment-service\\/database\\/migrations\\/2024_01_03_000002_create_payments_table.php\",\"line\":14,\"hash\":\"1c1f39707ce900874166bf9f624ecf3c\",\"hostname\":\"modal\"}, 2026-02-17 05:59:11, ?, query, a1197a1f-15f4-4604-b529-73812a3ef119), (a1197a1f-380e-4114-855c-1c98c2041153, {\"connection\":\"sqlite\",\"driver\":\"sqlite\",\"bindings\":[],\"sql\":\"create index \\\"payments_customer_id_status_index\\\" on \\\"payments\\\" (\\\"customer_id\\\", \\\"status\\\")\",\"time\":\"0.42\",\"slow\":false,\"file\":\"\\/tmp\\/abdoElHodaky\\/larvrevrstender\\/services\\/payment-service\\/database\\/migrations\\/2024_01_03_000002_create_payments_table.php\",\"line\":14,\"hash\":\"cd9c3839049867a07d3cff891a6b29fa\",\"hostname\":\"modal\"}, 2026-02-17 05:59:11, ?, query, a1197a1f-162b-4b9b-8a2f-952e55dea79e), (a1197a1f-380e-4114-855c-1c98c2041153, {\"connection\":\"sqlite\",\"driver\":\"sqlite\",\"bindings\":[],\"sql\":\"create index \\\"payments_merchant_id_status_index\\\" on \\\"payments\\\" (\\\"merchant_id\\\", \\\"status\\\")\",\"time\":\"0.41\",\"slow\":false,\"file\":\"\\/tmp\\/abdoElHodaky\\/larvrevrstender\\/services\\/payment-service\\/database\\/migrations\\/2024_01_03_000002_create_payments_table.php\",\"line\":14,\"hash\":\"633a0c08b107bc49208bdeb0281afe76\",\"hostname\":\"modal\"}, 2026-02-17 05:59:11, ?, query, a1197a1f-1661-4925-bf3b-36ba0208df9b), (a1197a1f-380e-4114-855c-1c98c2041153, {\"connection\":\"sqlite\",\"driver\":\"sqlite\",\"bindings\":[],\"sql\":\"create index \\\"payments_payment_method_status_index\\\" on \\\"payments\\\" (\\\"payment_method\\\", \\\"status\\\")\",\"time\":\"0.38\",\"slow\":false,\"file\":\"\\/tmp\\/abdoElHodaky\\/larvrevrstender\\/services\\/payment-service\\/database\\/migrations\\/2024_01_03_000002_create_payments_table.php\",\"line\":14,\"hash\":\"6c8573c0c9ecc90a9d552d094ea9be34\",\"hostname\":\"modal\"}, 2026-02-17 05:59:11, ?, query, a1197a1f-1694-42ef-a203-a42125dd8b77), (a1197a1f-380e-4114-855c-1c98c2041153, {\"connection\":\"sqlite\",\"driver\":\"sqlite\",\"bindings\":[],\"sql\":\"create index \\\"payments_payment_provider_status_index\\\" on \\\"payments\\\" (\\\"payment_provider\\\", \\\"status\\\")\",\"time\":\"0.38\",\"slow\":false,\"file\":\"\\/tmp\\/abdoElHodaky\\/larvrevrstender\\/services\\/payment-service\\/database\\/migrations\\/2024_01_03_000002_create_payments_table.php\",\"line\":14,\"hash\":\"02c5f566b75e5010d43853030d2d1f94\",\"hostname\":\"modal\"}, 2026-02-17 05:59:11, ?, query, a1197a1f-16c5-44e0-bc95-19930784c4b2), (a1197a1f-380e-4114-855c-1c98c2041153, {\"connection\":\"sqlite\",\"driver\":\"sqlite\",\"bindings\":[],\"sql\":\"create index \\\"payments_status_created_at_index\\\" on \\\"payments\\\" (\\\"status\\\", \\\"created_at\\\")\",\"time\":\"0.37\",\"slow\":false,\"file\":\"\\/tmp\\/abdoElHodaky\\/larvrevrstender\\/services\\/payment-service\\/database\\/migrations\\/2024_01_03_000002_create_payments_table.php\",\"line\":14,\"hash\":\"de6f4059d444358a3f96368c02c2aa7a\",\"hostname\":\"modal\"}, 2026-02-17 05:59:11, ?, query, a1197a1f-16f6-453d-9abc-bbfbd0c24b00), (a1197a1f-380e-4114-855c-1c98c2041153, {\"connection\":\"sqlite\",\"driver\":\"sqlite\",\"bindings\":[],\"sql\":\"create index \\\"payments_completed_at_index\\\" on \\\"payments\\\" (\\\"completed_at\\\")\",\"time\":\"0.39\",\"slow\":false,\"file\":\"\\/tmp\\/abdoElHodaky\\/larvrevrstender\\/services\\/payment-service\\/database\\/migrations\\/2024_01_03_000002_create_payments_table.php\",\"line\":14,\"hash\":\"e9865d7abb6b27c0668667a38e58c5e2\",\"hostname\":\"modal\"}, 2026-02-17 05:59:11, ?, query, a1197a1f-1728-4b46-aa2c-a71aa1f3a5d9), (a1197a1f-380e-4114-855c-1c98c2041153, {\"connection\":\"sqlite\",\"driver\":\"sqlite\",\"bindings\":[],\"sql\":\"create unique index \\\"payments_payment_reference_unique\\\" on \\\"payments\\\" (\\\"payment_reference\\\")\",\"time\":\"0.36\",\"slow\":false,\"file\":\"\\/tmp\\/abdoElHodaky\\/larvrevrstender\\/services\\/payment-service\\/database\\/migrations\\/2024_01_03_000002_create_payments_table.php\",\"line\":14,\"hash\":\"e785bc298b70052b3ce318d8d32d2ae5\",\"hostname\":\"modal\"}, 2026-02-17 05:59:11, ?, query, a1197a1f-1757-48f6-a404-4a39bb384dbb), (a1197a1f-380e-4114-855c-1c98c2041153, {\"connection\":\"sqlite\",\"driver\":\"sqlite\",\"bindings\":[],\"sql\":\"create index \\\"payments_type_index\\\" on \\\"payments\\\" (\\\"type\\\")\",\"time\":\"0.38\",\"slow\":false,\"file\":\"\\/tmp\\/abdoElHodaky\\/larvrevrstender\\/services\\/payment-service\\/database\\/migrations\\/2024_01_03_000002_create_payments_table.php\",\"line\":14,\"hash\":\"18f1e9c07c7b1a655ad91c94853976ef\",\"hostname\":\"modal\"}, 2026-02-17 05:59:11, ?, query, a1197a1f-1788-44fa-9fa9-7545ac09de04), (a1197a1f-380e-4114-855c-1c98c2041153, {\"connection\":\"sqlite\",\"driver\":\"sqlite\",\"bindings\":[],\"sql\":\"create index \\\"payments_payment_method_index\\\" on \\\"payments\\\" (\\\"payment_method\\\")\",\"time\":\"0.37\",\"slow\":false,\"file\":\"\\/tmp\\/abdoElHodaky\\/larvrevrstender\\/services\\/payment-service\\/database\\/migrations\\/2024_01_03_000002_create_payments_table.php\",\"line\":14,\"hash\":\"dc62a6ccc470736a3b089d0a885bc5c6\",\"hostname\":\"modal\"}, 2026-02-17 05:59:11, ?, query, a1197a1f-17b9-4e48-b280-55a63ce7b553), (a1197a1f-380e-4114-855c-1c98c2041153, {\"connection\":\"sqlite\",\"driver\":\"sqlite\",\"bindings\":[],\"sql\":\"create index \\\"payments_provider_transaction_id_index\\\" on \\\"payments\\\" (\\\"provider_transaction_id\\\")\",\"time\":\"0.37\",\"slow\":false,\"file\":\"\\/tmp\\/abdoElHodaky\\/larvrevrstender\\/services\\/payment-service\\/database\\/migrations\\/2024_01_03_000002_create_payments_table.php\",\"line\":14,\"hash\":\"28e4358fdb8d43b3cb04f5a12390f70e\",\"hostname\":\"modal\"}, 2026-02-17 05:59:11, ?, query, a1197a1f-17ea-4f5e-9b4f-8da302e51005), (a1197a1f-380e-4114-855c-1c98c2041153, {\"connection\":\"sqlite\",\"driver\":\"sqlite\",\"bindings\":[],\"sql\":\"create index \\\"payments_status_index\\\" on \\\"payments\\\" (\\\"status\\\")\",\"time\":\"0.36\",\"slow\":false,\"file\":\"\\/tmp\\/abdoElHodaky\\/larvrevrstender\\/services\\/payment-service\\/database\\/migrations\\/2024_01_03_000002_create_payments_table.php\",\"line\":14,\"hash\":\"998a526c34219171b0058125a70926a1\",\"hostname\":\"modal\"}, 2026-02-17 05:59:11, ?, query, a1197a1f-181a-4f62-8d51-27a0949ceb98), (a1197a1f-380e-4114-855c-1c98c2041153, {\"connection\":\"sqlite\",\"driver\":\"sqlite\",\"bindings\":[],\"sql\":\"create index \\\"payments_reconciled_index\\\" on \\\"payments\\\" (\\\"reconciled\\\")\",\"time\":\"0.37\",\"slow\":false,\"file\":\"\\/tmp\\/abdoElHodaky\\/larvrevrstender\\/services\\/payment-service\\/database\\/migrations\\/2024_01_03_000002_create_payments_table.php\",\"line\":14,\"hash\":\"66d4ad3333044938f2ee3729eaa1ffaa\",\"hostname\":\"modal\"}, 2026-02-17 05:59:11, ?, query, a1197a1f-184a-4ca8-bff2-31e8f610bc35), (a1197a1f-380e-4114-855c-1c98c2041153, {\"connection\":\"sqlite\",\"driver\":\"sqlite\",\"bindings\":[],\"sql\":\"insert into \\\"migrations\\\" (\\\"migration\\\", \\\"batch\\\") values ('2024_01_03_000002_create_payments_table', 1)\",\"time\":\"0.37\",\"slow\":false,\"file\":\"\\/tmp\\/abdoElHodaky\\/larvrevrstender\\/services\\/payment-service\\/artisan\",\"line\":35,\"hash\":\"09c22f830d52d80cc99fe8c1b1acc44c\",\"hostname\":\"modal\"}, 2026-02-17 05:59:11, ?, query, a1197a1f-18bc-472b-9151-88b5d03eb476), (a1197a1f-380e-4114-855c-1c98c2041153, {\"connection\":\"sqlite\",\"driver\":\"sqlite\",\"bindings\":[],\"sql\":\"create table \\\"transactions\\\" (\\\"id\\\" integer primary key autoincrement not null, \\\"transaction_reference\\\" varchar not null, \\\"payment_id\\\" integer, \\\"invoice_id\\\" integer, \\\"order_id\\\" integer, \\\"customer_id\\\" integer not null, \\\"merchant_id\\\" integer not null, \\\"type\\\" varchar check (\\\"type\\\" in ('payment', 'refund', 'partial_refund', 'fee', 'chargeback', 'adjustment')) not null, \\\"status\\\" varchar check (\\\"status\\\" in ('pending', 'processing', 'completed', 'failed', 'cancelled', 'reversed')) not null, \\\"amount\\\" numeric not null, \\\"currency\\\" varchar not null, \\\"fee_amount\\\" numeric not null default '0', \\\"net_amount\\\" numeric not null, \\\"description\\\" varchar, \\\"category\\\" varchar, \\\"tags\\\" text, \\\"metadata\\\" text, \\\"payment_provider\\\" varchar, \\\"gateway_transaction_id\\\" varchar, \\\"gateway_response\\\" text, \\\"accounting_code\\\" varchar, \\\"reconciled\\\" tinyint(1) not null default '0', \\\"reconciled_at\\\" datetime, \\\"reconciliation_reference\\\" varchar, \\\"processed_at\\\" datetime, \\\"settled_at\\\" datetime, \\\"processed_by\\\" varchar, \\\"parent_transaction_id\\\" integer, \\\"external_reference\\\" varchar, \\\"created_at\\\" datetime, \\\"updated_at\\\" datetime, foreign key(\\\"payment_id\\\") references \\\"payments\\\"(\\\"id\\\") on delete set null, foreign key(\\\"invoice_id\\\") references \\\"invoices\\\"(\\\"id\\\") on delete set null, foreign key(\\\"parent_transaction_id\\\") references \\\"transactions\\\"(\\\"id\\\") on delete set null)\",\"time\":\"0.56\",\"slow\":false,\"file\":\"\\/tmp\\/abdoElHodaky\\/larvrevrstender\\/services\\/payment-service\\/database\\/migrations\\/2024_01_03_000003_create_transactions_table.php\",\"line\":14,\"hash\":\"e5dc457a20f6fb5fe2020aadbee8e30d\",\"hostname\":\"modal\"}, 2026-02-17 05:59:11, ?, query, a1197a1f-1954-402b-80bf-3ef855808e6f), (a1197a1f-380e-4114-855c-1c98c2041153, {\"connection\":\"sqlite\",\"driver\":\"sqlite\",\"bindings\":[],\"sql\":\"create index \\\"transactions_customer_id_created_at_index\\\" on \\\"transactions\\\" (\\\"customer_id\\\", \\\"created_at\\\")\",\"time\":\"0.39\",\"slow\":false,\"file\":\"\\/tmp\\/abdoElHodaky\\/larvrevrstender\\/services\\/payment-service\\/database\\/migrations\\/2024_01_03_000003_create_transactions_table.php\",\"line\":14,\"hash\":\"ceb2ab7bf4b66d892c4aa581fd1cd7d2\",\"hostname\":\"modal\"}, 2026-02-17 05:59:11, ?, query, a1197a1f-198a-4e93-8f87-426e71ccd31d), (a1197a1f-380e-4114-855c-1c98c2041153, {\"connection\":\"sqlite\",\"driver\":\"sqlite\",\"bindings\":[],\"sql\":\"create index \\\"transactions_merchant_id_created_at_index\\\" on \\\"transactions\\\" (\\\"merchant_id\\\", \\\"created_at\\\")\",\"time\":\"0.41\",\"slow\":false,\"file\":\"\\/tmp\\/abdoElHodaky\\/larvrevrstender\\/services\\/payment-service\\/database\\/migrations\\/2024_01_03_000003_create_transactions_table.php\",\"line\":14,\"hash\":\"df8b0110c0cb81e23a4c288b2ef83d43\",\"hostname\":\"modal\"}, 2026-02-17 05:59:11, ?, query, a1197a1f-19c1-4252-8aaa-cb7f7757498d), (a1197a1f-380e-4114-855c-1c98c2041153, {\"connection\":\"sqlite\",\"driver\":\"sqlite\",\"bindings\":[],\"sql\":\"create index \\\"transactions_payment_id_index\\\" on \\\"transactions\\\" (\\\"payment_id\\\")\",\"time\":\"0.39\",\"slow\":false,\"file\":\"\\/tmp\\/abdoElHodaky\\/larvrevrstender\\/services\\/payment-service\\/database\\/migrations\\/2024_01_03_000003_create_transactions_table.php\",\"line\":14,\"hash\":\"e3d2a9404e4f6d312210a513773e8a49\",\"hostname\":\"modal\"}, 2026-02-17 05:59:11, ?, query, a1197a1f-19f4-467f-a6cc-4f6dcfe8f7b5), (a1197a1f-380e-4114-855c-1c98c2041153, {\"connection\":\"sqlite\",\"driver\":\"sqlite\",\"bindings\":[],\"sql\":\"create index \\\"transactions_invoice_id_index\\\" on \\\"transactions\\\" (\\\"invoice_id\\\")\",\"time\":\"0.38\",\"slow\":false,\"file\":\"\\/tmp\\/abdoElHodaky\\/larvrevrstender\\/services\\/payment-service\\/database\\/migrations\\/2024_01_03_000003_create_transactions_table.php\",\"line\":14,\"hash\":\"503cf630883b3654b756f9e7fd929876\",\"hostname\":\"modal\"}, 2026-02-17 05:59:11, ?, query, a1197a1f-1a28-4901-8881-6bbf4d6bdb44), (a1197a1f-380e-4114-855c-1c98c2041153, {\"connection\":\"sqlite\",\"driver\":\"sqlite\",\"bindings\":[],\"sql\":\"create index \\\"transactions_order_id_index\\\" on \\\"transactions\\\" (\\\"order_id\\\")\",\"time\":\"0.41\",\"slow\":false,\"file\":\"\\/tmp\\/abdoElHodaky\\/larvrevrstender\\/services\\/payment-service\\/database\\/migrations\\/2024_01_03_000003_create_transactions_table.php\",\"line\":14,\"hash\":\"f4929c562d0175fa4f1bfe390681705f\",\"hostname\":\"modal\"}, 2026-02-17 05:59:11, ?, query, a1197a1f-1a5d-4420-ba13-d22bc6feb467), (a1197a1f-380e-4114-855c-1c98c2041153, {\"connection\":\"sqlite\",\"driver\":\"sqlite\",\"bindings\":[],\"sql\":\"create index \\\"transactions_type_status_index\\\" on \\\"transactions\\\" (\\\"type\\\", \\\"status\\\")\",\"time\":\"0.37\",\"slow\":false,\"file\":\"\\/tmp\\/abdoElHodaky\\/larvrevrstender\\/services\\/payment-service\\/database\\/migrations\\/2024_01_03_000003_create_transactions_table.php\",\"line\":14,\"hash\":\"6dd0bc235d31cbcd731407cc02d4305c\",\"hostname\":\"modal\"}, 2026-02-17 05:59:11, ?, query, a1197a1f-1a8d-4c25-93ad-1b5108bb37c4), (a1197a1f-380e-4114-855c-1c98c2041153, {\"connection\":\"sqlite\",\"driver\":\"sqlite\",\"bindings\":[],\"sql\":\"create index \\\"transactions_reconciled_created_at_index\\\" on \\\"transactions\\\" (\\\"reconciled\\\", \\\"created_at\\\")\",\"time\":\"0.39\",\"slow\":false,\"file\":\"\\/tmp\\/abdoElHodaky\\/larvrevrstender\\/services\\/payment-service\\/database\\/migrations\\/2024_01_03_000003_create_transactions_table.php\",\"line\":14,\"hash\":\"3e2fa9466c191db94b545cd82776f750\",\"hostname\":\"modal\"}, 2026-02-17 05:59:11, ?, query, a1197a1f-1ac0-451b-983e-63924c5ec996), (a1197a1f-380e-4114-855c-1c98c2041153, {\"connection\":\"sqlite\",\"driver\":\"sqlite\",\"bindings\":[],\"sql\":\"create index \\\"transactions_payment_provider_gateway_transaction_id_index\\\" on \\\"transactions\\\" (\\\"payment_provider\\\", \\\"gateway_transaction_id\\\")\",\"time\":\"0.38\",\"slow\":false,\"file\":\"\\/tmp\\/abdoElHodaky\\/larvrevrstender\\/services\\/payment-service\\/database\\/migrations\\/2024_01_03_000003_create_transactions_table.php\",\"line\":14,\"hash\":\"29f144fd8d0331d167b2d48e9cc18ac6\",\"hostname\":\"modal\"}, 2026-02-17 05:59:11, ?, query, a1197a1f-1af2-4e72-b7ca-0df17968c170), (a1197a1f-380e-4114-855c-1c98c2041153, {\"connection\":\"sqlite\",\"driver\":\"sqlite\",\"bindings\":[],\"sql\":\"create unique index \\\"transactions_transaction_reference_unique\\\" on \\\"transactions\\\" (\\\"transaction_reference\\\")\",\"time\":\"0.36\",\"slow\":false,\"file\":\"\\/tmp\\/abdoElHodaky\\/larvrevrstender\\/services\\/payment-service\\/database\\/migrations\\/2024_01_03_000003_create_transactions_table.php\",\"line\":14,\"hash\":\"624c2ba84012417d75dc932e5675eeab\",\"hostname\":\"modal\"}, 2026-02-17 05:59:11, ?, query, a1197a1f-1b22-4dfc-875d-16b570e15665), (a1197a1f-380e-4114-855c-1c98c2041153, {\"connection\":\"sqlite\",\"driver\":\"sqlite\",\"bindings\":[],\"sql\":\"insert into \\\"migrations\\\" (\\\"migration\\\", \\\"batch\\\") values ('2024_01_03_000003_create_transactions_table', 1)\",\"time\":\"0.35\",\"slow\":false,\"file\":\"\\/tmp\\/abdoElHodaky\\/larvrevrstender\\/services\\/payment-service\\/artisan\",\"line\":35,\"hash\":\"09c22f830d52d80cc99fe8c1b1acc44c\",\"hostname\":\"modal\"}, 2026-02-17 05:59:11, ?, query, a1197a1f-1b8a-402f-947a-3e9349132d2b), (a1197a1f-380e-4114-855c-1c98c2041153, {\"connection\":\"sqlite\",\"driver\":\"sqlite\",\"bindings\":[],\"sql\":\"create table \\\"payment_methods\\\" (\\\"id\\\" integer primary key autoincrement not null, \\\"payment_method_reference\\\" varchar not null, \\\"customer_id\\\" integer not null, \\\"type\\\" varchar check (\\\"type\\\" in ('card', 'bank_account', 'wallet', 'cash')) not null, \\\"provider\\\" varchar not null, \\\"provider_method_id\\\" varchar, \\\"provider_customer_id\\\" varchar, \\\"card_last_four\\\" varchar, \\\"card_brand\\\" varchar, \\\"card_type\\\" varchar, \\\"card_country\\\" varchar, \\\"card_fingerprint\\\" varchar, \\\"card_exp_month\\\" integer, \\\"card_exp_year\\\" integer, \\\"bank_name\\\" varchar, \\\"bank_account_type\\\" varchar, \\\"bank_account_last_four\\\" varchar, \\\"bank_routing_number\\\" varchar, \\\"bank_country\\\" varchar, \\\"wallet_type\\\" varchar, \\\"wallet_account_id\\\" varchar, \\\"token\\\" varchar, \\\"encrypted_data\\\" text, \\\"fingerprint_hash\\\" varchar, \\\"status\\\" varchar check (\\\"status\\\" in ('active', 'inactive', 'expired', 'failed_verification')) not null, \\\"is_default\\\" tinyint(1) not null default '0', \\\"is_verified\\\" tinyint(1) not null default '0', \\\"verified_at\\\" datetime, \\\"expires_at\\\" datetime, \\\"last_used_at\\\" datetime, \\\"billing_name\\\" varchar, \\\"billing_email\\\" varchar, \\\"billing_phone\\\" varchar, \\\"billing_address_line1\\\" varchar, \\\"billing_address_line2\\\" varchar, \\\"billing_city\\\" varchar, \\\"billing_state\\\" varchar, \\\"billing_postal_code\\\" varchar, \\\"billing_country\\\" varchar, \\\"metadata\\\" text, \\\"created_by\\\" varchar, \\\"updated_by\\\" varchar, \\\"deleted_at\\\" datetime, \\\"created_at\\\" datetime, \\\"updated_at\\\" datetime)\",\"time\":\"0.86\",\"slow\":false,\"file\":\"\\/tmp\\/abdoElHodaky\\/larvrevrstender\\/services\\/payment-service\\/database\\/migrations\\/2024_01_03_000004_create_payment_methods_table.php\",\"line\":14,\"hash\":\"013a21207ece0e82be848fae8aa2bffc\",\"hostname\":\"modal\"}, 2026-02-17 05:59:11, ?, query, a1197a1f-1c49-45a7-809d-4a6f53cc814e), (a1197a1f-380e-4114-855c-1c98c2041153, {\"connection\":\"sqlite\",\"driver\":\"sqlite\",\"bindings\":[],\"sql\":\"create index \\\"payment_methods_customer_id_is_default_index\\\" on \\\"payment_methods\\\" (\\\"customer_id\\\", \\\"is_default\\\")\",\"time\":\"0.39\",\"slow\":false,\"file\":\"\\/tmp\\/abdoElHodaky\\/larvrevrstender\\/services\\/payment-service\\/database\\/migrations\\/2024_01_03_000004_create_payment_methods_table.php\",\"line\":14,\"hash\":\"da39d10e2801b3899f353ef44a9e5fd7\",\"hostname\":\"modal\"}, 2026-02-17 05:59:11, ?, query, a1197a1f-1c80-4147-9031-91128fae613d), (a1197a1f-380e-4114-855c-1c98c2041153, {\"connection\":\"sqlite\",\"driver\":\"sqlite\",\"bindings\":[],\"sql\":\"create index \\\"payment_methods_customer_id_status_index\\\" on \\\"payment_methods\\\" (\\\"customer_id\\\", \\\"status\\\")\",\"time\":\"0.38\",\"slow\":false,\"file\":\"\\/tmp\\/abdoElHodaky\\/larvrevrstender\\/services\\/payment-service\\/database\\/migrations\\/2024_01_03_000004_create_payment_methods_table.php\",\"line\":14,\"hash\":\"b05555db5de072252873093b2c2ba8a7\",\"hostname\":\"modal\"}, 2026-02-17 05:59:11, ?, query, a1197a1f-1cb3-458d-aaf3-a63ab614cb1d), (a1197a1f-380e-4114-855c-1c98c2041153, {\"connection\":\"sqlite\",\"driver\":\"sqlite\",\"bindings\":[],\"sql\":\"create index \\\"payment_methods_provider_provider_method_id_index\\\" on \\\"payment_methods\\\" (\\\"provider\\\", \\\"provider_method_id\\\")\",\"time\":\"0.37\",\"slow\":false,\"file\":\"\\/tmp\\/abdoElHodaky\\/larvrevrstender\\/services\\/payment-service\\/database\\/migrations\\/2024_01_03_000004_create_payment_methods_table.php\",\"line\":14,\"hash\":\"c5cdc2230c77eccef755352e26935bb2\",\"hostname\":\"modal\"}, 2026-02-17 05:59:11, ?, query, a1197a1f-1ce5-4fd7-8174-d4119b82e9a7), (a1197a1f-380e-4114-855c-1c98c2041153, {\"connection\":\"sqlite\",\"driver\":\"sqlite\",\"bindings\":[],\"sql\":\"create index \\\"payment_methods_card_fingerprint_index\\\" on \\\"payment_methods\\\" (\\\"card_fingerprint\\\")\",\"time\":\"0.45\",\"slow\":false,\"file\":\"\\/tmp\\/abdoElHodaky\\/larvrevrstender\\/services\\/payment-service\\/database\\/migrations\\/2024_01_03_000004_create_payment_methods_table.php\",\"line\":14,\"hash\":\"9c4dc1431803cb925c08e7986a57e0cf\",\"hostname\":\"modal\"}, 2026-02-17 05:59:11, ?, query, a1197a1f-1d1f-4033-85b9-ef444d55884c), (a1197a1f-380e-4114-855c-1c98c2041153, {\"connection\":\"sqlite\",\"driver\":\"sqlite\",\"bindings\":[],\"sql\":\"create index \\\"payment_methods_fingerprint_hash_index\\\" on \\\"payment_methods\\\" (\\\"fingerprint_hash\\\")\",\"time\":\"0.45\",\"slow\":false,\"file\":\"\\/tmp\\/abdoElHodaky\\/larvrevrstender\\/services\\/payment-service\\/database\\/migrations\\/2024_01_03_000004_create_payment_methods_table.php\",\"line\":14,\"hash\":\"47c3043a5998d200282b8ef3d7dd013d\",\"hostname\":\"modal\"}, 2026-02-17 05:59:11, ?, query, a1197a1f-1d59-44da-99b1-f1281f4e785f), (a1197a1f-380e-4114-855c-1c98c2041153, {\"connection\":\"sqlite\",\"driver\":\"sqlite\",\"bindings\":[],\"sql\":\"create index \\\"payment_methods_expires_at_index\\\" on \\\"payment_methods\\\" (\\\"expires_at\\\")\",\"time\":\"0.38\",\"slow\":false,\"file\":\"\\/tmp\\/abdoElHodaky\\/larvrevrstender\\/services\\/payment-service\\/database\\/migrations\\/2024_01_03_000004_create_payment_methods_table.php\",\"line\":14,\"hash\":\"cbb1f563e81393d5b680cb0a65e5e826\",\"hostname\":\"modal\"}, 2026-02-17 05:59:11, ?, query, a1197a1f-1d8c-4991-bb9b-fefea2956d91), (a1197a1f-380e-4114-855c-1c98c2041153, {\"connection\":\"sqlite\",\"driver\":\"sqlite\",\"bindings\":[],\"sql\":\"create index \\\"payment_methods_last_used_at_index\\\" on \\\"payment_methods\\\" (\\\"last_used_at\\\")\",\"time\":\"0.37\",\"slow\":false,\"file\":\"\\/tmp\\/abdoElHodaky\\/larvrevrstender\\/services\\/payment-service\\/database\\/migrations\\/2024_01_03_000004_create_payment_methods_table.php\",\"line\":14,\"hash\":\"db44b667c62999006b4c102ce41c429e\",\"hostname\":\"modal\"}, 2026-02-17 05:59:11, ?, query, a1197a1f-1dbd-4f6d-ba19-911bec9bb1e2), (a1197a1f-380e-4114-855c-1c98c2041153, {\"connection\":\"sqlite\",\"driver\":\"sqlite\",\"bindings\":[],\"sql\":\"create index \\\"payment_methods_deleted_at_index\\\" on \\\"payment_methods\\\" (\\\"deleted_at\\\")\",\"time\":\"0.36\",\"slow\":false,\"file\":\"\\/tmp\\/abdoElHodaky\\/larvrevrstender\\/services\\/payment-service\\/database\\/migrations\\/2024_01_03_000004_create_payment_methods_table.php\",\"line\":14,\"hash\":\"58fcec54d7922c3d4adb64cf95c607a1\",\"hostname\":\"modal\"}, 2026-02-17 05:59:11, ?, query, a1197a1f-1dec-4a14-aa00-06207047e000), (a1197a1f-380e-4114-855c-1c98c2041153, {\"connection\":\"sqlite\",\"driver\":\"sqlite\",\"bindings\":[],\"sql\":\"create unique index \\\"unique_customer_provider_method\\\" on \\\"payment_methods\\\" (\\\"customer_id\\\", \\\"provider\\\", \\\"provider_method_id\\\")\",\"time\":\"0.40\",\"slow\":false,\"file\":\"\\/tmp\\/abdoElHodaky\\/larvrevrstender\\/services\\/payment-service\\/database\\/migrations\\/2024_01_03_000004_create_payment_methods_table.php\",\"line\":14,\"hash\":\"c824a9c00dec90126ca438b54462e8ea\",\"hostname\":\"modal\"}, 2026-02-17 05:59:11, ?, query, a1197a1f-1e20-4c18-82c2-dc1f46b05288), (a1197a1f-380e-4114-855c-1c98c2041153, {\"connection\":\"sqlite\",\"driver\":\"sqlite\",\"bindings\":[],\"sql\":\"create unique index \\\"unique_customer_default\\\" on \\\"payment_methods\\\" (\\\"customer_id\\\", \\\"is_default\\\")\",\"time\":\"0.37\",\"slow\":false,\"file\":\"\\/tmp\\/abdoElHodaky\\/larvrevrstender\\/services\\/payment-service\\/database\\/migrations\\/2024_01_03_000004_create_payment_methods_table.php\",\"line\":14,\"hash\":\"18bb21e8de4679c05433d81f754c10bc\",\"hostname\":\"modal\"}, 2026-02-17 05:59:11, ?, query, a1197a1f-1e52-4fb2-bbd5-2c0f032f9fd9), (a1197a1f-380e-4114-855c-1c98c2041153, {\"connection\":\"sqlite\",\"driver\":\"sqlite\",\"bindings\":[],\"sql\":\"create unique index \\\"payment_methods_payment_method_reference_unique\\\" on \\\"payment_methods\\\" (\\\"payment_method_reference\\\")\",\"time\":\"0.39\",\"slow\":false,\"file\":\"\\/tmp\\/abdoElHodaky\\/larvrevrstender\\/services\\/payment-service\\/database\\/migrations\\/2024_01_03_000004_create_payment_methods_table.php\",\"line\":14,\"hash\":\"f7129d9309d21d60f5ecca0aba9e4ee2\",\"hostname\":\"modal\"}, 2026-02-17 05:59:11, ?, query, a1197a1f-1e85-4335-a998-3aaea8f713fa), (a1197a1f-380e-4114-855c-1c98c2041153, {\"connection\":\"sqlite\",\"driver\":\"sqlite\",\"bindings\":[],\"sql\":\"insert into \\\"migrations\\\" (\\\"migration\\\", \\\"batch\\\") values ('2024_01_03_000004_create_payment_methods_table', 1)\",\"time\":\"0.38\",\"slow\":false,\"file\":\"\\/tmp\\/abdoElHodaky\\/larvrevrstender\\/services\\/payment-service\\/artisan\",\"line\":35,\"hash\":\"09c22f830d52d80cc99fe8c1b1acc44c\",\"hostname\":\"modal\"}, 2026-02-17 05:59:11, ?, query, a1197a1f-1ef1-4e2a-943d-b44bbd765046), (a1197a1f-380e-4114-855c-1c98c2041153, {\"connection\":\"sqlite\",\"driver\":\"sqlite\",\"bindings\":[],\"sql\":\"create table \\\"refunds\\\" (\\\"id\\\" integer primary key autoincrement not null, \\\"refund_reference\\\" varchar not null, \\\"payment_id\\\" integer not null, \\\"original_payment_id\\\" integer, \\\"invoice_id\\\" integer, \\\"order_id\\\" integer, \\\"customer_id\\\" integer not null, \\\"merchant_id\\\" integer not null, \\\"type\\\" varchar check (\\\"type\\\" in ('full', 'partial')) not null, \\\"status\\\" varchar check (\\\"status\\\" in ('pending', 'processing', 'completed', 'failed', 'cancelled')) not null, \\\"amount\\\" numeric not null, \\\"currency\\\" varchar not null, \\\"fee_amount\\\" numeric not null default '0', \\\"net_refund_amount\\\" numeric not null, \\\"reason\\\" varchar check (\\\"reason\\\" in ('requested_by_customer', 'duplicate_payment', 'fraudulent_transaction', 'order_cancelled', 'product_not_delivered', 'product_defective', 'merchant_error', 'chargeback_prevention', 'other')) not null, \\\"reason_description\\\" text, \\\"initiated_by\\\" varchar, \\\"payment_provider\\\" varchar not null, \\\"gateway_refund_id\\\" varchar, \\\"gateway_transaction_id\\\" varchar, \\\"gateway_request\\\" text, \\\"gateway_response\\\" text, \\\"initiated_at\\\" datetime not null, \\\"processed_at\\\" datetime, \\\"completed_at\\\" datetime, \\\"failed_at\\\" datetime, \\\"processing_time_seconds\\\" integer, \\\"failure_reason\\\" varchar, \\\"failure_code\\\" varchar, \\\"failure_message\\\" text, \\\"retry_count\\\" integer not null default '0', \\\"next_retry_at\\\" datetime, \\\"reconciled\\\" tinyint(1) not null default '0', \\\"reconciled_at\\\" datetime, \\\"reconciliation_reference\\\" varchar, \\\"accounting_code\\\" varchar, \\\"compliance_data\\\" text, \\\"audit_trail\\\" text, \\\"metadata\\\" text, \\\"customer_notified\\\" tinyint(1) not null default '0', \\\"customer_notified_at\\\" datetime, \\\"merchant_notified\\\" tinyint(1) not null default '0', \\\"merchant_notified_at\\\" datetime, \\\"created_at\\\" datetime, \\\"updated_at\\\" datetime, foreign key(\\\"payment_id\\\") references \\\"payments\\\"(\\\"id\\\") on delete cascade, foreign key(\\\"original_payment_id\\\") references \\\"payments\\\"(\\\"id\\\") on delete set null, foreign key(\\\"invoice_id\\\") references \\\"invoices\\\"(\\\"id\\\") on delete set null)\",\"time\":\"0.60\",\"slow\":false,\"file\":\"\\/tmp\\/abdoElHodaky\\/larvrevrstender\\/services\\/payment-service\\/database\\/migrations\\/2024_01_03_000005_create_refunds_table.php\",\"line\":14,\"hash\":\"b1ab414a184f570815e8f4c78ebafb1e\",\"hostname\":\"modal\"}, 2026-02-17 05:59:11, ?, query, a1197a1f-1fa1-4ddc-9c5f-7a57ae2886d6), (a1197a1f-380e-4114-855c-1c98c2041153, {\"connection\":\"sqlite\",\"driver\":\"sqlite\",\"bindings\":[],\"sql\":\"create index \\\"refunds_payment_id_index\\\" on \\\"refunds\\\" (\\\"payment_id\\\")\",\"time\":\"0.39\",\"slow\":false,\"file\":\"\\/tmp\\/abdoElHodaky\\/larvrevrstender\\/services\\/payment-service\\/database\\/migrations\\/2024_01_03_000005_create_refunds_table.php\",\"line\":14,\"hash\":\"b94703efe2a06ba2126c44ca8e1a46ae\",\"hostname\":\"modal\"}, 2026-02-17 05:59:11, ?, query, a1197a1f-1fd5-4420-a26c-877b5e779cf8), (a1197a1f-380e-4114-855c-1c98c2041153, {\"connection\":\"sqlite\",\"driver\":\"sqlite\",\"bindings\":[],\"sql\":\"create index \\\"refunds_original_payment_id_index\\\" on \\\"refunds\\\" (\\\"original_payment_id\\\")\",\"time\":\"0.39\",\"slow\":false,\"file\":\"\\/tmp\\/abdoElHodaky\\/larvrevrstender\\/services\\/payment-service\\/database\\/migrations\\/2024_01_03_000005_create_refunds_table.php\",\"line\":14,\"hash\":\"8765072bfefd80c4ba8d46958c2173bf\",\"hostname\":\"modal\"}, 2026-02-17 05:59:11, ?, query, a1197a1f-2008-4bd0-bc45-c2c8ef9a8198), (a1197a1f-380e-4114-855c-1c98c2041153, {\"connection\":\"sqlite\",\"driver\":\"sqlite\",\"bindings\":[],\"sql\":\"create index \\\"refunds_customer_id_created_at_index\\\" on \\\"refunds\\\" (\\\"customer_id\\\", \\\"created_at\\\")\",\"time\":\"0.40\",\"slow\":false,\"file\":\"\\/tmp\\/abdoElHodaky\\/larvrevrstender\\/services\\/payment-service\\/database\\/migrations\\/2024_01_03_000005_create_refunds_table.php\",\"line\":14,\"hash\":\"53f13946000999228112b29103b974a8\",\"hostname\":\"modal\"}, 2026-02-17 05:59:11, ?, query, a1197a1f-203d-42c0-9a45-2bb90e5b5f23), (a1197a1f-380e-4114-855c-1c98c2041153, {\"connection\":\"sqlite\",\"driver\":\"sqlite\",\"bindings\":[],\"sql\":\"create index \\\"refunds_merchant_id_created_at_index\\\" on \\\"refunds\\\" (\\\"merchant_id\\\", \\\"created_at\\\")\",\"time\":\"0.39\",\"slow\":false,\"file\":\"\\/tmp\\/abdoElHodaky\\/larvrevrstender\\/services\\/payment-service\\/database\\/migrations\\/2024_01_03_000005_create_refunds_table.php\",\"line\":14,\"hash\":\"aec2445afe0bc6b6262effb347e280ac\",\"hostname\":\"modal\"}, 2026-02-17 05:59:11, ?, query, a1197a1f-2070-4017-a40a-e98b55554a74), (a1197a1f-380e-4114-855c-1c98c2041153, {\"connection\":\"sqlite\",\"driver\":\"sqlite\",\"bindings\":[],\"sql\":\"create index \\\"refunds_status_created_at_index\\\" on \\\"refunds\\\" (\\\"status\\\", \\\"created_at\\\")\",\"time\":\"0.38\",\"slow\":false,\"file\":\"\\/tmp\\/abdoElHodaky\\/larvrevrstender\\/services\\/payment-service\\/database\\/migrations\\/2024_01_03_000005_create_refunds_table.php\",\"line\":14,\"hash\":\"d24689c3cb17105c10a1796d9d733ca2\",\"hostname\":\"modal\"}, 2026-02-17 05:59:11, ?, query, a1197a1f-20a1-4ff5-ac5c-99fd03428580), (a1197a1f-380e-4114-855c-1c98c2041153, {\"connection\":\"sqlite\",\"driver\":\"sqlite\",\"bindings\":[],\"sql\":\"create index \\\"refunds_payment_provider_gateway_refund_id_index\\\" on \\\"refunds\\\" (\\\"payment_provider\\\", \\\"gateway_refund_id\\\")\",\"time\":\"0.38\",\"slow\":false,\"file\":\"\\/tmp\\/abdoElHodaky\\/larvrevrstender\\/services\\/payment-service\\/database\\/migrations\\/2024_01_03_000005_create_refunds_table.php\",\"line\":14,\"hash\":\"81600b64555fce072ea3dd966377af25\",\"hostname\":\"modal\"}, 2026-02-17 05:59:11, ?, query, a1197a1f-20d3-4097-9257-541dd81d7873), (a1197a1f-380e-4114-855c-1c98c2041153, {\"connection\":\"sqlite\",\"driver\":\"sqlite\",\"bindings\":[],\"sql\":\"create index \\\"refunds_reconciled_created_at_index\\\" on \\\"refunds\\\" (\\\"reconciled\\\", \\\"created_at\\\")\",\"time\":\"0.37\",\"slow\":false,\"file\":\"\\/tmp\\/abdoElHodaky\\/larvrevrstender\\/services\\/payment-service\\/database\\/migrations\\/2024_01_03_000005_create_refunds_table.php\",\"line\":14,\"hash\":\"c2f5b4b08d1715dd1838ecf0a3299122\",\"hostname\":\"modal\"}, 2026-02-17 05:59:11, ?, query, a1197a1f-2103-49c7-b6f9-0aef8d3a43c8), (a1197a1f-380e-4114-855c-1c98c2041153, {\"connection\":\"sqlite\",\"driver\":\"sqlite\",\"bindings\":[],\"sql\":\"create index \\\"refunds_initiated_at_index\\\" on \\\"refunds\\\" (\\\"initiated_at\\\")\",\"time\":\"0.38\",\"slow\":false,\"file\":\"\\/tmp\\/abdoElHodaky\\/larvrevrstender\\/services\\/payment-service\\/database\\/migrations\\/2024_01_03_000005_create_refunds_table.php\",\"line\":14,\"hash\":\"e8623a22dbca2eb4bc227c9c5d11f0eb\",\"hostname\":\"modal\"}, 2026-02-17 05:59:11, ?, query, a1197a1f-2135-4322-aac4-e666b6f9073b), (a1197a1f-380e-4114-855c-1c98c2041153, {\"connection\":\"sqlite\",\"driver\":\"sqlite\",\"bindings\":[],\"sql\":\"create index \\\"refunds_next_retry_at_index\\\" on \\\"refunds\\\" (\\\"next_retry_at\\\")\",\"time\":\"0.36\",\"slow\":false,\"file\":\"\\/tmp\\/abdoElHodaky\\/larvrevrstender\\/services\\/payment-service\\/database\\/migrations\\/2024_01_03_000005_create_refunds_table.php\",\"line\":14,\"hash\":\"04608bb137e9521176d01891a8f9d77c\",\"hostname\":\"modal\"}, 2026-02-17 05:59:11, ?, query, a1197a1f-2164-44e2-9294-a27b34f357bd), (a1197a1f-380e-4114-855c-1c98c2041153, {\"connection\":\"sqlite\",\"driver\":\"sqlite\",\"bindings\":[],\"sql\":\"create unique index \\\"refunds_refund_reference_unique\\\" on \\\"refunds\\\" (\\\"refund_reference\\\")\",\"time\":\"0.38\",\"slow\":false,\"file\":\"\\/tmp\\/abdoElHodaky\\/larvrevrstender\\/services\\/payment-service\\/database\\/migrations\\/2024_01_03_000005_create_refunds_table.php\",\"line\":14,\"hash\":\"98339fbb1958959c9f4bc104f88bdf0b\",\"hostname\":\"modal\"}, 2026-02-17 05:59:11, ?, query, a1197a1f-2195-45b1-a116-44751aa40600), (a1197a1f-380e-4114-855c-1c98c2041153, {\"connection\":\"sqlite\",\"driver\":\"sqlite\",\"bindings\":[],\"sql\":\"insert into \\\"migrations\\\" (\\\"migration\\\", \\\"batch\\\") values ('2024_01_03_000005_create_refunds_table', 1)\",\"time\":\"0.62\",\"slow\":false,\"file\":\"\\/tmp\\/abdoElHodaky\\/larvrevrstender\\/services\\/payment-service\\/artisan\",\"line\":35,\"hash\":\"09c22f830d52d80cc99fe8c1b1acc44c\",\"hostname\":\"modal\"}, 2026-02-17 05:59:11, ?, query, a1197a1f-222a-4443-b41a-abe0691e5876), (a1197a1f-380e-4114-855c-1c98c2041153, {\"connection\":\"sqlite\",\"driver\":\"sqlite\",\"bindings\":[],\"sql\":\"create table \\\"payment_gateways\\\" (\\\"id\\\" integer primary key autoincrement not null, \\\"name\\\" varchar not null, \\\"display_name\\\" varchar not null, \\\"description\\\" text, \\\"status\\\" varchar check (\\\"status\\\" in ('active', 'inactive', 'maintenance', 'deprecated')) not null, \\\"is_enabled\\\" tinyint(1) not null default '1', \\\"is_test_mode\\\" tinyint(1) not null default '0', \\\"priority\\\" integer not null default '100', \\\"supported_payment_methods\\\" text not null, \\\"supported_currencies\\\" text not null, \\\"supported_countries\\\" text, \\\"supports_refunds\\\" tinyint(1) not null default '1', \\\"supports_partial_refunds\\\" tinyint(1) not null default '1', \\\"supports_3ds\\\" tinyint(1) not null default '0', \\\"supports_webhooks\\\" tinyint(1) not null default '1', \\\"supports_recurring\\\" tinyint(1) not null default '0', \\\"fee_percentage\\\" numeric not null default '0', \\\"fee_fixed\\\" numeric not null default '0', \\\"refund_fee_percentage\\\" numeric not null default '0', \\\"refund_fee_fixed\\\" numeric not null default '0', \\\"minimum_amount\\\" numeric not null default '0', \\\"maximum_amount\\\" numeric, \\\"api_endpoint\\\" varchar, \\\"webhook_endpoint\\\" varchar, \\\"api_version\\\" varchar, \\\"api_credentials\\\" text, \\\"webhook_config\\\" text, \\\"health_status\\\" varchar check (\\\"health_status\\\" in ('healthy', 'degraded', 'unhealthy', 'unknown')) not null default 'unknown', \\\"last_health_check\\\" datetime, \\\"success_rate\\\" numeric, \\\"avg_response_time_ms\\\" integer, \\\"health_metrics\\\" text, \\\"rate_limit_per_minute\\\" integer, \\\"rate_limit_per_hour\\\" integer, \\\"rate_limit_per_day\\\" integer, \\\"rate_limit_reset_at\\\" datetime, \\\"current_usage_count\\\" integer not null default '0', \\\"maintenance_start\\\" datetime, \\\"maintenance_end\\\" datetime, \\\"maintenance_reason\\\" text, \\\"downtime_history\\\" text, \\\"integration_config\\\" text, \\\"ui_config\\\" text, \\\"logo_url\\\" varchar, \\\"documentation_url\\\" varchar, \\\"metadata\\\" text, \\\"created_by\\\" varchar, \\\"updated_by\\\" varchar, \\\"last_used_at\\\" datetime, \\\"created_at\\\" datetime, \\\"updated_at\\\" datetime)\",\"time\":\"0.63\",\"slow\":false,\"file\":\"\\/tmp\\/abdoElHodaky\\/larvrevrstender\\/services\\/payment-service\\/database\\/migrations\\/2024_01_03_000006_create_payment_gateways_table.php\",\"line\":14,\"hash\":\"99afc49f582e19430e4765baed05a3e6\",\"hostname\":\"modal\"}, 2026-02-17 05:59:11, ?, query, a1197a1f-22da-46f9-9d43-3befd24ff297), (a1197a1f-380e-4114-855c-1c98c2041153, {\"connection\":\"sqlite\",\"driver\":\"sqlite\",\"bindings\":[],\"sql\":\"create index \\\"payment_gateways_status_is_enabled_index\\\" on \\\"payment_gateways\\\" (\\\"status\\\", \\\"is_enabled\\\")\",\"time\":\"0.41\",\"slow\":false,\"file\":\"\\/tmp\\/abdoElHodaky\\/larvrevrstender\\/services\\/payment-service\\/database\\/migrations\\/2024_01_03_000006_create_payment_gateways_table.php\",\"line\":14,\"hash\":\"4ad95f32bf39042863796921c68ad7a0\",\"hostname\":\"modal\"}, 2026-02-17 05:59:11, ?, query, a1197a1f-2310-47b1-a965-f39ac3083645), (a1197a1f-380e-4114-855c-1c98c2041153, {\"connection\":\"sqlite\",\"driver\":\"sqlite\",\"bindings\":[],\"sql\":\"create index \\\"payment_gateways_priority_status_index\\\" on \\\"payment_gateways\\\" (\\\"priority\\\", \\\"status\\\")\",\"time\":\"0.40\",\"slow\":false,\"file\":\"\\/tmp\\/abdoElHodaky\\/larvrevrstender\\/services\\/payment-service\\/database\\/migrations\\/2024_01_03_000006_create_payment_gateways_table.php\",\"line\":14,\"hash\":\"23dd144a1285e57e74ce3d6f1c35c228\",\"hostname\":\"modal\"}, 2026-02-17 05:59:11, ?, query, a1197a1f-2345-4239-97a8-412fec2435cf), (a1197a1f-380e-4114-855c-1c98c2041153, {\"connection\":\"sqlite\",\"driver\":\"sqlite\",\"bindings\":[],\"sql\":\"create index \\\"payment_gateways_health_status_index\\\" on \\\"payment_gateways\\\" (\\\"health_status\\\")\",\"time\":\"0.37\",\"slow\":false,\"file\":\"\\/tmp\\/abdoElHodaky\\/larvrevrstender\\/services\\/payment-service\\/database\\/migrations\\/2024_01_03_000006_create_payment_gateways_table.php\",\"line\":14,\"hash\":\"985d83f256f4aa72372b5e3d717ab32c\",\"hostname\":\"modal\"}, 2026-02-17 05:59:11, ?, query, a1197a1f-2376-4483-960b-93664d8f24ff), (a1197a1f-380e-4114-855c-1c98c2041153, {\"connection\":\"sqlite\",\"driver\":\"sqlite\",\"bindings\":[],\"sql\":\"create index \\\"payment_gateways_last_health_check_index\\\" on \\\"payment_gateways\\\" (\\\"last_health_check\\\")\",\"time\":\"0.37\",\"slow\":false,\"file\":\"\\/tmp\\/abdoElHodaky\\/larvrevrstender\\/services\\/payment-service\\/database\\/migrations\\/2024_01_03_000006_create_payment_gateways_table.php\",\"line\":14,\"hash\":\"f5cc6b64094f86daa246009457ec4f6f\",\"hostname\":\"modal\"}, 2026-02-17 05:59:11, ?, query, a1197a1f-23a6-430d-a50e-90516b4369bc), (a1197a1f-380e-4114-855c-1c98c2041153, {\"connection\":\"sqlite\",\"driver\":\"sqlite\",\"bindings\":[],\"sql\":\"create index \\\"payment_gateways_is_test_mode_index\\\" on \\\"payment_gateways\\\" (\\\"is_test_mode\\\")\",\"time\":\"0.36\",\"slow\":false,\"file\":\"\\/tmp\\/abdoElHodaky\\/larvrevrstender\\/services\\/payment-service\\/database\\/migrations\\/2024_01_03_000006_create_payment_gateways_table.php\",\"line\":14,\"hash\":\"346958b753849ebafe77c7c6018fd217\",\"hostname\":\"modal\"}, 2026-02-17 05:59:11, ?, query, a1197a1f-23d6-4950-97fb-05f9e7cd2515), (a1197a1f-380e-4114-855c-1c98c2041153, {\"connection\":\"sqlite\",\"driver\":\"sqlite\",\"bindings\":[],\"sql\":\"create index \\\"payment_gateways_last_used_at_index\\\" on \\\"payment_gateways\\\" (\\\"last_used_at\\\")\",\"time\":\"0.36\",\"slow\":false,\"file\":\"\\/tmp\\/abdoElHodaky\\/larvrevrstender\\/services\\/payment-service\\/database\\/migrations\\/2024_01_03_000006_create_payment_gateways_table.php\",\"line\":14,\"hash\":\"d116bc74d40fccecf2040d7d07106d17\",\"hostname\":\"modal\"}, 2026-02-17 05:59:11, ?, query, a1197a1f-2406-474b-872c-a4b5a63da759), (a1197a1f-380e-4114-855c-1c98c2041153, {\"connection\":\"sqlite\",\"driver\":\"sqlite\",\"bindings\":[],\"sql\":\"create unique index \\\"payment_gateways_name_unique\\\" on \\\"payment_gateways\\\" (\\\"name\\\")\",\"time\":\"0.37\",\"slow\":false,\"file\":\"\\/tmp\\/abdoElHodaky\\/larvrevrstender\\/services\\/payment-service\\/database\\/migrations\\/2024_01_03_000006_create_payment_gateways_table.php\",\"line\":14,\"hash\":\"1fa3e09c6b758d0d49b8df4b19a7f008\",\"hostname\":\"modal\"}, 2026-02-17 05:59:11, ?, query, a1197a1f-2437-4862-86e1-5b34ac1e7597), (a1197a1f-380e-4114-855c-1c98c2041153, {\"connection\":\"sqlite\",\"driver\":\"sqlite\",\"bindings\":[],\"sql\":\"insert into \\\"migrations\\\" (\\\"migration\\\", \\\"batch\\\") values ('2024_01_03_000006_create_payment_gateways_table', 1)\",\"time\":\"0.36\",\"slow\":false,\"file\":\"\\/tmp\\/abdoElHodaky\\/larvrevrstender\\/services\\/payment-service\\/artisan\",\"line\":35,\"hash\":\"09c22f830d52d80cc99fe8c1b1acc44c\",\"hostname\":\"modal\"}, 2026-02-17 05:59:11, ?, query, a1197a1f-249e-4e98-ab59-2a5d471d1c55), (a1197a1f-380e-4114-855c-1c98c2041153, {\"connection\":\"sqlite\",\"driver\":\"sqlite\",\"bindings\":[],\"sql\":\"create table \\\"payment_webhooks\\\" (\\\"id\\\" integer primary key autoincrement not null, \\\"webhook_id\\\" varchar not null, \\\"provider\\\" varchar not null, \\\"event_type\\\" varchar not null, \\\"event_id\\\" varchar, \\\"payment_id\\\" integer, \\\"payment_reference\\\" varchar, \\\"refund_id\\\" integer, \\\"external_transaction_id\\\" varchar, \\\"headers\\\" text not null, \\\"payload\\\" text not null, \\\"parsed_data\\\" text, \\\"signature\\\" varchar, \\\"signature_algorithm\\\" varchar, \\\"status\\\" varchar check (\\\"status\\\" in ('pending', 'processing', 'processed', 'failed', 'ignored', 'duplicate')) not null, \\\"received_at\\\" datetime not null, \\\"processed_at\\\" datetime, \\\"processing_time_ms\\\" integer, \\\"retry_count\\\" integer not null default '0', \\\"next_retry_at\\\" datetime, \\\"signature_verified\\\" tinyint(1) not null default '0', \\\"signature_verified_at\\\" datetime, \\\"source_ip\\\" varchar, \\\"user_agent\\\" varchar, \\\"is_test_event\\\" tinyint(1) not null default '0', \\\"processing_result\\\" text, \\\"processing_errors\\\" text, \\\"actions_taken\\\" text, \\\"requires_manual_review\\\" tinyint(1) not null default '0', \\\"idempotency_key\\\" varchar, \\\"content_hash\\\" varchar, \\\"duplicate_of_webhook_id\\\" integer, \\\"workflow_id\\\" varchar, \\\"workflow_step\\\" varchar, \\\"workflow_context\\\" text, \\\"alert_sent\\\" tinyint(1) not null default '0', \\\"alert_sent_at\\\" datetime, \\\"notification_recipients\\\" text, \\\"audit_trail\\\" text, \\\"compliance_data\\\" text, \\\"metadata\\\" text, \\\"response_status_code\\\" integer, \\\"response_body\\\" text, \\\"response_sent_at\\\" datetime, \\\"created_at\\\" datetime, \\\"updated_at\\\" datetime, foreign key(\\\"payment_id\\\") references \\\"payments\\\"(\\\"id\\\") on delete set null, foreign key(\\\"refund_id\\\") references \\\"refunds\\\"(\\\"id\\\") on delete set null, foreign key(\\\"duplicate_of_webhook_id\\\") references \\\"payment_webhooks\\\"(\\\"id\\\") on delete set null)\",\"time\":\"0.73\",\"slow\":false,\"file\":\"\\/tmp\\/abdoElHodaky\\/larvrevrstender\\/services\\/payment-service\\/database\\/migrations\\/2024_01_03_000007_create_payment_webhooks_table.php\",\"line\":14,\"hash\":\"b14da1dffb7166f3fa147a99ed396618\",\"hostname\":\"modal\"}, 2026-02-17 05:59:11, ?, query, a1197a1f-255b-4b03-bb17-cc06623db85a), (a1197a1f-380e-4114-855c-1c98c2041153, {\"connection\":\"sqlite\",\"driver\":\"sqlite\",\"bindings\":[],\"sql\":\"create index \\\"payment_webhooks_provider_event_type_index\\\" on \\\"payment_webhooks\\\" (\\\"provider\\\", \\\"event_type\\\")\",\"time\":\"0.42\",\"slow\":false,\"file\":\"\\/tmp\\/abdoElHodaky\\/larvrevrstender\\/services\\/payment-service\\/database\\/migrations\\/2024_01_03_000007_create_payment_webhooks_table.php\",\"line\":14,\"hash\":\"9ef1aa74f4de9451b53cf836cfbd2b16\",\"hostname\":\"modal\"}, 2026-02-17 05:59:11, ?, query, a1197a1f-2593-4770-83fd-f794495675a4), (a1197a1f-380e-4114-855c-1c98c2041153, {\"connection\":\"sqlite\",\"driver\":\"sqlite\",\"bindings\":[],\"sql\":\"create index \\\"payment_webhooks_payment_id_index\\\" on \\\"payment_webhooks\\\" (\\\"payment_id\\\")\",\"time\":\"0.38\",\"slow\":false,\"file\":\"\\/tmp\\/abdoElHodaky\\/larvrevrstender\\/services\\/payment-service\\/database\\/migrations\\/2024_01_03_000007_create_payment_webhooks_table.php\",\"line\":14,\"hash\":\"a3408ee0f3145cd748dc3e7af83fbbc9\",\"hostname\":\"modal\"}, 2026-02-17 05:59:11, ?, query, a1197a1f-25c6-4836-a550-8e104426524a), (a1197a1f-380e-4114-855c-1c98c2041153, {\"connection\":\"sqlite\",\"driver\":\"sqlite\",\"bindings\":[],\"sql\":\"create index \\\"payment_webhooks_payment_reference_index\\\" on \\\"payment_webhooks\\\" (\\\"payment_reference\\\")\",\"time\":\"0.38\",\"slow\":false,\"file\":\"\\/tmp\\/abdoElHodaky\\/larvrevrstender\\/services\\/payment-service\\/database\\/migrations\\/2024_01_03_000007_create_payment_webhooks_table.php\",\"line\":14,\"hash\":\"561eb4d73536c712564f05aeada77317\",\"hostname\":\"modal\"}, 2026-02-17 05:59:11, ?, query, a1197a1f-25f8-4f15-a8e6-27130ed90198), (a1197a1f-380e-4114-855c-1c98c2041153, {\"connection\":\"sqlite\",\"driver\":\"sqlite\",\"bindings\":[],\"sql\":\"create index \\\"payment_webhooks_refund_id_index\\\" on \\\"payment_webhooks\\\" (\\\"refund_id\\\")\",\"time\":\"0.37\",\"slow\":false,\"file\":\"\\/tmp\\/abdoElHodaky\\/larvrevrstender\\/services\\/payment-service\\/database\\/migrations\\/2024_01_03_000007_create_payment_webhooks_table.php\",\"line\":14,\"hash\":\"ba7fc5032b17371f301e8b9fc45a9fd2\",\"hostname\":\"modal\"}, 2026-02-17 05:59:11, ?, query, a1197a1f-2629-4202-bd39-cfef949acfc7), (a1197a1f-380e-4114-855c-1c98c2041153, {\"connection\":\"sqlite\",\"driver\":\"sqlite\",\"bindings\":[],\"sql\":\"create index \\\"payment_webhooks_external_transaction_id_index\\\" on \\\"payment_webhooks\\\" (\\\"external_transaction_id\\\")\",\"time\":\"0.39\",\"slow\":false,\"file\":\"\\/tmp\\/abdoElHodaky\\/larvrevrstender\\/services\\/payment-service\\/database\\/migrations\\/2024_01_03_000007_create_payment_webhooks_table.php\",\"line\":14,\"hash\":\"d7be8bd5855bc884ed03be5659c367c7\",\"hostname\":\"modal\"}, 2026-02-17 05:59:11, ?, query, a1197a1f-265c-411d-ae99-f13ce68c4e2c), (a1197a1f-380e-4114-855c-1c98c2041153, {\"connection\":\"sqlite\",\"driver\":\"sqlite\",\"bindings\":[],\"sql\":\"create index \\\"payment_webhooks_status_received_at_index\\\" on \\\"payment_webhooks\\\" (\\\"status\\\", \\\"received_at\\\")\",\"time\":\"0.54\",\"slow\":false,\"file\":\"\\/tmp\\/abdoElHodaky\\/larvrevrstender\\/services\\/payment-service\\/database\\/migrations\\/2024_01_03_000007_create_payment_webhooks_table.php\",\"line\":14,\"hash\":\"fd3d7b8043413ad03f67bcc1a3394c07\",\"hostname\":\"modal\"}, 2026-02-17 05:59:11, ?, query, a1197a1f-269e-4f7d-a9ba-f3d9010cc976), (a1197a1f-380e-4114-855c-1c98c2041153, {\"connection\":\"sqlite\",\"driver\":\"sqlite\",\"bindings\":[],\"sql\":\"create index \\\"payment_webhooks_received_at_index\\\" on \\\"payment_webhooks\\\" (\\\"received_at\\\")\",\"time\":\"0.41\",\"slow\":false,\"file\":\"\\/tmp\\/abdoElHodaky\\/larvrevrstender\\/services\\/payment-service\\/database\\/migrations\\/2024_01_03_000007_create_payment_webhooks_table.php\",\"line\":14,\"hash\":\"d97276792603550d0892a8a64527af83\",\"hostname\":\"modal\"}, 2026-02-17 05:59:11, ?, query, a1197a1f-26d4-4d16-814c-cae539edecb7), (a1197a1f-380e-4114-855c-1c98c2041153, {\"connection\":\"sqlite\",\"driver\":\"sqlite\",\"bindings\":[],\"sql\":\"create index \\\"payment_webhooks_next_retry_at_index\\\" on \\\"payment_webhooks\\\" (\\\"next_retry_at\\\")\",\"time\":\"0.37\",\"slow\":false,\"file\":\"\\/tmp\\/abdoElHodaky\\/larvrevrstender\\/services\\/payment-service\\/database\\/migrations\\/2024_01_03_000007_create_payment_webhooks_table.php\",\"line\":14,\"hash\":\"34cc08591100105ccd0a9e3e8ae67ae2\",\"hostname\":\"modal\"}, 2026-02-17 05:59:11, ?, query, a1197a1f-2704-40fa-92a8-f32e79341085), (a1197a1f-380e-4114-855c-1c98c2041153, {\"connection\":\"sqlite\",\"driver\":\"sqlite\",\"bindings\":[],\"sql\":\"create index \\\"payment_webhooks_signature_verified_index\\\" on \\\"payment_webhooks\\\" (\\\"signature_verified\\\")\",\"time\":\"0.36\",\"slow\":false,\"file\":\"\\/tmp\\/abdoElHodaky\\/larvrevrstender\\/services\\/payment-service\\/database\\/migrations\\/2024_01_03_000007_create_payment_webhooks_table.php\",\"line\":14,\"hash\":\"026353ea90aa9c515ce4d0f8470c730f\",\"hostname\":\"modal\"}, 2026-02-17 05:59:11, ?, query, a1197a1f-2735-4364-bf9b-6d38d8c41cae), (a1197a1f-380e-4114-855c-1c98c2041153, {\"connection\":\"sqlite\",\"driver\":\"sqlite\",\"bindings\":[],\"sql\":\"create index \\\"payment_webhooks_is_test_event_index\\\" on \\\"payment_webhooks\\\" (\\\"is_test_event\\\")\",\"time\":\"0.37\",\"slow\":false,\"file\":\"\\/tmp\\/abdoElHodaky\\/larvrevrstender\\/services\\/payment-service\\/database\\/migrations\\/2024_01_03_000007_create_payment_webhooks_table.php\",\"line\":14,\"hash\":\"7f862238ad65b36a5727d9d87ab8f570\",\"hostname\":\"modal\"}, 2026-02-17 05:59:11, ?, query, a1197a1f-2765-4eb0-b0ee-69b8d9ce8a0b), (a1197a1f-380e-4114-855c-1c98c2041153, {\"connection\":\"sqlite\",\"driver\":\"sqlite\",\"bindings\":[],\"sql\":\"create index \\\"payment_webhooks_requires_manual_review_index\\\" on \\\"payment_webhooks\\\" (\\\"requires_manual_review\\\")\",\"time\":\"0.46\",\"slow\":false,\"file\":\"\\/tmp\\/abdoElHodaky\\/larvrevrstender\\/services\\/payment-service\\/database\\/migrations\\/2024_01_03_000007_create_payment_webhooks_table.php\",\"line\":14,\"hash\":\"6b22b99da7c085d7df0657e314f891ad\",\"hostname\":\"modal\"}, 2026-02-17 05:59:11, ?, query, a1197a1f-27a4-415d-bbb6-76c6f9d613cc), (a1197a1f-380e-4114-855c-1c98c2041153, {\"connection\":\"sqlite\",\"driver\":\"sqlite\",\"bindings\":[],\"sql\":\"create index \\\"payment_webhooks_content_hash_index\\\" on \\\"payment_webhooks\\\" (\\\"content_hash\\\")\",\"time\":\"0.36\",\"slow\":false,\"file\":\"\\/tmp\\/abdoElHodaky\\/larvrevrstender\\/services\\/payment-service\\/database\\/migrations\\/2024_01_03_000007_create_payment_webhooks_table.php\",\"line\":14,\"hash\":\"2f313de07da2081fc301cd777d0d90d3\",\"hostname\":\"modal\"}, 2026-02-17 05:59:11, ?, query, a1197a1f-27d5-48cc-9880-193bac5fff7f), (a1197a1f-380e-4114-855c-1c98c2041153, {\"connection\":\"sqlite\",\"driver\":\"sqlite\",\"bindings\":[],\"sql\":\"create index \\\"payment_webhooks_idempotency_key_index\\\" on \\\"payment_webhooks\\\" (\\\"idempotency_key\\\")\",\"time\":\"0.37\",\"slow\":false,\"file\":\"\\/tmp\\/abdoElHodaky\\/larvrevrstender\\/services\\/payment-service\\/database\\/migrations\\/2024_01_03_000007_create_payment_webhooks_table.php\",\"line\":14,\"hash\":\"acce7d72f1dc1467c8b9dcfec7746d2b\",\"hostname\":\"modal\"}, 2026-02-17 05:59:11, ?, query, a1197a1f-2805-48f1-a8e6-d28f9680fc37), (a1197a1f-380e-4114-855c-1c98c2041153, {\"connection\":\"sqlite\",\"driver\":\"sqlite\",\"bindings\":[],\"sql\":\"create index \\\"payment_webhooks_workflow_id_index\\\" on \\\"payment_webhooks\\\" (\\\"workflow_id\\\")\",\"time\":\"0.46\",\"slow\":false,\"file\":\"\\/tmp\\/abdoElHodaky\\/larvrevrstender\\/services\\/payment-service\\/database\\/migrations\\/2024_01_03_000007_create_payment_webhooks_table.php\",\"line\":14,\"hash\":\"68d56057f04178fd4840c74f96fbf8b3\",\"hostname\":\"modal\"}, 2026-02-17 05:59:11, ?, query, a1197a1f-283f-4707-aa9c-be51c4495649), (a1197a1f-380e-4114-855c-1c98c2041153, {\"connection\":\"sqlite\",\"driver\":\"sqlite\",\"bindings\":[],\"sql\":\"create index \\\"payment_webhooks_duplicate_of_webhook_id_index\\\" on \\\"payment_webhooks\\\" (\\\"duplicate_of_webhook_id\\\")\",\"time\":\"0.36\",\"slow\":false,\"file\":\"\\/tmp\\/abdoElHodaky\\/larvrevrstender\\/services\\/payment-service\\/database\\/migrations\\/2024_01_03_000007_create_payment_webhooks_table.php\",\"line\":14,\"hash\":\"cfffe931b6170b8d6e6f85a11ae48bc2\",\"hostname\":\"modal\"}, 2026-02-17 05:59:11, ?, query, a1197a1f-286e-4e38-b481-1969999ab139), (a1197a1f-380e-4114-855c-1c98c2041153, {\"connection\":\"sqlite\",\"driver\":\"sqlite\",\"bindings\":[],\"sql\":\"create unique index \\\"payment_webhooks_webhook_id_unique\\\" on \\\"payment_webhooks\\\" (\\\"webhook_id\\\")\",\"time\":\"0.38\",\"slow\":false,\"file\":\"\\/tmp\\/abdoElHodaky\\/larvrevrstender\\/services\\/payment-service\\/database\\/migrations\\/2024_01_03_000007_create_payment_webhooks_table.php\",\"line\":14,\"hash\":\"2e84833c040ee7903ff57e6327ee8198\",\"hostname\":\"modal\"}, 2026-02-17 05:59:11, ?, query, a1197a1f-289f-4a8f-b245-4e3a99a58765), (a1197a1f-380e-4114-855c-1c98c2041153, {\"connection\":\"sqlite\",\"driver\":\"sqlite\",\"bindings\":[],\"sql\":\"insert into \\\"migrations\\\" (\\\"migration\\\", \\\"batch\\\") values ('2024_01_03_000007_create_payment_webhooks_table', 1)\",\"time\":\"0.36\",\"slow\":false,\"file\":\"\\/tmp\\/abdoElHodaky\\/larvrevrstender\\/services\\/payment-service\\/artisan\",\"line\":35,\"hash\":\"09c22f830d52d80cc99fe8c1b1acc44c\",\"hostname\":\"modal\"}, 2026-02-17 05:59:11, ?, query, a1197a1f-2906-4a9a-ad8a-dc9cee4118f3), (a1197a1f-380e-4114-855c-1c98c2041153, {\"connection\":\"sqlite\",\"driver\":\"sqlite\",\"bindings\":[],\"sql\":\"create table \\\"reconciliation_records\\\" (\\\"id\\\" integer primary key autoincrement not null, \\\"reconciliation_reference\\\" varchar not null, \\\"batch_id\\\" varchar, \\\"source_type\\\" varchar check (\\\"source_type\\\" in ('bank_statement', 'gateway_report', 'manual_entry', 'automated_sync')) not null, \\\"source_reference\\\" varchar, \\\"source_file_path\\\" varchar, \\\"source_metadata\\\" text, \\\"payment_id\\\" integer, \\\"payment_reference\\\" varchar, \\\"transaction_id\\\" integer, \\\"external_transaction_id\\\" varchar, \\\"status\\\" varchar check (\\\"status\\\" in ('pending', 'matched', 'unmatched', 'disputed', 'resolved', 'ignored')) not null, \\\"match_type\\\" varchar check (\\\"match_type\\\" in ('exact', 'fuzzy', 'manual', 'system_generated')), \\\"match_confidence\\\" numeric, \\\"expected_amount\\\" numeric, \\\"actual_amount\\\" numeric not null, \\\"variance_amount\\\" numeric, \\\"currency\\\" varchar not null, \\\"fees_expected\\\" numeric not null default '0', \\\"fees_actual\\\" numeric not null default '0', \\\"transaction_date\\\" date not null, \\\"settlement_date\\\" date, \\\"reconciliation_date\\\" date not null, \\\"matched_at\\\" datetime, \\\"resolved_at\\\" datetime, \\\"payment_provider\\\" varchar, \\\"bank_name\\\" varchar, \\\"bank_account\\\" varchar, \\\"bank_reference\\\" varchar, \\\"bank_description\\\" text, \\\"discrepancy_type\\\" varchar check (\\\"discrepancy_type\\\" in ('amount_mismatch', 'missing_payment', 'duplicate_payment', 'timing_difference', 'fee_variance', 'currency_mismatch', 'other')), \\\"discrepancy_notes\\\" text, \\\"assigned_to\\\" varchar, \\\"resolution_actions\\\" text, \\\"matching_criteria\\\" text, \\\"matching_rules_applied\\\" text, \\\"alternative_matches\\\" text, \\\"reconciled_by\\\" varchar, \\\"reconciliation_method\\\" varchar check (\\\"reconciliation_method\\\" in ('automatic', 'semi_automatic', 'manual')) not null, \\\"audit_trail\\\" text, \\\"approval_workflow\\\" text, \\\"requires_approval\\\" tinyint(1) not null default '0', \\\"approved_by\\\" varchar, \\\"approved_at\\\" datetime, \\\"reporting_period\\\" varchar, \\\"tags\\\" text, \\\"custom_fields\\\" text, \\\"accounting_entry_id\\\" varchar, \\\"exported_to_accounting\\\" tinyint(1) not null default '0', \\\"exported_at\\\" datetime, \\\"accounting_metadata\\\" text, \\\"compliance_data\\\" text, \\\"flagged_for_review\\\" tinyint(1) not null default '0', \\\"review_notes\\\" text, \\\"created_at\\\" datetime, \\\"updated_at\\\" datetime, foreign key(\\\"payment_id\\\") references \\\"payments\\\"(\\\"id\\\") on delete set null, foreign key(\\\"transaction_id\\\") references \\\"transactions\\\"(\\\"id\\\") on delete set null)\",\"time\":\"0.60\",\"slow\":false,\"file\":\"\\/tmp\\/abdoElHodaky\\/larvrevrstender\\/services\\/payment-service\\/database\\/migrations\\/2024_01_03_000008_create_reconciliation_records_table.php\",\"line\":14,\"hash\":\"d65f07a554bfb57b8e4a8a33f87e3123\",\"hostname\":\"modal\"}, 2026-02-17 05:59:11, ?, query, a1197a1f-29c9-4d38-b2fa-faf8b11ce3e0), (a1197a1f-380e-4114-855c-1c98c2041153, {\"connection\":\"sqlite\",\"driver\":\"sqlite\",\"bindings\":[],\"sql\":\"create index \\\"reconciliation_records_payment_id_index\\\" on \\\"reconciliation_records\\\" (\\\"payment_id\\\")\",\"time\":\"0.39\",\"slow\":false,\"file\":\"\\/tmp\\/abdoElHodaky\\/larvrevrstender\\/services\\/payment-service\\/database\\/migrations\\/2024_01_03_000008_create_reconciliation_records_table.php\",\"line\":14,\"hash\":\"e191e286ad3bd02d6531f02e2584b4d4\",\"hostname\":\"modal\"}, 2026-02-17 05:59:11, ?, query, a1197a1f-29fd-44b0-bf5a-ade2ebbd6282), (a1197a1f-380e-4114-855c-1c98c2041153, {\"connection\":\"sqlite\",\"driver\":\"sqlite\",\"bindings\":[],\"sql\":\"create index \\\"reconciliation_records_transaction_id_index\\\" on \\\"reconciliation_records\\\" (\\\"transaction_id\\\")\",\"time\":\"0.39\",\"slow\":false,\"file\":\"\\/tmp\\/abdoElHodaky\\/larvrevrstender\\/services\\/payment-service\\/database\\/migrations\\/2024_01_03_000008_create_reconciliation_records_table.php\",\"line\":14,\"hash\":\"aa33d07274505cef3e2a8bee9e5f3d2b\",\"hostname\":\"modal\"}, 2026-02-17 05:59:11, ?, query, a1197a1f-2a31-46b1-830e-abfd80e07852), (a1197a1f-380e-4114-855c-1c98c2041153, {\"connection\":\"sqlite\",\"driver\":\"sqlite\",\"bindings\":[],\"sql\":\"create index \\\"reconciliation_records_payment_reference_index\\\" on \\\"reconciliation_records\\\" (\\\"payment_reference\\\")\",\"time\":\"0.39\",\"slow\":false,\"file\":\"\\/tmp\\/abdoElHodaky\\/larvrevrstender\\/services\\/payment-service\\/database\\/migrations\\/2024_01_03_000008_create_reconciliation_records_table.php\",\"line\":14,\"hash\":\"de05be7b9e1d7ef77dd0096ce1792517\",\"hostname\":\"modal\"}, 2026-02-17 05:59:11, ?, query, a1197a1f-2a65-4de9-ab2b-05f854992288), (a1197a1f-380e-4114-855c-1c98c2041153, {\"connection\":\"sqlite\",\"driver\":\"sqlite\",\"bindings\":[],\"sql\":\"create index \\\"reconciliation_records_external_transaction_id_index\\\" on \\\"reconciliation_records\\\" (\\\"external_transaction_id\\\")\",\"time\":\"0.47\",\"slow\":false,\"file\":\"\\/tmp\\/abdoElHodaky\\/larvrevrstender\\/services\\/payment-service\\/database\\/migrations\\/2024_01_03_000008_create_reconciliation_records_table.php\",\"line\":14,\"hash\":\"ae8f5bb7b49f017ee47f3a30924d27e6\",\"hostname\":\"modal\"}, 2026-02-17 05:59:11, ?, query, a1197a1f-2aa0-4ac0-b3d8-208b56ba9873), (a1197a1f-380e-4114-855c-1c98c2041153, {\"connection\":\"sqlite\",\"driver\":\"sqlite\",\"bindings\":[],\"sql\":\"create index \\\"reconciliation_records_status_reconciliation_date_index\\\" on \\\"reconciliation_records\\\" (\\\"status\\\", \\\"reconciliation_date\\\")\",\"time\":\"0.36\",\"slow\":false,\"file\":\"\\/tmp\\/abdoElHodaky\\/larvrevrstender\\/services\\/payment-service\\/database\\/migrations\\/2024_01_03_000008_create_reconciliation_records_table.php\",\"line\":14,\"hash\":\"5293b12e9add4671119d8edd57a3acfd\",\"hostname\":\"modal\"}, 2026-02-17 05:59:11, ?, query, a1197a1f-2ad0-4352-924d-2f765a8df452), (a1197a1f-380e-4114-855c-1c98c2041153, {\"connection\":\"sqlite\",\"driver\":\"sqlite\",\"bindings\":[],\"sql\":\"create index \\\"reconciliation_records_transaction_date_index\\\" on \\\"reconciliation_records\\\" (\\\"transaction_date\\\")\",\"time\":\"0.46\",\"slow\":false,\"file\":\"\\/tmp\\/abdoElHodaky\\/larvrevrstender\\/services\\/payment-service\\/database\\/migrations\\/2024_01_03_000008_create_reconciliation_records_table.php\",\"line\":14,\"hash\":\"bb217086e0064ecade4bf3875d0d60b4\",\"hostname\":\"modal\"}, 2026-02-17 05:59:11, ?, query, a1197a1f-2b09-4863-a4aa-559e0ef817f0), (a1197a1f-380e-4114-855c-1c98c2041153, {\"connection\":\"sqlite\",\"driver\":\"sqlite\",\"bindings\":[],\"sql\":\"create index \\\"reconciliation_records_settlement_date_index\\\" on \\\"reconciliation_records\\\" (\\\"settlement_date\\\")\",\"time\":\"0.35\",\"slow\":false,\"file\":\"\\/tmp\\/abdoElHodaky\\/larvrevrstender\\/services\\/payment-service\\/database\\/migrations\\/2024_01_03_000008_create_reconciliation_records_table.php\",\"line\":14,\"hash\":\"b106138f9ea5c5f06ad4439e7e9cd4fb\",\"hostname\":\"modal\"}, 2026-02-17 05:59:11, ?, query, a1197a1f-2b38-4312-ba53-09e3aa84fa41), (a1197a1f-380e-4114-855c-1c98c2041153, {\"connection\":\"sqlite\",\"driver\":\"sqlite\",\"bindings\":[],\"sql\":\"create index \\\"reconciliation_records_reconciliation_date_index\\\" on \\\"reconciliation_records\\\" (\\\"reconciliation_date\\\")\",\"time\":\"4.66\",\"slow\":false,\"file\":\"\\/tmp\\/abdoElHodaky\\/larvrevrstender\\/services\\/payment-service\\/database\\/migrations\\/2024_01_03_000008_create_reconciliation_records_table.php\",\"line\":14,\"hash\":\"425e7ab68cf7f3b20068c94d42cc296e\",\"hostname\":\"modal\"}, 2026-02-17 05:59:11, ?, query, a1197a1f-2d1d-407c-a086-ff7e10be0b38), (a1197a1f-380e-4114-855c-1c98c2041153, {\"connection\":\"sqlite\",\"driver\":\"sqlite\",\"bindings\":[],\"sql\":\"create index \\\"reconciliation_records_payment_provider_index\\\" on \\\"reconciliation_records\\\" (\\\"payment_provider\\\")\",\"time\":\"0.50\",\"slow\":false,\"file\":\"\\/tmp\\/abdoElHodaky\\/larvrevrstender\\/services\\/payment-service\\/database\\/migrations\\/2024_01_03_000008_create_reconciliation_records_table.php\",\"line\":14,\"hash\":\"c5205b9ff9c55393a81184445d45a745\",\"hostname\":\"modal\"}, 2026-02-17 05:59:11, ?, query, a1197a1f-2d64-4b2b-923a-eef50cfbc71b), (a1197a1f-380e-4114-855c-1c98c2041153, {\"connection\":\"sqlite\",\"driver\":\"sqlite\",\"bindings\":[],\"sql\":\"create index \\\"reconciliation_records_bank_name_bank_account_index\\\" on \\\"reconciliation_records\\\" (\\\"bank_name\\\", \\\"bank_account\\\")\",\"time\":\"0.39\",\"slow\":false,\"file\":\"\\/tmp\\/abdoElHodaky\\/larvrevrstender\\/services\\/payment-service\\/database\\/migrations\\/2024_01_03_000008_create_reconciliation_records_table.php\",\"line\":14,\"hash\":\"ef001112f4fd3a16aabdff9b14cd82d4\",\"hostname\":\"modal\"}, 2026-02-17 05:59:11, ?, query, a1197a1f-2d99-4efc-9b9c-bd61f13ce30e), (a1197a1f-380e-4114-855c-1c98c2041153, {\"connection\":\"sqlite\",\"driver\":\"sqlite\",\"bindings\":[],\"sql\":\"create index \\\"reconciliation_records_batch_id_index\\\" on \\\"reconciliation_records\\\" (\\\"batch_id\\\")\",\"time\":\"0.39\",\"slow\":false,\"file\":\"\\/tmp\\/abdoElHodaky\\/larvrevrstender\\/services\\/payment-service\\/database\\/migrations\\/2024_01_03_000008_create_reconciliation_records_table.php\",\"line\":14,\"hash\":\"b2ed14191a62c22b932b39082cec69ab\",\"hostname\":\"modal\"}, 2026-02-17 05:59:11, ?, query, a1197a1f-2dcc-4ab9-9aaf-362ce36c4ac4), (a1197a1f-380e-4114-855c-1c98c2041153, {\"connection\":\"sqlite\",\"driver\":\"sqlite\",\"bindings\":[],\"sql\":\"create index \\\"reconciliation_records_source_type_source_reference_index\\\" on \\\"reconciliation_records\\\" (\\\"source_type\\\", \\\"source_reference\\\")\",\"time\":\"0.39\",\"slow\":false,\"file\":\"\\/tmp\\/abdoElHodaky\\/larvrevrstender\\/services\\/payment-service\\/database\\/migrations\\/2024_01_03_000008_create_reconciliation_records_table.php\",\"line\":14,\"hash\":\"7056bb3b11149b58f5dbe89ae66fc479\",\"hostname\":\"modal\"}, 2026-02-17 05:59:11, ?, query, a1197a1f-2dff-49a4-adf3-f5e66e780b8d), (a1197a1f-380e-4114-855c-1c98c2041153, {\"connection\":\"sqlite\",\"driver\":\"sqlite\",\"bindings\":[],\"sql\":\"create index \\\"reconciliation_records_discrepancy_type_index\\\" on \\\"reconciliation_records\\\" (\\\"discrepancy_type\\\")\",\"time\":\"0.41\",\"slow\":false,\"file\":\"\\/tmp\\/abdoElHodaky\\/larvrevrstender\\/services\\/payment-service\\/database\\/migrations\\/2024_01_03_000008_create_reconciliation_records_table.php\",\"line\":14,\"hash\":\"2c3a9da70596396b8cce6989f78ae156\",\"hostname\":\"modal\"}, 2026-02-17 05:59:11, ?, query, a1197a1f-2e34-4014-8fa5-de32251626c0), (a1197a1f-380e-4114-855c-1c98c2041153, {\"connection\":\"sqlite\",\"driver\":\"sqlite\",\"bindings\":[],\"sql\":\"create index \\\"reconciliation_records_requires_approval_approved_at_index\\\" on \\\"reconciliation_records\\\" (\\\"requires_approval\\\", \\\"approved_at\\\")\",\"time\":\"0.38\",\"slow\":false,\"file\":\"\\/tmp\\/abdoElHodaky\\/larvrevrstender\\/services\\/payment-service\\/database\\/migrations\\/2024_01_03_000008_create_reconciliation_records_table.php\",\"line\":14,\"hash\":\"897ec50c82e7e5ab909bf7e04b50e190\",\"hostname\":\"modal\"}, 2026-02-17 05:59:11, ?, query, a1197a1f-2e66-4d02-ba00-2f6ffd2eaeab), (a1197a1f-380e-4114-855c-1c98c2041153, {\"connection\":\"sqlite\",\"driver\":\"sqlite\",\"bindings\":[],\"sql\":\"create index \\\"reconciliation_records_flagged_for_review_index\\\" on \\\"reconciliation_records\\\" (\\\"flagged_for_review\\\")\",\"time\":\"0.41\",\"slow\":false,\"file\":\"\\/tmp\\/abdoElHodaky\\/larvrevrstender\\/services\\/payment-service\\/database\\/migrations\\/2024_01_03_000008_create_reconciliation_records_table.php\",\"line\":14,\"hash\":\"1a35647e807f1ff9ec4d422563ed3876\",\"hostname\":\"modal\"}, 2026-02-17 05:59:11, ?, query, a1197a1f-2e9b-4095-96ca-87df5e7bd15f), (a1197a1f-380e-4114-855c-1c98c2041153, {\"connection\":\"sqlite\",\"driver\":\"sqlite\",\"bindings\":[],\"sql\":\"create index \\\"reconciliation_records_exported_to_accounting_index\\\" on \\\"reconciliation_records\\\" (\\\"exported_to_accounting\\\")\",\"time\":\"0.37\",\"slow\":false,\"file\":\"\\/tmp\\/abdoElHodaky\\/larvrevrstender\\/services\\/payment-service\\/database\\/migrations\\/2024_01_03_000008_create_reconciliation_records_table.php\",\"line\":14,\"hash\":\"a2eb392405038826de8b2df2c0369bbf\",\"hostname\":\"modal\"}, 2026-02-17 05:59:11, ?, query, a1197a1f-2ecc-4d8f-8e8d-21b3ee76bd06), (a1197a1f-380e-4114-855c-1c98c2041153, {\"connection\":\"sqlite\",\"driver\":\"sqlite\",\"bindings\":[],\"sql\":\"create index \\\"reconciliation_records_match_type_match_confidence_index\\\" on \\\"reconciliation_records\\\" (\\\"match_type\\\", \\\"match_confidence\\\")\",\"time\":\"0.41\",\"slow\":false,\"file\":\"\\/tmp\\/abdoElHodaky\\/larvrevrstender\\/services\\/payment-service\\/database\\/migrations\\/2024_01_03_000008_create_reconciliation_records_table.php\",\"line\":14,\"hash\":\"28d7ee53fe28744e4c8545e60ce1da40\",\"hostname\":\"modal\"}, 2026-02-17 05:59:11, ?, query, a1197a1f-2f00-4fd6-8e9e-2e4322c4fb19), (a1197a1f-380e-4114-855c-1c98c2041153, {\"connection\":\"sqlite\",\"driver\":\"sqlite\",\"bindings\":[],\"sql\":\"create unique index \\\"reconciliation_records_reconciliation_reference_unique\\\" on \\\"reconciliation_records\\\" (\\\"reconciliation_reference\\\")\",\"time\":\"0.37\",\"slow\":false,\"file\":\"\\/tmp\\/abdoElHodaky\\/larvrevrstender\\/services\\/payment-service\\/database\\/migrations\\/2024_01_03_000008_create_reconciliation_records_table.php\",\"line\":14,\"hash\":\"89f14dcd234d1681f9e1c808639a1d0f\",\"hostname\":\"modal\"}, 2026-02-17 05:59:11, ?, query, a1197a1f-2f31-4837-a38d-d072edf52901), (a1197a1f-380e-4114-855c-1c98c2041153, {\"connection\":\"sqlite\",\"driver\":\"sqlite\",\"bindings\":[],\"sql\":\"insert into \\\"migrations\\\" (\\\"migration\\\", \\\"batch\\\") values ('2024_01_03_000008_create_reconciliation_records_table', 1)\",\"time\":\"0.35\",\"slow\":false,\"file\":\"\\/tmp\\/abdoElHodaky\\/larvrevrstender\\/services\\/payment-service\\/artisan\",\"line\":35,\"hash\":\"09c22f830d52d80cc99fe8c1b1acc44c\",\"hostname\":\"modal\"}, 2026-02-17 05:59:11, ?, query, a1197a1f-2f8c-42a8-bfc7-18b617053281), (a1197a1f-380e-4114-855c-1c98c2041153, {\"connection\":\"sqlite\",\"driver\":\"sqlite\",\"bindings\":[],\"sql\":\"create table \\\"escrows\\\" (\\\"id\\\" integer primary key autoincrement not null, \\\"order_id\\\" integer not null, \\\"payment_id\\\" integer not null, \\\"buyer_id\\\" integer not null, \\\"seller_id\\\" integer not null, \\\"amount\\\" numeric not null, \\\"currency\\\" varchar not null default 'SAR', \\\"status\\\" varchar check (\\\"status\\\" in ('created', 'funded', 'released', 'disputed', 'cancelled')) not null default 'created', \\\"hold_until\\\" datetime, \\\"released_at\\\" datetime, \\\"created_at\\\" datetime, \\\"updated_at\\\" datetime)\",\"time\":\"0.57\",\"slow\":false,\"file\":\"\\/tmp\\/abdoElHodaky\\/larvrevrstender\\/services\\/payment-service\\/database\\/migrations\\/2024_01_03_000009_create_escrows_table.php\",\"line\":14,\"hash\":\"a3626b6c4ff2ace0a0d69ac6b3aabf92\",\"hostname\":\"modal\"}, 2026-02-17 05:59:11, ?, query, a1197a1f-305b-4706-8d4f-dc0e607b66c3), (a1197a1f-380e-4114-855c-1c98c2041153, {\"connection\":\"sqlite\",\"driver\":\"sqlite\",\"bindings\":[],\"sql\":\"create index \\\"escrows_status_hold_until_index\\\" on \\\"escrows\\\" (\\\"status\\\", \\\"hold_until\\\")\",\"time\":\"0.42\",\"slow\":false,\"file\":\"\\/tmp\\/abdoElHodaky\\/larvrevrstender\\/services\\/payment-service\\/database\\/migrations\\/2024_01_03_000009_create_escrows_table.php\",\"line\":14,\"hash\":\"2aca48fc039b9e850b1ffe07034bbb1e\",\"hostname\":\"modal\"}, 2026-02-17 05:59:11, ?, query, a1197a1f-3094-4195-ae0d-c72d8f1843cc), (a1197a1f-380e-4114-855c-1c98c2041153, {\"connection\":\"sqlite\",\"driver\":\"sqlite\",\"bindings\":[],\"sql\":\"create index \\\"escrows_buyer_id_status_index\\\" on \\\"escrows\\\" (\\\"buyer_id\\\", \\\"status\\\")\",\"time\":\"0.38\",\"slow\":false,\"file\":\"\\/tmp\\/abdoElHodaky\\/larvrevrstender\\/services\\/payment-service\\/database\\/migrations\\/2024_01_03_000009_create_escrows_table.php\",\"line\":14,\"hash\":\"9b2c1c37d60b8f5bb2bcb91070746dee\",\"hostname\":\"modal\"}, 2026-02-17 05:59:11, ?, query, a1197a1f-30c7-4389-b792-d8212384cd4c), (a1197a1f-380e-4114-855c-1c98c2041153, {\"connection\":\"sqlite\",\"driver\":\"sqlite\",\"bindings\":[],\"sql\":\"create index \\\"escrows_seller_id_status_index\\\" on \\\"escrows\\\" (\\\"seller_id\\\", \\\"status\\\")\",\"time\":\"0.39\",\"slow\":false,\"file\":\"\\/tmp\\/abdoElHodaky\\/larvrevrstender\\/services\\/payment-service\\/database\\/migrations\\/2024_01_03_000009_create_escrows_table.php\",\"line\":14,\"hash\":\"9e01534441570cabebb3d4de1c46c8d5\",\"hostname\":\"modal\"}, 2026-02-17 05:59:11, ?, query, a1197a1f-3101-44de-9ad0-f95602e77876), (a1197a1f-380e-4114-855c-1c98c2041153, {\"connection\":\"sqlite\",\"driver\":\"sqlite\",\"bindings\":[],\"sql\":\"create index \\\"escrows_order_id_index\\\" on \\\"escrows\\\" (\\\"order_id\\\")\",\"time\":\"0.38\",\"slow\":false,\"file\":\"\\/tmp\\/abdoElHodaky\\/larvrevrstender\\/services\\/payment-service\\/database\\/migrations\\/2024_01_03_000009_create_escrows_table.php\",\"line\":14,\"hash\":\"546f33d18977424d077ad252e1785d13\",\"hostname\":\"modal\"}, 2026-02-17 05:59:11, ?, query, a1197a1f-3134-490c-9f6e-f840bea2347a), (a1197a1f-380e-4114-855c-1c98c2041153, {\"connection\":\"sqlite\",\"driver\":\"sqlite\",\"bindings\":[],\"sql\":\"create index \\\"escrows_payment_id_index\\\" on \\\"escrows\\\" (\\\"payment_id\\\")\",\"time\":\"0.37\",\"slow\":false,\"file\":\"\\/tmp\\/abdoElHodaky\\/larvrevrstender\\/services\\/payment-service\\/database\\/migrations\\/2024_01_03_000009_create_escrows_table.php\",\"line\":14,\"hash\":\"28df5a10ecffb92f3875d83b59138ed4\",\"hostname\":\"modal\"}, 2026-02-17 05:59:11, ?, query, a1197a1f-3165-4f2c-a8bd-12bf75ce94ee), (a1197a1f-380e-4114-855c-1c98c2041153, {\"connection\":\"sqlite\",\"driver\":\"sqlite\",\"bindings\":[],\"sql\":\"create index \\\"escrows_buyer_id_index\\\" on \\\"escrows\\\" (\\\"buyer_id\\\")\",\"time\":\"0.45\",\"slow\":false,\"file\":\"\\/tmp\\/abdoElHodaky\\/larvrevrstender\\/services\\/payment-service\\/database\\/migrations\\/2024_01_03_000009_create_escrows_table.php\",\"line\":14,\"hash\":\"c7d9343bdca3feec594a94fa3d4e2ce6\",\"hostname\":\"modal\"}, 2026-02-17 05:59:11, ?, query, a1197a1f-319d-412a-b421-3fbcd3274c2b), (a1197a1f-380e-4114-855c-1c98c2041153, {\"connection\":\"sqlite\",\"driver\":\"sqlite\",\"bindings\":[],\"sql\":\"create index \\\"escrows_seller_id_index\\\" on \\\"escrows\\\" (\\\"seller_id\\\")\",\"time\":\"0.36\",\"slow\":false,\"file\":\"\\/tmp\\/abdoElHodaky\\/larvrevrstender\\/services\\/payment-service\\/database\\/migrations\\/2024_01_03_000009_create_escrows_table.php\",\"line\":14,\"hash\":\"b0458660330639fcb41ef7cf8e9892f2\",\"hostname\":\"modal\"}, 2026-02-17 05:59:11, ?, query, a1197a1f-31cd-499d-afb3-6c44e0e5f4a6), (a1197a1f-380e-4114-855c-1c98c2041153, {\"connection\":\"sqlite\",\"driver\":\"sqlite\",\"bindings\":[],\"sql\":\"create index \\\"escrows_status_index\\\" on \\\"escrows\\\" (\\\"status\\\")\",\"time\":\"0.47\",\"slow\":false,\"file\":\"\\/tmp\\/abdoElHodaky\\/larvrevrstender\\/services\\/payment-service\\/database\\/migrations\\/2024_01_03_000009_create_escrows_table.php\",\"line\":14,\"hash\":\"d508706c32cdae354f2e83a2074a1f32\",\"hostname\":\"modal\"}, 2026-02-17 05:59:11, ?, query, a1197a1f-3208-4b24-8223-b10a62fec9bd), (a1197a1f-380e-4114-855c-1c98c2041153, {\"connection\":\"sqlite\",\"driver\":\"sqlite\",\"bindings\":[],\"sql\":\"create index \\\"escrows_hold_until_index\\\" on \\\"escrows\\\" (\\\"hold_until\\\")\",\"time\":\"0.36\",\"slow\":false,\"file\":\"\\/tmp\\/abdoElHodaky\\/larvrevrstender\\/services\\/payment-service\\/database\\/migrations\\/2024_01_03_000009_create_escrows_table.php\",\"line\":14,\"hash\":\"33c51038b66e608ff0c991db2cd83e44\",\"hostname\":\"modal\"}, 2026-02-17 05:59:11, ?, query, a1197a1f-3238-486f-be81-1efac80a6c3b), (a1197a1f-380e-4114-855c-1c98c2041153, {\"connection\":\"sqlite\",\"driver\":\"sqlite\",\"bindings\":[],\"sql\":\"insert into \\\"migrations\\\" (\\\"migration\\\", \\\"batch\\\") values ('2024_01_03_000009_create_escrows_table', 1)\",\"time\":\"0.36\",\"slow\":false,\"file\":\"\\/tmp\\/abdoElHodaky\\/larvrevrstender\\/services\\/payment-service\\/artisan\",\"line\":35,\"hash\":\"09c22f830d52d80cc99fe8c1b1acc44c\",\"hostname\":\"modal\"}, 2026-02-17 05:59:11, ?, query, a1197a1f-32b3-4817-bd0d-570dff22cd9a), (a1197a1f-380e-4114-855c-1c98c2041153, {\"connection\":\"sqlite\",\"driver\":\"sqlite\",\"bindings\":[],\"sql\":\"create table \\\"escrow_transactions\\\" (\\\"id\\\" integer primary key autoincrement not null, \\\"escrow_id\\\" integer not null, \\\"type\\\" varchar check (\\\"type\\\" in ('hold', 'release', 'partial_release', 'dispute', 'cancel')) not null, \\\"amount\\\" numeric not null, \\\"reason\\\" text, \\\"processed_by\\\" integer, \\\"processed_at\\\" datetime not null default CURRENT_TIMESTAMP, \\\"external_reference\\\" varchar, \\\"metadata\\\" text, \\\"created_at\\\" datetime, \\\"updated_at\\\" datetime, foreign key(\\\"escrow_id\\\") references \\\"escrows\\\"(\\\"id\\\") on delete cascade)\",\"time\":\"0.47\",\"slow\":false,\"file\":\"\\/tmp\\/abdoElHodaky\\/larvrevrstender\\/services\\/payment-service\\/database\\/migrations\\/2024_01_03_000010_create_escrow_transactions_table.php\",\"line\":14,\"hash\":\"2b1bf1b0a990234e387e59165c85b899\",\"hostname\":\"modal\"}, 2026-02-17 05:59:11, ?, query, a1197a1f-3381-4e7a-9e21-aea6f02d0e58), (a1197a1f-380e-4114-855c-1c98c2041153, {\"connection\":\"sqlite\",\"driver\":\"sqlite\",\"bindings\":[],\"sql\":\"create index \\\"escrow_transactions_escrow_id_type_index\\\" on \\\"escrow_transactions\\\" (\\\"escrow_id\\\", \\\"type\\\")\",\"time\":\"0.42\",\"slow\":false,\"file\":\"\\/tmp\\/abdoElHodaky\\/larvrevrstender\\/services\\/payment-service\\/database\\/migrations\\/2024_01_03_000010_create_escrow_transactions_table.php\",\"line\":14,\"hash\":\"3aa960e2937fd7391815bfe7e759959f\",\"hostname\":\"modal\"}, 2026-02-17 05:59:11, ?, query, a1197a1f-33be-4af3-b256-734d07e7d8aa), (a1197a1f-380e-4114-855c-1c98c2041153, {\"connection\":\"sqlite\",\"driver\":\"sqlite\",\"bindings\":[],\"sql\":\"create index \\\"escrow_transactions_processed_at_type_index\\\" on \\\"escrow_transactions\\\" (\\\"processed_at\\\", \\\"type\\\")\",\"time\":\"0.44\",\"slow\":false,\"file\":\"\\/tmp\\/abdoElHodaky\\/larvrevrstender\\/services\\/payment-service\\/database\\/migrations\\/2024_01_03_000010_create_escrow_transactions_table.php\",\"line\":14,\"hash\":\"8103ea081cf06ea2f255aba8bdaf15a8\",\"hostname\":\"modal\"}, 2026-02-17 05:59:11, ?, query, a1197a1f-33f7-4f78-81ee-b89eaca06b45), (a1197a1f-380e-4114-855c-1c98c2041153, {\"connection\":\"sqlite\",\"driver\":\"sqlite\",\"bindings\":[],\"sql\":\"create index \\\"escrow_transactions_escrow_id_index\\\" on \\\"escrow_transactions\\\" (\\\"escrow_id\\\")\",\"time\":\"0.40\",\"slow\":false,\"file\":\"\\/tmp\\/abdoElHodaky\\/larvrevrstender\\/services\\/payment-service\\/database\\/migrations\\/2024_01_03_000010_create_escrow_transactions_table.php\",\"line\":14,\"hash\":\"bae44038e4254e4c794b4ea19e533351\",\"hostname\":\"modal\"}, 2026-02-17 05:59:11, ?, query, a1197a1f-342b-4da0-9cf8-afb5b1df81a2), (a1197a1f-380e-4114-855c-1c98c2041153, {\"connection\":\"sqlite\",\"driver\":\"sqlite\",\"bindings\":[],\"sql\":\"create index \\\"escrow_transactions_type_index\\\" on \\\"escrow_transactions\\\" (\\\"type\\\")\",\"time\":\"0.39\",\"slow\":false,\"file\":\"\\/tmp\\/abdoElHodaky\\/larvrevrstender\\/services\\/payment-service\\/database\\/migrations\\/2024_01_03_000010_create_escrow_transactions_table.php\",\"line\":14,\"hash\":\"e6c40456171003b4e60b3b0665ccb154\",\"hostname\":\"modal\"}, 2026-02-17 05:59:11, ?, query, a1197a1f-345e-4d4a-b47c-29d8c5648f37), (a1197a1f-380e-4114-855c-1c98c2041153, {\"connection\":\"sqlite\",\"driver\":\"sqlite\",\"bindings\":[],\"sql\":\"create index \\\"escrow_transactions_external_reference_index\\\" on \\\"escrow_transactions\\\" (\\\"external_reference\\\")\",\"time\":\"0.39\",\"slow\":false,\"file\":\"\\/tmp\\/abdoElHodaky\\/larvrevrstender\\/services\\/payment-service\\/database\\/migrations\\/2024_01_03_000010_create_escrow_transactions_table.php\",\"line\":14,\"hash\":\"64413cb4ba3220877d17a562c79de96e\",\"hostname\":\"modal\"}, 2026-02-17 05:59:11, ?, query, a1197a1f-3491-4c5c-9939-4028f45113f7), (a1197a1f-380e-4114-855c-1c98c2041153, {\"connection\":\"sqlite\",\"driver\":\"sqlite\",\"bindings\":[],\"sql\":\"insert into \\\"migrations\\\" (\\\"migration\\\", \\\"batch\\\") values ('2024_01_03_000010_create_escrow_transactions_table', 1)\",\"time\":\"0.35\",\"slow\":false,\"file\":\"\\/tmp\\/abdoElHodaky\\/larvrevrstender\\/services\\/payment-service\\/artisan\",\"line\":35,\"hash\":\"09c22f830d52d80cc99fe8c1b1acc44c\",\"hostname\":\"modal\"}, 2026-02-17 05:59:11, ?, query, a1197a1f-34f0-4ea2-b077-8ce6d2d333ee), (a1197a1f-380e-4114-855c-1c98c2041153, {\"connection\":\"sqlite\",\"driver\":\"sqlite\",\"bindings\":[],\"sql\":\"create table \\\"escrow_release_conditions\\\" (\\\"id\\\" integer primary key autoincrement not null, \\\"escrow_id\\\" integer not null, \\\"condition_type\\\" varchar check (\\\"condition_type\\\" in ('delivery_confirmed', 'inspection_passed', 'time_elapsed', 'manual_approval')) not null, \\\"condition_data\\\" text, \\\"is_met\\\" tinyint(1) not null default '0', \\\"met_at\\\" datetime, \\\"created_at\\\" datetime, \\\"updated_at\\\" datetime, foreign key(\\\"escrow_id\\\") references \\\"escrows\\\"(\\\"id\\\") on delete cascade)\",\"time\":\"0.44\",\"slow\":false,\"file\":\"\\/tmp\\/abdoElHodaky\\/larvrevrstender\\/services\\/payment-service\\/database\\/migrations\\/2024_01_03_000011_create_escrow_release_conditions_table.php\",\"line\":14,\"hash\":\"d51495df51b2a856afd9c1628948771e\",\"hostname\":\"modal\"}, 2026-02-17 05:59:11, ?, query, a1197a1f-3566-4358-8b51-23b051d5141e), (a1197a1f-380e-4114-855c-1c98c2041153, {\"connection\":\"sqlite\",\"driver\":\"sqlite\",\"bindings\":[],\"sql\":\"create index \\\"escrow_release_conditions_escrow_id_condition_type_index\\\" on \\\"escrow_release_conditions\\\" (\\\"escrow_id\\\", \\\"condition_type\\\")\",\"time\":\"0.48\",\"slow\":false,\"file\":\"\\/tmp\\/abdoElHodaky\\/larvrevrstender\\/services\\/payment-service\\/database\\/migrations\\/2024_01_03_000011_create_escrow_release_conditions_table.php\",\"line\":14,\"hash\":\"489ab318c3ba6043d6763eec6ecb5b56\",\"hostname\":\"modal\"}, 2026-02-17 05:59:11, ?, query, a1197a1f-35a3-484c-9369-f55631e67747), (a1197a1f-380e-4114-855c-1c98c2041153, {\"connection\":\"sqlite\",\"driver\":\"sqlite\",\"bindings\":[],\"sql\":\"create index \\\"escrow_release_conditions_escrow_id_is_met_index\\\" on \\\"escrow_release_conditions\\\" (\\\"escrow_id\\\", \\\"is_met\\\")\",\"time\":\"0.38\",\"slow\":false,\"file\":\"\\/tmp\\/abdoElHodaky\\/larvrevrstender\\/services\\/payment-service\\/database\\/migrations\\/2024_01_03_000011_create_escrow_release_conditions_table.php\",\"line\":14,\"hash\":\"2b6696c997508e6cff443cf7f574f4ad\",\"hostname\":\"modal\"}, 2026-02-17 05:59:11, ?, query, a1197a1f-35d5-4455-9517-bb3351542d2e), (a1197a1f-380e-4114-855c-1c98c2041153, {\"connection\":\"sqlite\",\"driver\":\"sqlite\",\"bindings\":[],\"sql\":\"create index \\\"escrow_release_conditions_condition_type_is_met_index\\\" on \\\"escrow_release_conditions\\\" (\\\"condition_type\\\", \\\"is_met\\\")\",\"time\":\"0.38\",\"slow\":false,\"file\":\"\\/tmp\\/abdoElHodaky\\/larvrevrstender\\/services\\/payment-service\\/database\\/migrations\\/2024_01_03_000011_create_escrow_release_conditions_table.php\",\"line\":14,\"hash\":\"cdc885efdd6668ba2c15774773857612\",\"hostname\":\"modal\"}, 2026-02-17 05:59:11, ?, query, a1197a1f-3608-4a20-84c8-b35a3a9999ef), (a1197a1f-380e-4114-855c-1c98c2041153, {\"connection\":\"sqlite\",\"driver\":\"sqlite\",\"bindings\":[],\"sql\":\"create index \\\"escrow_release_conditions_escrow_id_index\\\" on \\\"escrow_release_conditions\\\" (\\\"escrow_id\\\")\",\"time\":\"0.40\",\"slow\":false,\"file\":\"\\/tmp\\/abdoElHodaky\\/larvrevrstender\\/services\\/payment-service\\/database\\/migrations\\/2024_01_03_000011_create_escrow_release_conditions_table.php\",\"line\":14,\"hash\":\"1f3f61b1394003499651f27e6eb47601\",\"hostname\":\"modal\"}, 2026-02-17 05:59:11, ?, query, a1197a1f-363d-428b-a118-66cb6caf1b6c), (a1197a1f-380e-4114-855c-1c98c2041153, {\"connection\":\"sqlite\",\"driver\":\"sqlite\",\"bindings\":[],\"sql\":\"create index \\\"escrow_release_conditions_condition_type_index\\\" on \\\"escrow_release_conditions\\\" (\\\"condition_type\\\")\",\"time\":\"0.45\",\"slow\":false,\"file\":\"\\/tmp\\/abdoElHodaky\\/larvrevrstender\\/services\\/payment-service\\/database\\/migrations\\/2024_01_03_000011_create_escrow_release_conditions_table.php\",\"line\":14,\"hash\":\"1e2ec584862d9534071c2c0afd9cfac4\",\"hostname\":\"modal\"}, 2026-02-17 05:59:11, ?, query, a1197a1f-3677-47ab-80bb-92c77527b182), (a1197a1f-380e-4114-855c-1c98c2041153, {\"connection\":\"sqlite\",\"driver\":\"sqlite\",\"bindings\":[],\"sql\":\"create index \\\"escrow_release_conditions_is_met_index\\\" on \\\"escrow_release_conditions\\\" (\\\"is_met\\\")\",\"time\":\"0.36\",\"slow\":false,\"file\":\"\\/tmp\\/abdoElHodaky\\/larvrevrstender\\/services\\/payment-service\\/database\\/migrations\\/2024_01_03_000011_create_escrow_release_conditions_table.php\",\"line\":14,\"hash\":\"18db30272a12a1f00aedba6731003162\",\"hostname\":\"modal\"}, 2026-02-17 05:59:11, ?, query, a1197a1f-36a9-4a9e-9fea-2319873a51c2), (a1197a1f-380e-4114-855c-1c98c2041153, {\"connection\":\"sqlite\",\"driver\":\"sqlite\",\"bindings\":[],\"sql\":\"insert into \\\"migrations\\\" (\\\"migration\\\", \\\"batch\\\") values ('2024_01_03_000011_create_escrow_release_conditions_table', 1)\",\"time\":\"0.36\",\"slow\":false,\"file\":\"\\/tmp\\/abdoElHodaky\\/larvrevrstender\\/services\\/payment-service\\/artisan\",\"line\":35,\"hash\":\"09c22f830d52d80cc99fe8c1b1acc44c\",\"hostname\":\"modal\"}, 2026-02-17 05:59:11, ?, query, a1197a1f-36fd-43c2-9fa3-f0e29fa70898), (a1197a1f-380e-4114-855c-1c98c2041153, {\"connection\":\"sqlite\",\"driver\":\"sqlite\",\"bindings\":[],\"sql\":\"insert into \\\"migrations\\\" (\\\"migration\\\", \\\"batch\\\") values ('2024_12_15_000001_add_authorized_voided_statuses_to_payments_table', 1)\",\"time\":\"0.39\",\"slow\":false,\"file\":\"\\/tmp\\/abdoElHodaky\\/larvrevrstender\\/services\\/payment-service\\/artisan\",\"line\":35,\"hash\":\"09c22f830d52d80cc99fe8c1b1acc44c\",\"hostname\":\"modal\"}, 2026-02-17 05:59:11, ?, query, a1197a1f-3772-4a59-9647-a3c1e24bc3ad)) at /tmp/abdoElHodaky/larvrevrstender/services/payment-service/vendor/laravel/framework/src/Illuminate/Database/Connection.php:838)
[stacktrace]
#0 /tmp/abdoElHodaky/larvrevrstender/services/payment-service/vendor/laravel/framework/src/Illuminate/Database/Connection.php(999): Illuminate\\Database\\Connection->runQueryCallback()
#1 /tmp/abdoElHodaky/larvrevrstender/services/payment-service/vendor/laravel/framework/src/Illuminate/Database/Connection.php(978): Illuminate\\Database\\Connection->tryAgainIfCausedByLostConnection()
#2 /tmp/abdoElHodaky/larvrevrstender/services/payment-service/vendor/laravel/framework/src/Illuminate/Database/Connection.php(796): Illuminate\\Database\\Connection->handleQueryException()
#3 /tmp/abdoElHodaky/larvrevrstender/services/payment-service/vendor/laravel/framework/src/Illuminate/Database/MySqlConnection.php(42): Illuminate\\Database\\Connection->run()
#4 /tmp/abdoElHodaky/larvrevrstender/services/payment-service/vendor/laravel/framework/src/Illuminate/Database/Query/Builder.php(4054): Illuminate\\Database\\MySqlConnection->insert()
#5 /tmp/abdoElHodaky/larvrevrstender/services/payment-service/vendor/laravel/telescope/src/Storage/DatabaseEntriesRepository.php(145): Illuminate\\Database\\Query\\Builder->insert()
#6 /tmp/abdoElHodaky/larvrevrstender/services/payment-service/vendor/laravel/framework/src/Illuminate/Collections/Traits/EnumeratesValues.php(275): Laravel\\Telescope\\Storage\\DatabaseEntriesRepository->Laravel\\Telescope\\Storage\\{closure}()
#7 /tmp/abdoElHodaky/larvrevrstender/services/payment-service/vendor/laravel/telescope/src/Storage/DatabaseEntriesRepository.php(144): Illuminate\\Support\\Collection->each()
#8 /tmp/abdoElHodaky/larvrevrstender/services/payment-service/vendor/laravel/telescope/src/Telescope.php(664): Laravel\\Telescope\\Storage\\DatabaseEntriesRepository->store()
#9 [internal function]: Laravel\\Telescope\\Telescope::Laravel\\Telescope\\{closure}()
#10 /tmp/abdoElHodaky/larvrevrstender/services/payment-service/vendor/laravel/telescope/src/Telescope.php(289): call_user_func()
#11 /tmp/abdoElHodaky/larvrevrstender/services/payment-service/vendor/laravel/telescope/src/Telescope.php(656): Laravel\\Telescope\\Telescope::withoutRecording()
#12 /tmp/abdoElHodaky/larvrevrstender/services/payment-service/vendor/laravel/telescope/src/ListensForStorageOpportunities.php(65): Laravel\\Telescope\\Telescope::store()
#13 /tmp/abdoElHodaky/larvrevrstender/services/payment-service/vendor/laravel/framework/src/Illuminate/Container/BoundMethod.php(36): Laravel\\Telescope\\Telescope::Laravel\\Telescope\\{closure}()
#14 /tmp/abdoElHodaky/larvrevrstender/services/payment-service/vendor/laravel/framework/src/Illuminate/Container/Util.php(43): Illuminate\\Container\\BoundMethod::Illuminate\\Container\\{closure}()
#15 /tmp/abdoElHodaky/larvrevrstender/services/payment-service/vendor/laravel/framework/src/Illuminate/Container/BoundMethod.php(84): Illuminate\\Container\\Util::unwrapIfClosure()
#16 /tmp/abdoElHodaky/larvrevrstender/services/payment-service/vendor/laravel/framework/src/Illuminate/Container/BoundMethod.php(35): Illuminate\\Container\\BoundMethod::callBoundMethod()
#17 /tmp/abdoElHodaky/larvrevrstender/services/payment-service/vendor/laravel/framework/src/Illuminate/Container/Container.php(799): Illuminate\\Container\\BoundMethod::call()
#18 /tmp/abdoElHodaky/larvrevrstender/services/payment-service/vendor/laravel/framework/src/Illuminate/Foundation/Application.php(1466): Illuminate\\Container\\Container->call()
#19 /tmp/abdoElHodaky/larvrevrstender/services/payment-service/vendor/laravel/framework/src/Illuminate/Foundation/Console/Kernel.php(219): Illuminate\\Foundation\\Application->terminate()
#20 /tmp/abdoElHodaky/larvrevrstender/services/payment-service/artisan(51): Illuminate\\Foundation\\Console\\Kernel->terminate()
#21 {main}

[previous exception] [object] (PDOException(code: 2002): SQLSTATE[HY000] [2002] Connection refused at /tmp/abdoElHodaky/larvrevrstender/services/payment-service/vendor/laravel/framework/src/Illuminate/Database/Connectors/Connector.php:66)
[stacktrace]
#0 /tmp/abdoElHodaky/larvrevrstender/services/payment-service/vendor/laravel/framework/src/Illuminate/Database/Connectors/Connector.php(66): PDO->__construct()
#1 /tmp/abdoElHodaky/larvrevrstender/services/payment-service/vendor/laravel/framework/src/Illuminate/Database/Connectors/Connector.php(85): Illuminate\\Database\\Connectors\\Connector->createPdoConnection()
#2 /tmp/abdoElHodaky/larvrevrstender/services/payment-service/vendor/laravel/framework/src/Illuminate/Database/Connectors/Connector.php(48): Illuminate\\Database\\Connectors\\Connector->tryAgainIfCausedByLostConnection()
#3 /tmp/abdoElHodaky/larvrevrstender/services/payment-service/vendor/laravel/framework/src/Illuminate/Database/Connectors/MySqlConnector.php(24): Illuminate\\Database\\Connectors\\Connector->createConnection()
#4 /tmp/abdoElHodaky/larvrevrstender/services/payment-service/vendor/laravel/framework/src/Illuminate/Database/Connectors/ConnectionFactory.php(186): Illuminate\\Database\\Connectors\\MySqlConnector->connect()
#5 [internal function]: Illuminate\\Database\\Connectors\\ConnectionFactory->Illuminate\\Database\\Connectors\\{closure}()
#6 /tmp/abdoElHodaky/larvrevrstender/services/payment-service/vendor/laravel/framework/src/Illuminate/Database/Connection.php(1257): call_user_func()
#7 /tmp/abdoElHodaky/larvrevrstender/services/payment-service/vendor/laravel/framework/src/Illuminate/Database/MySqlConnection.php(47): Illuminate\\Database\\Connection->getPdo()
#8 /tmp/abdoElHodaky/larvrevrstender/services/payment-service/vendor/laravel/framework/src/Illuminate/Database/Connection.php(827): Illuminate\\Database\\MySqlConnection->Illuminate\\Database\\{closure}()
#9 /tmp/abdoElHodaky/larvrevrstender/services/payment-service/vendor/laravel/framework/src/Illuminate/Database/Connection.php(999): Illuminate\\Database\\Connection->runQueryCallback()
#10 /tmp/abdoElHodaky/larvrevrstender/services/payment-service/vendor/laravel/framework/src/Illuminate/Database/Connection.php(978): Illuminate\\Database\\Connection->tryAgainIfCausedByLostConnection()
#11 /tmp/abdoElHodaky/larvrevrstender/services/payment-service/vendor/laravel/framework/src/Illuminate/Database/Connection.php(796): Illuminate\\Database\\Connection->handleQueryException()
#12 /tmp/abdoElHodaky/larvrevrstender/services/payment-service/vendor/laravel/framework/src/Illuminate/Database/MySqlConnection.php(42): Illuminate\\Database\\Connection->run()
#13 /tmp/abdoElHodaky/larvrevrstender/services/payment-service/vendor/laravel/framework/src/Illuminate/Database/Query/Builder.php(4054): Illuminate\\Database\\MySqlConnection->insert()
#14 /tmp/abdoElHodaky/larvrevrstender/services/payment-service/vendor/laravel/telescope/src/Storage/DatabaseEntriesRepository.php(145): Illuminate\\Database\\Query\\Builder->insert()
#15 /tmp/abdoElHodaky/larvrevrstender/services/payment-service/vendor/laravel/framework/src/Illuminate/Collections/Traits/EnumeratesValues.php(275): Laravel\\Telescope\\Storage\\DatabaseEntriesRepository->Laravel\\Telescope\\Storage\\{closure}()
#16 /tmp/abdoElHodaky/larvrevrstender/services/payment-service/vendor/laravel/telescope/src/Storage/DatabaseEntriesRepository.php(144): Illuminate\\Support\\Collection->each()
#17 /tmp/abdoElHodaky/larvrevrstender/services/payment-service/vendor/laravel/telescope/src/Telescope.php(664): Laravel\\Telescope\\Storage\\DatabaseEntriesRepository->store()
#18 [internal function]: Laravel\\Telescope\\Telescope::Laravel\\Telescope\\{closure}()
#19 /tmp/abdoElHodaky/larvrevrstender/services/payment-service/vendor/laravel/telescope/src/Telescope.php(289): call_user_func()
#20 /tmp/abdoElHodaky/larvrevrstender/services/payment-service/vendor/laravel/telescope/src/Telescope.php(656): Laravel\\Telescope\\Telescope::withoutRecording()
#21 /tmp/abdoElHodaky/larvrevrstender/services/payment-service/vendor/laravel/telescope/src/ListensForStorageOpportunities.php(65): Laravel\\Telescope\\Telescope::store()
#22 /tmp/abdoElHodaky/larvrevrstender/services/payment-service/vendor/laravel/framework/src/Illuminate/Container/BoundMethod.php(36): Laravel\\Telescope\\Telescope::Laravel\\Telescope\\{closure}()
#23 /tmp/abdoElHodaky/larvrevrstender/services/payment-service/vendor/laravel/framework/src/Illuminate/Container/Util.php(43): Illuminate\\Container\\BoundMethod::Illuminate\\Container\\{closure}()
#24 /tmp/abdoElHodaky/larvrevrstender/services/payment-service/vendor/laravel/framework/src/Illuminate/Container/BoundMethod.php(84): Illuminate\\Container\\Util::unwrapIfClosure()
#25 /tmp/abdoElHodaky/larvrevrstender/services/payment-service/vendor/laravel/framework/src/Illuminate/Container/BoundMethod.php(35): Illuminate\\Container\\BoundMethod::callBoundMethod()
#26 /tmp/abdoElHodaky/larvrevrstender/services/payment-service/vendor/laravel/framework/src/Illuminate/Container/Container.php(799): Illuminate\\Container\\BoundMethod::call()
#27 /tmp/abdoElHodaky/larvrevrstender/services/payment-service/vendor/laravel/framework/src/Illuminate/Foundation/Application.php(1466): Illuminate\\Container\\Container->call()
#28 /tmp/abdoElHodaky/larvrevrstender/services/payment-service/vendor/laravel/framework/src/Illuminate/Foundation/Console/Kernel.php(219): Illuminate\\Foundation\\Application->terminate()
#29 /tmp/abdoElHodaky/larvrevrstender/services/payment-service/artisan(51): Illuminate\\Foundation\\Console\\Kernel->terminate()
#30 {main}
"} 
[2026-02-17 05:59:21] testing.ERROR: SQLSTATE[HY000] [2002] Connection refused (Connection: mysql, Host: 127.0.0.1, Port: 3306, Database: laravel, SQL: insert into `telescope_entries` (`batch_id`, `content`, `created_at`, `family_hash`, `type`, `uuid`) values (a1197a2e-ac36-47ae-b38d-8265d23814a7, {"connection":"sqlite","driver":"sqlite","bindings":[],"sql":"select exists (select 1 from \"main\".sqlite_master where name = 'migrations' and type = 'table') as \"exists\"","time":"2.46","slow":false,"file":"\/tmp\/abdoElHodaky\/larvrevrstender\/services\/payment-service\/artisan","line":35,"hash":"38099705c85292ffaed0ba8949c6d9ae","hostname":"modal"}, 2026-02-17 05:59:21, ?, query, a1197a2e-a5ae-40bf-a6d6-24d1e7a301ef), (a1197a2e-ac36-47ae-b38d-8265d23814a7, {"connection":"sqlite","driver":"sqlite","bindings":[],"sql":"select exists (select 1 from \"main\".sqlite_master where name = 'migrations' and type = 'table') as \"exists\"","time":"0.18","slow":false,"file":"\/tmp\/abdoElHodaky\/larvrevrstender\/services\/payment-service\/artisan","line":35,"hash":"38099705c85292ffaed0ba8949c6d9ae","hostname":"modal"}, 2026-02-17 05:59:21, ?, query, a1197a2e-a743-414b-b7c2-77e9a0569cc9), (a1197a2e-ac36-47ae-b38d-8265d23814a7, {"connection":"sqlite","driver":"sqlite","bindings":[],"sql":"select \"migration\" from \"migrations\" order by \"batch\" asc, \"migration\" asc","time":"0.22","slow":false,"file":"\/tmp\/abdoElHodaky\/larvrevrstender\/services\/payment-service\/artisan","line":35,"hash":"84af29f5c40ba2eeda76663cdfcee4df","hostname":"modal"}, 2026-02-17 05:59:21, ?, query, a1197a2e-a8c0-46e6-bc61-bc0170e97336), (a1197a2e-ac36-47ae-b38d-8265d23814a7, {"connection":"sqlite","driver":"sqlite","bindings":[],"sql":"select \"migration\" from \"migrations\" order by \"batch\" asc, \"migration\" asc","time":"0.13","slow":false,"file":"\/tmp\/abdoElHodaky\/larvrevrstender\/services\/payment-service\/artisan","line":35,"hash":"84af29f5c40ba2eeda76663cdfcee4df","hostname":"modal"}, 2026-02-17 05:59:21, ?, query, a1197a2e-a906-4227-acc0-b541db97f244)) {"exception":"[object] (Illuminate\\Database\\QueryException(code: 2002): SQLSTATE[HY000] [2002] Connection refused (Connection: mysql, Host: 127.0.0.1, Port: 3306, Database: laravel, SQL: insert into `telescope_entries` (`batch_id`, `content`, `created_at`, `family_hash`, `type`, `uuid`) values (a1197a2e-ac36-47ae-b38d-8265d23814a7, {\"connection\":\"sqlite\",\"driver\":\"sqlite\",\"bindings\":[],\"sql\":\"select exists (select 1 from \\\"main\\\".sqlite_master where name = 'migrations' and type = 'table') as \\\"exists\\\"\",\"time\":\"2.46\",\"slow\":false,\"file\":\"\\/tmp\\/abdoElHodaky\\/larvrevrstender\\/services\\/payment-service\\/artisan\",\"line\":35,\"hash\":\"38099705c85292ffaed0ba8949c6d9ae\",\"hostname\":\"modal\"}, 2026-02-17 05:59:21, ?, query, a1197a2e-a5ae-40bf-a6d6-24d1e7a301ef), (a1197a2e-ac36-47ae-b38d-8265d23814a7, {\"connection\":\"sqlite\",\"driver\":\"sqlite\",\"bindings\":[],\"sql\":\"select exists (select 1 from \\\"main\\\".sqlite_master where name = 'migrations' and type = 'table') as \\\"exists\\\"\",\"time\":\"0.18\",\"slow\":false,\"file\":\"\\/tmp\\/abdoElHodaky\\/larvrevrstender\\/services\\/payment-service\\/artisan\",\"line\":35,\"hash\":\"38099705c85292ffaed0ba8949c6d9ae\",\"hostname\":\"modal\"}, 2026-02-17 05:59:21, ?, query, a1197a2e-a743-414b-b7c2-77e9a0569cc9), (a1197a2e-ac36-47ae-b38d-8265d23814a7, {\"connection\":\"sqlite\",\"driver\":\"sqlite\",\"bindings\":[],\"sql\":\"select \\\"migration\\\" from \\\"migrations\\\" order by \\\"batch\\\" asc, \\\"migration\\\" asc\",\"time\":\"0.22\",\"slow\":false,\"file\":\"\\/tmp\\/abdoElHodaky\\/larvrevrstender\\/services\\/payment-service\\/artisan\",\"line\":35,\"hash\":\"84af29f5c40ba2eeda76663cdfcee4df\",\"hostname\":\"modal\"}, 2026-02-17 05:59:21, ?, query, a1197a2e-a8c0-46e6-bc61-bc0170e97336), (a1197a2e-ac36-47ae-b38d-8265d23814a7, {\"connection\":\"sqlite\",\"driver\":\"sqlite\",\"bindings\":[],\"sql\":\"select \\\"migration\\\" from \\\"migrations\\\" order by \\\"batch\\\" asc, \\\"migration\\\" asc\",\"time\":\"0.13\",\"slow\":false,\"file\":\"\\/tmp\\/abdoElHodaky\\/larvrevrstender\\/services\\/payment-service\\/artisan\",\"line\":35,\"hash\":\"84af29f5c40ba2eeda76663cdfcee4df\",\"hostname\":\"modal\"}, 2026-02-17 05:59:21, ?, query, a1197a2e-a906-4227-acc0-b541db97f244)) at /tmp/abdoElHodaky/larvrevrstender/services/payment-service/vendor/laravel/framework/src/Illuminate/Database/Connection.php:838)
[stacktrace]
#0 /tmp/abdoElHodaky/larvrevrstender/services/payment-service/vendor/laravel/framework/src/Illuminate/Database/Connection.php(999): Illuminate\\Database\\Connection->runQueryCallback()
#1 /tmp/abdoElHodaky/larvrevrstender/services/payment-service/vendor/laravel/framework/src/Illuminate/Database/Connection.php(978): Illuminate\\Database\\Connection->tryAgainIfCausedByLostConnection()
#2 /tmp/abdoElHodaky/larvrevrstender/services/payment-service/vendor/laravel/framework/src/Illuminate/Database/Connection.php(796): Illuminate\\Database\\Connection->handleQueryException()
#3 /tmp/abdoElHodaky/larvrevrstender/services/payment-service/vendor/laravel/framework/src/Illuminate/Database/MySqlConnection.php(42): Illuminate\\Database\\Connection->run()
#4 /tmp/abdoElHodaky/larvrevrstender/services/payment-service/vendor/laravel/framework/src/Illuminate/Database/Query/Builder.php(4054): Illuminate\\Database\\MySqlConnection->insert()
#5 /tmp/abdoElHodaky/larvrevrstender/services/payment-service/vendor/laravel/telescope/src/Storage/DatabaseEntriesRepository.php(145): Illuminate\\Database\\Query\\Builder->insert()
#6 /tmp/abdoElHodaky/larvrevrstender/services/payment-service/vendor/laravel/framework/src/Illuminate/Collections/Traits/EnumeratesValues.php(275): Laravel\\Telescope\\Storage\\DatabaseEntriesRepository->Laravel\\Telescope\\Storage\\{closure}()
#7 /tmp/abdoElHodaky/larvrevrstender/services/payment-service/vendor/laravel/telescope/src/Storage/DatabaseEntriesRepository.php(144): Illuminate\\Support\\Collection->each()
#8 /tmp/abdoElHodaky/larvrevrstender/services/payment-service/vendor/laravel/telescope/src/Telescope.php(664): Laravel\\Telescope\\Storage\\DatabaseEntriesRepository->store()
#9 [internal function]: Laravel\\Telescope\\Telescope::Laravel\\Telescope\\{closure}()
#10 /tmp/abdoElHodaky/larvrevrstender/services/payment-service/vendor/laravel/telescope/src/Telescope.php(289): call_user_func()
#11 /tmp/abdoElHodaky/larvrevrstender/services/payment-service/vendor/laravel/telescope/src/Telescope.php(656): Laravel\\Telescope\\Telescope::withoutRecording()
#12 /tmp/abdoElHodaky/larvrevrstender/services/payment-service/vendor/laravel/telescope/src/ListensForStorageOpportunities.php(65): Laravel\\Telescope\\Telescope::store()
#13 /tmp/abdoElHodaky/larvrevrstender/services/payment-service/vendor/laravel/framework/src/Illuminate/Container/BoundMethod.php(36): Laravel\\Telescope\\Telescope::Laravel\\Telescope\\{closure}()
#14 /tmp/abdoElHodaky/larvrevrstender/services/payment-service/vendor/laravel/framework/src/Illuminate/Container/Util.php(43): Illuminate\\Container\\BoundMethod::Illuminate\\Container\\{closure}()
#15 /tmp/abdoElHodaky/larvrevrstender/services/payment-service/vendor/laravel/framework/src/Illuminate/Container/BoundMethod.php(84): Illuminate\\Container\\Util::unwrapIfClosure()
#16 /tmp/abdoElHodaky/larvrevrstender/services/payment-service/vendor/laravel/framework/src/Illuminate/Container/BoundMethod.php(35): Illuminate\\Container\\BoundMethod::callBoundMethod()
#17 /tmp/abdoElHodaky/larvrevrstender/services/payment-service/vendor/laravel/framework/src/Illuminate/Container/Container.php(799): Illuminate\\Container\\BoundMethod::call()
#18 /tmp/abdoElHodaky/larvrevrstender/services/payment-service/vendor/laravel/framework/src/Illuminate/Foundation/Application.php(1466): Illuminate\\Container\\Container->call()
#19 /tmp/abdoElHodaky/larvrevrstender/services/payment-service/vendor/laravel/framework/src/Illuminate/Foundation/Console/Kernel.php(219): Illuminate\\Foundation\\Application->terminate()
#20 /tmp/abdoElHodaky/larvrevrstender/services/payment-service/artisan(51): Illuminate\\Foundation\\Console\\Kernel->terminate()
#21 {main}

[previous exception] [object] (PDOException(code: 2002): SQLSTATE[HY000] [2002] Connection refused at /tmp/abdoElHodaky/larvrevrstender/services/payment-service/vendor/laravel/framework/src/Illuminate/Database/Connectors/Connector.php:66)
[stacktrace]
#0 /tmp/abdoElHodaky/larvrevrstender/services/payment-service/vendor/laravel/framework/src/Illuminate/Database/Connectors/Connector.php(66): PDO->__construct()
#1 /tmp/abdoElHodaky/larvrevrstender/services/payment-service/vendor/laravel/framework/src/Illuminate/Database/Connectors/Connector.php(85): Illuminate\\Database\\Connectors\\Connector->createPdoConnection()
#2 /tmp/abdoElHodaky/larvrevrstender/services/payment-service/vendor/laravel/framework/src/Illuminate/Database/Connectors/Connector.php(48): Illuminate\\Database\\Connectors\\Connector->tryAgainIfCausedByLostConnection()
#3 /tmp/abdoElHodaky/larvrevrstender/services/payment-service/vendor/laravel/framework/src/Illuminate/Database/Connectors/MySqlConnector.php(24): Illuminate\\Database\\Connectors\\Connector->createConnection()
#4 /tmp/abdoElHodaky/larvrevrstender/services/payment-service/vendor/laravel/framework/src/Illuminate/Database/Connectors/ConnectionFactory.php(186): Illuminate\\Database\\Connectors\\MySqlConnector->connect()
#5 [internal function]: Illuminate\\Database\\Connectors\\ConnectionFactory->Illuminate\\Database\\Connectors\\{closure}()
#6 /tmp/abdoElHodaky/larvrevrstender/services/payment-service/vendor/laravel/framework/src/Illuminate/Database/Connection.php(1257): call_user_func()
#7 /tmp/abdoElHodaky/larvrevrstender/services/payment-service/vendor/laravel/framework/src/Illuminate/Database/MySqlConnection.php(47): Illuminate\\Database\\Connection->getPdo()
#8 /tmp/abdoElHodaky/larvrevrstender/services/payment-service/vendor/laravel/framework/src/Illuminate/Database/Connection.php(827): Illuminate\\Database\\MySqlConnection->Illuminate\\Database\\{closure}()
#9 /tmp/abdoElHodaky/larvrevrstender/services/payment-service/vendor/laravel/framework/src/Illuminate/Database/Connection.php(999): Illuminate\\Database\\Connection->runQueryCallback()
#10 /tmp/abdoElHodaky/larvrevrstender/services/payment-service/vendor/laravel/framework/src/Illuminate/Database/Connection.php(978): Illuminate\\Database\\Connection->tryAgainIfCausedByLostConnection()
#11 /tmp/abdoElHodaky/larvrevrstender/services/payment-service/vendor/laravel/framework/src/Illuminate/Database/Connection.php(796): Illuminate\\Database\\Connection->handleQueryException()
#12 /tmp/abdoElHodaky/larvrevrstender/services/payment-service/vendor/laravel/framework/src/Illuminate/Database/MySqlConnection.php(42): Illuminate\\Database\\Connection->run()
#13 /tmp/abdoElHodaky/larvrevrstender/services/payment-service/vendor/laravel/framework/src/Illuminate/Database/Query/Builder.php(4054): Illuminate\\Database\\MySqlConnection->insert()
#14 /tmp/abdoElHodaky/larvrevrstender/services/payment-service/vendor/laravel/telescope/src/Storage/DatabaseEntriesRepository.php(145): Illuminate\\Database\\Query\\Builder->insert()
#15 /tmp/abdoElHodaky/larvrevrstender/services/payment-service/vendor/laravel/framework/src/Illuminate/Collections/Traits/EnumeratesValues.php(275): Laravel\\Telescope\\Storage\\DatabaseEntriesRepository->Laravel\\Telescope\\Storage\\{closure}()
#16 /tmp/abdoElHodaky/larvrevrstender/services/payment-service/vendor/laravel/telescope/src/Storage/DatabaseEntriesRepository.php(144): Illuminate\\Support\\Collection->each()
#17 /tmp/abdoElHodaky/larvrevrstender/services/payment-service/vendor/laravel/telescope/src/Telescope.php(664): Laravel\\Telescope\\Storage\\DatabaseEntriesRepository->store()
#18 [internal function]: Laravel\\Telescope\\Telescope::Laravel\\Telescope\\{closure}()
#19 /tmp/abdoElHodaky/larvrevrstender/services/payment-service/vendor/laravel/telescope/src/Telescope.php(289): call_user_func()
#20 /tmp/abdoElHodaky/larvrevrstender/services/payment-service/vendor/laravel/telescope/src/Telescope.php(656): Laravel\\Telescope\\Telescope::withoutRecording()
#21 /tmp/abdoElHodaky/larvrevrstender/services/payment-service/vendor/laravel/telescope/src/ListensForStorageOpportunities.php(65): Laravel\\Telescope\\Telescope::store()
#22 /tmp/abdoElHodaky/larvrevrstender/services/payment-service/vendor/laravel/framework/src/Illuminate/Container/BoundMethod.php(36): Laravel\\Telescope\\Telescope::Laravel\\Telescope\\{closure}()
#23 /tmp/abdoElHodaky/larvrevrstender/services/payment-service/vendor/laravel/framework/src/Illuminate/Container/Util.php(43): Illuminate\\Container\\BoundMethod::Illuminate\\Container\\{closure}()
#24 /tmp/abdoElHodaky/larvrevrstender/services/payment-service/vendor/laravel/framework/src/Illuminate/Container/BoundMethod.php(84): Illuminate\\Container\\Util::unwrapIfClosure()
#25 /tmp/abdoElHodaky/larvrevrstender/services/payment-service/vendor/laravel/framework/src/Illuminate/Container/BoundMethod.php(35): Illuminate\\Container\\BoundMethod::callBoundMethod()
#26 /tmp/abdoElHodaky/larvrevrstender/services/payment-service/vendor/laravel/framework/src/Illuminate/Container/Container.php(799): Illuminate\\Container\\BoundMethod::call()
#27 /tmp/abdoElHodaky/larvrevrstender/services/payment-service/vendor/laravel/framework/src/Illuminate/Foundation/Application.php(1466): Illuminate\\Container\\Container->call()
#28 /tmp/abdoElHodaky/larvrevrstender/services/payment-service/vendor/laravel/framework/src/Illuminate/Foundation/Console/Kernel.php(219): Illuminate\\Foundation\\Application->terminate()
#29 /tmp/abdoElHodaky/larvrevrstender/services/payment-service/artisan(51): Illuminate\\Foundation\\Console\\Kernel->terminate()
#30 {main}
"} 
[2026-02-17 08:59:26] local.ERROR: SQLSTATE[HY000] [2002] Connection refused (Connection: mysql, Host: 127.0.0.1, Port: 3306, Database: payment_service, SQL: insert into `telescope_entries` (`batch_id`, `content`, `created_at`, `family_hash`, `type`, `uuid`) values (a1197a37-3a1a-4ef4-83df-98fd519fbada, {"command":"vendor:publish","exit_code":0,"arguments":{"command":"vendor:publish"},"options":{"existing":false,"force":false,"all":false,"provider":"Workflow\\WorkflowServiceProvider","tag":["migrations"],"help":false,"silent":false,"quiet":false,"verbose":false,"version":false,"ansi":null,"no-interaction":false,"env":null},"hostname":"modal"}, 2026-02-17 08:59:26, ?, command, a1197a37-3838-48db-80e8-dd787ec7d40f)) {"exception":"[object] (Illuminate\\Database\\QueryException(code: 2002): SQLSTATE[HY000] [2002] Connection refused (Connection: mysql, Host: 127.0.0.1, Port: 3306, Database: payment_service, SQL: insert into `telescope_entries` (`batch_id`, `content`, `created_at`, `family_hash`, `type`, `uuid`) values (a1197a37-3a1a-4ef4-83df-98fd519fbada, {\"command\":\"vendor:publish\",\"exit_code\":0,\"arguments\":{\"command\":\"vendor:publish\"},\"options\":{\"existing\":false,\"force\":false,\"all\":false,\"provider\":\"Workflow\\\\WorkflowServiceProvider\",\"tag\":[\"migrations\"],\"help\":false,\"silent\":false,\"quiet\":false,\"verbose\":false,\"version\":false,\"ansi\":null,\"no-interaction\":false,\"env\":null},\"hostname\":\"modal\"}, 2026-02-17 08:59:26, ?, command, a1197a37-3838-48db-80e8-dd787ec7d40f)) at /tmp/abdoElHodaky/larvrevrstender/services/payment-service/vendor/laravel/framework/src/Illuminate/Database/Connection.php:838)
[stacktrace]
#0 /tmp/abdoElHodaky/larvrevrstender/services/payment-service/vendor/laravel/framework/src/Illuminate/Database/Connection.php(999): Illuminate\\Database\\Connection->runQueryCallback()
#1 /tmp/abdoElHodaky/larvrevrstender/services/payment-service/vendor/laravel/framework/src/Illuminate/Database/Connection.php(978): Illuminate\\Database\\Connection->tryAgainIfCausedByLostConnection()
#2 /tmp/abdoElHodaky/larvrevrstender/services/payment-service/vendor/laravel/framework/src/Illuminate/Database/Connection.php(796): Illuminate\\Database\\Connection->handleQueryException()
#3 /tmp/abdoElHodaky/larvrevrstender/services/payment-service/vendor/laravel/framework/src/Illuminate/Database/MySqlConnection.php(42): Illuminate\\Database\\Connection->run()
#4 /tmp/abdoElHodaky/larvrevrstender/services/payment-service/vendor/laravel/framework/src/Illuminate/Database/Query/Builder.php(4054): Illuminate\\Database\\MySqlConnection->insert()
#5 /tmp/abdoElHodaky/larvrevrstender/services/payment-service/vendor/laravel/telescope/src/Storage/DatabaseEntriesRepository.php(145): Illuminate\\Database\\Query\\Builder->insert()
#6 /tmp/abdoElHodaky/larvrevrstender/services/payment-service/vendor/laravel/framework/src/Illuminate/Collections/Traits/EnumeratesValues.php(275): Laravel\\Telescope\\Storage\\DatabaseEntriesRepository->Laravel\\Telescope\\Storage\\{closure}()
#7 /tmp/abdoElHodaky/larvrevrstender/services/payment-service/vendor/laravel/telescope/src/Storage/DatabaseEntriesRepository.php(144): Illuminate\\Support\\Collection->each()
#8 /tmp/abdoElHodaky/larvrevrstender/services/payment-service/vendor/laravel/telescope/src/Telescope.php(664): Laravel\\Telescope\\Storage\\DatabaseEntriesRepository->store()
#9 [internal function]: Laravel\\Telescope\\Telescope::Laravel\\Telescope\\{closure}()
#10 /tmp/abdoElHodaky/larvrevrstender/services/payment-service/vendor/laravel/telescope/src/Telescope.php(289): call_user_func()
#11 /tmp/abdoElHodaky/larvrevrstender/services/payment-service/vendor/laravel/telescope/src/Telescope.php(656): Laravel\\Telescope\\Telescope::withoutRecording()
#12 /tmp/abdoElHodaky/larvrevrstender/services/payment-service/vendor/laravel/telescope/src/ListensForStorageOpportunities.php(65): Laravel\\Telescope\\Telescope::store()
#13 /tmp/abdoElHodaky/larvrevrstender/services/payment-service/vendor/laravel/framework/src/Illuminate/Container/BoundMethod.php(36): Laravel\\Telescope\\Telescope::Laravel\\Telescope\\{closure}()
#14 /tmp/abdoElHodaky/larvrevrstender/services/payment-service/vendor/laravel/framework/src/Illuminate/Container/Util.php(43): Illuminate\\Container\\BoundMethod::Illuminate\\Container\\{closure}()
#15 /tmp/abdoElHodaky/larvrevrstender/services/payment-service/vendor/laravel/framework/src/Illuminate/Container/BoundMethod.php(84): Illuminate\\Container\\Util::unwrapIfClosure()
#16 /tmp/abdoElHodaky/larvrevrstender/services/payment-service/vendor/laravel/framework/src/Illuminate/Container/BoundMethod.php(35): Illuminate\\Container\\BoundMethod::callBoundMethod()
#17 /tmp/abdoElHodaky/larvrevrstender/services/payment-service/vendor/laravel/framework/src/Illuminate/Container/Container.php(799): Illuminate\\Container\\BoundMethod::call()
#18 /tmp/abdoElHodaky/larvrevrstender/services/payment-service/vendor/laravel/framework/src/Illuminate/Foundation/Application.php(1466): Illuminate\\Container\\Container->call()
#19 /tmp/abdoElHodaky/larvrevrstender/services/payment-service/vendor/laravel/framework/src/Illuminate/Foundation/Console/Kernel.php(219): Illuminate\\Foundation\\Application->terminate()
#20 /tmp/abdoElHodaky/larvrevrstender/services/payment-service/artisan(51): Illuminate\\Foundation\\Console\\Kernel->terminate()
#21 {main}

[previous exception] [object] (PDOException(code: 2002): SQLSTATE[HY000] [2002] Connection refused at /tmp/abdoElHodaky/larvrevrstender/services/payment-service/vendor/laravel/framework/src/Illuminate/Database/Connectors/Connector.php:66)
[stacktrace]
#0 /tmp/abdoElHodaky/larvrevrstender/services/payment-service/vendor/laravel/framework/src/Illuminate/Database/Connectors/Connector.php(66): PDO->__construct()
#1 /tmp/abdoElHodaky/larvrevrstender/services/payment-service/vendor/laravel/framework/src/Illuminate/Database/Connectors/Connector.php(85): Illuminate\\Database\\Connectors\\Connector->createPdoConnection()
#2 /tmp/abdoElHodaky/larvrevrstender/services/payment-service/vendor/laravel/framework/src/Illuminate/Database/Connectors/Connector.php(48): Illuminate\\Database\\Connectors\\Connector->tryAgainIfCausedByLostConnection()
#3 /tmp/abdoElHodaky/larvrevrstender/services/payment-service/vendor/laravel/framework/src/Illuminate/Database/Connectors/MySqlConnector.php(24): Illuminate\\Database\\Connectors\\Connector->createConnection()
#4 /tmp/abdoElHodaky/larvrevrstender/services/payment-service/vendor/laravel/framework/src/Illuminate/Database/Connectors/ConnectionFactory.php(186): Illuminate\\Database\\Connectors\\MySqlConnector->connect()
#5 [internal function]: Illuminate\\Database\\Connectors\\ConnectionFactory->Illuminate\\Database\\Connectors\\{closure}()
#6 /tmp/abdoElHodaky/larvrevrstender/services/payment-service/vendor/laravel/framework/src/Illuminate/Database/Connection.php(1257): call_user_func()
#7 /tmp/abdoElHodaky/larvrevrstender/services/payment-service/vendor/laravel/framework/src/Illuminate/Database/MySqlConnection.php(47): Illuminate\\Database\\Connection->getPdo()
#8 /tmp/abdoElHodaky/larvrevrstender/services/payment-service/vendor/laravel/framework/src/Illuminate/Database/Connection.php(827): Illuminate\\Database\\MySqlConnection->Illuminate\\Database\\{closure}()
#9 /tmp/abdoElHodaky/larvrevrstender/services/payment-service/vendor/laravel/framework/src/Illuminate/Database/Connection.php(999): Illuminate\\Database\\Connection->runQueryCallback()
#10 /tmp/abdoElHodaky/larvrevrstender/services/payment-service/vendor/laravel/framework/src/Illuminate/Database/Connection.php(978): Illuminate\\Database\\Connection->tryAgainIfCausedByLostConnection()
#11 /tmp/abdoElHodaky/larvrevrstender/services/payment-service/vendor/laravel/framework/src/Illuminate/Database/Connection.php(796): Illuminate\\Database\\Connection->handleQueryException()
#12 /tmp/abdoElHodaky/larvrevrstender/services/payment-service/vendor/laravel/framework/src/Illuminate/Database/MySqlConnection.php(42): Illuminate\\Database\\Connection->run()
#13 /tmp/abdoElHodaky/larvrevrstender/services/payment-service/vendor/laravel/framework/src/Illuminate/Database/Query/Builder.php(4054): Illuminate\\Database\\MySqlConnection->insert()
#14 /tmp/abdoElHodaky/larvrevrstender/services/payment-service/vendor/laravel/telescope/src/Storage/DatabaseEntriesRepository.php(145): Illuminate\\Database\\Query\\Builder->insert()
#15 /tmp/abdoElHodaky/larvrevrstender/services/payment-service/vendor/laravel/framework/src/Illuminate/Collections/Traits/EnumeratesValues.php(275): Laravel\\Telescope\\Storage\\DatabaseEntriesRepository->Laravel\\Telescope\\Storage\\{closure}()
#16 /tmp/abdoElHodaky/larvrevrstender/services/payment-service/vendor/laravel/telescope/src/Storage/DatabaseEntriesRepository.php(144): Illuminate\\Support\\Collection->each()
#17 /tmp/abdoElHodaky/larvrevrstender/services/payment-service/vendor/laravel/telescope/src/Telescope.php(664): Laravel\\Telescope\\Storage\\DatabaseEntriesRepository->store()
#18 [internal function]: Laravel\\Telescope\\Telescope::Laravel\\Telescope\\{closure}()
#19 /tmp/abdoElHodaky/larvrevrstender/services/payment-service/vendor/laravel/telescope/src/Telescope.php(289): call_user_func()
#20 /tmp/abdoElHodaky/larvrevrstender/services/payment-service/vendor/laravel/telescope/src/Telescope.php(656): Laravel\\Telescope\\Telescope::withoutRecording()
#21 /tmp/abdoElHodaky/larvrevrstender/services/payment-service/vendor/laravel/telescope/src/ListensForStorageOpportunities.php(65): Laravel\\Telescope\\Telescope::store()
#22 /tmp/abdoElHodaky/larvrevrstender/services/payment-service/vendor/laravel/framework/src/Illuminate/Container/BoundMethod.php(36): Laravel\\Telescope\\Telescope::Laravel\\Telescope\\{closure}()
#23 /tmp/abdoElHodaky/larvrevrstender/services/payment-service/vendor/laravel/framework/src/Illuminate/Container/Util.php(43): Illuminate\\Container\\BoundMethod::Illuminate\\Container\\{closure}()
#24 /tmp/abdoElHodaky/larvrevrstender/services/payment-service/vendor/laravel/framework/src/Illuminate/Container/BoundMethod.php(84): Illuminate\\Container\\Util::unwrapIfClosure()
#25 /tmp/abdoElHodaky/larvrevrstender/services/payment-service/vendor/laravel/framework/src/Illuminate/Container/BoundMethod.php(35): Illuminate\\Container\\BoundMethod::callBoundMethod()
#26 /tmp/abdoElHodaky/larvrevrstender/services/payment-service/vendor/laravel/framework/src/Illuminate/Container/Container.php(799): Illuminate\\Container\\BoundMethod::call()
#27 /tmp/abdoElHodaky/larvrevrstender/services/payment-service/vendor/laravel/framework/src/Illuminate/Foundation/Application.php(1466): Illuminate\\Container\\Container->call()
#28 /tmp/abdoElHodaky/larvrevrstender/services/payment-service/vendor/laravel/framework/src/Illuminate/Foundation/Console/Kernel.php(219): Illuminate\\Foundation\\Application->terminate()
#29 /tmp/abdoElHodaky/larvrevrstender/services/payment-service/artisan(51): Illuminate\\Foundation\\Console\\Kernel->terminate()
#30 {main}
"} 
[2026-02-17 06:00:15] testing.ERROR: SQLSTATE[HY000] [2002] Connection refused (Connection: mysql, Host: 127.0.0.1, Port: 3306, Database: laravel, SQL: insert into `telescope_entries` (`batch_id`, `content`, `created_at`, `family_hash`, `type`, `uuid`) values (a1197a81-47e1-4afd-9722-d6c57c6c6194, {"connection":"sqlite","driver":"sqlite","bindings":[],"sql":"select exists (select 1 from \"main\".sqlite_master where name = 'migrations' and type = 'table') as \"exists\"","time":"2.41","slow":false,"file":"\/tmp\/abdoElHodaky\/larvrevrstender\/services\/payment-service\/artisan","line":35,"hash":"38099705c85292ffaed0ba8949c6d9ae","hostname":"modal"}, 2026-02-17 06:00:15, ?, query, a1197a81-418b-45b2-afc8-31ecabcfad9e), (a1197a81-47e1-4afd-9722-d6c57c6c6194, {"connection":"sqlite","driver":"sqlite","bindings":[],"sql":"select exists (select 1 from \"main\".sqlite_master where name = 'migrations' and type = 'table') as \"exists\"","time":"0.18","slow":false,"file":"\/tmp\/abdoElHodaky\/larvrevrstender\/services\/payment-service\/artisan","line":35,"hash":"38099705c85292ffaed0ba8949c6d9ae","hostname":"modal"}, 2026-02-17 06:00:15, ?, query, a1197a81-431d-46a8-834f-09d1c4e4f3be), (a1197a81-47e1-4afd-9722-d6c57c6c6194, {"connection":"sqlite","driver":"sqlite","bindings":[],"sql":"select \"migration\" from \"migrations\" order by \"batch\" asc, \"migration\" asc","time":"0.18","slow":false,"file":"\/tmp\/abdoElHodaky\/larvrevrstender\/services\/payment-service\/artisan","line":35,"hash":"84af29f5c40ba2eeda76663cdfcee4df","hostname":"modal"}, 2026-02-17 06:00:15, ?, query, a1197a81-4492-4ace-af69-5eec0d9027f2), (a1197a81-47e1-4afd-9722-d6c57c6c6194, {"connection":"sqlite","driver":"sqlite","bindings":[],"sql":"select \"migration\" from \"migrations\" order by \"batch\" asc, \"migration\" asc","time":"0.10","slow":false,"file":"\/tmp\/abdoElHodaky\/larvrevrstender\/services\/payment-service\/artisan","line":35,"hash":"84af29f5c40ba2eeda76663cdfcee4df","hostname":"modal"}, 2026-02-17 06:00:15, ?, query, a1197a81-44d0-4b70-8973-012ac092e8f4)) {"exception":"[object] (Illuminate\\Database\\QueryException(code: 2002): SQLSTATE[HY000] [2002] Connection refused (Connection: mysql, Host: 127.0.0.1, Port: 3306, Database: laravel, SQL: insert into `telescope_entries` (`batch_id`, `content`, `created_at`, `family_hash`, `type`, `uuid`) values (a1197a81-47e1-4afd-9722-d6c57c6c6194, {\"connection\":\"sqlite\",\"driver\":\"sqlite\",\"bindings\":[],\"sql\":\"select exists (select 1 from \\\"main\\\".sqlite_master where name = 'migrations' and type = 'table') as \\\"exists\\\"\",\"time\":\"2.41\",\"slow\":false,\"file\":\"\\/tmp\\/abdoElHodaky\\/larvrevrstender\\/services\\/payment-service\\/artisan\",\"line\":35,\"hash\":\"38099705c85292ffaed0ba8949c6d9ae\",\"hostname\":\"modal\"}, 2026-02-17 06:00:15, ?, query, a1197a81-418b-45b2-afc8-31ecabcfad9e), (a1197a81-47e1-4afd-9722-d6c57c6c6194, {\"connection\":\"sqlite\",\"driver\":\"sqlite\",\"bindings\":[],\"sql\":\"select exists (select 1 from \\\"main\\\".sqlite_master where name = 'migrations' and type = 'table') as \\\"exists\\\"\",\"time\":\"0.18\",\"slow\":false,\"file\":\"\\/tmp\\/abdoElHodaky\\/larvrevrstender\\/services\\/payment-service\\/artisan\",\"line\":35,\"hash\":\"38099705c85292ffaed0ba8949c6d9ae\",\"hostname\":\"modal\"}, 2026-02-17 06:00:15, ?, query, a1197a81-431d-46a8-834f-09d1c4e4f3be), (a1197a81-47e1-4afd-9722-d6c57c6c6194, {\"connection\":\"sqlite\",\"driver\":\"sqlite\",\"bindings\":[],\"sql\":\"select \\\"migration\\\" from \\\"migrations\\\" order by \\\"batch\\\" asc, \\\"migration\\\" asc\",\"time\":\"0.18\",\"slow\":false,\"file\":\"\\/tmp\\/abdoElHodaky\\/larvrevrstender\\/services\\/payment-service\\/artisan\",\"line\":35,\"hash\":\"84af29f5c40ba2eeda76663cdfcee4df\",\"hostname\":\"modal\"}, 2026-02-17 06:00:15, ?, query, a1197a81-4492-4ace-af69-5eec0d9027f2), (a1197a81-47e1-4afd-9722-d6c57c6c6194, {\"connection\":\"sqlite\",\"driver\":\"sqlite\",\"bindings\":[],\"sql\":\"select \\\"migration\\\" from \\\"migrations\\\" order by \\\"batch\\\" asc, \\\"migration\\\" asc\",\"time\":\"0.10\",\"slow\":false,\"file\":\"\\/tmp\\/abdoElHodaky\\/larvrevrstender\\/services\\/payment-service\\/artisan\",\"line\":35,\"hash\":\"84af29f5c40ba2eeda76663cdfcee4df\",\"hostname\":\"modal\"}, 2026-02-17 06:00:15, ?, query, a1197a81-44d0-4b70-8973-012ac092e8f4)) at /tmp/abdoElHodaky/larvrevrstender/services/payment-service/vendor/laravel/framework/src/Illuminate/Database/Connection.php:838)
[stacktrace]
#0 /tmp/abdoElHodaky/larvrevrstender/services/payment-service/vendor/laravel/framework/src/Illuminate/Database/Connection.php(999): Illuminate\\Database\\Connection->runQueryCallback()
#1 /tmp/abdoElHodaky/larvrevrstender/services/payment-service/vendor/laravel/framework/src/Illuminate/Database/Connection.php(978): Illuminate\\Database\\Connection->tryAgainIfCausedByLostConnection()
#2 /tmp/abdoElHodaky/larvrevrstender/services/payment-service/vendor/laravel/framework/src/Illuminate/Database/Connection.php(796): Illuminate\\Database\\Connection->handleQueryException()
#3 /tmp/abdoElHodaky/larvrevrstender/services/payment-service/vendor/laravel/framework/src/Illuminate/Database/MySqlConnection.php(42): Illuminate\\Database\\Connection->run()
#4 /tmp/abdoElHodaky/larvrevrstender/services/payment-service/vendor/laravel/framework/src/Illuminate/Database/Query/Builder.php(4054): Illuminate\\Database\\MySqlConnection->insert()
#5 /tmp/abdoElHodaky/larvrevrstender/services/payment-service/vendor/laravel/telescope/src/Storage/DatabaseEntriesRepository.php(145): Illuminate\\Database\\Query\\Builder->insert()
#6 /tmp/abdoElHodaky/larvrevrstender/services/payment-service/vendor/laravel/framework/src/Illuminate/Collections/Traits/EnumeratesValues.php(275): Laravel\\Telescope\\Storage\\DatabaseEntriesRepository->Laravel\\Telescope\\Storage\\{closure}()
#7 /tmp/abdoElHodaky/larvrevrstender/services/payment-service/vendor/laravel/telescope/src/Storage/DatabaseEntriesRepository.php(144): Illuminate\\Support\\Collection->each()
#8 /tmp/abdoElHodaky/larvrevrstender/services/payment-service/vendor/laravel/telescope/src/Telescope.php(664): Laravel\\Telescope\\Storage\\DatabaseEntriesRepository->store()
#9 [internal function]: Laravel\\Telescope\\Telescope::Laravel\\Telescope\\{closure}()
#10 /tmp/abdoElHodaky/larvrevrstender/services/payment-service/vendor/laravel/telescope/src/Telescope.php(289): call_user_func()
#11 /tmp/abdoElHodaky/larvrevrstender/services/payment-service/vendor/laravel/telescope/src/Telescope.php(656): Laravel\\Telescope\\Telescope::withoutRecording()
#12 /tmp/abdoElHodaky/larvrevrstender/services/payment-service/vendor/laravel/telescope/src/ListensForStorageOpportunities.php(65): Laravel\\Telescope\\Telescope::store()
#13 /tmp/abdoElHodaky/larvrevrstender/services/payment-service/vendor/laravel/framework/src/Illuminate/Container/BoundMethod.php(36): Laravel\\Telescope\\Telescope::Laravel\\Telescope\\{closure}()
#14 /tmp/abdoElHodaky/larvrevrstender/services/payment-service/vendor/laravel/framework/src/Illuminate/Container/Util.php(43): Illuminate\\Container\\BoundMethod::Illuminate\\Container\\{closure}()
#15 /tmp/abdoElHodaky/larvrevrstender/services/payment-service/vendor/laravel/framework/src/Illuminate/Container/BoundMethod.php(84): Illuminate\\Container\\Util::unwrapIfClosure()
#16 /tmp/abdoElHodaky/larvrevrstender/services/payment-service/vendor/laravel/framework/src/Illuminate/Container/BoundMethod.php(35): Illuminate\\Container\\BoundMethod::callBoundMethod()
#17 /tmp/abdoElHodaky/larvrevrstender/services/payment-service/vendor/laravel/framework/src/Illuminate/Container/Container.php(799): Illuminate\\Container\\BoundMethod::call()
#18 /tmp/abdoElHodaky/larvrevrstender/services/payment-service/vendor/laravel/framework/src/Illuminate/Foundation/Application.php(1466): Illuminate\\Container\\Container->call()
#19 /tmp/abdoElHodaky/larvrevrstender/services/payment-service/vendor/laravel/framework/src/Illuminate/Foundation/Console/Kernel.php(219): Illuminate\\Foundation\\Application->terminate()
#20 /tmp/abdoElHodaky/larvrevrstender/services/payment-service/artisan(51): Illuminate\\Foundation\\Console\\Kernel->terminate()
#21 {main}

[previous exception] [object] (PDOException(code: 2002): SQLSTATE[HY000] [2002] Connection refused at /tmp/abdoElHodaky/larvrevrstender/services/payment-service/vendor/laravel/framework/src/Illuminate/Database/Connectors/Connector.php:66)
[stacktrace]
#0 /tmp/abdoElHodaky/larvrevrstender/services/payment-service/vendor/laravel/framework/src/Illuminate/Database/Connectors/Connector.php(66): PDO->__construct()
#1 /tmp/abdoElHodaky/larvrevrstender/services/payment-service/vendor/laravel/framework/src/Illuminate/Database/Connectors/Connector.php(85): Illuminate\\Database\\Connectors\\Connector->createPdoConnection()
#2 /tmp/abdoElHodaky/larvrevrstender/services/payment-service/vendor/laravel/framework/src/Illuminate/Database/Connectors/Connector.php(48): Illuminate\\Database\\Connectors\\Connector->tryAgainIfCausedByLostConnection()
#3 /tmp/abdoElHodaky/larvrevrstender/services/payment-service/vendor/laravel/framework/src/Illuminate/Database/Connectors/MySqlConnector.php(24): Illuminate\\Database\\Connectors\\Connector->createConnection()
#4 /tmp/abdoElHodaky/larvrevrstender/services/payment-service/vendor/laravel/framework/src/Illuminate/Database/Connectors/ConnectionFactory.php(186): Illuminate\\Database\\Connectors\\MySqlConnector->connect()
#5 [internal function]: Illuminate\\Database\\Connectors\\ConnectionFactory->Illuminate\\Database\\Connectors\\{closure}()
#6 /tmp/abdoElHodaky/larvrevrstender/services/payment-service/vendor/laravel/framework/src/Illuminate/Database/Connection.php(1257): call_user_func()
#7 /tmp/abdoElHodaky/larvrevrstender/services/payment-service/vendor/laravel/framework/src/Illuminate/Database/MySqlConnection.php(47): Illuminate\\Database\\Connection->getPdo()
#8 /tmp/abdoElHodaky/larvrevrstender/services/payment-service/vendor/laravel/framework/src/Illuminate/Database/Connection.php(827): Illuminate\\Database\\MySqlConnection->Illuminate\\Database\\{closure}()
#9 /tmp/abdoElHodaky/larvrevrstender/services/payment-service/vendor/laravel/framework/src/Illuminate/Database/Connection.php(999): Illuminate\\Database\\Connection->runQueryCallback()
#10 /tmp/abdoElHodaky/larvrevrstender/services/payment-service/vendor/laravel/framework/src/Illuminate/Database/Connection.php(978): Illuminate\\Database\\Connection->tryAgainIfCausedByLostConnection()
#11 /tmp/abdoElHodaky/larvrevrstender/services/payment-service/vendor/laravel/framework/src/Illuminate/Database/Connection.php(796): Illuminate\\Database\\Connection->handleQueryException()
#12 /tmp/abdoElHodaky/larvrevrstender/services/payment-service/vendor/laravel/framework/src/Illuminate/Database/MySqlConnection.php(42): Illuminate\\Database\\Connection->run()
#13 /tmp/abdoElHodaky/larvrevrstender/services/payment-service/vendor/laravel/framework/src/Illuminate/Database/Query/Builder.php(4054): Illuminate\\Database\\MySqlConnection->insert()
#14 /tmp/abdoElHodaky/larvrevrstender/services/payment-service/vendor/laravel/telescope/src/Storage/DatabaseEntriesRepository.php(145): Illuminate\\Database\\Query\\Builder->insert()
#15 /tmp/abdoElHodaky/larvrevrstender/services/payment-service/vendor/laravel/framework/src/Illuminate/Collections/Traits/EnumeratesValues.php(275): Laravel\\Telescope\\Storage\\DatabaseEntriesRepository->Laravel\\Telescope\\Storage\\{closure}()
#16 /tmp/abdoElHodaky/larvrevrstender/services/payment-service/vendor/laravel/telescope/src/Storage/DatabaseEntriesRepository.php(144): Illuminate\\Support\\Collection->each()
#17 /tmp/abdoElHodaky/larvrevrstender/services/payment-service/vendor/laravel/telescope/src/Telescope.php(664): Laravel\\Telescope\\Storage\\DatabaseEntriesRepository->store()
#18 [internal function]: Laravel\\Telescope\\Telescope::Laravel\\Telescope\\{closure}()
#19 /tmp/abdoElHodaky/larvrevrstender/services/payment-service/vendor/laravel/telescope/src/Telescope.php(289): call_user_func()
#20 /tmp/abdoElHodaky/larvrevrstender/services/payment-service/vendor/laravel/telescope/src/Telescope.php(656): Laravel\\Telescope\\Telescope::withoutRecording()
#21 /tmp/abdoElHodaky/larvrevrstender/services/payment-service/vendor/laravel/telescope/src/ListensForStorageOpportunities.php(65): Laravel\\Telescope\\Telescope::store()
#22 /tmp/abdoElHodaky/larvrevrstender/services/payment-service/vendor/laravel/framework/src/Illuminate/Container/BoundMethod.php(36): Laravel\\Telescope\\Telescope::Laravel\\Telescope\\{closure}()
#23 /tmp/abdoElHodaky/larvrevrstender/services/payment-service/vendor/laravel/framework/src/Illuminate/Container/Util.php(43): Illuminate\\Container\\BoundMethod::Illuminate\\Container\\{closure}()
#24 /tmp/abdoElHodaky/larvrevrstender/services/payment-service/vendor/laravel/framework/src/Illuminate/Container/BoundMethod.php(84): Illuminate\\Container\\Util::unwrapIfClosure()
#25 /tmp/abdoElHodaky/larvrevrstender/services/payment-service/vendor/laravel/framework/src/Illuminate/Container/BoundMethod.php(35): Illuminate\\Container\\BoundMethod::callBoundMethod()
#26 /tmp/abdoElHodaky/larvrevrstender/services/payment-service/vendor/laravel/framework/src/Illuminate/Container/Container.php(799): Illuminate\\Container\\BoundMethod::call()
#27 /tmp/abdoElHodaky/larvrevrstender/services/payment-service/vendor/laravel/framework/src/Illuminate/Foundation/Application.php(1466): Illuminate\\Container\\Container->call()
#28 /tmp/abdoElHodaky/larvrevrstender/services/payment-service/vendor/laravel/framework/src/Illuminate/Foundation/Console/Kernel.php(219): Illuminate\\Foundation\\Application->terminate()
#29 /tmp/abdoElHodaky/larvrevrstender/services/payment-service/artisan(51): Illuminate\\Foundation\\Console\\Kernel->terminate()
#30 {main}
"} 
[2026-02-17 06:00:24] testing.ERROR: SQLSTATE[HY000] [2002] Connection refused (Connection: mysql, Host: 127.0.0.1, Port: 3306, Database: laravel, SQL: insert into `telescope_entries` (`batch_id`, `content`, `created_at`, `family_hash`, `type`, `uuid`) values (a1197a8f-8ca8-4f01-bf42-44176735d2a0, {"connection":"sqlite","driver":"sqlite","bindings":[],"sql":"select exists (select 1 from \"main\".sqlite_master where name = 'migrations' and type = 'table') as \"exists\"","time":"2.39","slow":false,"file":"\/tmp\/abdoElHodaky\/larvrevrstender\/services\/payment-service\/artisan","line":35,"hash":"38099705c85292ffaed0ba8949c6d9ae","hostname":"modal"}, 2026-02-17 06:00:24, ?, query, a1197a8f-8400-47e6-8b02-d498240daafa), (a1197a8f-8ca8-4f01-bf42-44176735d2a0, {"connection":"sqlite","driver":"sqlite","bindings":[],"sql":"select \"migration\" from \"migrations\" order by \"batch\" asc, \"migration\" asc","time":"0.19","slow":false,"file":"\/tmp\/abdoElHodaky\/larvrevrstender\/services\/payment-service\/artisan","line":35,"hash":"84af29f5c40ba2eeda76663cdfcee4df","hostname":"modal"}, 2026-02-17 06:00:24, ?, query, a1197a8f-86d0-4c94-87d9-7a3c8c8c8743), (a1197a8f-8ca8-4f01-bf42-44176735d2a0, {"connection":"sqlite","driver":"sqlite","bindings":[],"sql":"select \"batch\", \"migration\" from \"migrations\" order by \"batch\" asc, \"migration\" asc","time":"0.10","slow":false,"file":"\/tmp\/abdoElHodaky\/larvrevrstender\/services\/payment-service\/artisan","line":35,"hash":"1b6c8ec237e77c97928a842aa3b464d4","hostname":"modal"}, 2026-02-17 06:00:24, ?, query, a1197a8f-86f3-41df-b14a-506c053a973b)) {"exception":"[object] (Illuminate\\Database\\QueryException(code: 2002): SQLSTATE[HY000] [2002] Connection refused (Connection: mysql, Host: 127.0.0.1, Port: 3306, Database: laravel, SQL: insert into `telescope_entries` (`batch_id`, `content`, `created_at`, `family_hash`, `type`, `uuid`) values (a1197a8f-8ca8-4f01-bf42-44176735d2a0, {\"connection\":\"sqlite\",\"driver\":\"sqlite\",\"bindings\":[],\"sql\":\"select exists (select 1 from \\\"main\\\".sqlite_master where name = 'migrations' and type = 'table') as \\\"exists\\\"\",\"time\":\"2.39\",\"slow\":false,\"file\":\"\\/tmp\\/abdoElHodaky\\/larvrevrstender\\/services\\/payment-service\\/artisan\",\"line\":35,\"hash\":\"38099705c85292ffaed0ba8949c6d9ae\",\"hostname\":\"modal\"}, 2026-02-17 06:00:24, ?, query, a1197a8f-8400-47e6-8b02-d498240daafa), (a1197a8f-8ca8-4f01-bf42-44176735d2a0, {\"connection\":\"sqlite\",\"driver\":\"sqlite\",\"bindings\":[],\"sql\":\"select \\\"migration\\\" from \\\"migrations\\\" order by \\\"batch\\\" asc, \\\"migration\\\" asc\",\"time\":\"0.19\",\"slow\":false,\"file\":\"\\/tmp\\/abdoElHodaky\\/larvrevrstender\\/services\\/payment-service\\/artisan\",\"line\":35,\"hash\":\"84af29f5c40ba2eeda76663cdfcee4df\",\"hostname\":\"modal\"}, 2026-02-17 06:00:24, ?, query, a1197a8f-86d0-4c94-87d9-7a3c8c8c8743), (a1197a8f-8ca8-4f01-bf42-44176735d2a0, {\"connection\":\"sqlite\",\"driver\":\"sqlite\",\"bindings\":[],\"sql\":\"select \\\"batch\\\", \\\"migration\\\" from \\\"migrations\\\" order by \\\"batch\\\" asc, \\\"migration\\\" asc\",\"time\":\"0.10\",\"slow\":false,\"file\":\"\\/tmp\\/abdoElHodaky\\/larvrevrstender\\/services\\/payment-service\\/artisan\",\"line\":35,\"hash\":\"1b6c8ec237e77c97928a842aa3b464d4\",\"hostname\":\"modal\"}, 2026-02-17 06:00:24, ?, query, a1197a8f-86f3-41df-b14a-506c053a973b)) at /tmp/abdoElHodaky/larvrevrstender/services/payment-service/vendor/laravel/framework/src/Illuminate/Database/Connection.php:838)
[stacktrace]
#0 /tmp/abdoElHodaky/larvrevrstender/services/payment-service/vendor/laravel/framework/src/Illuminate/Database/Connection.php(999): Illuminate\\Database\\Connection->runQueryCallback()
#1 /tmp/abdoElHodaky/larvrevrstender/services/payment-service/vendor/laravel/framework/src/Illuminate/Database/Connection.php(978): Illuminate\\Database\\Connection->tryAgainIfCausedByLostConnection()
#2 /tmp/abdoElHodaky/larvrevrstender/services/payment-service/vendor/laravel/framework/src/Illuminate/Database/Connection.php(796): Illuminate\\Database\\Connection->handleQueryException()
#3 /tmp/abdoElHodaky/larvrevrstender/services/payment-service/vendor/laravel/framework/src/Illuminate/Database/MySqlConnection.php(42): Illuminate\\Database\\Connection->run()
#4 /tmp/abdoElHodaky/larvrevrstender/services/payment-service/vendor/laravel/framework/src/Illuminate/Database/Query/Builder.php(4054): Illuminate\\Database\\MySqlConnection->insert()
#5 /tmp/abdoElHodaky/larvrevrstender/services/payment-service/vendor/laravel/telescope/src/Storage/DatabaseEntriesRepository.php(145): Illuminate\\Database\\Query\\Builder->insert()
#6 /tmp/abdoElHodaky/larvrevrstender/services/payment-service/vendor/laravel/framework/src/Illuminate/Collections/Traits/EnumeratesValues.php(275): Laravel\\Telescope\\Storage\\DatabaseEntriesRepository->Laravel\\Telescope\\Storage\\{closure}()
#7 /tmp/abdoElHodaky/larvrevrstender/services/payment-service/vendor/laravel/telescope/src/Storage/DatabaseEntriesRepository.php(144): Illuminate\\Support\\Collection->each()
#8 /tmp/abdoElHodaky/larvrevrstender/services/payment-service/vendor/laravel/telescope/src/Telescope.php(664): Laravel\\Telescope\\Storage\\DatabaseEntriesRepository->store()
#9 [internal function]: Laravel\\Telescope\\Telescope::Laravel\\Telescope\\{closure}()
#10 /tmp/abdoElHodaky/larvrevrstender/services/payment-service/vendor/laravel/telescope/src/Telescope.php(289): call_user_func()
#11 /tmp/abdoElHodaky/larvrevrstender/services/payment-service/vendor/laravel/telescope/src/Telescope.php(656): Laravel\\Telescope\\Telescope::withoutRecording()
#12 /tmp/abdoElHodaky/larvrevrstender/services/payment-service/vendor/laravel/telescope/src/ListensForStorageOpportunities.php(65): Laravel\\Telescope\\Telescope::store()
#13 /tmp/abdoElHodaky/larvrevrstender/services/payment-service/vendor/laravel/framework/src/Illuminate/Container/BoundMethod.php(36): Laravel\\Telescope\\Telescope::Laravel\\Telescope\\{closure}()
#14 /tmp/abdoElHodaky/larvrevrstender/services/payment-service/vendor/laravel/framework/src/Illuminate/Container/Util.php(43): Illuminate\\Container\\BoundMethod::Illuminate\\Container\\{closure}()
#15 /tmp/abdoElHodaky/larvrevrstender/services/payment-service/vendor/laravel/framework/src/Illuminate/Container/BoundMethod.php(84): Illuminate\\Container\\Util::unwrapIfClosure()
#16 /tmp/abdoElHodaky/larvrevrstender/services/payment-service/vendor/laravel/framework/src/Illuminate/Container/BoundMethod.php(35): Illuminate\\Container\\BoundMethod::callBoundMethod()
#17 /tmp/abdoElHodaky/larvrevrstender/services/payment-service/vendor/laravel/framework/src/Illuminate/Container/Container.php(799): Illuminate\\Container\\BoundMethod::call()
#18 /tmp/abdoElHodaky/larvrevrstender/services/payment-service/vendor/laravel/framework/src/Illuminate/Foundation/Application.php(1466): Illuminate\\Container\\Container->call()
#19 /tmp/abdoElHodaky/larvrevrstender/services/payment-service/vendor/laravel/framework/src/Illuminate/Foundation/Console/Kernel.php(219): Illuminate\\Foundation\\Application->terminate()
#20 /tmp/abdoElHodaky/larvrevrstender/services/payment-service/artisan(51): Illuminate\\Foundation\\Console\\Kernel->terminate()
#21 {main}

[previous exception] [object] (PDOException(code: 2002): SQLSTATE[HY000] [2002] Connection refused at /tmp/abdoElHodaky/larvrevrstender/services/payment-service/vendor/laravel/framework/src/Illuminate/Database/Connectors/Connector.php:66)
[stacktrace]
#0 /tmp/abdoElHodaky/larvrevrstender/services/payment-service/vendor/laravel/framework/src/Illuminate/Database/Connectors/Connector.php(66): PDO->__construct()
#1 /tmp/abdoElHodaky/larvrevrstender/services/payment-service/vendor/laravel/framework/src/Illuminate/Database/Connectors/Connector.php(85): Illuminate\\Database\\Connectors\\Connector->createPdoConnection()
#2 /tmp/abdoElHodaky/larvrevrstender/services/payment-service/vendor/laravel/framework/src/Illuminate/Database/Connectors/Connector.php(48): Illuminate\\Database\\Connectors\\Connector->tryAgainIfCausedByLostConnection()
#3 /tmp/abdoElHodaky/larvrevrstender/services/payment-service/vendor/laravel/framework/src/Illuminate/Database/Connectors/MySqlConnector.php(24): Illuminate\\Database\\Connectors\\Connector->createConnection()
#4 /tmp/abdoElHodaky/larvrevrstender/services/payment-service/vendor/laravel/framework/src/Illuminate/Database/Connectors/ConnectionFactory.php(186): Illuminate\\Database\\Connectors\\MySqlConnector->connect()
#5 [internal function]: Illuminate\\Database\\Connectors\\ConnectionFactory->Illuminate\\Database\\Connectors\\{closure}()
#6 /tmp/abdoElHodaky/larvrevrstender/services/payment-service/vendor/laravel/framework/src/Illuminate/Database/Connection.php(1257): call_user_func()
#7 /tmp/abdoElHodaky/larvrevrstender/services/payment-service/vendor/laravel/framework/src/Illuminate/Database/MySqlConnection.php(47): Illuminate\\Database\\Connection->getPdo()
#8 /tmp/abdoElHodaky/larvrevrstender/services/payment-service/vendor/laravel/framework/src/Illuminate/Database/Connection.php(827): Illuminate\\Database\\MySqlConnection->Illuminate\\Database\\{closure}()
#9 /tmp/abdoElHodaky/larvrevrstender/services/payment-service/vendor/laravel/framework/src/Illuminate/Database/Connection.php(999): Illuminate\\Database\\Connection->runQueryCallback()
#10 /tmp/abdoElHodaky/larvrevrstender/services/payment-service/vendor/laravel/framework/src/Illuminate/Database/Connection.php(978): Illuminate\\Database\\Connection->tryAgainIfCausedByLostConnection()
#11 /tmp/abdoElHodaky/larvrevrstender/services/payment-service/vendor/laravel/framework/src/Illuminate/Database/Connection.php(796): Illuminate\\Database\\Connection->handleQueryException()
#12 /tmp/abdoElHodaky/larvrevrstender/services/payment-service/vendor/laravel/framework/src/Illuminate/Database/MySqlConnection.php(42): Illuminate\\Database\\Connection->run()
#13 /tmp/abdoElHodaky/larvrevrstender/services/payment-service/vendor/laravel/framework/src/Illuminate/Database/Query/Builder.php(4054): Illuminate\\Database\\MySqlConnection->insert()
#14 /tmp/abdoElHodaky/larvrevrstender/services/payment-service/vendor/laravel/telescope/src/Storage/DatabaseEntriesRepository.php(145): Illuminate\\Database\\Query\\Builder->insert()
#15 /tmp/abdoElHodaky/larvrevrstender/services/payment-service/vendor/laravel/framework/src/Illuminate/Collections/Traits/EnumeratesValues.php(275): Laravel\\Telescope\\Storage\\DatabaseEntriesRepository->Laravel\\Telescope\\Storage\\{closure}()
#16 /tmp/abdoElHodaky/larvrevrstender/services/payment-service/vendor/laravel/telescope/src/Storage/DatabaseEntriesRepository.php(144): Illuminate\\Support\\Collection->each()
#17 /tmp/abdoElHodaky/larvrevrstender/services/payment-service/vendor/laravel/telescope/src/Telescope.php(664): Laravel\\Telescope\\Storage\\DatabaseEntriesRepository->store()
#18 [internal function]: Laravel\\Telescope\\Telescope::Laravel\\Telescope\\{closure}()
#19 /tmp/abdoElHodaky/larvrevrstender/services/payment-service/vendor/laravel/telescope/src/Telescope.php(289): call_user_func()
#20 /tmp/abdoElHodaky/larvrevrstender/services/payment-service/vendor/laravel/telescope/src/Telescope.php(656): Laravel\\Telescope\\Telescope::withoutRecording()
#21 /tmp/abdoElHodaky/larvrevrstender/services/payment-service/vendor/laravel/telescope/src/ListensForStorageOpportunities.php(65): Laravel\\Telescope\\Telescope::store()
#22 /tmp/abdoElHodaky/larvrevrstender/services/payment-service/vendor/laravel/framework/src/Illuminate/Container/BoundMethod.php(36): Laravel\\Telescope\\Telescope::Laravel\\Telescope\\{closure}()
#23 /tmp/abdoElHodaky/larvrevrstender/services/payment-service/vendor/laravel/framework/src/Illuminate/Container/Util.php(43): Illuminate\\Container\\BoundMethod::Illuminate\\Container\\{closure}()
#24 /tmp/abdoElHodaky/larvrevrstender/services/payment-service/vendor/laravel/framework/src/Illuminate/Container/BoundMethod.php(84): Illuminate\\Container\\Util::unwrapIfClosure()
#25 /tmp/abdoElHodaky/larvrevrstender/services/payment-service/vendor/laravel/framework/src/Illuminate/Container/BoundMethod.php(35): Illuminate\\Container\\BoundMethod::callBoundMethod()
#26 /tmp/abdoElHodaky/larvrevrstender/services/payment-service/vendor/laravel/framework/src/Illuminate/Container/Container.php(799): Illuminate\\Container\\BoundMethod::call()
#27 /tmp/abdoElHodaky/larvrevrstender/services/payment-service/vendor/laravel/framework/src/Illuminate/Foundation/Application.php(1466): Illuminate\\Container\\Container->call()
#28 /tmp/abdoElHodaky/larvrevrstender/services/payment-service/vendor/laravel/framework/src/Illuminate/Foundation/Console/Kernel.php(219): Illuminate\\Foundation\\Application->terminate()
#29 /tmp/abdoElHodaky/larvrevrstender/services/payment-service/artisan(51): Illuminate\\Foundation\\Console\\Kernel->terminate()
#30 {main}
"} 
[2026-02-17 06:02:10] testing.INFO: PaymentProcessingSaga started {"workflow_id":1,"order_id":12345,"customer_id":67890,"amount":100.0,"payment_method":"card"} 
[2026-02-17 06:02:10] testing.INFO: Procedure registered {"name":"events","class":"Shared\\Procedures\\CrossServiceProcedure","type":"micro"} 
[2026-02-17 06:02:10] testing.INFO: Procedure registered {"name":"cache","class":"Shared\\Procedures\\CrossServiceProcedure","type":"micro"} 
[2026-02-17 06:02:10] testing.INFO: Procedure registered {"name":"notification","class":"Shared\\Procedures\\CrossServiceProcedure","type":"micro"} 
[2026-02-17 06:02:10] testing.INFO: Procedure registered {"name":"validation","class":"Shared\\Procedures\\CrossServiceProcedure","type":"micro"} 
[2026-02-17 06:02:10] testing.INFO: Procedure registered {"name":"security","class":"Shared\\Procedures\\CrossServiceProcedure","type":"micro"} 
[2026-02-17 06:02:10] testing.INFO: Procedure registered {"name":"circuit_breaker","class":"Shared\\Procedures\\CrossServiceProcedure","type":"micro"} 
[2026-02-17 06:02:10] testing.INFO: Procedure registered {"name":"queue_circuit_breaker","class":"Shared\\Procedures\\CrossServiceProcedure","type":"micro"} 
[2026-02-17 06:02:10] testing.INFO: Procedure registered {"name":"third_party_integration","class":"Shared\\Procedures\\CrossServiceProcedure","type":"micro"} 
[2026-02-17 06:02:10] testing.INFO: Procedure registered {"name":"workflow","class":"Shared\\Procedures\\CrossServiceProcedure","type":"macro"} 
[2026-02-17 06:02:10] testing.ERROR: PaymentProcessingSaga encountered error, executing compensations {"workflow_id":1,"error":"Typed property Workflow\\Activity::$storedWorkflow must not be accessed before initialization","trace":"#0 /tmp/abdoElHodaky/larvrevrstender/services/payment-service/vendor/laravel/framework/src/Illuminate/Queue/CallQueuedHandler.php(360): Workflow\\Activity->failed()
#1 /tmp/abdoElHodaky/larvrevrstender/services/payment-service/vendor/laravel/framework/src/Illuminate/Queue/Jobs/Job.php(254): Illuminate\\Queue\\CallQueuedHandler->failed()
#2 /tmp/abdoElHodaky/larvrevrstender/services/payment-service/vendor/laravel/framework/src/Illuminate/Queue/Jobs/Job.php(219): Illuminate\\Queue\\Jobs\\Job->failed()
#3 /tmp/abdoElHodaky/larvrevrstender/services/payment-service/vendor/laravel/framework/src/Illuminate/Queue/SyncQueue.php(224): Illuminate\\Queue\\Jobs\\Job->fail()
#4 /tmp/abdoElHodaky/larvrevrstender/services/payment-service/vendor/laravel/framework/src/Illuminate/Queue/SyncQueue.php(137): Illuminate\\Queue\\SyncQueue->handleException()
#5 /tmp/abdoElHodaky/larvrevrstender/services/payment-service/vendor/laravel/framework/src/Illuminate/Queue/SyncQueue.php(111): Illuminate\\Queue\\SyncQueue->executeJob()
#6 /tmp/abdoElHodaky/larvrevrstender/services/payment-service/vendor/laravel/framework/src/Illuminate/Bus/Dispatcher.php(246): Illuminate\\Queue\\SyncQueue->push()
#7 /tmp/abdoElHodaky/larvrevrstender/services/payment-service/vendor/laravel/framework/src/Illuminate/Bus/Dispatcher.php(230): Illuminate\\Bus\\Dispatcher->pushCommandToQueue()
#8 /tmp/abdoElHodaky/larvrevrstender/services/payment-service/vendor/laravel/framework/src/Illuminate/Bus/Dispatcher.php(80): Illuminate\\Bus\\Dispatcher->dispatchToQueue()
#9 /tmp/abdoElHodaky/larvrevrstender/services/payment-service/vendor/laravel/framework/src/Illuminate/Foundation/Bus/PendingDispatch.php(252): Illuminate\\Bus\\Dispatcher->dispatch()
#10 /tmp/abdoElHodaky/larvrevrstender/services/payment-service/vendor/laravel/framework/src/Illuminate/Foundation/Bus/Dispatchable.php(19): Illuminate\\Foundation\\Bus\\PendingDispatch->__destruct()
#11 /tmp/abdoElHodaky/larvrevrstender/services/payment-service/vendor/laravel-workflow/laravel-workflow/src/ActivityStub.php(69): Workflow\\Activity::dispatch()
#12 /tmp/abdoElHodaky/larvrevrstender/services/payment-service/vendor/laravel-workflow/laravel-workflow/src/functions.php(58): Workflow\\ActivityStub::make()
#13 /tmp/abdoElHodaky/larvrevrstender/services/payment-service/app/Workflows/PaymentProcessingSaga.php(73): Workflow\\activity()
#14 [internal function]: App\\Workflows\\PaymentProcessingSaga->execute()
#15 /tmp/abdoElHodaky/larvrevrstender/services/payment-service/vendor/laravel-workflow/laravel-workflow/src/Workflow.php(216): Generator->valid()
#16 /tmp/abdoElHodaky/larvrevrstender/services/payment-service/vendor/laravel/framework/src/Illuminate/Container/BoundMethod.php(36): Workflow\\Workflow->handle()
#17 /tmp/abdoElHodaky/larvrevrstender/services/payment-service/vendor/laravel/framework/src/Illuminate/Container/Util.php(43): Illuminate\\Container\\BoundMethod::Illuminate\\Container\\{closure}()
#18 /tmp/abdoElHodaky/larvrevrstender/services/payment-service/vendor/laravel/framework/src/Illuminate/Container/BoundMethod.php(96): Illuminate\\Container\\Util::unwrapIfClosure()
#19 /tmp/abdoElHodaky/larvrevrstender/services/payment-service/vendor/laravel/framework/src/Illuminate/Container/BoundMethod.php(35): Illuminate\\Container\\BoundMethod::callBoundMethod()
#20 /tmp/abdoElHodaky/larvrevrstender/services/payment-service/vendor/laravel/framework/src/Illuminate/Container/Container.php(799): Illuminate\\Container\\BoundMethod::call()
#21 /tmp/abdoElHodaky/larvrevrstender/services/payment-service/vendor/laravel/framework/src/Illuminate/Bus/Dispatcher.php(129): Illuminate\\Container\\Container->call()
#22 /tmp/abdoElHodaky/larvrevrstender/services/payment-service/vendor/laravel/framework/src/Illuminate/Pipeline/Pipeline.php(180): Illuminate\\Bus\\Dispatcher->Illuminate\\Bus\\{closure}()
#23 /tmp/abdoElHodaky/larvrevrstender/services/payment-service/vendor/laravel/framework/src/Illuminate/Pipeline/Pipeline.php(137): Illuminate\\Pipeline\\Pipeline->Illuminate\\Pipeline\\{closure}()
#24 /tmp/abdoElHodaky/larvrevrstender/services/payment-service/vendor/laravel/framework/src/Illuminate/Bus/Dispatcher.php(133): Illuminate\\Pipeline\\Pipeline->then()
#25 /tmp/abdoElHodaky/larvrevrstender/services/payment-service/vendor/laravel/framework/src/Illuminate/Queue/CallQueuedHandler.php(136): Illuminate\\Bus\\Dispatcher->dispatchNow()
#26 /tmp/abdoElHodaky/larvrevrstender/services/payment-service/vendor/laravel/framework/src/Illuminate/Pipeline/Pipeline.php(180): Illuminate\\Queue\\CallQueuedHandler->Illuminate\\Queue\\{closure}()
#27 /tmp/abdoElHodaky/larvrevrstender/services/payment-service/vendor/laravel-workflow/laravel-workflow/src/Middleware/WithoutOverlappingMiddleware.php(47): Illuminate\\Pipeline\\Pipeline->Illuminate\\Pipeline\\{closure}()
#28 /tmp/abdoElHodaky/larvrevrstender/services/payment-service/vendor/laravel/framework/src/Illuminate/Pipeline/Pipeline.php(219): Workflow\\Middleware\\WithoutOverlappingMiddleware->handle()
#29 /tmp/abdoElHodaky/larvrevrstender/services/payment-service/vendor/laravel/framework/src/Illuminate/Pipeline/Pipeline.php(137): Illuminate\\Pipeline\\Pipeline->Illuminate\\Pipeline\\{closure}()
#30 /tmp/abdoElHodaky/larvrevrstender/services/payment-service/vendor/laravel/framework/src/Illuminate/Queue/CallQueuedHandler.php(129): Illuminate\\Pipeline\\Pipeline->then()
#31 /tmp/abdoElHodaky/larvrevrstender/services/payment-service/vendor/laravel/framework/src/Illuminate/Queue/CallQueuedHandler.php(70): Illuminate\\Queue\\CallQueuedHandler->dispatchThroughMiddleware()
#32 /tmp/abdoElHodaky/larvrevrstender/services/payment-service/vendor/laravel/framework/src/Illuminate/Queue/Jobs/Job.php(102): Illuminate\\Queue\\CallQueuedHandler->call()
#33 /tmp/abdoElHodaky/larvrevrstender/services/payment-service/vendor/laravel/framework/src/Illuminate/Queue/SyncQueue.php(131): Illuminate\\Queue\\Jobs\\Job->fire()
#34 /tmp/abdoElHodaky/larvrevrstender/services/payment-service/vendor/laravel/framework/src/Illuminate/Queue/SyncQueue.php(107): Illuminate\\Queue\\SyncQueue->executeJob()
#35 /tmp/abdoElHodaky/larvrevrstender/services/payment-service/vendor/laravel/framework/src/Illuminate/Foundation/Testing/DatabaseTransactionsManager.php(38): Illuminate\\Queue\\SyncQueue->Illuminate\\Queue\\{closure}()
#36 /tmp/abdoElHodaky/larvrevrstender/services/payment-service/vendor/laravel/framework/src/Illuminate/Queue/SyncQueue.php(106): Illuminate\\Foundation\\Testing\\DatabaseTransactionsManager->addCallback()
#37 /tmp/abdoElHodaky/larvrevrstender/services/payment-service/vendor/laravel/framework/src/Illuminate/Bus/Dispatcher.php(246): Illuminate\\Queue\\SyncQueue->push()
#38 /tmp/abdoElHodaky/larvrevrstender/services/payment-service/vendor/laravel/framework/src/Illuminate/Bus/Dispatcher.php(230): Illuminate\\Bus\\Dispatcher->pushCommandToQueue()
#39 /tmp/abdoElHodaky/larvrevrstender/services/payment-service/vendor/laravel/framework/src/Illuminate/Bus/Dispatcher.php(80): Illuminate\\Bus\\Dispatcher->dispatchToQueue()
#40 /tmp/abdoElHodaky/larvrevrstender/services/payment-service/vendor/laravel/framework/src/Illuminate/Foundation/Bus/PendingDispatch.php(252): Illuminate\\Bus\\Dispatcher->dispatch()
#41 /tmp/abdoElHodaky/larvrevrstender/services/payment-service/vendor/laravel/framework/src/Illuminate/Foundation/Bus/Dispatchable.php(19): Illuminate\\Foundation\\Bus\\PendingDispatch->__destruct()
#42 /tmp/abdoElHodaky/larvrevrstender/services/payment-service/vendor/laravel-workflow/laravel-workflow/src/WorkflowStub.php(396): Workflow\\Workflow::dispatch()
#43 /tmp/abdoElHodaky/larvrevrstender/services/payment-service/vendor/laravel-workflow/laravel-workflow/src/WorkflowStub.php(250): Workflow\\WorkflowStub->dispatch()
#44 /tmp/abdoElHodaky/larvrevrstender/services/payment-service/app/Workflows/PaymentProcessingSaga.php(49): Workflow\\WorkflowStub->start()
#45 /tmp/abdoElHodaky/larvrevrstender/services/payment-service/tests/Feature/PaymentProcessingSagaTest.php(52): App\\Workflows\\PaymentProcessingSaga::start()
#46 /tmp/abdoElHodaky/larvrevrstender/services/payment-service/vendor/phpunit/phpunit/src/Framework/TestCase.php(1667): Tests\\Feature\\PaymentProcessingSagaTest->test_successful_payment_processing_saga()
#47 /tmp/abdoElHodaky/larvrevrstender/services/payment-service/vendor/phpunit/phpunit/src/Framework/TestCase.php(519): PHPUnit\\Framework\\TestCase->runTest()
#48 /tmp/abdoElHodaky/larvrevrstender/services/payment-service/vendor/phpunit/phpunit/src/Framework/TestRunner/TestRunner.php(87): PHPUnit\\Framework\\TestCase->runBare()
#49 /tmp/abdoElHodaky/larvrevrstender/services/payment-service/vendor/phpunit/phpunit/src/Framework/TestCase.php(365): PHPUnit\\Framework\\TestRunner->run()
#50 /tmp/abdoElHodaky/larvrevrstender/services/payment-service/vendor/phpunit/phpunit/src/Framework/TestSuite.php(369): PHPUnit\\Framework\\TestCase->run()
#51 /tmp/abdoElHodaky/larvrevrstender/services/payment-service/vendor/phpunit/phpunit/src/Framework/TestSuite.php(369): PHPUnit\\Framework\\TestSuite->run()
#52 /tmp/abdoElHodaky/larvrevrstender/services/payment-service/vendor/phpunit/phpunit/src/Framework/TestSuite.php(369): PHPUnit\\Framework\\TestSuite->run()
#53 /tmp/abdoElHodaky/larvrevrstender/services/payment-service/vendor/phpunit/phpunit/src/TextUI/TestRunner.php(64): PHPUnit\\Framework\\TestSuite->run()
#54 /tmp/abdoElHodaky/larvrevrstender/services/payment-service/vendor/phpunit/phpunit/src/TextUI/Application.php(211): PHPUnit\\TextUI\\TestRunner->run()
#55 /tmp/abdoElHodaky/larvrevrstender/services/payment-service/vendor/phpunit/phpunit/phpunit(104): PHPUnit\\TextUI\\Application->run()
#56 /tmp/abdoElHodaky/larvrevrstender/services/payment-service/vendor/bin/phpunit(122): include('...')
#57 {main}"} 
[2026-02-17 06:03:45] testing.INFO: PaymentProcessingSaga started {"workflow_id":1,"order_id":12345,"customer_id":67890,"amount":100.0,"payment_method":"card"} 
[2026-02-17 06:03:45] testing.INFO: Procedure registered {"name":"events","class":"Shared\\Procedures\\CrossServiceProcedure","type":"micro"} 
[2026-02-17 06:03:45] testing.INFO: Procedure registered {"name":"cache","class":"Shared\\Procedures\\CrossServiceProcedure","type":"micro"} 
[2026-02-17 06:03:45] testing.INFO: Procedure registered {"name":"notification","class":"Shared\\Procedures\\CrossServiceProcedure","type":"micro"} 
[2026-02-17 06:03:45] testing.INFO: Procedure registered {"name":"validation","class":"Shared\\Procedures\\CrossServiceProcedure","type":"micro"} 
[2026-02-17 06:03:45] testing.INFO: Procedure registered {"name":"security","class":"Shared\\Procedures\\CrossServiceProcedure","type":"micro"} 
[2026-02-17 06:03:45] testing.INFO: Procedure registered {"name":"circuit_breaker","class":"Shared\\Procedures\\CrossServiceProcedure","type":"micro"} 
[2026-02-17 06:03:45] testing.INFO: Procedure registered {"name":"queue_circuit_breaker","class":"Shared\\Procedures\\CrossServiceProcedure","type":"micro"} 
[2026-02-17 06:03:45] testing.INFO: Procedure registered {"name":"third_party_integration","class":"Shared\\Procedures\\CrossServiceProcedure","type":"micro"} 
[2026-02-17 06:03:45] testing.INFO: Procedure registered {"name":"workflow","class":"Shared\\Procedures\\CrossServiceProcedure","type":"macro"} 
[2026-02-17 06:03:45] testing.ERROR: PaymentProcessingSaga encountered error, executing compensations {"workflow_id":1,"error":"Typed property Workflow\\Activity::$storedWorkflow must not be accessed before initialization","trace":"#0 /tmp/abdoElHodaky/larvrevrstender/services/payment-service/vendor/laravel/framework/src/Illuminate/Queue/CallQueuedHandler.php(360): Workflow\\Activity->failed()
#1 /tmp/abdoElHodaky/larvrevrstender/services/payment-service/vendor/laravel/framework/src/Illuminate/Queue/Jobs/Job.php(254): Illuminate\\Queue\\CallQueuedHandler->failed()
#2 /tmp/abdoElHodaky/larvrevrstender/services/payment-service/vendor/laravel/framework/src/Illuminate/Queue/Jobs/Job.php(219): Illuminate\\Queue\\Jobs\\Job->failed()
#3 /tmp/abdoElHodaky/larvrevrstender/services/payment-service/vendor/laravel/framework/src/Illuminate/Queue/SyncQueue.php(224): Illuminate\\Queue\\Jobs\\Job->fail()
#4 /tmp/abdoElHodaky/larvrevrstender/services/payment-service/vendor/laravel/framework/src/Illuminate/Queue/SyncQueue.php(137): Illuminate\\Queue\\SyncQueue->handleException()
#5 /tmp/abdoElHodaky/larvrevrstender/services/payment-service/vendor/laravel/framework/src/Illuminate/Queue/SyncQueue.php(111): Illuminate\\Queue\\SyncQueue->executeJob()
#6 /tmp/abdoElHodaky/larvrevrstender/services/payment-service/vendor/laravel/framework/src/Illuminate/Bus/Dispatcher.php(246): Illuminate\\Queue\\SyncQueue->push()
#7 /tmp/abdoElHodaky/larvrevrstender/services/payment-service/vendor/laravel/framework/src/Illuminate/Bus/Dispatcher.php(230): Illuminate\\Bus\\Dispatcher->pushCommandToQueue()
#8 /tmp/abdoElHodaky/larvrevrstender/services/payment-service/vendor/laravel/framework/src/Illuminate/Bus/Dispatcher.php(80): Illuminate\\Bus\\Dispatcher->dispatchToQueue()
#9 /tmp/abdoElHodaky/larvrevrstender/services/payment-service/vendor/laravel/framework/src/Illuminate/Foundation/Bus/PendingDispatch.php(252): Illuminate\\Bus\\Dispatcher->dispatch()
#10 /tmp/abdoElHodaky/larvrevrstender/services/payment-service/vendor/laravel/framework/src/Illuminate/Foundation/Bus/Dispatchable.php(19): Illuminate\\Foundation\\Bus\\PendingDispatch->__destruct()
#11 /tmp/abdoElHodaky/larvrevrstender/services/payment-service/vendor/laravel-workflow/laravel-workflow/src/ActivityStub.php(69): Workflow\\Activity::dispatch()
#12 /tmp/abdoElHodaky/larvrevrstender/services/payment-service/vendor/laravel-workflow/laravel-workflow/src/functions.php(58): Workflow\\ActivityStub::make()
#13 /tmp/abdoElHodaky/larvrevrstender/services/payment-service/app/Workflows/PaymentProcessingSaga.php(73): Workflow\\activity()
#14 [internal function]: App\\Workflows\\PaymentProcessingSaga->execute()
#15 /tmp/abdoElHodaky/larvrevrstender/services/payment-service/vendor/laravel-workflow/laravel-workflow/src/Workflow.php(216): Generator->valid()
#16 /tmp/abdoElHodaky/larvrevrstender/services/payment-service/vendor/laravel/framework/src/Illuminate/Container/BoundMethod.php(36): Workflow\\Workflow->handle()
#17 /tmp/abdoElHodaky/larvrevrstender/services/payment-service/vendor/laravel/framework/src/Illuminate/Container/Util.php(43): Illuminate\\Container\\BoundMethod::Illuminate\\Container\\{closure}()
#18 /tmp/abdoElHodaky/larvrevrstender/services/payment-service/vendor/laravel/framework/src/Illuminate/Container/BoundMethod.php(96): Illuminate\\Container\\Util::unwrapIfClosure()
#19 /tmp/abdoElHodaky/larvrevrstender/services/payment-service/vendor/laravel/framework/src/Illuminate/Container/BoundMethod.php(35): Illuminate\\Container\\BoundMethod::callBoundMethod()
#20 /tmp/abdoElHodaky/larvrevrstender/services/payment-service/vendor/laravel/framework/src/Illuminate/Container/Container.php(799): Illuminate\\Container\\BoundMethod::call()
#21 /tmp/abdoElHodaky/larvrevrstender/services/payment-service/vendor/laravel/framework/src/Illuminate/Bus/Dispatcher.php(129): Illuminate\\Container\\Container->call()
#22 /tmp/abdoElHodaky/larvrevrstender/services/payment-service/vendor/laravel/framework/src/Illuminate/Pipeline/Pipeline.php(180): Illuminate\\Bus\\Dispatcher->Illuminate\\Bus\\{closure}()
#23 /tmp/abdoElHodaky/larvrevrstender/services/payment-service/vendor/laravel/framework/src/Illuminate/Pipeline/Pipeline.php(137): Illuminate\\Pipeline\\Pipeline->Illuminate\\Pipeline\\{closure}()
#24 /tmp/abdoElHodaky/larvrevrstender/services/payment-service/vendor/laravel/framework/src/Illuminate/Bus/Dispatcher.php(133): Illuminate\\Pipeline\\Pipeline->then()
#25 /tmp/abdoElHodaky/larvrevrstender/services/payment-service/vendor/laravel/framework/src/Illuminate/Queue/CallQueuedHandler.php(136): Illuminate\\Bus\\Dispatcher->dispatchNow()
#26 /tmp/abdoElHodaky/larvrevrstender/services/payment-service/vendor/laravel/framework/src/Illuminate/Pipeline/Pipeline.php(180): Illuminate\\Queue\\CallQueuedHandler->Illuminate\\Queue\\{closure}()
#27 /tmp/abdoElHodaky/larvrevrstender/services/payment-service/vendor/laravel-workflow/laravel-workflow/src/Middleware/WithoutOverlappingMiddleware.php(47): Illuminate\\Pipeline\\Pipeline->Illuminate\\Pipeline\\{closure}()
#28 /tmp/abdoElHodaky/larvrevrstender/services/payment-service/vendor/laravel/framework/src/Illuminate/Pipeline/Pipeline.php(219): Workflow\\Middleware\\WithoutOverlappingMiddleware->handle()
#29 /tmp/abdoElHodaky/larvrevrstender/services/payment-service/vendor/laravel/framework/src/Illuminate/Pipeline/Pipeline.php(137): Illuminate\\Pipeline\\Pipeline->Illuminate\\Pipeline\\{closure}()
#30 /tmp/abdoElHodaky/larvrevrstender/services/payment-service/vendor/laravel/framework/src/Illuminate/Queue/CallQueuedHandler.php(129): Illuminate\\Pipeline\\Pipeline->then()
#31 /tmp/abdoElHodaky/larvrevrstender/services/payment-service/vendor/laravel/framework/src/Illuminate/Queue/CallQueuedHandler.php(70): Illuminate\\Queue\\CallQueuedHandler->dispatchThroughMiddleware()
#32 /tmp/abdoElHodaky/larvrevrstender/services/payment-service/vendor/laravel/framework/src/Illuminate/Queue/Jobs/Job.php(102): Illuminate\\Queue\\CallQueuedHandler->call()
#33 /tmp/abdoElHodaky/larvrevrstender/services/payment-service/vendor/laravel/framework/src/Illuminate/Queue/SyncQueue.php(131): Illuminate\\Queue\\Jobs\\Job->fire()
#34 /tmp/abdoElHodaky/larvrevrstender/services/payment-service/vendor/laravel/framework/src/Illuminate/Queue/SyncQueue.php(107): Illuminate\\Queue\\SyncQueue->executeJob()
#35 /tmp/abdoElHodaky/larvrevrstender/services/payment-service/vendor/laravel/framework/src/Illuminate/Foundation/Testing/DatabaseTransactionsManager.php(38): Illuminate\\Queue\\SyncQueue->Illuminate\\Queue\\{closure}()
#36 /tmp/abdoElHodaky/larvrevrstender/services/payment-service/vendor/laravel/framework/src/Illuminate/Queue/SyncQueue.php(106): Illuminate\\Foundation\\Testing\\DatabaseTransactionsManager->addCallback()
#37 /tmp/abdoElHodaky/larvrevrstender/services/payment-service/vendor/laravel/framework/src/Illuminate/Bus/Dispatcher.php(246): Illuminate\\Queue\\SyncQueue->push()
#38 /tmp/abdoElHodaky/larvrevrstender/services/payment-service/vendor/laravel/framework/src/Illuminate/Bus/Dispatcher.php(230): Illuminate\\Bus\\Dispatcher->pushCommandToQueue()
#39 /tmp/abdoElHodaky/larvrevrstender/services/payment-service/vendor/laravel/framework/src/Illuminate/Bus/Dispatcher.php(80): Illuminate\\Bus\\Dispatcher->dispatchToQueue()
#40 /tmp/abdoElHodaky/larvrevrstender/services/payment-service/vendor/laravel/framework/src/Illuminate/Foundation/Bus/PendingDispatch.php(252): Illuminate\\Bus\\Dispatcher->dispatch()
#41 /tmp/abdoElHodaky/larvrevrstender/services/payment-service/vendor/laravel/framework/src/Illuminate/Foundation/Bus/Dispatchable.php(19): Illuminate\\Foundation\\Bus\\PendingDispatch->__destruct()
#42 /tmp/abdoElHodaky/larvrevrstender/services/payment-service/vendor/laravel-workflow/laravel-workflow/src/WorkflowStub.php(396): Workflow\\Workflow::dispatch()
#43 /tmp/abdoElHodaky/larvrevrstender/services/payment-service/vendor/laravel-workflow/laravel-workflow/src/WorkflowStub.php(250): Workflow\\WorkflowStub->dispatch()
#44 /tmp/abdoElHodaky/larvrevrstender/services/payment-service/app/Workflows/PaymentProcessingSaga.php(49): Workflow\\WorkflowStub->start()
#45 /tmp/abdoElHodaky/larvrevrstender/services/payment-service/tests/Feature/PaymentProcessingSagaTest.php(52): App\\Workflows\\PaymentProcessingSaga::start()
#46 /tmp/abdoElHodaky/larvrevrstender/services/payment-service/vendor/phpunit/phpunit/src/Framework/TestCase.php(1667): Tests\\Feature\\PaymentProcessingSagaTest->test_successful_payment_processing_saga()
#47 /tmp/abdoElHodaky/larvrevrstender/services/payment-service/vendor/phpunit/phpunit/src/Framework/TestCase.php(519): PHPUnit\\Framework\\TestCase->runTest()
#48 /tmp/abdoElHodaky/larvrevrstender/services/payment-service/vendor/phpunit/phpunit/src/Framework/TestRunner/TestRunner.php(87): PHPUnit\\Framework\\TestCase->runBare()
#49 /tmp/abdoElHodaky/larvrevrstender/services/payment-service/vendor/phpunit/phpunit/src/Framework/TestCase.php(365): PHPUnit\\Framework\\TestRunner->run()
#50 /tmp/abdoElHodaky/larvrevrstender/services/payment-service/vendor/phpunit/phpunit/src/Framework/TestSuite.php(369): PHPUnit\\Framework\\TestCase->run()
#51 /tmp/abdoElHodaky/larvrevrstender/services/payment-service/vendor/phpunit/phpunit/src/Framework/TestSuite.php(369): PHPUnit\\Framework\\TestSuite->run()
#52 /tmp/abdoElHodaky/larvrevrstender/services/payment-service/vendor/phpunit/phpunit/src/Framework/TestSuite.php(369): PHPUnit\\Framework\\TestSuite->run()
#53 /tmp/abdoElHodaky/larvrevrstender/services/payment-service/vendor/phpunit/phpunit/src/TextUI/TestRunner.php(64): PHPUnit\\Framework\\TestSuite->run()
#54 /tmp/abdoElHodaky/larvrevrstender/services/payment-service/vendor/phpunit/phpunit/src/TextUI/Application.php(211): PHPUnit\\TextUI\\TestRunner->run()
#55 /tmp/abdoElHodaky/larvrevrstender/services/payment-service/vendor/phpunit/phpunit/phpunit(104): PHPUnit\\TextUI\\Application->run()
#56 /tmp/abdoElHodaky/larvrevrstender/services/payment-service/vendor/bin/phpunit(122): include('...')
#57 {main}"} 
[2026-02-17 06:04:42] testing.INFO: PaymentProcessingSaga started {"workflow_id":1,"order_id":12345,"customer_id":67890,"amount":100.0,"payment_method":"card"} 
[2026-02-17 06:04:42] testing.INFO: Procedure registered {"name":"events","class":"Shared\\Procedures\\CrossServiceProcedure","type":"micro"} 
[2026-02-17 06:04:42] testing.INFO: Procedure registered {"name":"cache","class":"Shared\\Procedures\\CrossServiceProcedure","type":"micro"} 
[2026-02-17 06:04:42] testing.INFO: Procedure registered {"name":"notification","class":"Shared\\Procedures\\CrossServiceProcedure","type":"micro"} 
[2026-02-17 06:04:42] testing.INFO: Procedure registered {"name":"validation","class":"Shared\\Procedures\\CrossServiceProcedure","type":"micro"} 
[2026-02-17 06:04:42] testing.INFO: Procedure registered {"name":"security","class":"Shared\\Procedures\\CrossServiceProcedure","type":"micro"} 
[2026-02-17 06:04:42] testing.INFO: Procedure registered {"name":"circuit_breaker","class":"Shared\\Procedures\\CrossServiceProcedure","type":"micro"} 
[2026-02-17 06:04:42] testing.INFO: Procedure registered {"name":"queue_circuit_breaker","class":"Shared\\Procedures\\CrossServiceProcedure","type":"micro"} 
[2026-02-17 06:04:42] testing.INFO: Procedure registered {"name":"third_party_integration","class":"Shared\\Procedures\\CrossServiceProcedure","type":"micro"} 
[2026-02-17 06:04:42] testing.INFO: Procedure registered {"name":"workflow","class":"Shared\\Procedures\\CrossServiceProcedure","type":"macro"} 
[2026-02-17 06:04:42] testing.ERROR: PaymentProcessingSaga encountered error, executing compensations {"workflow_id":1,"error":"Typed property Workflow\\Activity::$storedWorkflow must not be accessed before initialization","trace":"#0 /tmp/abdoElHodaky/larvrevrstender/services/payment-service/vendor/laravel/framework/src/Illuminate/Queue/CallQueuedHandler.php(123): Workflow\\Activity->middleware()
#1 /tmp/abdoElHodaky/larvrevrstender/services/payment-service/vendor/laravel/framework/src/Illuminate/Queue/CallQueuedHandler.php(70): Illuminate\\Queue\\CallQueuedHandler->dispatchThroughMiddleware()
#2 /tmp/abdoElHodaky/larvrevrstender/services/payment-service/vendor/laravel/framework/src/Illuminate/Queue/Jobs/Job.php(102): Illuminate\\Queue\\CallQueuedHandler->call()
#3 /tmp/abdoElHodaky/larvrevrstender/services/payment-service/vendor/laravel/framework/src/Illuminate/Queue/SyncQueue.php(131): Illuminate\\Queue\\Jobs\\Job->fire()
#4 /tmp/abdoElHodaky/larvrevrstender/services/payment-service/vendor/laravel/framework/src/Illuminate/Queue/SyncQueue.php(111): Illuminate\\Queue\\SyncQueue->executeJob()
#5 /tmp/abdoElHodaky/larvrevrstender/services/payment-service/vendor/laravel/framework/src/Illuminate/Bus/Dispatcher.php(246): Illuminate\\Queue\\SyncQueue->push()
#6 /tmp/abdoElHodaky/larvrevrstender/services/payment-service/vendor/laravel/framework/src/Illuminate/Bus/Dispatcher.php(230): Illuminate\\Bus\\Dispatcher->pushCommandToQueue()
#7 /tmp/abdoElHodaky/larvrevrstender/services/payment-service/vendor/laravel/framework/src/Illuminate/Bus/Dispatcher.php(80): Illuminate\\Bus\\Dispatcher->dispatchToQueue()
#8 /tmp/abdoElHodaky/larvrevrstender/services/payment-service/vendor/laravel/framework/src/Illuminate/Foundation/Bus/PendingDispatch.php(252): Illuminate\\Bus\\Dispatcher->dispatch()
#9 /tmp/abdoElHodaky/larvrevrstender/services/payment-service/vendor/laravel/framework/src/Illuminate/Foundation/Bus/Dispatchable.php(19): Illuminate\\Foundation\\Bus\\PendingDispatch->__destruct()
#10 /tmp/abdoElHodaky/larvrevrstender/services/payment-service/vendor/laravel-workflow/laravel-workflow/src/ActivityStub.php(69): Workflow\\Activity::dispatch()
#11 /tmp/abdoElHodaky/larvrevrstender/services/payment-service/vendor/laravel-workflow/laravel-workflow/src/functions.php(58): Workflow\\ActivityStub::make()
#12 /tmp/abdoElHodaky/larvrevrstender/services/payment-service/app/Workflows/PaymentProcessingSaga.php(73): Workflow\\activity()
#13 [internal function]: App\\Workflows\\PaymentProcessingSaga->execute()
#14 /tmp/abdoElHodaky/larvrevrstender/services/payment-service/vendor/laravel-workflow/laravel-workflow/src/Workflow.php(216): Generator->valid()
#15 /tmp/abdoElHodaky/larvrevrstender/services/payment-service/vendor/laravel/framework/src/Illuminate/Container/BoundMethod.php(36): Workflow\\Workflow->handle()
#16 /tmp/abdoElHodaky/larvrevrstender/services/payment-service/vendor/laravel/framework/src/Illuminate/Container/Util.php(43): Illuminate\\Container\\BoundMethod::Illuminate\\Container\\{closure}()
#17 /tmp/abdoElHodaky/larvrevrstender/services/payment-service/vendor/laravel/framework/src/Illuminate/Container/BoundMethod.php(96): Illuminate\\Container\\Util::unwrapIfClosure()
#18 /tmp/abdoElHodaky/larvrevrstender/services/payment-service/vendor/laravel/framework/src/Illuminate/Container/BoundMethod.php(35): Illuminate\\Container\\BoundMethod::callBoundMethod()
#19 /tmp/abdoElHodaky/larvrevrstender/services/payment-service/vendor/laravel/framework/src/Illuminate/Container/Container.php(799): Illuminate\\Container\\BoundMethod::call()
#20 /tmp/abdoElHodaky/larvrevrstender/services/payment-service/vendor/laravel/framework/src/Illuminate/Bus/Dispatcher.php(129): Illuminate\\Container\\Container->call()
#21 /tmp/abdoElHodaky/larvrevrstender/services/payment-service/vendor/laravel/framework/src/Illuminate/Pipeline/Pipeline.php(180): Illuminate\\Bus\\Dispatcher->Illuminate\\Bus\\{closure}()
#22 /tmp/abdoElHodaky/larvrevrstender/services/payment-service/vendor/laravel/framework/src/Illuminate/Pipeline/Pipeline.php(137): Illuminate\\Pipeline\\Pipeline->Illuminate\\Pipeline\\{closure}()
#23 /tmp/abdoElHodaky/larvrevrstender/services/payment-service/vendor/laravel/framework/src/Illuminate/Bus/Dispatcher.php(133): Illuminate\\Pipeline\\Pipeline->then()
#24 /tmp/abdoElHodaky/larvrevrstender/services/payment-service/vendor/laravel/framework/src/Illuminate/Queue/CallQueuedHandler.php(136): Illuminate\\Bus\\Dispatcher->dispatchNow()
#25 /tmp/abdoElHodaky/larvrevrstender/services/payment-service/vendor/laravel/framework/src/Illuminate/Pipeline/Pipeline.php(180): Illuminate\\Queue\\CallQueuedHandler->Illuminate\\Queue\\{closure}()
#26 /tmp/abdoElHodaky/larvrevrstender/services/payment-service/vendor/laravel-workflow/laravel-workflow/src/Middleware/WithoutOverlappingMiddleware.php(47): Illuminate\\Pipeline\\Pipeline->Illuminate\\Pipeline\\{closure}()
#27 /tmp/abdoElHodaky/larvrevrstender/services/payment-service/vendor/laravel/framework/src/Illuminate/Pipeline/Pipeline.php(219): Workflow\\Middleware\\WithoutOverlappingMiddleware->handle()
#28 /tmp/abdoElHodaky/larvrevrstender/services/payment-service/vendor/laravel/framework/src/Illuminate/Pipeline/Pipeline.php(137): Illuminate\\Pipeline\\Pipeline->Illuminate\\Pipeline\\{closure}()
#29 /tmp/abdoElHodaky/larvrevrstender/services/payment-service/vendor/laravel/framework/src/Illuminate/Queue/CallQueuedHandler.php(129): Illuminate\\Pipeline\\Pipeline->then()
#30 /tmp/abdoElHodaky/larvrevrstender/services/payment-service/vendor/laravel/framework/src/Illuminate/Queue/CallQueuedHandler.php(70): Illuminate\\Queue\\CallQueuedHandler->dispatchThroughMiddleware()
#31 /tmp/abdoElHodaky/larvrevrstender/services/payment-service/vendor/laravel/framework/src/Illuminate/Queue/Jobs/Job.php(102): Illuminate\\Queue\\CallQueuedHandler->call()
#32 /tmp/abdoElHodaky/larvrevrstender/services/payment-service/vendor/laravel/framework/src/Illuminate/Queue/SyncQueue.php(131): Illuminate\\Queue\\Jobs\\Job->fire()
#33 /tmp/abdoElHodaky/larvrevrstender/services/payment-service/vendor/laravel/framework/src/Illuminate/Queue/SyncQueue.php(107): Illuminate\\Queue\\SyncQueue->executeJob()
#34 /tmp/abdoElHodaky/larvrevrstender/services/payment-service/vendor/laravel/framework/src/Illuminate/Foundation/Testing/DatabaseTransactionsManager.php(38): Illuminate\\Queue\\SyncQueue->Illuminate\\Queue\\{closure}()
#35 /tmp/abdoElHodaky/larvrevrstender/services/payment-service/vendor/laravel/framework/src/Illuminate/Queue/SyncQueue.php(106): Illuminate\\Foundation\\Testing\\DatabaseTransactionsManager->addCallback()
#36 /tmp/abdoElHodaky/larvrevrstender/services/payment-service/vendor/laravel/framework/src/Illuminate/Bus/Dispatcher.php(246): Illuminate\\Queue\\SyncQueue->push()
#37 /tmp/abdoElHodaky/larvrevrstender/services/payment-service/vendor/laravel/framework/src/Illuminate/Bus/Dispatcher.php(230): Illuminate\\Bus\\Dispatcher->pushCommandToQueue()
#38 /tmp/abdoElHodaky/larvrevrstender/services/payment-service/vendor/laravel/framework/src/Illuminate/Bus/Dispatcher.php(80): Illuminate\\Bus\\Dispatcher->dispatchToQueue()
#39 /tmp/abdoElHodaky/larvrevrstender/services/payment-service/vendor/laravel/framework/src/Illuminate/Foundation/Bus/PendingDispatch.php(252): Illuminate\\Bus\\Dispatcher->dispatch()
#40 /tmp/abdoElHodaky/larvrevrstender/services/payment-service/vendor/laravel/framework/src/Illuminate/Foundation/Bus/Dispatchable.php(19): Illuminate\\Foundation\\Bus\\PendingDispatch->__destruct()
#41 /tmp/abdoElHodaky/larvrevrstender/services/payment-service/vendor/laravel-workflow/laravel-workflow/src/WorkflowStub.php(396): Workflow\\Workflow::dispatch()
#42 /tmp/abdoElHodaky/larvrevrstender/services/payment-service/vendor/laravel-workflow/laravel-workflow/src/WorkflowStub.php(250): Workflow\\WorkflowStub->dispatch()
#43 /tmp/abdoElHodaky/larvrevrstender/services/payment-service/app/Workflows/PaymentProcessingSaga.php(49): Workflow\\WorkflowStub->start()
#44 /tmp/abdoElHodaky/larvrevrstender/services/payment-service/tests/Feature/PaymentProcessingSagaTest.php(52): App\\Workflows\\PaymentProcessingSaga::start()
#45 /tmp/abdoElHodaky/larvrevrstender/services/payment-service/vendor/phpunit/phpunit/src/Framework/TestCase.php(1667): Tests\\Feature\\PaymentProcessingSagaTest->test_successful_payment_processing_saga()
#46 /tmp/abdoElHodaky/larvrevrstender/services/payment-service/vendor/phpunit/phpunit/src/Framework/TestCase.php(519): PHPUnit\\Framework\\TestCase->runTest()
#47 /tmp/abdoElHodaky/larvrevrstender/services/payment-service/vendor/phpunit/phpunit/src/Framework/TestRunner/TestRunner.php(87): PHPUnit\\Framework\\TestCase->runBare()
#48 /tmp/abdoElHodaky/larvrevrstender/services/payment-service/vendor/phpunit/phpunit/src/Framework/TestCase.php(365): PHPUnit\\Framework\\TestRunner->run()
#49 /tmp/abdoElHodaky/larvrevrstender/services/payment-service/vendor/phpunit/phpunit/src/Framework/TestSuite.php(369): PHPUnit\\Framework\\TestCase->run()
#50 /tmp/abdoElHodaky/larvrevrstender/services/payment-service/vendor/phpunit/phpunit/src/Framework/TestSuite.php(369): PHPUnit\\Framework\\TestSuite->run()
#51 /tmp/abdoElHodaky/larvrevrstender/services/payment-service/vendor/phpunit/phpunit/src/Framework/TestSuite.php(369): PHPUnit\\Framework\\TestSuite->run()
#52 /tmp/abdoElHodaky/larvrevrstender/services/payment-service/vendor/phpunit/phpunit/src/TextUI/TestRunner.php(64): PHPUnit\\Framework\\TestSuite->run()
#53 /tmp/abdoElHodaky/larvrevrstender/services/payment-service/vendor/phpunit/phpunit/src/TextUI/Application.php(211): PHPUnit\\TextUI\\TestRunner->run()
#54 /tmp/abdoElHodaky/larvrevrstender/services/payment-service/vendor/phpunit/phpunit/phpunit(104): PHPUnit\\TextUI\\Application->run()
#55 /tmp/abdoElHodaky/larvrevrstender/services/payment-service/vendor/bin/phpunit(122): include('...')
#56 {main}"} 
[2026-02-17 06:05:16] testing.INFO: PaymentProcessingSaga started {"workflow_id":1,"order_id":12345,"customer_id":67890,"amount":100.0,"payment_method":"card"} 
[2026-02-17 06:05:16] testing.INFO: Procedure registered {"name":"events","class":"Shared\\Procedures\\CrossServiceProcedure","type":"micro"} 
[2026-02-17 06:05:16] testing.INFO: Procedure registered {"name":"cache","class":"Shared\\Procedures\\CrossServiceProcedure","type":"micro"} 
[2026-02-17 06:05:16] testing.INFO: Procedure registered {"name":"notification","class":"Shared\\Procedures\\CrossServiceProcedure","type":"micro"} 
[2026-02-17 06:05:16] testing.INFO: Procedure registered {"name":"validation","class":"Shared\\Procedures\\CrossServiceProcedure","type":"micro"} 
[2026-02-17 06:05:16] testing.INFO: Procedure registered {"name":"security","class":"Shared\\Procedures\\CrossServiceProcedure","type":"micro"} 
[2026-02-17 06:05:16] testing.INFO: Procedure registered {"name":"circuit_breaker","class":"Shared\\Procedures\\CrossServiceProcedure","type":"micro"} 
[2026-02-17 06:05:16] testing.INFO: Procedure registered {"name":"queue_circuit_breaker","class":"Shared\\Procedures\\CrossServiceProcedure","type":"micro"} 
[2026-02-17 06:05:16] testing.INFO: Procedure registered {"name":"third_party_integration","class":"Shared\\Procedures\\CrossServiceProcedure","type":"micro"} 
[2026-02-17 06:05:16] testing.INFO: Procedure registered {"name":"workflow","class":"Shared\\Procedures\\CrossServiceProcedure","type":"macro"} 
[2026-02-17 06:05:16] testing.ERROR: PaymentProcessingSaga encountered error, executing compensations {"workflow_id":1,"error":"Typed property Workflow\\Activity::$storedWorkflow must not be accessed before initialization","trace":"#0 /tmp/abdoElHodaky/larvrevrstender/services/payment-service/vendor/laravel/framework/src/Illuminate/Container/BoundMethod.php(36): Workflow\\Activity->handle()
#1 /tmp/abdoElHodaky/larvrevrstender/services/payment-service/vendor/laravel/framework/src/Illuminate/Container/Util.php(43): Illuminate\\Container\\BoundMethod::Illuminate\\Container\\{closure}()
#2 /tmp/abdoElHodaky/larvrevrstender/services/payment-service/vendor/laravel/framework/src/Illuminate/Container/BoundMethod.php(96): Illuminate\\Container\\Util::unwrapIfClosure()
#3 /tmp/abdoElHodaky/larvrevrstender/services/payment-service/vendor/laravel/framework/src/Illuminate/Container/BoundMethod.php(35): Illuminate\\Container\\BoundMethod::callBoundMethod()
#4 /tmp/abdoElHodaky/larvrevrstender/services/payment-service/vendor/laravel/framework/src/Illuminate/Container/Container.php(799): Illuminate\\Container\\BoundMethod::call()
#5 /tmp/abdoElHodaky/larvrevrstender/services/payment-service/vendor/laravel/framework/src/Illuminate/Bus/Dispatcher.php(129): Illuminate\\Container\\Container->call()
#6 /tmp/abdoElHodaky/larvrevrstender/services/payment-service/vendor/laravel/framework/src/Illuminate/Pipeline/Pipeline.php(180): Illuminate\\Bus\\Dispatcher->Illuminate\\Bus\\{closure}()
#7 /tmp/abdoElHodaky/larvrevrstender/services/payment-service/vendor/laravel/framework/src/Illuminate/Pipeline/Pipeline.php(137): Illuminate\\Pipeline\\Pipeline->Illuminate\\Pipeline\\{closure}()
#8 /tmp/abdoElHodaky/larvrevrstender/services/payment-service/vendor/laravel/framework/src/Illuminate/Bus/Dispatcher.php(133): Illuminate\\Pipeline\\Pipeline->then()
#9 /tmp/abdoElHodaky/larvrevrstender/services/payment-service/vendor/laravel/framework/src/Illuminate/Queue/CallQueuedHandler.php(136): Illuminate\\Bus\\Dispatcher->dispatchNow()
#10 /tmp/abdoElHodaky/larvrevrstender/services/payment-service/vendor/laravel/framework/src/Illuminate/Pipeline/Pipeline.php(180): Illuminate\\Queue\\CallQueuedHandler->Illuminate\\Queue\\{closure}()
#11 /tmp/abdoElHodaky/larvrevrstender/services/payment-service/vendor/laravel/framework/src/Illuminate/Pipeline/Pipeline.php(137): Illuminate\\Pipeline\\Pipeline->Illuminate\\Pipeline\\{closure}()
#12 /tmp/abdoElHodaky/larvrevrstender/services/payment-service/vendor/laravel/framework/src/Illuminate/Queue/CallQueuedHandler.php(129): Illuminate\\Pipeline\\Pipeline->then()
#13 /tmp/abdoElHodaky/larvrevrstender/services/payment-service/vendor/laravel/framework/src/Illuminate/Queue/CallQueuedHandler.php(70): Illuminate\\Queue\\CallQueuedHandler->dispatchThroughMiddleware()
#14 /tmp/abdoElHodaky/larvrevrstender/services/payment-service/vendor/laravel/framework/src/Illuminate/Queue/Jobs/Job.php(102): Illuminate\\Queue\\CallQueuedHandler->call()
#15 /tmp/abdoElHodaky/larvrevrstender/services/payment-service/vendor/laravel/framework/src/Illuminate/Queue/SyncQueue.php(131): Illuminate\\Queue\\Jobs\\Job->fire()
#16 /tmp/abdoElHodaky/larvrevrstender/services/payment-service/vendor/laravel/framework/src/Illuminate/Queue/SyncQueue.php(111): Illuminate\\Queue\\SyncQueue->executeJob()
#17 /tmp/abdoElHodaky/larvrevrstender/services/payment-service/vendor/laravel/framework/src/Illuminate/Bus/Dispatcher.php(246): Illuminate\\Queue\\SyncQueue->push()
#18 /tmp/abdoElHodaky/larvrevrstender/services/payment-service/vendor/laravel/framework/src/Illuminate/Bus/Dispatcher.php(230): Illuminate\\Bus\\Dispatcher->pushCommandToQueue()
#19 /tmp/abdoElHodaky/larvrevrstender/services/payment-service/vendor/laravel/framework/src/Illuminate/Bus/Dispatcher.php(80): Illuminate\\Bus\\Dispatcher->dispatchToQueue()
#20 /tmp/abdoElHodaky/larvrevrstender/services/payment-service/vendor/laravel/framework/src/Illuminate/Foundation/Bus/PendingDispatch.php(252): Illuminate\\Bus\\Dispatcher->dispatch()
#21 /tmp/abdoElHodaky/larvrevrstender/services/payment-service/vendor/laravel/framework/src/Illuminate/Foundation/Bus/Dispatchable.php(19): Illuminate\\Foundation\\Bus\\PendingDispatch->__destruct()
#22 /tmp/abdoElHodaky/larvrevrstender/services/payment-service/vendor/laravel-workflow/laravel-workflow/src/ActivityStub.php(69): Workflow\\Activity::dispatch()
#23 /tmp/abdoElHodaky/larvrevrstender/services/payment-service/vendor/laravel-workflow/laravel-workflow/src/functions.php(58): Workflow\\ActivityStub::make()
#24 /tmp/abdoElHodaky/larvrevrstender/services/payment-service/app/Workflows/PaymentProcessingSaga.php(73): Workflow\\activity()
#25 [internal function]: App\\Workflows\\PaymentProcessingSaga->execute()
#26 /tmp/abdoElHodaky/larvrevrstender/services/payment-service/vendor/laravel-workflow/laravel-workflow/src/Workflow.php(216): Generator->valid()
#27 /tmp/abdoElHodaky/larvrevrstender/services/payment-service/vendor/laravel/framework/src/Illuminate/Container/BoundMethod.php(36): Workflow\\Workflow->handle()
#28 /tmp/abdoElHodaky/larvrevrstender/services/payment-service/vendor/laravel/framework/src/Illuminate/Container/Util.php(43): Illuminate\\Container\\BoundMethod::Illuminate\\Container\\{closure}()
#29 /tmp/abdoElHodaky/larvrevrstender/services/payment-service/vendor/laravel/framework/src/Illuminate/Container/BoundMethod.php(96): Illuminate\\Container\\Util::unwrapIfClosure()
#30 /tmp/abdoElHodaky/larvrevrstender/services/payment-service/vendor/laravel/framework/src/Illuminate/Container/BoundMethod.php(35): Illuminate\\Container\\BoundMethod::callBoundMethod()
#31 /tmp/abdoElHodaky/larvrevrstender/services/payment-service/vendor/laravel/framework/src/Illuminate/Container/Container.php(799): Illuminate\\Container\\BoundMethod::call()
#32 /tmp/abdoElHodaky/larvrevrstender/services/payment-service/vendor/laravel/framework/src/Illuminate/Bus/Dispatcher.php(129): Illuminate\\Container\\Container->call()
#33 /tmp/abdoElHodaky/larvrevrstender/services/payment-service/vendor/laravel/framework/src/Illuminate/Pipeline/Pipeline.php(180): Illuminate\\Bus\\Dispatcher->Illuminate\\Bus\\{closure}()
#34 /tmp/abdoElHodaky/larvrevrstender/services/payment-service/vendor/laravel/framework/src/Illuminate/Pipeline/Pipeline.php(137): Illuminate\\Pipeline\\Pipeline->Illuminate\\Pipeline\\{closure}()
#35 /tmp/abdoElHodaky/larvrevrstender/services/payment-service/vendor/laravel/framework/src/Illuminate/Bus/Dispatcher.php(133): Illuminate\\Pipeline\\Pipeline->then()
#36 /tmp/abdoElHodaky/larvrevrstender/services/payment-service/vendor/laravel/framework/src/Illuminate/Queue/CallQueuedHandler.php(136): Illuminate\\Bus\\Dispatcher->dispatchNow()
#37 /tmp/abdoElHodaky/larvrevrstender/services/payment-service/vendor/laravel/framework/src/Illuminate/Pipeline/Pipeline.php(180): Illuminate\\Queue\\CallQueuedHandler->Illuminate\\Queue\\{closure}()
#38 /tmp/abdoElHodaky/larvrevrstender/services/payment-service/vendor/laravel-workflow/laravel-workflow/src/Middleware/WithoutOverlappingMiddleware.php(47): Illuminate\\Pipeline\\Pipeline->Illuminate\\Pipeline\\{closure}()
#39 /tmp/abdoElHodaky/larvrevrstender/services/payment-service/vendor/laravel/framework/src/Illuminate/Pipeline/Pipeline.php(219): Workflow\\Middleware\\WithoutOverlappingMiddleware->handle()
#40 /tmp/abdoElHodaky/larvrevrstender/services/payment-service/vendor/laravel/framework/src/Illuminate/Pipeline/Pipeline.php(137): Illuminate\\Pipeline\\Pipeline->Illuminate\\Pipeline\\{closure}()
#41 /tmp/abdoElHodaky/larvrevrstender/services/payment-service/vendor/laravel/framework/src/Illuminate/Queue/CallQueuedHandler.php(129): Illuminate\\Pipeline\\Pipeline->then()
#42 /tmp/abdoElHodaky/larvrevrstender/services/payment-service/vendor/laravel/framework/src/Illuminate/Queue/CallQueuedHandler.php(70): Illuminate\\Queue\\CallQueuedHandler->dispatchThroughMiddleware()
#43 /tmp/abdoElHodaky/larvrevrstender/services/payment-service/vendor/laravel/framework/src/Illuminate/Queue/Jobs/Job.php(102): Illuminate\\Queue\\CallQueuedHandler->call()
#44 /tmp/abdoElHodaky/larvrevrstender/services/payment-service/vendor/laravel/framework/src/Illuminate/Queue/SyncQueue.php(131): Illuminate\\Queue\\Jobs\\Job->fire()
#45 /tmp/abdoElHodaky/larvrevrstender/services/payment-service/vendor/laravel/framework/src/Illuminate/Queue/SyncQueue.php(107): Illuminate\\Queue\\SyncQueue->executeJob()
#46 /tmp/abdoElHodaky/larvrevrstender/services/payment-service/vendor/laravel/framework/src/Illuminate/Foundation/Testing/DatabaseTransactionsManager.php(38): Illuminate\\Queue\\SyncQueue->Illuminate\\Queue\\{closure}()
#47 /tmp/abdoElHodaky/larvrevrstender/services/payment-service/vendor/laravel/framework/src/Illuminate/Queue/SyncQueue.php(106): Illuminate\\Foundation\\Testing\\DatabaseTransactionsManager->addCallback()
#48 /tmp/abdoElHodaky/larvrevrstender/services/payment-service/vendor/laravel/framework/src/Illuminate/Bus/Dispatcher.php(246): Illuminate\\Queue\\SyncQueue->push()
#49 /tmp/abdoElHodaky/larvrevrstender/services/payment-service/vendor/laravel/framework/src/Illuminate/Bus/Dispatcher.php(230): Illuminate\\Bus\\Dispatcher->pushCommandToQueue()
#50 /tmp/abdoElHodaky/larvrevrstender/services/payment-service/vendor/laravel/framework/src/Illuminate/Bus/Dispatcher.php(80): Illuminate\\Bus\\Dispatcher->dispatchToQueue()
#51 /tmp/abdoElHodaky/larvrevrstender/services/payment-service/vendor/laravel/framework/src/Illuminate/Foundation/Bus/PendingDispatch.php(252): Illuminate\\Bus\\Dispatcher->dispatch()
#52 /tmp/abdoElHodaky/larvrevrstender/services/payment-service/vendor/laravel/framework/src/Illuminate/Foundation/Bus/Dispatchable.php(19): Illuminate\\Foundation\\Bus\\PendingDispatch->__destruct()
#53 /tmp/abdoElHodaky/larvrevrstender/services/payment-service/vendor/laravel-workflow/laravel-workflow/src/WorkflowStub.php(396): Workflow\\Workflow::dispatch()
#54 /tmp/abdoElHodaky/larvrevrstender/services/payment-service/vendor/laravel-workflow/laravel-workflow/src/WorkflowStub.php(250): Workflow\\WorkflowStub->dispatch()
#55 /tmp/abdoElHodaky/larvrevrstender/services/payment-service/app/Workflows/PaymentProcessingSaga.php(49): Workflow\\WorkflowStub->start()
#56 /tmp/abdoElHodaky/larvrevrstender/services/payment-service/tests/Feature/PaymentProcessingSagaTest.php(52): App\\Workflows\\PaymentProcessingSaga::start()
#57 /tmp/abdoElHodaky/larvrevrstender/services/payment-service/vendor/phpunit/phpunit/src/Framework/TestCase.php(1667): Tests\\Feature\\PaymentProcessingSagaTest->test_successful_payment_processing_saga()
#58 /tmp/abdoElHodaky/larvrevrstender/services/payment-service/vendor/phpunit/phpunit/src/Framework/TestCase.php(519): PHPUnit\\Framework\\TestCase->runTest()
#59 /tmp/abdoElHodaky/larvrevrstender/services/payment-service/vendor/phpunit/phpunit/src/Framework/TestRunner/TestRunner.php(87): PHPUnit\\Framework\\TestCase->runBare()
#60 /tmp/abdoElHodaky/larvrevrstender/services/payment-service/vendor/phpunit/phpunit/src/Framework/TestCase.php(365): PHPUnit\\Framework\\TestRunner->run()
#61 /tmp/abdoElHodaky/larvrevrstender/services/payment-service/vendor/phpunit/phpunit/src/Framework/TestSuite.php(369): PHPUnit\\Framework\\TestCase->run()
#62 /tmp/abdoElHodaky/larvrevrstender/services/payment-service/vendor/phpunit/phpunit/src/Framework/TestSuite.php(369): PHPUnit\\Framework\\TestSuite->run()
#63 /tmp/abdoElHodaky/larvrevrstender/services/payment-service/vendor/phpunit/phpunit/src/Framework/TestSuite.php(369): PHPUnit\\Framework\\TestSuite->run()
#64 /tmp/abdoElHodaky/larvrevrstender/services/payment-service/vendor/phpunit/phpunit/src/TextUI/TestRunner.php(64): PHPUnit\\Framework\\TestSuite->run()
#65 /tmp/abdoElHodaky/larvrevrstender/services/payment-service/vendor/phpunit/phpunit/src/TextUI/Application.php(211): PHPUnit\\TextUI\\TestRunner->run()
#66 /tmp/abdoElHodaky/larvrevrstender/services/payment-service/vendor/phpunit/phpunit/phpunit(104): PHPUnit\\TextUI\\Application->run()
#67 /tmp/abdoElHodaky/larvrevrstender/services/payment-service/vendor/bin/phpunit(122): include('...')
#68 {main}"} 
[2026-02-17 06:07:13] testing.INFO: PaymentProcessingSaga started {"workflow_id":1,"order_id":12345,"customer_id":67890,"amount":100.0,"payment_method":"card"} 
[2026-02-17 06:07:13] testing.ERROR: A function with return type must return a value (did you mean "return null;" instead of "return;"?) {"exception":"[object] (Symfony\\Component\\ErrorHandler\\Error\\FatalError(code: 0): A function with return type must return a value (did you mean \"return null;\" instead of \"return;\"?) at /tmp/abdoElHodaky/larvrevrstender/services/payment-service/app/Workflows/Activities/NonUniqueActivity.php:104)
[stacktrace]
#0 {main}
"} 
[2026-02-17 06:08:05] testing.INFO: PaymentProcessingSaga started {"workflow_id":1,"order_id":12345,"customer_id":67890,"amount":100.0,"payment_method":"card"} 
[2026-02-17 06:08:05] testing.INFO: Procedure registered {"name":"events","class":"Shared\\Procedures\\CrossServiceProcedure","type":"micro"} 
[2026-02-17 06:08:05] testing.INFO: Procedure registered {"name":"cache","class":"Shared\\Procedures\\CrossServiceProcedure","type":"micro"} 
[2026-02-17 06:08:05] testing.INFO: Procedure registered {"name":"notification","class":"Shared\\Procedures\\CrossServiceProcedure","type":"micro"} 
[2026-02-17 06:08:05] testing.INFO: Procedure registered {"name":"validation","class":"Shared\\Procedures\\CrossServiceProcedure","type":"micro"} 
[2026-02-17 06:08:05] testing.INFO: Procedure registered {"name":"security","class":"Shared\\Procedures\\CrossServiceProcedure","type":"micro"} 
[2026-02-17 06:08:05] testing.INFO: Procedure registered {"name":"circuit_breaker","class":"Shared\\Procedures\\CrossServiceProcedure","type":"micro"} 
[2026-02-17 06:08:05] testing.INFO: Procedure registered {"name":"queue_circuit_breaker","class":"Shared\\Procedures\\CrossServiceProcedure","type":"micro"} 
[2026-02-17 06:08:05] testing.INFO: Procedure registered {"name":"third_party_integration","class":"Shared\\Procedures\\CrossServiceProcedure","type":"micro"} 
[2026-02-17 06:08:05] testing.INFO: Procedure registered {"name":"workflow","class":"Shared\\Procedures\\CrossServiceProcedure","type":"macro"} 
[2026-02-17 06:08:05] testing.ERROR: PaymentProcessingSaga encountered error, executing compensations {"workflow_id":1,"error":"Typed property App\\Workflows\\Activities\\NonUniqueActivity::$storedWorkflow must not be accessed before initialization","trace":"#0 /tmp/abdoElHodaky/larvrevrstender/services/payment-service/vendor/laravel/framework/src/Illuminate/Queue/CallQueuedHandler.php(360): App\\Workflows\\Activities\\NonUniqueActivity->failed()
#1 /tmp/abdoElHodaky/larvrevrstender/services/payment-service/vendor/laravel/framework/src/Illuminate/Queue/Jobs/Job.php(254): Illuminate\\Queue\\CallQueuedHandler->failed()
#2 /tmp/abdoElHodaky/larvrevrstender/services/payment-service/vendor/laravel/framework/src/Illuminate/Queue/Jobs/Job.php(219): Illuminate\\Queue\\Jobs\\Job->failed()
#3 /tmp/abdoElHodaky/larvrevrstender/services/payment-service/vendor/laravel/framework/src/Illuminate/Queue/SyncQueue.php(224): Illuminate\\Queue\\Jobs\\Job->fail()
#4 /tmp/abdoElHodaky/larvrevrstender/services/payment-service/vendor/laravel/framework/src/Illuminate/Queue/SyncQueue.php(137): Illuminate\\Queue\\SyncQueue->handleException()
#5 /tmp/abdoElHodaky/larvrevrstender/services/payment-service/vendor/laravel/framework/src/Illuminate/Queue/SyncQueue.php(111): Illuminate\\Queue\\SyncQueue->executeJob()
#6 /tmp/abdoElHodaky/larvrevrstender/services/payment-service/vendor/laravel/framework/src/Illuminate/Bus/Dispatcher.php(246): Illuminate\\Queue\\SyncQueue->push()
#7 /tmp/abdoElHodaky/larvrevrstender/services/payment-service/vendor/laravel/framework/src/Illuminate/Bus/Dispatcher.php(230): Illuminate\\Bus\\Dispatcher->pushCommandToQueue()
#8 /tmp/abdoElHodaky/larvrevrstender/services/payment-service/vendor/laravel/framework/src/Illuminate/Bus/Dispatcher.php(80): Illuminate\\Bus\\Dispatcher->dispatchToQueue()
#9 /tmp/abdoElHodaky/larvrevrstender/services/payment-service/vendor/laravel/framework/src/Illuminate/Foundation/Bus/PendingDispatch.php(252): Illuminate\\Bus\\Dispatcher->dispatch()
#10 /tmp/abdoElHodaky/larvrevrstender/services/payment-service/vendor/laravel/framework/src/Illuminate/Foundation/Bus/Dispatchable.php(19): Illuminate\\Foundation\\Bus\\PendingDispatch->__destruct()
#11 /tmp/abdoElHodaky/larvrevrstender/services/payment-service/vendor/laravel-workflow/laravel-workflow/src/ActivityStub.php(69): App\\Workflows\\Activities\\NonUniqueActivity::dispatch()
#12 /tmp/abdoElHodaky/larvrevrstender/services/payment-service/vendor/laravel-workflow/laravel-workflow/src/functions.php(58): Workflow\\ActivityStub::make()
#13 /tmp/abdoElHodaky/larvrevrstender/services/payment-service/app/Workflows/PaymentProcessingSaga.php(73): Workflow\\activity()
#14 [internal function]: App\\Workflows\\PaymentProcessingSaga->execute()
#15 /tmp/abdoElHodaky/larvrevrstender/services/payment-service/vendor/laravel-workflow/laravel-workflow/src/Workflow.php(216): Generator->valid()
#16 /tmp/abdoElHodaky/larvrevrstender/services/payment-service/vendor/laravel/framework/src/Illuminate/Container/BoundMethod.php(36): Workflow\\Workflow->handle()
#17 /tmp/abdoElHodaky/larvrevrstender/services/payment-service/vendor/laravel/framework/src/Illuminate/Container/Util.php(43): Illuminate\\Container\\BoundMethod::Illuminate\\Container\\{closure}()
#18 /tmp/abdoElHodaky/larvrevrstender/services/payment-service/vendor/laravel/framework/src/Illuminate/Container/BoundMethod.php(96): Illuminate\\Container\\Util::unwrapIfClosure()
#19 /tmp/abdoElHodaky/larvrevrstender/services/payment-service/vendor/laravel/framework/src/Illuminate/Container/BoundMethod.php(35): Illuminate\\Container\\BoundMethod::callBoundMethod()
#20 /tmp/abdoElHodaky/larvrevrstender/services/payment-service/vendor/laravel/framework/src/Illuminate/Container/Container.php(799): Illuminate\\Container\\BoundMethod::call()
#21 /tmp/abdoElHodaky/larvrevrstender/services/payment-service/vendor/laravel/framework/src/Illuminate/Bus/Dispatcher.php(129): Illuminate\\Container\\Container->call()
#22 /tmp/abdoElHodaky/larvrevrstender/services/payment-service/vendor/laravel/framework/src/Illuminate/Pipeline/Pipeline.php(180): Illuminate\\Bus\\Dispatcher->Illuminate\\Bus\\{closure}()
#23 /tmp/abdoElHodaky/larvrevrstender/services/payment-service/vendor/laravel/framework/src/Illuminate/Pipeline/Pipeline.php(137): Illuminate\\Pipeline\\Pipeline->Illuminate\\Pipeline\\{closure}()
#24 /tmp/abdoElHodaky/larvrevrstender/services/payment-service/vendor/laravel/framework/src/Illuminate/Bus/Dispatcher.php(133): Illuminate\\Pipeline\\Pipeline->then()
#25 /tmp/abdoElHodaky/larvrevrstender/services/payment-service/vendor/laravel/framework/src/Illuminate/Queue/CallQueuedHandler.php(136): Illuminate\\Bus\\Dispatcher->dispatchNow()
#26 /tmp/abdoElHodaky/larvrevrstender/services/payment-service/vendor/laravel/framework/src/Illuminate/Pipeline/Pipeline.php(180): Illuminate\\Queue\\CallQueuedHandler->Illuminate\\Queue\\{closure}()
#27 /tmp/abdoElHodaky/larvrevrstender/services/payment-service/vendor/laravel-workflow/laravel-workflow/src/Middleware/WithoutOverlappingMiddleware.php(47): Illuminate\\Pipeline\\Pipeline->Illuminate\\Pipeline\\{closure}()
#28 /tmp/abdoElHodaky/larvrevrstender/services/payment-service/vendor/laravel/framework/src/Illuminate/Pipeline/Pipeline.php(219): Workflow\\Middleware\\WithoutOverlappingMiddleware->handle()
#29 /tmp/abdoElHodaky/larvrevrstender/services/payment-service/vendor/laravel/framework/src/Illuminate/Pipeline/Pipeline.php(137): Illuminate\\Pipeline\\Pipeline->Illuminate\\Pipeline\\{closure}()
#30 /tmp/abdoElHodaky/larvrevrstender/services/payment-service/vendor/laravel/framework/src/Illuminate/Queue/CallQueuedHandler.php(129): Illuminate\\Pipeline\\Pipeline->then()
#31 /tmp/abdoElHodaky/larvrevrstender/services/payment-service/vendor/laravel/framework/src/Illuminate/Queue/CallQueuedHandler.php(70): Illuminate\\Queue\\CallQueuedHandler->dispatchThroughMiddleware()
#32 /tmp/abdoElHodaky/larvrevrstender/services/payment-service/vendor/laravel/framework/src/Illuminate/Queue/Jobs/Job.php(102): Illuminate\\Queue\\CallQueuedHandler->call()
#33 /tmp/abdoElHodaky/larvrevrstender/services/payment-service/vendor/laravel/framework/src/Illuminate/Queue/SyncQueue.php(131): Illuminate\\Queue\\Jobs\\Job->fire()
#34 /tmp/abdoElHodaky/larvrevrstender/services/payment-service/vendor/laravel/framework/src/Illuminate/Queue/SyncQueue.php(107): Illuminate\\Queue\\SyncQueue->executeJob()
#35 /tmp/abdoElHodaky/larvrevrstender/services/payment-service/vendor/laravel/framework/src/Illuminate/Foundation/Testing/DatabaseTransactionsManager.php(38): Illuminate\\Queue\\SyncQueue->Illuminate\\Queue\\{closure}()
#36 /tmp/abdoElHodaky/larvrevrstender/services/payment-service/vendor/laravel/framework/src/Illuminate/Queue/SyncQueue.php(106): Illuminate\\Foundation\\Testing\\DatabaseTransactionsManager->addCallback()
#37 /tmp/abdoElHodaky/larvrevrstender/services/payment-service/vendor/laravel/framework/src/Illuminate/Bus/Dispatcher.php(246): Illuminate\\Queue\\SyncQueue->push()
#38 /tmp/abdoElHodaky/larvrevrstender/services/payment-service/vendor/laravel/framework/src/Illuminate/Bus/Dispatcher.php(230): Illuminate\\Bus\\Dispatcher->pushCommandToQueue()
#39 /tmp/abdoElHodaky/larvrevrstender/services/payment-service/vendor/laravel/framework/src/Illuminate/Bus/Dispatcher.php(80): Illuminate\\Bus\\Dispatcher->dispatchToQueue()
#40 /tmp/abdoElHodaky/larvrevrstender/services/payment-service/vendor/laravel/framework/src/Illuminate/Foundation/Bus/PendingDispatch.php(252): Illuminate\\Bus\\Dispatcher->dispatch()
#41 /tmp/abdoElHodaky/larvrevrstender/services/payment-service/vendor/laravel/framework/src/Illuminate/Foundation/Bus/Dispatchable.php(19): Illuminate\\Foundation\\Bus\\PendingDispatch->__destruct()
#42 /tmp/abdoElHodaky/larvrevrstender/services/payment-service/vendor/laravel-workflow/laravel-workflow/src/WorkflowStub.php(396): Workflow\\Workflow::dispatch()
#43 /tmp/abdoElHodaky/larvrevrstender/services/payment-service/vendor/laravel-workflow/laravel-workflow/src/WorkflowStub.php(250): Workflow\\WorkflowStub->dispatch()
#44 /tmp/abdoElHodaky/larvrevrstender/services/payment-service/app/Workflows/PaymentProcessingSaga.php(49): Workflow\\WorkflowStub->start()
#45 /tmp/abdoElHodaky/larvrevrstender/services/payment-service/tests/Feature/PaymentProcessingSagaTest.php(52): App\\Workflows\\PaymentProcessingSaga::start()
#46 /tmp/abdoElHodaky/larvrevrstender/services/payment-service/vendor/phpunit/phpunit/src/Framework/TestCase.php(1667): Tests\\Feature\\PaymentProcessingSagaTest->test_successful_payment_processing_saga()
#47 /tmp/abdoElHodaky/larvrevrstender/services/payment-service/vendor/phpunit/phpunit/src/Framework/TestCase.php(519): PHPUnit\\Framework\\TestCase->runTest()
#48 /tmp/abdoElHodaky/larvrevrstender/services/payment-service/vendor/phpunit/phpunit/src/Framework/TestRunner/TestRunner.php(87): PHPUnit\\Framework\\TestCase->runBare()
#49 /tmp/abdoElHodaky/larvrevrstender/services/payment-service/vendor/phpunit/phpunit/src/Framework/TestCase.php(365): PHPUnit\\Framework\\TestRunner->run()
#50 /tmp/abdoElHodaky/larvrevrstender/services/payment-service/vendor/phpunit/phpunit/src/Framework/TestSuite.php(369): PHPUnit\\Framework\\TestCase->run()
#51 /tmp/abdoElHodaky/larvrevrstender/services/payment-service/vendor/phpunit/phpunit/src/Framework/TestSuite.php(369): PHPUnit\\Framework\\TestSuite->run()
#52 /tmp/abdoElHodaky/larvrevrstender/services/payment-service/vendor/phpunit/phpunit/src/Framework/TestSuite.php(369): PHPUnit\\Framework\\TestSuite->run()
#53 /tmp/abdoElHodaky/larvrevrstender/services/payment-service/vendor/phpunit/phpunit/src/TextUI/TestRunner.php(64): PHPUnit\\Framework\\TestSuite->run()
#54 /tmp/abdoElHodaky/larvrevrstender/services/payment-service/vendor/phpunit/phpunit/src/TextUI/Application.php(211): PHPUnit\\TextUI\\TestRunner->run()
#55 /tmp/abdoElHodaky/larvrevrstender/services/payment-service/vendor/phpunit/phpunit/phpunit(104): PHPUnit\\TextUI\\Application->run()
#56 /tmp/abdoElHodaky/larvrevrstender/services/payment-service/vendor/bin/phpunit(122): include('...')
#57 {main}"} 
[2026-02-17 06:09:13] testing.INFO: PaymentProcessingSaga started {"workflow_id":1,"order_id":12345,"customer_id":67890,"amount":100.0,"payment_method":"card"} 
[2026-02-17 06:09:13] testing.INFO: Procedure registered {"name":"events","class":"Shared\\Procedures\\CrossServiceProcedure","type":"micro"} 
[2026-02-17 06:09:13] testing.INFO: Procedure registered {"name":"cache","class":"Shared\\Procedures\\CrossServiceProcedure","type":"micro"} 
[2026-02-17 06:09:13] testing.INFO: Procedure registered {"name":"notification","class":"Shared\\Procedures\\CrossServiceProcedure","type":"micro"} 
[2026-02-17 06:09:13] testing.INFO: Procedure registered {"name":"validation","class":"Shared\\Procedures\\CrossServiceProcedure","type":"micro"} 
[2026-02-17 06:09:13] testing.INFO: Procedure registered {"name":"security","class":"Shared\\Procedures\\CrossServiceProcedure","type":"micro"} 
[2026-02-17 06:09:13] testing.INFO: Procedure registered {"name":"circuit_breaker","class":"Shared\\Procedures\\CrossServiceProcedure","type":"micro"} 
[2026-02-17 06:09:13] testing.INFO: Procedure registered {"name":"queue_circuit_breaker","class":"Shared\\Procedures\\CrossServiceProcedure","type":"micro"} 
[2026-02-17 06:09:13] testing.INFO: Procedure registered {"name":"third_party_integration","class":"Shared\\Procedures\\CrossServiceProcedure","type":"micro"} 
[2026-02-17 06:09:13] testing.INFO: Procedure registered {"name":"workflow","class":"Shared\\Procedures\\CrossServiceProcedure","type":"macro"} 
[2026-02-17 06:09:13] testing.ERROR: PaymentProcessingSaga encountered error, executing compensations {"workflow_id":1,"error":"Too few arguments to function App\\Workflows\\Activities\\ValidatePaymentDataActivity::execute(), 0 passed in /tmp/abdoElHodaky/larvrevrstender/services/payment-service/app/Workflows/Activities/NonUniqueActivity.php on line 116 and exactly 1 expected","trace":"#0 /tmp/abdoElHodaky/larvrevrstender/services/payment-service/app/Workflows/Activities/NonUniqueActivity.php(116): App\\Workflows\\Activities\\ValidatePaymentDataActivity->execute()
#1 /tmp/abdoElHodaky/larvrevrstender/services/payment-service/vendor/laravel/framework/src/Illuminate/Container/BoundMethod.php(36): App\\Workflows\\Activities\\NonUniqueActivity->handle()
#2 /tmp/abdoElHodaky/larvrevrstender/services/payment-service/vendor/laravel/framework/src/Illuminate/Container/Util.php(43): Illuminate\\Container\\BoundMethod::Illuminate\\Container\\{closure}()
#3 /tmp/abdoElHodaky/larvrevrstender/services/payment-service/vendor/laravel/framework/src/Illuminate/Container/BoundMethod.php(96): Illuminate\\Container\\Util::unwrapIfClosure()
#4 /tmp/abdoElHodaky/larvrevrstender/services/payment-service/vendor/laravel/framework/src/Illuminate/Container/BoundMethod.php(35): Illuminate\\Container\\BoundMethod::callBoundMethod()
#5 /tmp/abdoElHodaky/larvrevrstender/services/payment-service/vendor/laravel/framework/src/Illuminate/Container/Container.php(799): Illuminate\\Container\\BoundMethod::call()
#6 /tmp/abdoElHodaky/larvrevrstender/services/payment-service/vendor/laravel/framework/src/Illuminate/Bus/Dispatcher.php(129): Illuminate\\Container\\Container->call()
#7 /tmp/abdoElHodaky/larvrevrstender/services/payment-service/vendor/laravel/framework/src/Illuminate/Pipeline/Pipeline.php(180): Illuminate\\Bus\\Dispatcher->Illuminate\\Bus\\{closure}()
#8 /tmp/abdoElHodaky/larvrevrstender/services/payment-service/vendor/laravel/framework/src/Illuminate/Pipeline/Pipeline.php(137): Illuminate\\Pipeline\\Pipeline->Illuminate\\Pipeline\\{closure}()
#9 /tmp/abdoElHodaky/larvrevrstender/services/payment-service/vendor/laravel/framework/src/Illuminate/Bus/Dispatcher.php(133): Illuminate\\Pipeline\\Pipeline->then()
#10 /tmp/abdoElHodaky/larvrevrstender/services/payment-service/vendor/laravel/framework/src/Illuminate/Queue/CallQueuedHandler.php(136): Illuminate\\Bus\\Dispatcher->dispatchNow()
#11 /tmp/abdoElHodaky/larvrevrstender/services/payment-service/vendor/laravel/framework/src/Illuminate/Pipeline/Pipeline.php(180): Illuminate\\Queue\\CallQueuedHandler->Illuminate\\Queue\\{closure}()
#12 /tmp/abdoElHodaky/larvrevrstender/services/payment-service/vendor/laravel/framework/src/Illuminate/Pipeline/Pipeline.php(137): Illuminate\\Pipeline\\Pipeline->Illuminate\\Pipeline\\{closure}()
#13 /tmp/abdoElHodaky/larvrevrstender/services/payment-service/vendor/laravel/framework/src/Illuminate/Queue/CallQueuedHandler.php(129): Illuminate\\Pipeline\\Pipeline->then()
#14 /tmp/abdoElHodaky/larvrevrstender/services/payment-service/vendor/laravel/framework/src/Illuminate/Queue/CallQueuedHandler.php(70): Illuminate\\Queue\\CallQueuedHandler->dispatchThroughMiddleware()
#15 /tmp/abdoElHodaky/larvrevrstender/services/payment-service/vendor/laravel/framework/src/Illuminate/Queue/Jobs/Job.php(102): Illuminate\\Queue\\CallQueuedHandler->call()
#16 /tmp/abdoElHodaky/larvrevrstender/services/payment-service/vendor/laravel/framework/src/Illuminate/Queue/SyncQueue.php(131): Illuminate\\Queue\\Jobs\\Job->fire()
#17 /tmp/abdoElHodaky/larvrevrstender/services/payment-service/vendor/laravel/framework/src/Illuminate/Queue/SyncQueue.php(111): Illuminate\\Queue\\SyncQueue->executeJob()
#18 /tmp/abdoElHodaky/larvrevrstender/services/payment-service/vendor/laravel/framework/src/Illuminate/Bus/Dispatcher.php(246): Illuminate\\Queue\\SyncQueue->push()
#19 /tmp/abdoElHodaky/larvrevrstender/services/payment-service/vendor/laravel/framework/src/Illuminate/Bus/Dispatcher.php(230): Illuminate\\Bus\\Dispatcher->pushCommandToQueue()
#20 /tmp/abdoElHodaky/larvrevrstender/services/payment-service/vendor/laravel/framework/src/Illuminate/Bus/Dispatcher.php(80): Illuminate\\Bus\\Dispatcher->dispatchToQueue()
#21 /tmp/abdoElHodaky/larvrevrstender/services/payment-service/vendor/laravel/framework/src/Illuminate/Foundation/Bus/PendingDispatch.php(252): Illuminate\\Bus\\Dispatcher->dispatch()
#22 /tmp/abdoElHodaky/larvrevrstender/services/payment-service/vendor/laravel/framework/src/Illuminate/Foundation/Bus/Dispatchable.php(19): Illuminate\\Foundation\\Bus\\PendingDispatch->__destruct()
#23 /tmp/abdoElHodaky/larvrevrstender/services/payment-service/vendor/laravel-workflow/laravel-workflow/src/ActivityStub.php(69): App\\Workflows\\Activities\\NonUniqueActivity::dispatch()
#24 /tmp/abdoElHodaky/larvrevrstender/services/payment-service/vendor/laravel-workflow/laravel-workflow/src/functions.php(58): Workflow\\ActivityStub::make()
#25 /tmp/abdoElHodaky/larvrevrstender/services/payment-service/app/Workflows/PaymentProcessingSaga.php(73): Workflow\\activity()
#26 [internal function]: App\\Workflows\\PaymentProcessingSaga->execute()
#27 /tmp/abdoElHodaky/larvrevrstender/services/payment-service/vendor/laravel-workflow/laravel-workflow/src/Workflow.php(216): Generator->valid()
#28 /tmp/abdoElHodaky/larvrevrstender/services/payment-service/vendor/laravel/framework/src/Illuminate/Container/BoundMethod.php(36): Workflow\\Workflow->handle()
#29 /tmp/abdoElHodaky/larvrevrstender/services/payment-service/vendor/laravel/framework/src/Illuminate/Container/Util.php(43): Illuminate\\Container\\BoundMethod::Illuminate\\Container\\{closure}()
#30 /tmp/abdoElHodaky/larvrevrstender/services/payment-service/vendor/laravel/framework/src/Illuminate/Container/BoundMethod.php(96): Illuminate\\Container\\Util::unwrapIfClosure()
#31 /tmp/abdoElHodaky/larvrevrstender/services/payment-service/vendor/laravel/framework/src/Illuminate/Container/BoundMethod.php(35): Illuminate\\Container\\BoundMethod::callBoundMethod()
#32 /tmp/abdoElHodaky/larvrevrstender/services/payment-service/vendor/laravel/framework/src/Illuminate/Container/Container.php(799): Illuminate\\Container\\BoundMethod::call()
#33 /tmp/abdoElHodaky/larvrevrstender/services/payment-service/vendor/laravel/framework/src/Illuminate/Bus/Dispatcher.php(129): Illuminate\\Container\\Container->call()
#34 /tmp/abdoElHodaky/larvrevrstender/services/payment-service/vendor/laravel/framework/src/Illuminate/Pipeline/Pipeline.php(180): Illuminate\\Bus\\Dispatcher->Illuminate\\Bus\\{closure}()
#35 /tmp/abdoElHodaky/larvrevrstender/services/payment-service/vendor/laravel/framework/src/Illuminate/Pipeline/Pipeline.php(137): Illuminate\\Pipeline\\Pipeline->Illuminate\\Pipeline\\{closure}()
#36 /tmp/abdoElHodaky/larvrevrstender/services/payment-service/vendor/laravel/framework/src/Illuminate/Bus/Dispatcher.php(133): Illuminate\\Pipeline\\Pipeline->then()
#37 /tmp/abdoElHodaky/larvrevrstender/services/payment-service/vendor/laravel/framework/src/Illuminate/Queue/CallQueuedHandler.php(136): Illuminate\\Bus\\Dispatcher->dispatchNow()
#38 /tmp/abdoElHodaky/larvrevrstender/services/payment-service/vendor/laravel/framework/src/Illuminate/Pipeline/Pipeline.php(180): Illuminate\\Queue\\CallQueuedHandler->Illuminate\\Queue\\{closure}()
#39 /tmp/abdoElHodaky/larvrevrstender/services/payment-service/vendor/laravel-workflow/laravel-workflow/src/Middleware/WithoutOverlappingMiddleware.php(47): Illuminate\\Pipeline\\Pipeline->Illuminate\\Pipeline\\{closure}()
#40 /tmp/abdoElHodaky/larvrevrstender/services/payment-service/vendor/laravel/framework/src/Illuminate/Pipeline/Pipeline.php(219): Workflow\\Middleware\\WithoutOverlappingMiddleware->handle()
#41 /tmp/abdoElHodaky/larvrevrstender/services/payment-service/vendor/laravel/framework/src/Illuminate/Pipeline/Pipeline.php(137): Illuminate\\Pipeline\\Pipeline->Illuminate\\Pipeline\\{closure}()
#42 /tmp/abdoElHodaky/larvrevrstender/services/payment-service/vendor/laravel/framework/src/Illuminate/Queue/CallQueuedHandler.php(129): Illuminate\\Pipeline\\Pipeline->then()
#43 /tmp/abdoElHodaky/larvrevrstender/services/payment-service/vendor/laravel/framework/src/Illuminate/Queue/CallQueuedHandler.php(70): Illuminate\\Queue\\CallQueuedHandler->dispatchThroughMiddleware()
#44 /tmp/abdoElHodaky/larvrevrstender/services/payment-service/vendor/laravel/framework/src/Illuminate/Queue/Jobs/Job.php(102): Illuminate\\Queue\\CallQueuedHandler->call()
#45 /tmp/abdoElHodaky/larvrevrstender/services/payment-service/vendor/laravel/framework/src/Illuminate/Queue/SyncQueue.php(131): Illuminate\\Queue\\Jobs\\Job->fire()
#46 /tmp/abdoElHodaky/larvrevrstender/services/payment-service/vendor/laravel/framework/src/Illuminate/Queue/SyncQueue.php(107): Illuminate\\Queue\\SyncQueue->executeJob()
#47 /tmp/abdoElHodaky/larvrevrstender/services/payment-service/vendor/laravel/framework/src/Illuminate/Foundation/Testing/DatabaseTransactionsManager.php(38): Illuminate\\Queue\\SyncQueue->Illuminate\\Queue\\{closure}()
#48 /tmp/abdoElHodaky/larvrevrstender/services/payment-service/vendor/laravel/framework/src/Illuminate/Queue/SyncQueue.php(106): Illuminate\\Foundation\\Testing\\DatabaseTransactionsManager->addCallback()
#49 /tmp/abdoElHodaky/larvrevrstender/services/payment-service/vendor/laravel/framework/src/Illuminate/Bus/Dispatcher.php(246): Illuminate\\Queue\\SyncQueue->push()
#50 /tmp/abdoElHodaky/larvrevrstender/services/payment-service/vendor/laravel/framework/src/Illuminate/Bus/Dispatcher.php(230): Illuminate\\Bus\\Dispatcher->pushCommandToQueue()
#51 /tmp/abdoElHodaky/larvrevrstender/services/payment-service/vendor/laravel/framework/src/Illuminate/Bus/Dispatcher.php(80): Illuminate\\Bus\\Dispatcher->dispatchToQueue()
#52 /tmp/abdoElHodaky/larvrevrstender/services/payment-service/vendor/laravel/framework/src/Illuminate/Foundation/Bus/PendingDispatch.php(252): Illuminate\\Bus\\Dispatcher->dispatch()
#53 /tmp/abdoElHodaky/larvrevrstender/services/payment-service/vendor/laravel/framework/src/Illuminate/Foundation/Bus/Dispatchable.php(19): Illuminate\\Foundation\\Bus\\PendingDispatch->__destruct()
#54 /tmp/abdoElHodaky/larvrevrstender/services/payment-service/vendor/laravel-workflow/laravel-workflow/src/WorkflowStub.php(396): Workflow\\Workflow::dispatch()
#55 /tmp/abdoElHodaky/larvrevrstender/services/payment-service/vendor/laravel-workflow/laravel-workflow/src/WorkflowStub.php(250): Workflow\\WorkflowStub->dispatch()
#56 /tmp/abdoElHodaky/larvrevrstender/services/payment-service/app/Workflows/PaymentProcessingSaga.php(49): Workflow\\WorkflowStub->start()
#57 /tmp/abdoElHodaky/larvrevrstender/services/payment-service/tests/Feature/PaymentProcessingSagaTest.php(52): App\\Workflows\\PaymentProcessingSaga::start()
#58 /tmp/abdoElHodaky/larvrevrstender/services/payment-service/vendor/phpunit/phpunit/src/Framework/TestCase.php(1667): Tests\\Feature\\PaymentProcessingSagaTest->test_successful_payment_processing_saga()
#59 /tmp/abdoElHodaky/larvrevrstender/services/payment-service/vendor/phpunit/phpunit/src/Framework/TestCase.php(519): PHPUnit\\Framework\\TestCase->runTest()
#60 /tmp/abdoElHodaky/larvrevrstender/services/payment-service/vendor/phpunit/phpunit/src/Framework/TestRunner/TestRunner.php(87): PHPUnit\\Framework\\TestCase->runBare()
#61 /tmp/abdoElHodaky/larvrevrstender/services/payment-service/vendor/phpunit/phpunit/src/Framework/TestCase.php(365): PHPUnit\\Framework\\TestRunner->run()
#62 /tmp/abdoElHodaky/larvrevrstender/services/payment-service/vendor/phpunit/phpunit/src/Framework/TestSuite.php(369): PHPUnit\\Framework\\TestCase->run()
#63 /tmp/abdoElHodaky/larvrevrstender/services/payment-service/vendor/phpunit/phpunit/src/Framework/TestSuite.php(369): PHPUnit\\Framework\\TestSuite->run()
#64 /tmp/abdoElHodaky/larvrevrstender/services/payment-service/vendor/phpunit/phpunit/src/Framework/TestSuite.php(369): PHPUnit\\Framework\\TestSuite->run()
#65 /tmp/abdoElHodaky/larvrevrstender/services/payment-service/vendor/phpunit/phpunit/src/TextUI/TestRunner.php(64): PHPUnit\\Framework\\TestSuite->run()
#66 /tmp/abdoElHodaky/larvrevrstender/services/payment-service/vendor/phpunit/phpunit/src/TextUI/Application.php(211): PHPUnit\\TextUI\\TestRunner->run()
#67 /tmp/abdoElHodaky/larvrevrstender/services/payment-service/vendor/phpunit/phpunit/phpunit(104): PHPUnit\\TextUI\\Application->run()
#68 /tmp/abdoElHodaky/larvrevrstender/services/payment-service/vendor/bin/phpunit(122): include('...')
#69 {main}"} 
[2026-02-17 06:10:10] testing.INFO: PaymentProcessingSaga started {"workflow_id":1,"order_id":12345,"customer_id":67890,"amount":100.0,"payment_method":"card"} 
[2026-02-17 06:10:10] testing.INFO: Procedure registered {"name":"events","class":"Shared\\Procedures\\CrossServiceProcedure","type":"micro"} 
[2026-02-17 06:10:10] testing.INFO: Procedure registered {"name":"cache","class":"Shared\\Procedures\\CrossServiceProcedure","type":"micro"} 
[2026-02-17 06:10:10] testing.INFO: Procedure registered {"name":"notification","class":"Shared\\Procedures\\CrossServiceProcedure","type":"micro"} 
[2026-02-17 06:10:10] testing.INFO: Procedure registered {"name":"validation","class":"Shared\\Procedures\\CrossServiceProcedure","type":"micro"} 
[2026-02-17 06:10:10] testing.INFO: Procedure registered {"name":"security","class":"Shared\\Procedures\\CrossServiceProcedure","type":"micro"} 
[2026-02-17 06:10:10] testing.INFO: Procedure registered {"name":"circuit_breaker","class":"Shared\\Procedures\\CrossServiceProcedure","type":"micro"} 
[2026-02-17 06:10:10] testing.INFO: Procedure registered {"name":"queue_circuit_breaker","class":"Shared\\Procedures\\CrossServiceProcedure","type":"micro"} 
[2026-02-17 06:10:10] testing.INFO: Procedure registered {"name":"third_party_integration","class":"Shared\\Procedures\\CrossServiceProcedure","type":"micro"} 
[2026-02-17 06:10:10] testing.INFO: Procedure registered {"name":"workflow","class":"Shared\\Procedures\\CrossServiceProcedure","type":"macro"} 
[2026-02-17 06:10:10] testing.ERROR: PaymentProcessingSaga encountered error, executing compensations {"workflow_id":1,"error":"Too few arguments to function App\\Workflows\\Activities\\ValidatePaymentDataActivity::execute(), 0 passed in /tmp/abdoElHodaky/larvrevrstender/services/payment-service/app/Workflows/Activities/NonUniqueActivity.php on line 120 and exactly 1 expected","trace":"#0 /tmp/abdoElHodaky/larvrevrstender/services/payment-service/app/Workflows/Activities/NonUniqueActivity.php(120): App\\Workflows\\Activities\\ValidatePaymentDataActivity->execute()
#1 /tmp/abdoElHodaky/larvrevrstender/services/payment-service/vendor/laravel/framework/src/Illuminate/Container/BoundMethod.php(36): App\\Workflows\\Activities\\NonUniqueActivity->handle()
#2 /tmp/abdoElHodaky/larvrevrstender/services/payment-service/vendor/laravel/framework/src/Illuminate/Container/Util.php(43): Illuminate\\Container\\BoundMethod::Illuminate\\Container\\{closure}()
#3 /tmp/abdoElHodaky/larvrevrstender/services/payment-service/vendor/laravel/framework/src/Illuminate/Container/BoundMethod.php(96): Illuminate\\Container\\Util::unwrapIfClosure()
#4 /tmp/abdoElHodaky/larvrevrstender/services/payment-service/vendor/laravel/framework/src/Illuminate/Container/BoundMethod.php(35): Illuminate\\Container\\BoundMethod::callBoundMethod()
#5 /tmp/abdoElHodaky/larvrevrstender/services/payment-service/vendor/laravel/framework/src/Illuminate/Container/Container.php(799): Illuminate\\Container\\BoundMethod::call()
#6 /tmp/abdoElHodaky/larvrevrstender/services/payment-service/vendor/laravel/framework/src/Illuminate/Bus/Dispatcher.php(129): Illuminate\\Container\\Container->call()
#7 /tmp/abdoElHodaky/larvrevrstender/services/payment-service/vendor/laravel/framework/src/Illuminate/Pipeline/Pipeline.php(180): Illuminate\\Bus\\Dispatcher->Illuminate\\Bus\\{closure}()
#8 /tmp/abdoElHodaky/larvrevrstender/services/payment-service/vendor/laravel/framework/src/Illuminate/Pipeline/Pipeline.php(137): Illuminate\\Pipeline\\Pipeline->Illuminate\\Pipeline\\{closure}()
#9 /tmp/abdoElHodaky/larvrevrstender/services/payment-service/vendor/laravel/framework/src/Illuminate/Bus/Dispatcher.php(133): Illuminate\\Pipeline\\Pipeline->then()
#10 /tmp/abdoElHodaky/larvrevrstender/services/payment-service/vendor/laravel/framework/src/Illuminate/Queue/CallQueuedHandler.php(136): Illuminate\\Bus\\Dispatcher->dispatchNow()
#11 /tmp/abdoElHodaky/larvrevrstender/services/payment-service/vendor/laravel/framework/src/Illuminate/Pipeline/Pipeline.php(180): Illuminate\\Queue\\CallQueuedHandler->Illuminate\\Queue\\{closure}()
#12 /tmp/abdoElHodaky/larvrevrstender/services/payment-service/vendor/laravel/framework/src/Illuminate/Pipeline/Pipeline.php(137): Illuminate\\Pipeline\\Pipeline->Illuminate\\Pipeline\\{closure}()
#13 /tmp/abdoElHodaky/larvrevrstender/services/payment-service/vendor/laravel/framework/src/Illuminate/Queue/CallQueuedHandler.php(129): Illuminate\\Pipeline\\Pipeline->then()
#14 /tmp/abdoElHodaky/larvrevrstender/services/payment-service/vendor/laravel/framework/src/Illuminate/Queue/CallQueuedHandler.php(70): Illuminate\\Queue\\CallQueuedHandler->dispatchThroughMiddleware()
#15 /tmp/abdoElHodaky/larvrevrstender/services/payment-service/vendor/laravel/framework/src/Illuminate/Queue/Jobs/Job.php(102): Illuminate\\Queue\\CallQueuedHandler->call()
#16 /tmp/abdoElHodaky/larvrevrstender/services/payment-service/vendor/laravel/framework/src/Illuminate/Queue/SyncQueue.php(131): Illuminate\\Queue\\Jobs\\Job->fire()
#17 /tmp/abdoElHodaky/larvrevrstender/services/payment-service/vendor/laravel/framework/src/Illuminate/Queue/SyncQueue.php(111): Illuminate\\Queue\\SyncQueue->executeJob()
#18 /tmp/abdoElHodaky/larvrevrstender/services/payment-service/vendor/laravel/framework/src/Illuminate/Bus/Dispatcher.php(246): Illuminate\\Queue\\SyncQueue->push()
#19 /tmp/abdoElHodaky/larvrevrstender/services/payment-service/vendor/laravel/framework/src/Illuminate/Bus/Dispatcher.php(230): Illuminate\\Bus\\Dispatcher->pushCommandToQueue()
#20 /tmp/abdoElHodaky/larvrevrstender/services/payment-service/vendor/laravel/framework/src/Illuminate/Bus/Dispatcher.php(80): Illuminate\\Bus\\Dispatcher->dispatchToQueue()
#21 /tmp/abdoElHodaky/larvrevrstender/services/payment-service/vendor/laravel/framework/src/Illuminate/Foundation/Bus/PendingDispatch.php(252): Illuminate\\Bus\\Dispatcher->dispatch()
#22 /tmp/abdoElHodaky/larvrevrstender/services/payment-service/vendor/laravel/framework/src/Illuminate/Foundation/Bus/Dispatchable.php(19): Illuminate\\Foundation\\Bus\\PendingDispatch->__destruct()
#23 /tmp/abdoElHodaky/larvrevrstender/services/payment-service/vendor/laravel-workflow/laravel-workflow/src/ActivityStub.php(69): App\\Workflows\\Activities\\NonUniqueActivity::dispatch()
#24 /tmp/abdoElHodaky/larvrevrstender/services/payment-service/vendor/laravel-workflow/laravel-workflow/src/functions.php(58): Workflow\\ActivityStub::make()
#25 /tmp/abdoElHodaky/larvrevrstender/services/payment-service/app/Workflows/PaymentProcessingSaga.php(73): Workflow\\activity()
#26 [internal function]: App\\Workflows\\PaymentProcessingSaga->execute()
#27 /tmp/abdoElHodaky/larvrevrstender/services/payment-service/vendor/laravel-workflow/laravel-workflow/src/Workflow.php(216): Generator->valid()
#28 /tmp/abdoElHodaky/larvrevrstender/services/payment-service/vendor/laravel/framework/src/Illuminate/Container/BoundMethod.php(36): Workflow\\Workflow->handle()
#29 /tmp/abdoElHodaky/larvrevrstender/services/payment-service/vendor/laravel/framework/src/Illuminate/Container/Util.php(43): Illuminate\\Container\\BoundMethod::Illuminate\\Container\\{closure}()
#30 /tmp/abdoElHodaky/larvrevrstender/services/payment-service/vendor/laravel/framework/src/Illuminate/Container/BoundMethod.php(96): Illuminate\\Container\\Util::unwrapIfClosure()
#31 /tmp/abdoElHodaky/larvrevrstender/services/payment-service/vendor/laravel/framework/src/Illuminate/Container/BoundMethod.php(35): Illuminate\\Container\\BoundMethod::callBoundMethod()
#32 /tmp/abdoElHodaky/larvrevrstender/services/payment-service/vendor/laravel/framework/src/Illuminate/Container/Container.php(799): Illuminate\\Container\\BoundMethod::call()
#33 /tmp/abdoElHodaky/larvrevrstender/services/payment-service/vendor/laravel/framework/src/Illuminate/Bus/Dispatcher.php(129): Illuminate\\Container\\Container->call()
#34 /tmp/abdoElHodaky/larvrevrstender/services/payment-service/vendor/laravel/framework/src/Illuminate/Pipeline/Pipeline.php(180): Illuminate\\Bus\\Dispatcher->Illuminate\\Bus\\{closure}()
#35 /tmp/abdoElHodaky/larvrevrstender/services/payment-service/vendor/laravel/framework/src/Illuminate/Pipeline/Pipeline.php(137): Illuminate\\Pipeline\\Pipeline->Illuminate\\Pipeline\\{closure}()
#36 /tmp/abdoElHodaky/larvrevrstender/services/payment-service/vendor/laravel/framework/src/Illuminate/Bus/Dispatcher.php(133): Illuminate\\Pipeline\\Pipeline->then()
#37 /tmp/abdoElHodaky/larvrevrstender/services/payment-service/vendor/laravel/framework/src/Illuminate/Queue/CallQueuedHandler.php(136): Illuminate\\Bus\\Dispatcher->dispatchNow()
#38 /tmp/abdoElHodaky/larvrevrstender/services/payment-service/vendor/laravel/framework/src/Illuminate/Pipeline/Pipeline.php(180): Illuminate\\Queue\\CallQueuedHandler->Illuminate\\Queue\\{closure}()
#39 /tmp/abdoElHodaky/larvrevrstender/services/payment-service/vendor/laravel-workflow/laravel-workflow/src/Middleware/WithoutOverlappingMiddleware.php(47): Illuminate\\Pipeline\\Pipeline->Illuminate\\Pipeline\\{closure}()
#40 /tmp/abdoElHodaky/larvrevrstender/services/payment-service/vendor/laravel/framework/src/Illuminate/Pipeline/Pipeline.php(219): Workflow\\Middleware\\WithoutOverlappingMiddleware->handle()
#41 /tmp/abdoElHodaky/larvrevrstender/services/payment-service/vendor/laravel/framework/src/Illuminate/Pipeline/Pipeline.php(137): Illuminate\\Pipeline\\Pipeline->Illuminate\\Pipeline\\{closure}()
#42 /tmp/abdoElHodaky/larvrevrstender/services/payment-service/vendor/laravel/framework/src/Illuminate/Queue/CallQueuedHandler.php(129): Illuminate\\Pipeline\\Pipeline->then()
#43 /tmp/abdoElHodaky/larvrevrstender/services/payment-service/vendor/laravel/framework/src/Illuminate/Queue/CallQueuedHandler.php(70): Illuminate\\Queue\\CallQueuedHandler->dispatchThroughMiddleware()
#44 /tmp/abdoElHodaky/larvrevrstender/services/payment-service/vendor/laravel/framework/src/Illuminate/Queue/Jobs/Job.php(102): Illuminate\\Queue\\CallQueuedHandler->call()
#45 /tmp/abdoElHodaky/larvrevrstender/services/payment-service/vendor/laravel/framework/src/Illuminate/Queue/SyncQueue.php(131): Illuminate\\Queue\\Jobs\\Job->fire()
#46 /tmp/abdoElHodaky/larvrevrstender/services/payment-service/vendor/laravel/framework/src/Illuminate/Queue/SyncQueue.php(107): Illuminate\\Queue\\SyncQueue->executeJob()
#47 /tmp/abdoElHodaky/larvrevrstender/services/payment-service/vendor/laravel/framework/src/Illuminate/Foundation/Testing/DatabaseTransactionsManager.php(38): Illuminate\\Queue\\SyncQueue->Illuminate\\Queue\\{closure}()
#48 /tmp/abdoElHodaky/larvrevrstender/services/payment-service/vendor/laravel/framework/src/Illuminate/Queue/SyncQueue.php(106): Illuminate\\Foundation\\Testing\\DatabaseTransactionsManager->addCallback()
#49 /tmp/abdoElHodaky/larvrevrstender/services/payment-service/vendor/laravel/framework/src/Illuminate/Bus/Dispatcher.php(246): Illuminate\\Queue\\SyncQueue->push()
#50 /tmp/abdoElHodaky/larvrevrstender/services/payment-service/vendor/laravel/framework/src/Illuminate/Bus/Dispatcher.php(230): Illuminate\\Bus\\Dispatcher->pushCommandToQueue()
#51 /tmp/abdoElHodaky/larvrevrstender/services/payment-service/vendor/laravel/framework/src/Illuminate/Bus/Dispatcher.php(80): Illuminate\\Bus\\Dispatcher->dispatchToQueue()
#52 /tmp/abdoElHodaky/larvrevrstender/services/payment-service/vendor/laravel/framework/src/Illuminate/Foundation/Bus/PendingDispatch.php(252): Illuminate\\Bus\\Dispatcher->dispatch()
#53 /tmp/abdoElHodaky/larvrevrstender/services/payment-service/vendor/laravel/framework/src/Illuminate/Foundation/Bus/Dispatchable.php(19): Illuminate\\Foundation\\Bus\\PendingDispatch->__destruct()
#54 /tmp/abdoElHodaky/larvrevrstender/services/payment-service/vendor/laravel-workflow/laravel-workflow/src/WorkflowStub.php(396): Workflow\\Workflow::dispatch()
#55 /tmp/abdoElHodaky/larvrevrstender/services/payment-service/vendor/laravel-workflow/laravel-workflow/src/WorkflowStub.php(250): Workflow\\WorkflowStub->dispatch()
#56 /tmp/abdoElHodaky/larvrevrstender/services/payment-service/app/Workflows/PaymentProcessingSaga.php(49): Workflow\\WorkflowStub->start()
#57 /tmp/abdoElHodaky/larvrevrstender/services/payment-service/tests/Feature/PaymentProcessingSagaTest.php(52): App\\Workflows\\PaymentProcessingSaga::start()
#58 /tmp/abdoElHodaky/larvrevrstender/services/payment-service/vendor/phpunit/phpunit/src/Framework/TestCase.php(1667): Tests\\Feature\\PaymentProcessingSagaTest->test_successful_payment_processing_saga()
#59 /tmp/abdoElHodaky/larvrevrstender/services/payment-service/vendor/phpunit/phpunit/src/Framework/TestCase.php(519): PHPUnit\\Framework\\TestCase->runTest()
#60 /tmp/abdoElHodaky/larvrevrstender/services/payment-service/vendor/phpunit/phpunit/src/Framework/TestRunner/TestRunner.php(87): PHPUnit\\Framework\\TestCase->runBare()
#61 /tmp/abdoElHodaky/larvrevrstender/services/payment-service/vendor/phpunit/phpunit/src/Framework/TestCase.php(365): PHPUnit\\Framework\\TestRunner->run()
#62 /tmp/abdoElHodaky/larvrevrstender/services/payment-service/vendor/phpunit/phpunit/src/Framework/TestSuite.php(369): PHPUnit\\Framework\\TestCase->run()
#63 /tmp/abdoElHodaky/larvrevrstender/services/payment-service/vendor/phpunit/phpunit/src/Framework/TestSuite.php(369): PHPUnit\\Framework\\TestSuite->run()
#64 /tmp/abdoElHodaky/larvrevrstender/services/payment-service/vendor/phpunit/phpunit/src/Framework/TestSuite.php(369): PHPUnit\\Framework\\TestSuite->run()
#65 /tmp/abdoElHodaky/larvrevrstender/services/payment-service/vendor/phpunit/phpunit/src/TextUI/TestRunner.php(64): PHPUnit\\Framework\\TestSuite->run()
#66 /tmp/abdoElHodaky/larvrevrstender/services/payment-service/vendor/phpunit/phpunit/src/TextUI/Application.php(211): PHPUnit\\TextUI\\TestRunner->run()
#67 /tmp/abdoElHodaky/larvrevrstender/services/payment-service/vendor/phpunit/phpunit/phpunit(104): PHPUnit\\TextUI\\Application->run()
#68 /tmp/abdoElHodaky/larvrevrstender/services/payment-service/vendor/bin/phpunit(122): include('...')
#69 {main}"} 
[2026-02-17 06:11:54] testing.INFO: PaymentProcessingSaga started {"workflow_id":1,"order_id":12345,"customer_id":67890,"amount":100.0,"payment_method":"card"} 
[2026-02-17 06:11:54] testing.INFO: Procedure registered {"name":"events","class":"Shared\\Procedures\\CrossServiceProcedure","type":"micro"} 
[2026-02-17 06:11:54] testing.INFO: Procedure registered {"name":"cache","class":"Shared\\Procedures\\CrossServiceProcedure","type":"micro"} 
[2026-02-17 06:11:54] testing.INFO: Procedure registered {"name":"notification","class":"Shared\\Procedures\\CrossServiceProcedure","type":"micro"} 
[2026-02-17 06:11:54] testing.INFO: Procedure registered {"name":"validation","class":"Shared\\Procedures\\CrossServiceProcedure","type":"micro"} 
[2026-02-17 06:11:54] testing.INFO: Procedure registered {"name":"security","class":"Shared\\Procedures\\CrossServiceProcedure","type":"micro"} 
[2026-02-17 06:11:54] testing.INFO: Procedure registered {"name":"circuit_breaker","class":"Shared\\Procedures\\CrossServiceProcedure","type":"micro"} 
[2026-02-17 06:11:54] testing.INFO: Procedure registered {"name":"queue_circuit_breaker","class":"Shared\\Procedures\\CrossServiceProcedure","type":"micro"} 
[2026-02-17 06:11:54] testing.INFO: Procedure registered {"name":"third_party_integration","class":"Shared\\Procedures\\CrossServiceProcedure","type":"micro"} 
[2026-02-17 06:11:54] testing.INFO: Procedure registered {"name":"workflow","class":"Shared\\Procedures\\CrossServiceProcedure","type":"macro"} 
[2026-02-17 06:12:43] testing.INFO: PaymentProcessingSaga started {"workflow_id":1,"order_id":12345,"customer_id":67890,"amount":100.0,"payment_method":"card"} 
[2026-02-17 06:12:43] testing.INFO: Procedure registered {"name":"events","class":"Shared\\Procedures\\CrossServiceProcedure","type":"micro"} 
[2026-02-17 06:12:43] testing.INFO: Procedure registered {"name":"cache","class":"Shared\\Procedures\\CrossServiceProcedure","type":"micro"} 
[2026-02-17 06:12:43] testing.INFO: Procedure registered {"name":"notification","class":"Shared\\Procedures\\CrossServiceProcedure","type":"micro"} 
[2026-02-17 06:12:43] testing.INFO: Procedure registered {"name":"validation","class":"Shared\\Procedures\\CrossServiceProcedure","type":"micro"} 
[2026-02-17 06:12:43] testing.INFO: Procedure registered {"name":"security","class":"Shared\\Procedures\\CrossServiceProcedure","type":"micro"} 
[2026-02-17 06:12:43] testing.INFO: Procedure registered {"name":"circuit_breaker","class":"Shared\\Procedures\\CrossServiceProcedure","type":"micro"} 
[2026-02-17 06:12:43] testing.INFO: Procedure registered {"name":"queue_circuit_breaker","class":"Shared\\Procedures\\CrossServiceProcedure","type":"micro"} 
[2026-02-17 06:12:43] testing.INFO: Procedure registered {"name":"third_party_integration","class":"Shared\\Procedures\\CrossServiceProcedure","type":"micro"} 
[2026-02-17 06:12:43] testing.INFO: Procedure registered {"name":"workflow","class":"Shared\\Procedures\\CrossServiceProcedure","type":"macro"} 
[2026-02-17 06:12:43] testing.INFO: PaymentProcessingSaga started {"workflow_id":1,"order_id":99999,"customer_id":67890,"amount":-100.0,"payment_method":"invalid_method"} 
[2026-02-17 06:12:43] testing.INFO: Procedure registered {"name":"events","class":"Shared\\Procedures\\CrossServiceProcedure","type":"micro"} 
[2026-02-17 06:12:43] testing.INFO: Procedure registered {"name":"cache","class":"Shared\\Procedures\\CrossServiceProcedure","type":"micro"} 
[2026-02-17 06:12:43] testing.INFO: Procedure registered {"name":"notification","class":"Shared\\Procedures\\CrossServiceProcedure","type":"micro"} 
[2026-02-17 06:12:43] testing.INFO: Procedure registered {"name":"validation","class":"Shared\\Procedures\\CrossServiceProcedure","type":"micro"} 
[2026-02-17 06:12:43] testing.INFO: Procedure registered {"name":"security","class":"Shared\\Procedures\\CrossServiceProcedure","type":"micro"} 
[2026-02-17 06:12:43] testing.INFO: Procedure registered {"name":"circuit_breaker","class":"Shared\\Procedures\\CrossServiceProcedure","type":"micro"} 
[2026-02-17 06:12:43] testing.INFO: Procedure registered {"name":"queue_circuit_breaker","class":"Shared\\Procedures\\CrossServiceProcedure","type":"micro"} 
[2026-02-17 06:12:43] testing.INFO: Procedure registered {"name":"third_party_integration","class":"Shared\\Procedures\\CrossServiceProcedure","type":"micro"} 
[2026-02-17 06:12:43] testing.INFO: Procedure registered {"name":"workflow","class":"Shared\\Procedures\\CrossServiceProcedure","type":"macro"} 
[2026-02-17 06:12:43] testing.INFO: PaymentProcessingSaga started {"workflow_id":1,"order_id":12345,"customer_id":67890,"amount":100.0,"payment_method":"card"} 
[2026-02-17 06:12:43] testing.INFO: Procedure registered {"name":"events","class":"Shared\\Procedures\\CrossServiceProcedure","type":"micro"} 
[2026-02-17 06:12:43] testing.INFO: Procedure registered {"name":"cache","class":"Shared\\Procedures\\CrossServiceProcedure","type":"micro"} 
[2026-02-17 06:12:43] testing.INFO: Procedure registered {"name":"notification","class":"Shared\\Procedures\\CrossServiceProcedure","type":"micro"} 
[2026-02-17 06:12:43] testing.INFO: Procedure registered {"name":"validation","class":"Shared\\Procedures\\CrossServiceProcedure","type":"micro"} 
[2026-02-17 06:12:43] testing.INFO: Procedure registered {"name":"security","class":"Shared\\Procedures\\CrossServiceProcedure","type":"micro"} 
[2026-02-17 06:12:43] testing.INFO: Procedure registered {"name":"circuit_breaker","class":"Shared\\Procedures\\CrossServiceProcedure","type":"micro"} 
[2026-02-17 06:12:43] testing.INFO: Procedure registered {"name":"queue_circuit_breaker","class":"Shared\\Procedures\\CrossServiceProcedure","type":"micro"} 
[2026-02-17 06:12:43] testing.INFO: Procedure registered {"name":"third_party_integration","class":"Shared\\Procedures\\CrossServiceProcedure","type":"micro"} 
[2026-02-17 06:12:43] testing.INFO: Procedure registered {"name":"workflow","class":"Shared\\Procedures\\CrossServiceProcedure","type":"macro"} 
[2026-02-17 06:12:43] testing.INFO: PaymentProcessingSaga started {"workflow_id":2,"order_id":12345,"customer_id":67890,"amount":100.0,"payment_method":"card"} 
[2026-02-17 06:12:43] testing.INFO: Procedure registered {"name":"events","class":"Shared\\Procedures\\CrossServiceProcedure","type":"micro"} 
[2026-02-17 06:12:43] testing.INFO: Procedure registered {"name":"cache","class":"Shared\\Procedures\\CrossServiceProcedure","type":"micro"} 
[2026-02-17 06:12:43] testing.INFO: Procedure registered {"name":"notification","class":"Shared\\Procedures\\CrossServiceProcedure","type":"micro"} 
[2026-02-17 06:12:43] testing.INFO: Procedure registered {"name":"validation","class":"Shared\\Procedures\\CrossServiceProcedure","type":"micro"} 
[2026-02-17 06:12:43] testing.INFO: Procedure registered {"name":"security","class":"Shared\\Procedures\\CrossServiceProcedure","type":"micro"} 
[2026-02-17 06:12:43] testing.INFO: Procedure registered {"name":"circuit_breaker","class":"Shared\\Procedures\\CrossServiceProcedure","type":"micro"} 
[2026-02-17 06:12:43] testing.INFO: Procedure registered {"name":"queue_circuit_breaker","class":"Shared\\Procedures\\CrossServiceProcedure","type":"micro"} 
[2026-02-17 06:12:43] testing.INFO: Procedure registered {"name":"third_party_integration","class":"Shared\\Procedures\\CrossServiceProcedure","type":"micro"} 
[2026-02-17 06:12:43] testing.INFO: Procedure registered {"name":"workflow","class":"Shared\\Procedures\\CrossServiceProcedure","type":"macro"} 
[2026-02-17 06:12:43] testing.INFO: PaymentProcessingSaga started {"workflow_id":1,"order_id":60180,"customer_id":67890,"amount":100.0,"payment_method":"card"} 
[2026-02-17 06:12:43] testing.INFO: Procedure registered {"name":"events","class":"Shared\\Procedures\\CrossServiceProcedure","type":"micro"} 
[2026-02-17 06:12:43] testing.INFO: Procedure registered {"name":"cache","class":"Shared\\Procedures\\CrossServiceProcedure","type":"micro"} 
[2026-02-17 06:12:43] testing.INFO: Procedure registered {"name":"notification","class":"Shared\\Procedures\\CrossServiceProcedure","type":"micro"} 
[2026-02-17 06:12:43] testing.INFO: Procedure registered {"name":"validation","class":"Shared\\Procedures\\CrossServiceProcedure","type":"micro"} 
[2026-02-17 06:12:43] testing.INFO: Procedure registered {"name":"security","class":"Shared\\Procedures\\CrossServiceProcedure","type":"micro"} 
[2026-02-17 06:12:43] testing.INFO: Procedure registered {"name":"circuit_breaker","class":"Shared\\Procedures\\CrossServiceProcedure","type":"micro"} 
[2026-02-17 06:12:43] testing.INFO: Procedure registered {"name":"queue_circuit_breaker","class":"Shared\\Procedures\\CrossServiceProcedure","type":"micro"} 
[2026-02-17 06:12:43] testing.INFO: Procedure registered {"name":"third_party_integration","class":"Shared\\Procedures\\CrossServiceProcedure","type":"micro"} 
[2026-02-17 06:12:43] testing.INFO: Procedure registered {"name":"workflow","class":"Shared\\Procedures\\CrossServiceProcedure","type":"macro"} 
[2026-02-17 06:12:43] testing.INFO: PaymentProcessingSaga started {"workflow_id":1,"order_id":12345,"customer_id":67890,"amount":100.0,"payment_method":"card"} 
[2026-02-17 06:12:43] testing.INFO: Procedure registered {"name":"events","class":"Shared\\Procedures\\CrossServiceProcedure","type":"micro"} 
[2026-02-17 06:12:43] testing.INFO: Procedure registered {"name":"cache","class":"Shared\\Procedures\\CrossServiceProcedure","type":"micro"} 
[2026-02-17 06:12:43] testing.INFO: Procedure registered {"name":"notification","class":"Shared\\Procedures\\CrossServiceProcedure","type":"micro"} 
[2026-02-17 06:12:43] testing.INFO: Procedure registered {"name":"validation","class":"Shared\\Procedures\\CrossServiceProcedure","type":"micro"} 
[2026-02-17 06:12:43] testing.INFO: Procedure registered {"name":"security","class":"Shared\\Procedures\\CrossServiceProcedure","type":"micro"} 
[2026-02-17 06:12:43] testing.INFO: Procedure registered {"name":"circuit_breaker","class":"Shared\\Procedures\\CrossServiceProcedure","type":"micro"} 
[2026-02-17 06:12:43] testing.INFO: Procedure registered {"name":"queue_circuit_breaker","class":"Shared\\Procedures\\CrossServiceProcedure","type":"micro"} 
[2026-02-17 06:12:43] testing.INFO: Procedure registered {"name":"third_party_integration","class":"Shared\\Procedures\\CrossServiceProcedure","type":"micro"} 
[2026-02-17 06:12:43] testing.INFO: Procedure registered {"name":"workflow","class":"Shared\\Procedures\\CrossServiceProcedure","type":"macro"} 
[2026-02-17 06:12:43] testing.INFO: PaymentProcessingSaga started {"workflow_id":2,"order_id":12345,"customer_id":67890,"amount":100.0,"payment_method":"card"} 
[2026-02-17 06:12:43] testing.INFO: Procedure registered {"name":"events","class":"Shared\\Procedures\\CrossServiceProcedure","type":"micro"} 
[2026-02-17 06:12:43] testing.INFO: Procedure registered {"name":"cache","class":"Shared\\Procedures\\CrossServiceProcedure","type":"micro"} 
[2026-02-17 06:12:43] testing.INFO: Procedure registered {"name":"notification","class":"Shared\\Procedures\\CrossServiceProcedure","type":"micro"} 
[2026-02-17 06:12:43] testing.INFO: Procedure registered {"name":"validation","class":"Shared\\Procedures\\CrossServiceProcedure","type":"micro"} 
[2026-02-17 06:12:43] testing.INFO: Procedure registered {"name":"security","class":"Shared\\Procedures\\CrossServiceProcedure","type":"micro"} 
[2026-02-17 06:12:43] testing.INFO: Procedure registered {"name":"circuit_breaker","class":"Shared\\Procedures\\CrossServiceProcedure","type":"micro"} 
[2026-02-17 06:12:43] testing.INFO: Procedure registered {"name":"queue_circuit_breaker","class":"Shared\\Procedures\\CrossServiceProcedure","type":"micro"} 
[2026-02-17 06:12:43] testing.INFO: Procedure registered {"name":"third_party_integration","class":"Shared\\Procedures\\CrossServiceProcedure","type":"micro"} 
[2026-02-17 06:12:43] testing.INFO: Procedure registered {"name":"workflow","class":"Shared\\Procedures\\CrossServiceProcedure","type":"macro"} 
[2026-02-17 06:15:11] testing.INFO: PaymentProcessingSaga started {"workflow_id":1,"order_id":12345,"customer_id":67890,"amount":100.0,"payment_method":"card"} 
[2026-02-17 06:15:11] testing.INFO: Procedure registered {"name":"events","class":"Shared\\Procedures\\CrossServiceProcedure","type":"micro"} 
[2026-02-17 06:15:11] testing.INFO: Procedure registered {"name":"cache","class":"Shared\\Procedures\\CrossServiceProcedure","type":"micro"} 
[2026-02-17 06:15:11] testing.INFO: Procedure registered {"name":"notification","class":"Shared\\Procedures\\CrossServiceProcedure","type":"micro"} 
[2026-02-17 06:15:11] testing.INFO: Procedure registered {"name":"validation","class":"Shared\\Procedures\\CrossServiceProcedure","type":"micro"} 
[2026-02-17 06:15:11] testing.INFO: Procedure registered {"name":"security","class":"Shared\\Procedures\\CrossServiceProcedure","type":"micro"} 
[2026-02-17 06:15:11] testing.INFO: Procedure registered {"name":"circuit_breaker","class":"Shared\\Procedures\\CrossServiceProcedure","type":"micro"} 
[2026-02-17 06:15:11] testing.INFO: Procedure registered {"name":"queue_circuit_breaker","class":"Shared\\Procedures\\CrossServiceProcedure","type":"micro"} 
[2026-02-17 06:15:11] testing.INFO: Procedure registered {"name":"third_party_integration","class":"Shared\\Procedures\\CrossServiceProcedure","type":"micro"} 
[2026-02-17 06:15:11] testing.INFO: Procedure registered {"name":"workflow","class":"Shared\\Procedures\\CrossServiceProcedure","type":"macro"} 
[2026-02-17 06:15:20] testing.INFO: Procedure registered {"name":"events","class":"Shared\\Procedures\\CrossServiceProcedure","type":"micro"} 
[2026-02-17 06:15:20] testing.INFO: Procedure registered {"name":"cache","class":"Shared\\Procedures\\CrossServiceProcedure","type":"micro"} 
[2026-02-17 06:15:20] testing.INFO: Procedure registered {"name":"notification","class":"Shared\\Procedures\\CrossServiceProcedure","type":"micro"} 
[2026-02-17 06:15:20] testing.INFO: Procedure registered {"name":"validation","class":"Shared\\Procedures\\CrossServiceProcedure","type":"micro"} 
[2026-02-17 06:15:20] testing.INFO: Procedure registered {"name":"security","class":"Shared\\Procedures\\CrossServiceProcedure","type":"micro"} 
[2026-02-17 06:15:20] testing.INFO: Procedure registered {"name":"circuit_breaker","class":"Shared\\Procedures\\CrossServiceProcedure","type":"micro"} 
[2026-02-17 06:15:20] testing.INFO: Procedure registered {"name":"queue_circuit_breaker","class":"Shared\\Procedures\\CrossServiceProcedure","type":"micro"} 
[2026-02-17 06:15:20] testing.INFO: Procedure registered {"name":"third_party_integration","class":"Shared\\Procedures\\CrossServiceProcedure","type":"micro"} 
[2026-02-17 06:15:20] testing.INFO: Procedure registered {"name":"workflow","class":"Shared\\Procedures\\CrossServiceProcedure","type":"macro"} 
[2026-02-17 06:15:20] testing.INFO: Procedure registered {"name":"events","class":"Shared\\Procedures\\CrossServiceProcedure","type":"micro"} 
[2026-02-17 06:15:20] testing.INFO: Procedure registered {"name":"cache","class":"Shared\\Procedures\\CrossServiceProcedure","type":"micro"} 
[2026-02-17 06:15:20] testing.INFO: Procedure registered {"name":"notification","class":"Shared\\Procedures\\CrossServiceProcedure","type":"micro"} 
[2026-02-17 06:15:20] testing.INFO: Procedure registered {"name":"validation","class":"Shared\\Procedures\\CrossServiceProcedure","type":"micro"} 
[2026-02-17 06:15:20] testing.INFO: Procedure registered {"name":"security","class":"Shared\\Procedures\\CrossServiceProcedure","type":"micro"} 
[2026-02-17 06:15:20] testing.INFO: Procedure registered {"name":"circuit_breaker","class":"Shared\\Procedures\\CrossServiceProcedure","type":"micro"} 
[2026-02-17 06:15:20] testing.INFO: Procedure registered {"name":"queue_circuit_breaker","class":"Shared\\Procedures\\CrossServiceProcedure","type":"micro"} 
[2026-02-17 06:15:20] testing.INFO: Procedure registered {"name":"third_party_integration","class":"Shared\\Procedures\\CrossServiceProcedure","type":"micro"} 
[2026-02-17 06:15:20] testing.INFO: Procedure registered {"name":"workflow","class":"Shared\\Procedures\\CrossServiceProcedure","type":"macro"} 
[2026-02-17 06:15:20] testing.INFO: ValidatePaymentDataActivity started {"order_id":null} 
[2026-02-17 06:15:20] testing.INFO: Procedure registered {"name":"events","class":"Shared\\Procedures\\CrossServiceProcedure","type":"micro"} 
[2026-02-17 06:15:20] testing.INFO: Procedure registered {"name":"cache","class":"Shared\\Procedures\\CrossServiceProcedure","type":"micro"} 
[2026-02-17 06:15:20] testing.INFO: Procedure registered {"name":"notification","class":"Shared\\Procedures\\CrossServiceProcedure","type":"micro"} 
[2026-02-17 06:15:20] testing.INFO: Procedure registered {"name":"validation","class":"Shared\\Procedures\\CrossServiceProcedure","type":"micro"} 
[2026-02-17 06:15:20] testing.INFO: Procedure registered {"name":"security","class":"Shared\\Procedures\\CrossServiceProcedure","type":"micro"} 
[2026-02-17 06:15:20] testing.INFO: Procedure registered {"name":"circuit_breaker","class":"Shared\\Procedures\\CrossServiceProcedure","type":"micro"} 
[2026-02-17 06:15:20] testing.INFO: Procedure registered {"name":"queue_circuit_breaker","class":"Shared\\Procedures\\CrossServiceProcedure","type":"micro"} 
[2026-02-17 06:15:20] testing.INFO: Procedure registered {"name":"third_party_integration","class":"Shared\\Procedures\\CrossServiceProcedure","type":"micro"} 
[2026-02-17 06:15:20] testing.INFO: Procedure registered {"name":"workflow","class":"Shared\\Procedures\\CrossServiceProcedure","type":"macro"} 
[2026-02-17 06:15:20] testing.INFO: ValidatePaymentDataActivity started {"order_id":12345} 
[2026-02-17 06:15:20] testing.INFO: Procedure registered {"name":"events","class":"Shared\\Procedures\\CrossServiceProcedure","type":"micro"} 
[2026-02-17 06:15:20] testing.INFO: Procedure registered {"name":"cache","class":"Shared\\Procedures\\CrossServiceProcedure","type":"micro"} 
[2026-02-17 06:15:20] testing.INFO: Procedure registered {"name":"notification","class":"Shared\\Procedures\\CrossServiceProcedure","type":"micro"} 
[2026-02-17 06:15:20] testing.INFO: Procedure registered {"name":"validation","class":"Shared\\Procedures\\CrossServiceProcedure","type":"micro"} 
[2026-02-17 06:15:20] testing.INFO: Procedure registered {"name":"security","class":"Shared\\Procedures\\CrossServiceProcedure","type":"micro"} 
[2026-02-17 06:15:20] testing.INFO: Procedure registered {"name":"circuit_breaker","class":"Shared\\Procedures\\CrossServiceProcedure","type":"micro"} 
[2026-02-17 06:15:20] testing.INFO: Procedure registered {"name":"queue_circuit_breaker","class":"Shared\\Procedures\\CrossServiceProcedure","type":"micro"} 
[2026-02-17 06:15:20] testing.INFO: Procedure registered {"name":"third_party_integration","class":"Shared\\Procedures\\CrossServiceProcedure","type":"micro"} 
[2026-02-17 06:15:20] testing.INFO: Procedure registered {"name":"workflow","class":"Shared\\Procedures\\CrossServiceProcedure","type":"macro"} 
[2026-02-17 06:15:20] testing.INFO: ValidatePaymentDataActivity started {"order_id":12345} 
[2026-02-17 06:35:54] testing.ERROR: Trait "Workflow\Traits\RouteDependencyResolverTrait" not found {"exception":"[object] (Symfony\\Component\\ErrorHandler\\Error\\FatalError(code: 0): Trait \"Workflow\\Traits\\RouteDependencyResolverTrait\" not found at /tmp/abdoElHodaky/larvrevrstender/services/payment-service/app/Workflows/Activities/NonUniqueActivity.php:31)
[stacktrace]
#0 {main}
"} 
[2026-02-17 06:36:54] testing.INFO: Procedure registered {"name":"events","class":"Shared\\Procedures\\CrossServiceProcedure","type":"micro"} 
[2026-02-17 06:36:54] testing.INFO: Procedure registered {"name":"cache","class":"Shared\\Procedures\\CrossServiceProcedure","type":"micro"} 
[2026-02-17 06:36:54] testing.INFO: Procedure registered {"name":"notification","class":"Shared\\Procedures\\CrossServiceProcedure","type":"micro"} 
[2026-02-17 06:36:54] testing.INFO: Procedure registered {"name":"validation","class":"Shared\\Procedures\\CrossServiceProcedure","type":"micro"} 
[2026-02-17 06:36:54] testing.INFO: Procedure registered {"name":"security","class":"Shared\\Procedures\\CrossServiceProcedure","type":"micro"} 
[2026-02-17 06:36:54] testing.INFO: Procedure registered {"name":"circuit_breaker","class":"Shared\\Procedures\\CrossServiceProcedure","type":"micro"} 
[2026-02-17 06:36:54] testing.INFO: Procedure registered {"name":"queue_circuit_breaker","class":"Shared\\Procedures\\CrossServiceProcedure","type":"micro"} 
[2026-02-17 06:36:54] testing.INFO: Procedure registered {"name":"third_party_integration","class":"Shared\\Procedures\\CrossServiceProcedure","type":"micro"} 
[2026-02-17 06:36:54] testing.INFO: Procedure registered {"name":"workflow","class":"Shared\\Procedures\\CrossServiceProcedure","type":"macro"} 
[2026-02-17 06:36:54] testing.INFO: Procedure registered {"name":"events","class":"Shared\\Procedures\\CrossServiceProcedure","type":"micro"} 
[2026-02-17 06:36:54] testing.INFO: Procedure registered {"name":"cache","class":"Shared\\Procedures\\CrossServiceProcedure","type":"micro"} 
[2026-02-17 06:36:54] testing.INFO: Procedure registered {"name":"notification","class":"Shared\\Procedures\\CrossServiceProcedure","type":"micro"} 
[2026-02-17 06:36:54] testing.INFO: Procedure registered {"name":"validation","class":"Shared\\Procedures\\CrossServiceProcedure","type":"micro"} 
[2026-02-17 06:36:54] testing.INFO: Procedure registered {"name":"security","class":"Shared\\Procedures\\CrossServiceProcedure","type":"micro"} 
[2026-02-17 06:36:54] testing.INFO: Procedure registered {"name":"circuit_breaker","class":"Shared\\Procedures\\CrossServiceProcedure","type":"micro"} 
[2026-02-17 06:36:54] testing.INFO: Procedure registered {"name":"queue_circuit_breaker","class":"Shared\\Procedures\\CrossServiceProcedure","type":"micro"} 
[2026-02-17 06:36:54] testing.INFO: Procedure registered {"name":"third_party_integration","class":"Shared\\Procedures\\CrossServiceProcedure","type":"micro"} 
[2026-02-17 06:36:54] testing.INFO: Procedure registered {"name":"workflow","class":"Shared\\Procedures\\CrossServiceProcedure","type":"macro"} 
[2026-02-17 06:36:54] testing.INFO: Procedure registered {"name":"events","class":"Shared\\Procedures\\CrossServiceProcedure","type":"micro"} 
[2026-02-17 06:36:54] testing.INFO: Procedure registered {"name":"cache","class":"Shared\\Procedures\\CrossServiceProcedure","type":"micro"} 
[2026-02-17 06:36:54] testing.INFO: Procedure registered {"name":"notification","class":"Shared\\Procedures\\CrossServiceProcedure","type":"micro"} 
[2026-02-17 06:36:54] testing.INFO: Procedure registered {"name":"validation","class":"Shared\\Procedures\\CrossServiceProcedure","type":"micro"} 
[2026-02-17 06:36:54] testing.INFO: Procedure registered {"name":"security","class":"Shared\\Procedures\\CrossServiceProcedure","type":"micro"} 
[2026-02-17 06:36:54] testing.INFO: Procedure registered {"name":"circuit_breaker","class":"Shared\\Procedures\\CrossServiceProcedure","type":"micro"} 
[2026-02-17 06:36:54] testing.INFO: Procedure registered {"name":"queue_circuit_breaker","class":"Shared\\Procedures\\CrossServiceProcedure","type":"micro"} 
[2026-02-17 06:36:54] testing.INFO: Procedure registered {"name":"third_party_integration","class":"Shared\\Procedures\\CrossServiceProcedure","type":"micro"} 
[2026-02-17 06:36:54] testing.INFO: Procedure registered {"name":"workflow","class":"Shared\\Procedures\\CrossServiceProcedure","type":"macro"} 
[2026-02-17 06:36:54] testing.INFO: Procedure registered {"name":"events","class":"Shared\\Procedures\\CrossServiceProcedure","type":"micro"} 
[2026-02-17 06:36:54] testing.INFO: Procedure registered {"name":"cache","class":"Shared\\Procedures\\CrossServiceProcedure","type":"micro"} 
[2026-02-17 06:36:54] testing.INFO: Procedure registered {"name":"notification","class":"Shared\\Procedures\\CrossServiceProcedure","type":"micro"} 
[2026-02-17 06:36:54] testing.INFO: Procedure registered {"name":"validation","class":"Shared\\Procedures\\CrossServiceProcedure","type":"micro"} 
[2026-02-17 06:36:54] testing.INFO: Procedure registered {"name":"security","class":"Shared\\Procedures\\CrossServiceProcedure","type":"micro"} 
[2026-02-17 06:36:54] testing.INFO: Procedure registered {"name":"circuit_breaker","class":"Shared\\Procedures\\CrossServiceProcedure","type":"micro"} 
[2026-02-17 06:36:54] testing.INFO: Procedure registered {"name":"queue_circuit_breaker","class":"Shared\\Procedures\\CrossServiceProcedure","type":"micro"} 
[2026-02-17 06:36:54] testing.INFO: Procedure registered {"name":"third_party_integration","class":"Shared\\Procedures\\CrossServiceProcedure","type":"micro"} 
[2026-02-17 06:36:54] testing.INFO: Procedure registered {"name":"workflow","class":"Shared\\Procedures\\CrossServiceProcedure","type":"macro"} 
[2026-02-17 06:38:09] testing.INFO: Procedure registered {"name":"events","class":"Shared\\Procedures\\CrossServiceProcedure","type":"micro"} 
[2026-02-17 06:38:09] testing.INFO: Procedure registered {"name":"cache","class":"Shared\\Procedures\\CrossServiceProcedure","type":"micro"} 
[2026-02-17 06:38:09] testing.INFO: Procedure registered {"name":"notification","class":"Shared\\Procedures\\CrossServiceProcedure","type":"micro"} 
[2026-02-17 06:38:09] testing.INFO: Procedure registered {"name":"validation","class":"Shared\\Procedures\\CrossServiceProcedure","type":"micro"} 
[2026-02-17 06:38:09] testing.INFO: Procedure registered {"name":"security","class":"Shared\\Procedures\\CrossServiceProcedure","type":"micro"} 
[2026-02-17 06:38:09] testing.INFO: Procedure registered {"name":"circuit_breaker","class":"Shared\\Procedures\\CrossServiceProcedure","type":"micro"} 
[2026-02-17 06:38:09] testing.INFO: Procedure registered {"name":"queue_circuit_breaker","class":"Shared\\Procedures\\CrossServiceProcedure","type":"micro"} 
[2026-02-17 06:38:09] testing.INFO: Procedure registered {"name":"third_party_integration","class":"Shared\\Procedures\\CrossServiceProcedure","type":"micro"} 
[2026-02-17 06:38:09] testing.INFO: Procedure registered {"name":"workflow","class":"Shared\\Procedures\\CrossServiceProcedure","type":"macro"} 
[2026-02-17 06:38:09] testing.INFO: Procedure registered {"name":"events","class":"Shared\\Procedures\\CrossServiceProcedure","type":"micro"} 
[2026-02-17 06:38:09] testing.INFO: Procedure registered {"name":"cache","class":"Shared\\Procedures\\CrossServiceProcedure","type":"micro"} 
[2026-02-17 06:38:09] testing.INFO: Procedure registered {"name":"notification","class":"Shared\\Procedures\\CrossServiceProcedure","type":"micro"} 
[2026-02-17 06:38:09] testing.INFO: Procedure registered {"name":"validation","class":"Shared\\Procedures\\CrossServiceProcedure","type":"micro"} 
[2026-02-17 06:38:09] testing.INFO: Procedure registered {"name":"security","class":"Shared\\Procedures\\CrossServiceProcedure","type":"micro"} 
[2026-02-17 06:38:09] testing.INFO: Procedure registered {"name":"circuit_breaker","class":"Shared\\Procedures\\CrossServiceProcedure","type":"micro"} 
[2026-02-17 06:38:09] testing.INFO: Procedure registered {"name":"queue_circuit_breaker","class":"Shared\\Procedures\\CrossServiceProcedure","type":"micro"} 
[2026-02-17 06:38:09] testing.INFO: Procedure registered {"name":"third_party_integration","class":"Shared\\Procedures\\CrossServiceProcedure","type":"micro"} 
[2026-02-17 06:38:09] testing.INFO: Procedure registered {"name":"workflow","class":"Shared\\Procedures\\CrossServiceProcedure","type":"macro"} 
[2026-02-17 06:38:09] testing.INFO: Procedure registered {"name":"events","class":"Shared\\Procedures\\CrossServiceProcedure","type":"micro"} 
[2026-02-17 06:38:09] testing.INFO: Procedure registered {"name":"cache","class":"Shared\\Procedures\\CrossServiceProcedure","type":"micro"} 
[2026-02-17 06:38:09] testing.INFO: Procedure registered {"name":"notification","class":"Shared\\Procedures\\CrossServiceProcedure","type":"micro"} 
[2026-02-17 06:38:09] testing.INFO: Procedure registered {"name":"validation","class":"Shared\\Procedures\\CrossServiceProcedure","type":"micro"} 
[2026-02-17 06:38:09] testing.INFO: Procedure registered {"name":"security","class":"Shared\\Procedures\\CrossServiceProcedure","type":"micro"} 
[2026-02-17 06:38:09] testing.INFO: Procedure registered {"name":"circuit_breaker","class":"Shared\\Procedures\\CrossServiceProcedure","type":"micro"} 
[2026-02-17 06:38:09] testing.INFO: Procedure registered {"name":"queue_circuit_breaker","class":"Shared\\Procedures\\CrossServiceProcedure","type":"micro"} 
[2026-02-17 06:38:09] testing.INFO: Procedure registered {"name":"third_party_integration","class":"Shared\\Procedures\\CrossServiceProcedure","type":"micro"} 
[2026-02-17 06:38:09] testing.INFO: Procedure registered {"name":"workflow","class":"Shared\\Procedures\\CrossServiceProcedure","type":"macro"} 
[2026-02-17 06:38:09] testing.INFO: Procedure registered {"name":"events","class":"Shared\\Procedures\\CrossServiceProcedure","type":"micro"} 
[2026-02-17 06:38:09] testing.INFO: Procedure registered {"name":"cache","class":"Shared\\Procedures\\CrossServiceProcedure","type":"micro"} 
[2026-02-17 06:38:09] testing.INFO: Procedure registered {"name":"notification","class":"Shared\\Procedures\\CrossServiceProcedure","type":"micro"} 
[2026-02-17 06:38:09] testing.INFO: Procedure registered {"name":"validation","class":"Shared\\Procedures\\CrossServiceProcedure","type":"micro"} 
[2026-02-17 06:38:09] testing.INFO: Procedure registered {"name":"security","class":"Shared\\Procedures\\CrossServiceProcedure","type":"micro"} 
[2026-02-17 06:38:09] testing.INFO: Procedure registered {"name":"circuit_breaker","class":"Shared\\Procedures\\CrossServiceProcedure","type":"micro"} 
[2026-02-17 06:38:09] testing.INFO: Procedure registered {"name":"queue_circuit_breaker","class":"Shared\\Procedures\\CrossServiceProcedure","type":"micro"} 
[2026-02-17 06:38:09] testing.INFO: Procedure registered {"name":"third_party_integration","class":"Shared\\Procedures\\CrossServiceProcedure","type":"micro"} 
[2026-02-17 06:38:09] testing.INFO: Procedure registered {"name":"workflow","class":"Shared\\Procedures\\CrossServiceProcedure","type":"macro"} 
[2026-02-17 06:39:00] testing.INFO: Procedure registered {"name":"events","class":"Shared\\Procedures\\CrossServiceProcedure","type":"micro"} 
[2026-02-17 06:39:00] testing.INFO: Procedure registered {"name":"cache","class":"Shared\\Procedures\\CrossServiceProcedure","type":"micro"} 
[2026-02-17 06:39:00] testing.INFO: Procedure registered {"name":"notification","class":"Shared\\Procedures\\CrossServiceProcedure","type":"micro"} 
[2026-02-17 06:39:00] testing.INFO: Procedure registered {"name":"validation","class":"Shared\\Procedures\\CrossServiceProcedure","type":"micro"} 
[2026-02-17 06:39:00] testing.INFO: Procedure registered {"name":"security","class":"Shared\\Procedures\\CrossServiceProcedure","type":"micro"} 
[2026-02-17 06:39:00] testing.INFO: Procedure registered {"name":"circuit_breaker","class":"Shared\\Procedures\\CrossServiceProcedure","type":"micro"} 
[2026-02-17 06:39:00] testing.INFO: Procedure registered {"name":"queue_circuit_breaker","class":"Shared\\Procedures\\CrossServiceProcedure","type":"micro"} 
[2026-02-17 06:39:00] testing.INFO: Procedure registered {"name":"third_party_integration","class":"Shared\\Procedures\\CrossServiceProcedure","type":"micro"} 
[2026-02-17 06:39:00] testing.INFO: Procedure registered {"name":"workflow","class":"Shared\\Procedures\\CrossServiceProcedure","type":"macro"} 
[2026-02-17 06:39:00] testing.INFO: Procedure registered {"name":"events","class":"Shared\\Procedures\\CrossServiceProcedure","type":"micro"} 
[2026-02-17 06:39:00] testing.INFO: Procedure registered {"name":"cache","class":"Shared\\Procedures\\CrossServiceProcedure","type":"micro"} 
[2026-02-17 06:39:00] testing.INFO: Procedure registered {"name":"notification","class":"Shared\\Procedures\\CrossServiceProcedure","type":"micro"} 
[2026-02-17 06:39:00] testing.INFO: Procedure registered {"name":"validation","class":"Shared\\Procedures\\CrossServiceProcedure","type":"micro"} 
[2026-02-17 06:39:00] testing.INFO: Procedure registered {"name":"security","class":"Shared\\Procedures\\CrossServiceProcedure","type":"micro"} 
[2026-02-17 06:39:00] testing.INFO: Procedure registered {"name":"circuit_breaker","class":"Shared\\Procedures\\CrossServiceProcedure","type":"micro"} 
[2026-02-17 06:39:00] testing.INFO: Procedure registered {"name":"queue_circuit_breaker","class":"Shared\\Procedures\\CrossServiceProcedure","type":"micro"} 
[2026-02-17 06:39:00] testing.INFO: Procedure registered {"name":"third_party_integration","class":"Shared\\Procedures\\CrossServiceProcedure","type":"micro"} 
[2026-02-17 06:39:00] testing.INFO: Procedure registered {"name":"workflow","class":"Shared\\Procedures\\CrossServiceProcedure","type":"macro"} 
[2026-02-17 06:39:00] testing.INFO: ValidatePaymentDataActivity started {"saga_id":"test-workflow-id","order_id":null} 
[2026-02-17 06:39:00] testing.ERROR: RPC Activity Error {"activity":"App\\Workflows\\Activities\\ValidatePaymentDataActivity","saga_id":"test-workflow-id","service":null,"method":null,"error":"Required field 'order_id' is missing from activity data","trace":"#0 /tmp/abdoElHodaky/larvrevrstender/services/payment-service/app/Workflows/Activities/ValidatePaymentDataActivity.php(32): App\\Workflows\\Activities\\BaseRpcActivity->validateData()
#1 /tmp/abdoElHodaky/larvrevrstender/services/payment-service/tests/Unit/Activities/ValidatePaymentDataActivityTest.php(54): App\\Workflows\\Activities\\ValidatePaymentDataActivity->execute()
#2 /tmp/abdoElHodaky/larvrevrstender/services/payment-service/vendor/phpunit/phpunit/src/Framework/TestCase.php(1667): Tests\\Unit\\Activities\\ValidatePaymentDataActivityTest->test_validation_with_missing_required_fields()
#3 /tmp/abdoElHodaky/larvrevrstender/services/payment-service/vendor/phpunit/phpunit/src/Framework/TestCase.php(519): PHPUnit\\Framework\\TestCase->runTest()
#4 /tmp/abdoElHodaky/larvrevrstender/services/payment-service/vendor/phpunit/phpunit/src/Framework/TestRunner/TestRunner.php(87): PHPUnit\\Framework\\TestCase->runBare()
#5 /tmp/abdoElHodaky/larvrevrstender/services/payment-service/vendor/phpunit/phpunit/src/Framework/TestCase.php(365): PHPUnit\\Framework\\TestRunner->run()
#6 /tmp/abdoElHodaky/larvrevrstender/services/payment-service/vendor/phpunit/phpunit/src/Framework/TestSuite.php(369): PHPUnit\\Framework\\TestCase->run()
#7 /tmp/abdoElHodaky/larvrevrstender/services/payment-service/vendor/phpunit/phpunit/src/TextUI/TestRunner.php(64): PHPUnit\\Framework\\TestSuite->run()
#8 /tmp/abdoElHodaky/larvrevrstender/services/payment-service/vendor/phpunit/phpunit/src/TextUI/Application.php(211): PHPUnit\\TextUI\\TestRunner->run()
#9 /tmp/abdoElHodaky/larvrevrstender/services/payment-service/vendor/phpunit/phpunit/phpunit(104): PHPUnit\\TextUI\\Application->run()
#10 /tmp/abdoElHodaky/larvrevrstender/services/payment-service/vendor/bin/phpunit(122): include('...')
#11 {main}"} 
[2026-02-17 06:39:00] testing.ERROR: ValidatePaymentDataActivity failed {"saga_id":"test-workflow-id","order_id":null,"error":"Required field 'order_id' is missing from activity data"} 
[2026-02-17 06:39:00] testing.INFO: Procedure registered {"name":"events","class":"Shared\\Procedures\\CrossServiceProcedure","type":"micro"} 
[2026-02-17 06:39:00] testing.INFO: Procedure registered {"name":"cache","class":"Shared\\Procedures\\CrossServiceProcedure","type":"micro"} 
[2026-02-17 06:39:00] testing.INFO: Procedure registered {"name":"notification","class":"Shared\\Procedures\\CrossServiceProcedure","type":"micro"} 
[2026-02-17 06:39:00] testing.INFO: Procedure registered {"name":"validation","class":"Shared\\Procedures\\CrossServiceProcedure","type":"micro"} 
[2026-02-17 06:39:00] testing.INFO: Procedure registered {"name":"security","class":"Shared\\Procedures\\CrossServiceProcedure","type":"micro"} 
[2026-02-17 06:39:00] testing.INFO: Procedure registered {"name":"circuit_breaker","class":"Shared\\Procedures\\CrossServiceProcedure","type":"micro"} 
[2026-02-17 06:39:00] testing.INFO: Procedure registered {"name":"queue_circuit_breaker","class":"Shared\\Procedures\\CrossServiceProcedure","type":"micro"} 
[2026-02-17 06:39:00] testing.INFO: Procedure registered {"name":"third_party_integration","class":"Shared\\Procedures\\CrossServiceProcedure","type":"micro"} 
[2026-02-17 06:39:00] testing.INFO: Procedure registered {"name":"workflow","class":"Shared\\Procedures\\CrossServiceProcedure","type":"macro"} 
[2026-02-17 06:39:00] testing.INFO: ValidatePaymentDataActivity started {"saga_id":"test-workflow-id","order_id":12345} 
[2026-02-17 06:39:00] testing.ERROR: RPC Activity Error {"activity":"App\\Workflows\\Activities\\ValidatePaymentDataActivity","saga_id":"test-workflow-id","service":null,"method":null,"error":"Required field 'payment_details' is missing from activity data","trace":"#0 /tmp/abdoElHodaky/larvrevrstender/services/payment-service/app/Workflows/Activities/ValidatePaymentDataActivity.php(32): App\\Workflows\\Activities\\BaseRpcActivity->validateData()
#1 /tmp/abdoElHodaky/larvrevrstender/services/payment-service/tests/Unit/Activities/ValidatePaymentDataActivityTest.php(80): App\\Workflows\\Activities\\ValidatePaymentDataActivity->execute()
#2 /tmp/abdoElHodaky/larvrevrstender/services/payment-service/vendor/phpunit/phpunit/src/Framework/TestCase.php(1667): Tests\\Unit\\Activities\\ValidatePaymentDataActivityTest->test_validation_with_invalid_amount()
#3 /tmp/abdoElHodaky/larvrevrstender/services/payment-service/vendor/phpunit/phpunit/src/Framework/TestCase.php(519): PHPUnit\\Framework\\TestCase->runTest()
#4 /tmp/abdoElHodaky/larvrevrstender/services/payment-service/vendor/phpunit/phpunit/src/Framework/TestRunner/TestRunner.php(87): PHPUnit\\Framework\\TestCase->runBare()
#5 /tmp/abdoElHodaky/larvrevrstender/services/payment-service/vendor/phpunit/phpunit/src/Framework/TestCase.php(365): PHPUnit\\Framework\\TestRunner->run()
#6 /tmp/abdoElHodaky/larvrevrstender/services/payment-service/vendor/phpunit/phpunit/src/Framework/TestSuite.php(369): PHPUnit\\Framework\\TestCase->run()
#7 /tmp/abdoElHodaky/larvrevrstender/services/payment-service/vendor/phpunit/phpunit/src/TextUI/TestRunner.php(64): PHPUnit\\Framework\\TestSuite->run()
#8 /tmp/abdoElHodaky/larvrevrstender/services/payment-service/vendor/phpunit/phpunit/src/TextUI/Application.php(211): PHPUnit\\TextUI\\TestRunner->run()
#9 /tmp/abdoElHodaky/larvrevrstender/services/payment-service/vendor/phpunit/phpunit/phpunit(104): PHPUnit\\TextUI\\Application->run()
#10 /tmp/abdoElHodaky/larvrevrstender/services/payment-service/vendor/bin/phpunit(122): include('...')
#11 {main}"} 
[2026-02-17 06:39:00] testing.ERROR: ValidatePaymentDataActivity failed {"saga_id":"test-workflow-id","order_id":12345,"error":"Required field 'payment_details' is missing from activity data"} 
[2026-02-17 06:39:00] testing.INFO: Procedure registered {"name":"events","class":"Shared\\Procedures\\CrossServiceProcedure","type":"micro"} 
[2026-02-17 06:39:00] testing.INFO: Procedure registered {"name":"cache","class":"Shared\\Procedures\\CrossServiceProcedure","type":"micro"} 
[2026-02-17 06:39:00] testing.INFO: Procedure registered {"name":"notification","class":"Shared\\Procedures\\CrossServiceProcedure","type":"micro"} 
[2026-02-17 06:39:00] testing.INFO: Procedure registered {"name":"validation","class":"Shared\\Procedures\\CrossServiceProcedure","type":"micro"} 
[2026-02-17 06:39:00] testing.INFO: Procedure registered {"name":"security","class":"Shared\\Procedures\\CrossServiceProcedure","type":"micro"} 
[2026-02-17 06:39:00] testing.INFO: Procedure registered {"name":"circuit_breaker","class":"Shared\\Procedures\\CrossServiceProcedure","type":"micro"} 
[2026-02-17 06:39:00] testing.INFO: Procedure registered {"name":"queue_circuit_breaker","class":"Shared\\Procedures\\CrossServiceProcedure","type":"micro"} 
[2026-02-17 06:39:00] testing.INFO: Procedure registered {"name":"third_party_integration","class":"Shared\\Procedures\\CrossServiceProcedure","type":"micro"} 
[2026-02-17 06:39:00] testing.INFO: Procedure registered {"name":"workflow","class":"Shared\\Procedures\\CrossServiceProcedure","type":"macro"} 
[2026-02-17 06:39:00] testing.INFO: ValidatePaymentDataActivity started {"saga_id":"test-workflow-id","order_id":12345} 
[2026-02-17 06:39:00] testing.ERROR: RPC Activity Error {"activity":"App\\Workflows\\Activities\\ValidatePaymentDataActivity","saga_id":"test-workflow-id","service":null,"method":null,"error":"Required field 'payment_details' is missing from activity data","trace":"#0 /tmp/abdoElHodaky/larvrevrstender/services/payment-service/app/Workflows/Activities/ValidatePaymentDataActivity.php(32): App\\Workflows\\Activities\\BaseRpcActivity->validateData()
#1 /tmp/abdoElHodaky/larvrevrstender/services/payment-service/tests/Unit/Activities/ValidatePaymentDataActivityTest.php(106): App\\Workflows\\Activities\\ValidatePaymentDataActivity->execute()
#2 /tmp/abdoElHodaky/larvrevrstender/services/payment-service/vendor/phpunit/phpunit/src/Framework/TestCase.php(1667): Tests\\Unit\\Activities\\ValidatePaymentDataActivityTest->test_validation_with_invalid_currency()
#3 /tmp/abdoElHodaky/larvrevrstender/services/payment-service/vendor/phpunit/phpunit/src/Framework/TestCase.php(519): PHPUnit\\Framework\\TestCase->runTest()
#4 /tmp/abdoElHodaky/larvrevrstender/services/payment-service/vendor/phpunit/phpunit/src/Framework/TestRunner/TestRunner.php(87): PHPUnit\\Framework\\TestCase->runBare()
#5 /tmp/abdoElHodaky/larvrevrstender/services/payment-service/vendor/phpunit/phpunit/src/Framework/TestCase.php(365): PHPUnit\\Framework\\TestRunner->run()
#6 /tmp/abdoElHodaky/larvrevrstender/services/payment-service/vendor/phpunit/phpunit/src/Framework/TestSuite.php(369): PHPUnit\\Framework\\TestCase->run()
#7 /tmp/abdoElHodaky/larvrevrstender/services/payment-service/vendor/phpunit/phpunit/src/TextUI/TestRunner.php(64): PHPUnit\\Framework\\TestSuite->run()
#8 /tmp/abdoElHodaky/larvrevrstender/services/payment-service/vendor/phpunit/phpunit/src/TextUI/Application.php(211): PHPUnit\\TextUI\\TestRunner->run()
#9 /tmp/abdoElHodaky/larvrevrstender/services/payment-service/vendor/phpunit/phpunit/phpunit(104): PHPUnit\\TextUI\\Application->run()
#10 /tmp/abdoElHodaky/larvrevrstender/services/payment-service/vendor/bin/phpunit(122): include('...')
#11 {main}"} 
[2026-02-17 06:39:00] testing.ERROR: ValidatePaymentDataActivity failed {"saga_id":"test-workflow-id","order_id":12345,"error":"Required field 'payment_details' is missing from activity data"} 
[2026-02-17 06:40:00] testing.INFO: Procedure registered {"name":"events","class":"Shared\\Procedures\\CrossServiceProcedure","type":"micro"} 
[2026-02-17 06:40:00] testing.INFO: Procedure registered {"name":"cache","class":"Shared\\Procedures\\CrossServiceProcedure","type":"micro"} 
[2026-02-17 06:40:00] testing.INFO: Procedure registered {"name":"notification","class":"Shared\\Procedures\\CrossServiceProcedure","type":"micro"} 
[2026-02-17 06:40:00] testing.INFO: Procedure registered {"name":"validation","class":"Shared\\Procedures\\CrossServiceProcedure","type":"micro"} 
[2026-02-17 06:40:00] testing.INFO: Procedure registered {"name":"security","class":"Shared\\Procedures\\CrossServiceProcedure","type":"micro"} 
[2026-02-17 06:40:00] testing.INFO: Procedure registered {"name":"circuit_breaker","class":"Shared\\Procedures\\CrossServiceProcedure","type":"micro"} 
[2026-02-17 06:40:00] testing.INFO: Procedure registered {"name":"queue_circuit_breaker","class":"Shared\\Procedures\\CrossServiceProcedure","type":"micro"} 
[2026-02-17 06:40:00] testing.INFO: Procedure registered {"name":"third_party_integration","class":"Shared\\Procedures\\CrossServiceProcedure","type":"micro"} 
[2026-02-17 06:40:00] testing.INFO: Procedure registered {"name":"workflow","class":"Shared\\Procedures\\CrossServiceProcedure","type":"macro"} 
[2026-02-17 06:40:00] testing.INFO: Procedure registered {"name":"events","class":"Shared\\Procedures\\CrossServiceProcedure","type":"micro"} 
[2026-02-17 06:40:00] testing.INFO: Procedure registered {"name":"cache","class":"Shared\\Procedures\\CrossServiceProcedure","type":"micro"} 
[2026-02-17 06:40:00] testing.INFO: Procedure registered {"name":"notification","class":"Shared\\Procedures\\CrossServiceProcedure","type":"micro"} 
[2026-02-17 06:40:00] testing.INFO: Procedure registered {"name":"validation","class":"Shared\\Procedures\\CrossServiceProcedure","type":"micro"} 
[2026-02-17 06:40:00] testing.INFO: Procedure registered {"name":"security","class":"Shared\\Procedures\\CrossServiceProcedure","type":"micro"} 
[2026-02-17 06:40:00] testing.INFO: Procedure registered {"name":"circuit_breaker","class":"Shared\\Procedures\\CrossServiceProcedure","type":"micro"} 
[2026-02-17 06:40:00] testing.INFO: Procedure registered {"name":"queue_circuit_breaker","class":"Shared\\Procedures\\CrossServiceProcedure","type":"micro"} 
[2026-02-17 06:40:00] testing.INFO: Procedure registered {"name":"third_party_integration","class":"Shared\\Procedures\\CrossServiceProcedure","type":"micro"} 
[2026-02-17 06:40:00] testing.INFO: Procedure registered {"name":"workflow","class":"Shared\\Procedures\\CrossServiceProcedure","type":"macro"} 
[2026-02-17 06:40:00] testing.INFO: ValidatePaymentDataActivity started {"saga_id":"test-workflow-id","order_id":null} 
[2026-02-17 06:40:00] testing.ERROR: RPC Activity Error {"activity":"App\\Workflows\\Activities\\ValidatePaymentDataActivity","saga_id":"test-workflow-id","service":null,"method":null,"error":"Required field 'order_id' is missing from activity data","trace":"#0 /tmp/abdoElHodaky/larvrevrstender/services/payment-service/app/Workflows/Activities/ValidatePaymentDataActivity.php(32): App\\Workflows\\Activities\\BaseRpcActivity->validateData()
#1 /tmp/abdoElHodaky/larvrevrstender/services/payment-service/tests/Unit/Activities/ValidatePaymentDataActivityTest.php(54): App\\Workflows\\Activities\\ValidatePaymentDataActivity->execute()
#2 /tmp/abdoElHodaky/larvrevrstender/services/payment-service/vendor/phpunit/phpunit/src/Framework/TestCase.php(1667): Tests\\Unit\\Activities\\ValidatePaymentDataActivityTest->test_validation_with_missing_required_fields()
#3 /tmp/abdoElHodaky/larvrevrstender/services/payment-service/vendor/phpunit/phpunit/src/Framework/TestCase.php(519): PHPUnit\\Framework\\TestCase->runTest()
#4 /tmp/abdoElHodaky/larvrevrstender/services/payment-service/vendor/phpunit/phpunit/src/Framework/TestRunner/TestRunner.php(87): PHPUnit\\Framework\\TestCase->runBare()
#5 /tmp/abdoElHodaky/larvrevrstender/services/payment-service/vendor/phpunit/phpunit/src/Framework/TestCase.php(365): PHPUnit\\Framework\\TestRunner->run()
#6 /tmp/abdoElHodaky/larvrevrstender/services/payment-service/vendor/phpunit/phpunit/src/Framework/TestSuite.php(369): PHPUnit\\Framework\\TestCase->run()
#7 /tmp/abdoElHodaky/larvrevrstender/services/payment-service/vendor/phpunit/phpunit/src/TextUI/TestRunner.php(64): PHPUnit\\Framework\\TestSuite->run()
#8 /tmp/abdoElHodaky/larvrevrstender/services/payment-service/vendor/phpunit/phpunit/src/TextUI/Application.php(211): PHPUnit\\TextUI\\TestRunner->run()
#9 /tmp/abdoElHodaky/larvrevrstender/services/payment-service/vendor/phpunit/phpunit/phpunit(104): PHPUnit\\TextUI\\Application->run()
#10 /tmp/abdoElHodaky/larvrevrstender/services/payment-service/vendor/bin/phpunit(122): include('...')
#11 {main}"} 
[2026-02-17 06:40:00] testing.ERROR: ValidatePaymentDataActivity failed {"saga_id":"test-workflow-id","order_id":null,"error":"Required field 'order_id' is missing from activity data"} 
[2026-02-17 06:40:00] testing.INFO: Procedure registered {"name":"events","class":"Shared\\Procedures\\CrossServiceProcedure","type":"micro"} 
[2026-02-17 06:40:00] testing.INFO: Procedure registered {"name":"cache","class":"Shared\\Procedures\\CrossServiceProcedure","type":"micro"} 
[2026-02-17 06:40:00] testing.INFO: Procedure registered {"name":"notification","class":"Shared\\Procedures\\CrossServiceProcedure","type":"micro"} 
[2026-02-17 06:40:00] testing.INFO: Procedure registered {"name":"validation","class":"Shared\\Procedures\\CrossServiceProcedure","type":"micro"} 
[2026-02-17 06:40:00] testing.INFO: Procedure registered {"name":"security","class":"Shared\\Procedures\\CrossServiceProcedure","type":"micro"} 
[2026-02-17 06:40:00] testing.INFO: Procedure registered {"name":"circuit_breaker","class":"Shared\\Procedures\\CrossServiceProcedure","type":"micro"} 
[2026-02-17 06:40:00] testing.INFO: Procedure registered {"name":"queue_circuit_breaker","class":"Shared\\Procedures\\CrossServiceProcedure","type":"micro"} 
[2026-02-17 06:40:00] testing.INFO: Procedure registered {"name":"third_party_integration","class":"Shared\\Procedures\\CrossServiceProcedure","type":"micro"} 
[2026-02-17 06:40:00] testing.INFO: Procedure registered {"name":"workflow","class":"Shared\\Procedures\\CrossServiceProcedure","type":"macro"} 
[2026-02-17 06:40:00] testing.INFO: ValidatePaymentDataActivity started {"saga_id":"test-workflow-id","order_id":12345} 
[2026-02-17 06:40:00] testing.ERROR: RPC Activity Error {"activity":"App\\Workflows\\Activities\\ValidatePaymentDataActivity","saga_id":"test-workflow-id","service":null,"method":null,"error":"Required field 'payment_details' is missing from activity data","trace":"#0 /tmp/abdoElHodaky/larvrevrstender/services/payment-service/app/Workflows/Activities/ValidatePaymentDataActivity.php(32): App\\Workflows\\Activities\\BaseRpcActivity->validateData()
#1 /tmp/abdoElHodaky/larvrevrstender/services/payment-service/tests/Unit/Activities/ValidatePaymentDataActivityTest.php(80): App\\Workflows\\Activities\\ValidatePaymentDataActivity->execute()
#2 /tmp/abdoElHodaky/larvrevrstender/services/payment-service/vendor/phpunit/phpunit/src/Framework/TestCase.php(1667): Tests\\Unit\\Activities\\ValidatePaymentDataActivityTest->test_validation_with_invalid_amount()
#3 /tmp/abdoElHodaky/larvrevrstender/services/payment-service/vendor/phpunit/phpunit/src/Framework/TestCase.php(519): PHPUnit\\Framework\\TestCase->runTest()
#4 /tmp/abdoElHodaky/larvrevrstender/services/payment-service/vendor/phpunit/phpunit/src/Framework/TestRunner/TestRunner.php(87): PHPUnit\\Framework\\TestCase->runBare()
#5 /tmp/abdoElHodaky/larvrevrstender/services/payment-service/vendor/phpunit/phpunit/src/Framework/TestCase.php(365): PHPUnit\\Framework\\TestRunner->run()
#6 /tmp/abdoElHodaky/larvrevrstender/services/payment-service/vendor/phpunit/phpunit/src/Framework/TestSuite.php(369): PHPUnit\\Framework\\TestCase->run()
#7 /tmp/abdoElHodaky/larvrevrstender/services/payment-service/vendor/phpunit/phpunit/src/TextUI/TestRunner.php(64): PHPUnit\\Framework\\TestSuite->run()
#8 /tmp/abdoElHodaky/larvrevrstender/services/payment-service/vendor/phpunit/phpunit/src/TextUI/Application.php(211): PHPUnit\\TextUI\\TestRunner->run()
#9 /tmp/abdoElHodaky/larvrevrstender/services/payment-service/vendor/phpunit/phpunit/phpunit(104): PHPUnit\\TextUI\\Application->run()
#10 /tmp/abdoElHodaky/larvrevrstender/services/payment-service/vendor/bin/phpunit(122): include('...')
#11 {main}"} 
[2026-02-17 06:40:00] testing.ERROR: ValidatePaymentDataActivity failed {"saga_id":"test-workflow-id","order_id":12345,"error":"Required field 'payment_details' is missing from activity data"} 
[2026-02-17 06:40:00] testing.INFO: Procedure registered {"name":"events","class":"Shared\\Procedures\\CrossServiceProcedure","type":"micro"} 
[2026-02-17 06:40:00] testing.INFO: Procedure registered {"name":"cache","class":"Shared\\Procedures\\CrossServiceProcedure","type":"micro"} 
[2026-02-17 06:40:00] testing.INFO: Procedure registered {"name":"notification","class":"Shared\\Procedures\\CrossServiceProcedure","type":"micro"} 
[2026-02-17 06:40:00] testing.INFO: Procedure registered {"name":"validation","class":"Shared\\Procedures\\CrossServiceProcedure","type":"micro"} 
[2026-02-17 06:40:00] testing.INFO: Procedure registered {"name":"security","class":"Shared\\Procedures\\CrossServiceProcedure","type":"micro"} 
[2026-02-17 06:40:00] testing.INFO: Procedure registered {"name":"circuit_breaker","class":"Shared\\Procedures\\CrossServiceProcedure","type":"micro"} 
[2026-02-17 06:40:00] testing.INFO: Procedure registered {"name":"queue_circuit_breaker","class":"Shared\\Procedures\\CrossServiceProcedure","type":"micro"} 
[2026-02-17 06:40:00] testing.INFO: Procedure registered {"name":"third_party_integration","class":"Shared\\Procedures\\CrossServiceProcedure","type":"micro"} 
[2026-02-17 06:40:00] testing.INFO: Procedure registered {"name":"workflow","class":"Shared\\Procedures\\CrossServiceProcedure","type":"macro"} 
[2026-02-17 06:40:00] testing.INFO: ValidatePaymentDataActivity started {"saga_id":"test-workflow-id","order_id":12345} 
[2026-02-17 06:40:00] testing.ERROR: RPC Activity Error {"activity":"App\\Workflows\\Activities\\ValidatePaymentDataActivity","saga_id":"test-workflow-id","service":null,"method":null,"error":"Required field 'payment_details' is missing from activity data","trace":"#0 /tmp/abdoElHodaky/larvrevrstender/services/payment-service/app/Workflows/Activities/ValidatePaymentDataActivity.php(32): App\\Workflows\\Activities\\BaseRpcActivity->validateData()
#1 /tmp/abdoElHodaky/larvrevrstender/services/payment-service/tests/Unit/Activities/ValidatePaymentDataActivityTest.php(106): App\\Workflows\\Activities\\ValidatePaymentDataActivity->execute()
#2 /tmp/abdoElHodaky/larvrevrstender/services/payment-service/vendor/phpunit/phpunit/src/Framework/TestCase.php(1667): Tests\\Unit\\Activities\\ValidatePaymentDataActivityTest->test_validation_with_invalid_currency()
#3 /tmp/abdoElHodaky/larvrevrstender/services/payment-service/vendor/phpunit/phpunit/src/Framework/TestCase.php(519): PHPUnit\\Framework\\TestCase->runTest()
#4 /tmp/abdoElHodaky/larvrevrstender/services/payment-service/vendor/phpunit/phpunit/src/Framework/TestRunner/TestRunner.php(87): PHPUnit\\Framework\\TestCase->runBare()
#5 /tmp/abdoElHodaky/larvrevrstender/services/payment-service/vendor/phpunit/phpunit/src/Framework/TestCase.php(365): PHPUnit\\Framework\\TestRunner->run()
#6 /tmp/abdoElHodaky/larvrevrstender/services/payment-service/vendor/phpunit/phpunit/src/Framework/TestSuite.php(369): PHPUnit\\Framework\\TestCase->run()
#7 /tmp/abdoElHodaky/larvrevrstender/services/payment-service/vendor/phpunit/phpunit/src/TextUI/TestRunner.php(64): PHPUnit\\Framework\\TestSuite->run()
#8 /tmp/abdoElHodaky/larvrevrstender/services/payment-service/vendor/phpunit/phpunit/src/TextUI/Application.php(211): PHPUnit\\TextUI\\TestRunner->run()
#9 /tmp/abdoElHodaky/larvrevrstender/services/payment-service/vendor/phpunit/phpunit/phpunit(104): PHPUnit\\TextUI\\Application->run()
#10 /tmp/abdoElHodaky/larvrevrstender/services/payment-service/vendor/bin/phpunit(122): include('...')
#11 {main}"} 
[2026-02-17 06:40:00] testing.ERROR: ValidatePaymentDataActivity failed {"saga_id":"test-workflow-id","order_id":12345,"error":"Required field 'payment_details' is missing from activity data"} 
[2026-02-17 06:41:02] testing.INFO: Procedure registered {"name":"events","class":"Shared\\Procedures\\CrossServiceProcedure","type":"micro"} 
[2026-02-17 06:41:02] testing.INFO: Procedure registered {"name":"cache","class":"Shared\\Procedures\\CrossServiceProcedure","type":"micro"} 
[2026-02-17 06:41:02] testing.INFO: Procedure registered {"name":"notification","class":"Shared\\Procedures\\CrossServiceProcedure","type":"micro"} 
[2026-02-17 06:41:02] testing.INFO: Procedure registered {"name":"validation","class":"Shared\\Procedures\\CrossServiceProcedure","type":"micro"} 
[2026-02-17 06:41:02] testing.INFO: Procedure registered {"name":"security","class":"Shared\\Procedures\\CrossServiceProcedure","type":"micro"} 
[2026-02-17 06:41:02] testing.INFO: Procedure registered {"name":"circuit_breaker","class":"Shared\\Procedures\\CrossServiceProcedure","type":"micro"} 
[2026-02-17 06:41:02] testing.INFO: Procedure registered {"name":"queue_circuit_breaker","class":"Shared\\Procedures\\CrossServiceProcedure","type":"micro"} 
[2026-02-17 06:41:02] testing.INFO: Procedure registered {"name":"third_party_integration","class":"Shared\\Procedures\\CrossServiceProcedure","type":"micro"} 
[2026-02-17 06:41:02] testing.INFO: Procedure registered {"name":"workflow","class":"Shared\\Procedures\\CrossServiceProcedure","type":"macro"} 
[2026-02-17 06:41:02] testing.INFO: Procedure registered {"name":"events","class":"Shared\\Procedures\\CrossServiceProcedure","type":"micro"} 
[2026-02-17 06:41:02] testing.INFO: Procedure registered {"name":"cache","class":"Shared\\Procedures\\CrossServiceProcedure","type":"micro"} 
[2026-02-17 06:41:02] testing.INFO: Procedure registered {"name":"notification","class":"Shared\\Procedures\\CrossServiceProcedure","type":"micro"} 
[2026-02-17 06:41:02] testing.INFO: Procedure registered {"name":"validation","class":"Shared\\Procedures\\CrossServiceProcedure","type":"micro"} 
[2026-02-17 06:41:02] testing.INFO: Procedure registered {"name":"security","class":"Shared\\Procedures\\CrossServiceProcedure","type":"micro"} 
[2026-02-17 06:41:02] testing.INFO: Procedure registered {"name":"circuit_breaker","class":"Shared\\Procedures\\CrossServiceProcedure","type":"micro"} 
[2026-02-17 06:41:02] testing.INFO: Procedure registered {"name":"queue_circuit_breaker","class":"Shared\\Procedures\\CrossServiceProcedure","type":"micro"} 
[2026-02-17 06:41:02] testing.INFO: Procedure registered {"name":"third_party_integration","class":"Shared\\Procedures\\CrossServiceProcedure","type":"micro"} 
[2026-02-17 06:41:02] testing.INFO: Procedure registered {"name":"workflow","class":"Shared\\Procedures\\CrossServiceProcedure","type":"macro"} 
[2026-02-17 06:41:02] testing.INFO: ValidatePaymentDataActivity started {"saga_id":"test-workflow-id","order_id":null} 
[2026-02-17 06:41:02] testing.ERROR: RPC Activity Error {"activity":"App\\Workflows\\Activities\\ValidatePaymentDataActivity","saga_id":"test-workflow-id","service":null,"method":null,"error":"Required field 'order_id' is missing from activity data","trace":"#0 /tmp/abdoElHodaky/larvrevrstender/services/payment-service/app/Workflows/Activities/ValidatePaymentDataActivity.php(32): App\\Workflows\\Activities\\BaseRpcActivity->validateData()
#1 /tmp/abdoElHodaky/larvrevrstender/services/payment-service/tests/Unit/Activities/ValidatePaymentDataActivityTest.php(54): App\\Workflows\\Activities\\ValidatePaymentDataActivity->execute()
#2 /tmp/abdoElHodaky/larvrevrstender/services/payment-service/vendor/phpunit/phpunit/src/Framework/TestCase.php(1667): Tests\\Unit\\Activities\\ValidatePaymentDataActivityTest->test_validation_with_missing_required_fields()
#3 /tmp/abdoElHodaky/larvrevrstender/services/payment-service/vendor/phpunit/phpunit/src/Framework/TestCase.php(519): PHPUnit\\Framework\\TestCase->runTest()
#4 /tmp/abdoElHodaky/larvrevrstender/services/payment-service/vendor/phpunit/phpunit/src/Framework/TestRunner/TestRunner.php(87): PHPUnit\\Framework\\TestCase->runBare()
#5 /tmp/abdoElHodaky/larvrevrstender/services/payment-service/vendor/phpunit/phpunit/src/Framework/TestCase.php(365): PHPUnit\\Framework\\TestRunner->run()
#6 /tmp/abdoElHodaky/larvrevrstender/services/payment-service/vendor/phpunit/phpunit/src/Framework/TestSuite.php(369): PHPUnit\\Framework\\TestCase->run()
#7 /tmp/abdoElHodaky/larvrevrstender/services/payment-service/vendor/phpunit/phpunit/src/TextUI/TestRunner.php(64): PHPUnit\\Framework\\TestSuite->run()
#8 /tmp/abdoElHodaky/larvrevrstender/services/payment-service/vendor/phpunit/phpunit/src/TextUI/Application.php(211): PHPUnit\\TextUI\\TestRunner->run()
#9 /tmp/abdoElHodaky/larvrevrstender/services/payment-service/vendor/phpunit/phpunit/phpunit(104): PHPUnit\\TextUI\\Application->run()
#10 /tmp/abdoElHodaky/larvrevrstender/services/payment-service/vendor/bin/phpunit(122): include('...')
#11 {main}"} 
[2026-02-17 06:41:02] testing.ERROR: ValidatePaymentDataActivity failed {"saga_id":"test-workflow-id","order_id":null,"error":"Required field 'order_id' is missing from activity data"} 
[2026-02-17 06:41:02] testing.INFO: Procedure registered {"name":"events","class":"Shared\\Procedures\\CrossServiceProcedure","type":"micro"} 
[2026-02-17 06:41:02] testing.INFO: Procedure registered {"name":"cache","class":"Shared\\Procedures\\CrossServiceProcedure","type":"micro"} 
[2026-02-17 06:41:02] testing.INFO: Procedure registered {"name":"notification","class":"Shared\\Procedures\\CrossServiceProcedure","type":"micro"} 
[2026-02-17 06:41:02] testing.INFO: Procedure registered {"name":"validation","class":"Shared\\Procedures\\CrossServiceProcedure","type":"micro"} 
[2026-02-17 06:41:02] testing.INFO: Procedure registered {"name":"security","class":"Shared\\Procedures\\CrossServiceProcedure","type":"micro"} 
[2026-02-17 06:41:02] testing.INFO: Procedure registered {"name":"circuit_breaker","class":"Shared\\Procedures\\CrossServiceProcedure","type":"micro"} 
[2026-02-17 06:41:02] testing.INFO: Procedure registered {"name":"queue_circuit_breaker","class":"Shared\\Procedures\\CrossServiceProcedure","type":"micro"} 
[2026-02-17 06:41:02] testing.INFO: Procedure registered {"name":"third_party_integration","class":"Shared\\Procedures\\CrossServiceProcedure","type":"micro"} 
[2026-02-17 06:41:02] testing.INFO: Procedure registered {"name":"workflow","class":"Shared\\Procedures\\CrossServiceProcedure","type":"macro"} 
[2026-02-17 06:41:02] testing.INFO: ValidatePaymentDataActivity started {"saga_id":"test-workflow-id","order_id":12345} 
[2026-02-17 06:41:02] testing.ERROR: RPC Activity Error {"activity":"App\\Workflows\\Activities\\ValidatePaymentDataActivity","saga_id":"test-workflow-id","service":null,"method":null,"error":"Payment amount must be greater than zero","trace":"#0 /tmp/abdoElHodaky/larvrevrstender/services/payment-service/tests/Unit/Activities/ValidatePaymentDataActivityTest.php(84): App\\Workflows\\Activities\\ValidatePaymentDataActivity->execute()
#1 /tmp/abdoElHodaky/larvrevrstender/services/payment-service/vendor/phpunit/phpunit/src/Framework/TestCase.php(1667): Tests\\Unit\\Activities\\ValidatePaymentDataActivityTest->test_validation_with_invalid_amount()
#2 /tmp/abdoElHodaky/larvrevrstender/services/payment-service/vendor/phpunit/phpunit/src/Framework/TestCase.php(519): PHPUnit\\Framework\\TestCase->runTest()
#3 /tmp/abdoElHodaky/larvrevrstender/services/payment-service/vendor/phpunit/phpunit/src/Framework/TestRunner/TestRunner.php(87): PHPUnit\\Framework\\TestCase->runBare()
#4 /tmp/abdoElHodaky/larvrevrstender/services/payment-service/vendor/phpunit/phpunit/src/Framework/TestCase.php(365): PHPUnit\\Framework\\TestRunner->run()
#5 /tmp/abdoElHodaky/larvrevrstender/services/payment-service/vendor/phpunit/phpunit/src/Framework/TestSuite.php(369): PHPUnit\\Framework\\TestCase->run()
#6 /tmp/abdoElHodaky/larvrevrstender/services/payment-service/vendor/phpunit/phpunit/src/TextUI/TestRunner.php(64): PHPUnit\\Framework\\TestSuite->run()
#7 /tmp/abdoElHodaky/larvrevrstender/services/payment-service/vendor/phpunit/phpunit/src/TextUI/Application.php(211): PHPUnit\\TextUI\\TestRunner->run()
#8 /tmp/abdoElHodaky/larvrevrstender/services/payment-service/vendor/phpunit/phpunit/phpunit(104): PHPUnit\\TextUI\\Application->run()
#9 /tmp/abdoElHodaky/larvrevrstender/services/payment-service/vendor/bin/phpunit(122): include('...')
#10 {main}"} 
[2026-02-17 06:41:02] testing.ERROR: ValidatePaymentDataActivity failed {"saga_id":"test-workflow-id","order_id":12345,"error":"Payment amount must be greater than zero"} 
[2026-02-17 06:41:02] testing.INFO: Procedure registered {"name":"events","class":"Shared\\Procedures\\CrossServiceProcedure","type":"micro"} 
[2026-02-17 06:41:02] testing.INFO: Procedure registered {"name":"cache","class":"Shared\\Procedures\\CrossServiceProcedure","type":"micro"} 
[2026-02-17 06:41:02] testing.INFO: Procedure registered {"name":"notification","class":"Shared\\Procedures\\CrossServiceProcedure","type":"micro"} 
[2026-02-17 06:41:02] testing.INFO: Procedure registered {"name":"validation","class":"Shared\\Procedures\\CrossServiceProcedure","type":"micro"} 
[2026-02-17 06:41:02] testing.INFO: Procedure registered {"name":"security","class":"Shared\\Procedures\\CrossServiceProcedure","type":"micro"} 
[2026-02-17 06:41:02] testing.INFO: Procedure registered {"name":"circuit_breaker","class":"Shared\\Procedures\\CrossServiceProcedure","type":"micro"} 
[2026-02-17 06:41:02] testing.INFO: Procedure registered {"name":"queue_circuit_breaker","class":"Shared\\Procedures\\CrossServiceProcedure","type":"micro"} 
[2026-02-17 06:41:02] testing.INFO: Procedure registered {"name":"third_party_integration","class":"Shared\\Procedures\\CrossServiceProcedure","type":"micro"} 
[2026-02-17 06:41:02] testing.INFO: Procedure registered {"name":"workflow","class":"Shared\\Procedures\\CrossServiceProcedure","type":"macro"} 
[2026-02-17 06:41:02] testing.INFO: ValidatePaymentDataActivity started {"saga_id":"test-workflow-id","order_id":12345} 
[2026-02-17 06:41:02] testing.ERROR: RPC Activity Error {"activity":"App\\Workflows\\Activities\\ValidatePaymentDataActivity","saga_id":"test-workflow-id","service":null,"method":null,"error":"Unsupported currency: INVALID","trace":"#0 /tmp/abdoElHodaky/larvrevrstender/services/payment-service/tests/Unit/Activities/ValidatePaymentDataActivityTest.php(114): App\\Workflows\\Activities\\ValidatePaymentDataActivity->execute()
#1 /tmp/abdoElHodaky/larvrevrstender/services/payment-service/vendor/phpunit/phpunit/src/Framework/TestCase.php(1667): Tests\\Unit\\Activities\\ValidatePaymentDataActivityTest->test_validation_with_invalid_currency()
#2 /tmp/abdoElHodaky/larvrevrstender/services/payment-service/vendor/phpunit/phpunit/src/Framework/TestCase.php(519): PHPUnit\\Framework\\TestCase->runTest()
#3 /tmp/abdoElHodaky/larvrevrstender/services/payment-service/vendor/phpunit/phpunit/src/Framework/TestRunner/TestRunner.php(87): PHPUnit\\Framework\\TestCase->runBare()
#4 /tmp/abdoElHodaky/larvrevrstender/services/payment-service/vendor/phpunit/phpunit/src/Framework/TestCase.php(365): PHPUnit\\Framework\\TestRunner->run()
#5 /tmp/abdoElHodaky/larvrevrstender/services/payment-service/vendor/phpunit/phpunit/src/Framework/TestSuite.php(369): PHPUnit\\Framework\\TestCase->run()
#6 /tmp/abdoElHodaky/larvrevrstender/services/payment-service/vendor/phpunit/phpunit/src/TextUI/TestRunner.php(64): PHPUnit\\Framework\\TestSuite->run()
#7 /tmp/abdoElHodaky/larvrevrstender/services/payment-service/vendor/phpunit/phpunit/src/TextUI/Application.php(211): PHPUnit\\TextUI\\TestRunner->run()
#8 /tmp/abdoElHodaky/larvrevrstender/services/payment-service/vendor/phpunit/phpunit/phpunit(104): PHPUnit\\TextUI\\Application->run()
#9 /tmp/abdoElHodaky/larvrevrstender/services/payment-service/vendor/bin/phpunit(122): include('...')
#10 {main}"} 
[2026-02-17 06:41:02] testing.ERROR: ValidatePaymentDataActivity failed {"saga_id":"test-workflow-id","order_id":12345,"error":"Unsupported currency: INVALID"} 
[2026-02-17 06:52:54] testing.INFO: Procedure registered {"name":"events","class":"Shared\\Procedures\\CrossServiceProcedure","type":"micro"} 
[2026-02-17 06:52:54] testing.INFO: Procedure registered {"name":"cache","class":"Shared\\Procedures\\CrossServiceProcedure","type":"micro"} 
[2026-02-17 06:52:54] testing.INFO: Procedure registered {"name":"notification","class":"Shared\\Procedures\\CrossServiceProcedure","type":"micro"} 
[2026-02-17 06:52:54] testing.INFO: Procedure registered {"name":"validation","class":"Shared\\Procedures\\CrossServiceProcedure","type":"micro"} 
[2026-02-17 06:52:54] testing.INFO: Procedure registered {"name":"security","class":"Shared\\Procedures\\CrossServiceProcedure","type":"micro"} 
[2026-02-17 06:52:54] testing.INFO: Procedure registered {"name":"circuit_breaker","class":"Shared\\Procedures\\CrossServiceProcedure","type":"micro"} 
[2026-02-17 06:52:54] testing.INFO: Procedure registered {"name":"queue_circuit_breaker","class":"Shared\\Procedures\\CrossServiceProcedure","type":"micro"} 
[2026-02-17 06:52:54] testing.INFO: Procedure registered {"name":"third_party_integration","class":"Shared\\Procedures\\CrossServiceProcedure","type":"micro"} 
[2026-02-17 06:52:54] testing.INFO: Procedure registered {"name":"workflow","class":"Shared\\Procedures\\CrossServiceProcedure","type":"macro"} 
[2026-02-17 06:52:54] testing.INFO: Procedure registered {"name":"events","class":"Shared\\Procedures\\CrossServiceProcedure","type":"micro"} 
[2026-02-17 06:52:54] testing.INFO: Procedure registered {"name":"cache","class":"Shared\\Procedures\\CrossServiceProcedure","type":"micro"} 
[2026-02-17 06:52:54] testing.INFO: Procedure registered {"name":"notification","class":"Shared\\Procedures\\CrossServiceProcedure","type":"micro"} 
[2026-02-17 06:52:54] testing.INFO: Procedure registered {"name":"validation","class":"Shared\\Procedures\\CrossServiceProcedure","type":"micro"} 
[2026-02-17 06:52:54] testing.INFO: Procedure registered {"name":"security","class":"Shared\\Procedures\\CrossServiceProcedure","type":"micro"} 
[2026-02-17 06:52:54] testing.INFO: Procedure registered {"name":"circuit_breaker","class":"Shared\\Procedures\\CrossServiceProcedure","type":"micro"} 
[2026-02-17 06:52:54] testing.INFO: Procedure registered {"name":"queue_circuit_breaker","class":"Shared\\Procedures\\CrossServiceProcedure","type":"micro"} 
[2026-02-17 06:52:54] testing.INFO: Procedure registered {"name":"third_party_integration","class":"Shared\\Procedures\\CrossServiceProcedure","type":"micro"} 
[2026-02-17 06:52:54] testing.INFO: Procedure registered {"name":"workflow","class":"Shared\\Procedures\\CrossServiceProcedure","type":"macro"} 
[2026-02-17 06:52:54] testing.INFO: ValidatePaymentDataActivity started {"saga_id":"workflow-123","order_id":null} 
[2026-02-17 06:52:54] testing.ERROR: RPC Activity Error {"activity":"App\\Workflows\\Activities\\ValidatePaymentDataActivity","saga_id":"workflow-123","service":null,"method":null,"error":"Required field 'order_id' is missing from activity data","trace":"#0 /tmp/abdoElHodaky/larvrevrstender/services/payment-service/app/Workflows/Activities/ValidatePaymentDataActivity.php(32): App\\Workflows\\Activities\\BaseRpcActivity->validateData()
#1 /tmp/abdoElHodaky/larvrevrstender/services/payment-service/tests/Unit/Activities/ValidatePaymentDataActivityTest.php(66): App\\Workflows\\Activities\\ValidatePaymentDataActivity->execute()
#2 /tmp/abdoElHodaky/larvrevrstender/services/payment-service/vendor/phpunit/phpunit/src/Framework/TestCase.php(1667): Tests\\Unit\\Activities\\ValidatePaymentDataActivityTest->test_validation_with_missing_required_fields()
#3 /tmp/abdoElHodaky/larvrevrstender/services/payment-service/vendor/phpunit/phpunit/src/Framework/TestCase.php(519): PHPUnit\\Framework\\TestCase->runTest()
#4 /tmp/abdoElHodaky/larvrevrstender/services/payment-service/vendor/phpunit/phpunit/src/Framework/TestRunner/TestRunner.php(87): PHPUnit\\Framework\\TestCase->runBare()
#5 /tmp/abdoElHodaky/larvrevrstender/services/payment-service/vendor/phpunit/phpunit/src/Framework/TestCase.php(365): PHPUnit\\Framework\\TestRunner->run()
#6 /tmp/abdoElHodaky/larvrevrstender/services/payment-service/vendor/phpunit/phpunit/src/Framework/TestSuite.php(369): PHPUnit\\Framework\\TestCase->run()
#7 /tmp/abdoElHodaky/larvrevrstender/services/payment-service/vendor/phpunit/phpunit/src/TextUI/TestRunner.php(64): PHPUnit\\Framework\\TestSuite->run()
#8 /tmp/abdoElHodaky/larvrevrstender/services/payment-service/vendor/phpunit/phpunit/src/TextUI/Application.php(211): PHPUnit\\TextUI\\TestRunner->run()
#9 /tmp/abdoElHodaky/larvrevrstender/services/payment-service/vendor/phpunit/phpunit/phpunit(104): PHPUnit\\TextUI\\Application->run()
#10 {main}"} 
[2026-02-17 06:52:54] testing.ERROR: ValidatePaymentDataActivity failed {"saga_id":"workflow-123","order_id":null,"error":"Required field 'order_id' is missing from activity data"} 
[2026-02-17 06:52:54] testing.INFO: Procedure registered {"name":"events","class":"Shared\\Procedures\\CrossServiceProcedure","type":"micro"} 
[2026-02-17 06:52:54] testing.INFO: Procedure registered {"name":"cache","class":"Shared\\Procedures\\CrossServiceProcedure","type":"micro"} 
[2026-02-17 06:52:54] testing.INFO: Procedure registered {"name":"notification","class":"Shared\\Procedures\\CrossServiceProcedure","type":"micro"} 
[2026-02-17 06:52:54] testing.INFO: Procedure registered {"name":"validation","class":"Shared\\Procedures\\CrossServiceProcedure","type":"micro"} 
[2026-02-17 06:52:54] testing.INFO: Procedure registered {"name":"security","class":"Shared\\Procedures\\CrossServiceProcedure","type":"micro"} 
[2026-02-17 06:52:54] testing.INFO: Procedure registered {"name":"circuit_breaker","class":"Shared\\Procedures\\CrossServiceProcedure","type":"micro"} 
[2026-02-17 06:52:54] testing.INFO: Procedure registered {"name":"queue_circuit_breaker","class":"Shared\\Procedures\\CrossServiceProcedure","type":"micro"} 
[2026-02-17 06:52:54] testing.INFO: Procedure registered {"name":"third_party_integration","class":"Shared\\Procedures\\CrossServiceProcedure","type":"micro"} 
[2026-02-17 06:52:54] testing.INFO: Procedure registered {"name":"workflow","class":"Shared\\Procedures\\CrossServiceProcedure","type":"macro"} 
[2026-02-17 06:52:54] testing.INFO: ValidatePaymentDataActivity started {"saga_id":"workflow-123","order_id":12345} 
[2026-02-17 06:52:54] testing.ERROR: RPC Activity Error {"activity":"App\\Workflows\\Activities\\ValidatePaymentDataActivity","saga_id":"workflow-123","service":null,"method":null,"error":"Payment amount must be greater than zero","trace":"#0 /tmp/abdoElHodaky/larvrevrstender/services/payment-service/tests/Unit/Activities/ValidatePaymentDataActivityTest.php(99): App\\Workflows\\Activities\\ValidatePaymentDataActivity->execute()
#1 /tmp/abdoElHodaky/larvrevrstender/services/payment-service/vendor/phpunit/phpunit/src/Framework/TestCase.php(1667): Tests\\Unit\\Activities\\ValidatePaymentDataActivityTest->test_validation_with_invalid_amount()
#2 /tmp/abdoElHodaky/larvrevrstender/services/payment-service/vendor/phpunit/phpunit/src/Framework/TestCase.php(519): PHPUnit\\Framework\\TestCase->runTest()
#3 /tmp/abdoElHodaky/larvrevrstender/services/payment-service/vendor/phpunit/phpunit/src/Framework/TestRunner/TestRunner.php(87): PHPUnit\\Framework\\TestCase->runBare()
#4 /tmp/abdoElHodaky/larvrevrstender/services/payment-service/vendor/phpunit/phpunit/src/Framework/TestCase.php(365): PHPUnit\\Framework\\TestRunner->run()
#5 /tmp/abdoElHodaky/larvrevrstender/services/payment-service/vendor/phpunit/phpunit/src/Framework/TestSuite.php(369): PHPUnit\\Framework\\TestCase->run()
#6 /tmp/abdoElHodaky/larvrevrstender/services/payment-service/vendor/phpunit/phpunit/src/TextUI/TestRunner.php(64): PHPUnit\\Framework\\TestSuite->run()
#7 /tmp/abdoElHodaky/larvrevrstender/services/payment-service/vendor/phpunit/phpunit/src/TextUI/Application.php(211): PHPUnit\\TextUI\\TestRunner->run()
#8 /tmp/abdoElHodaky/larvrevrstender/services/payment-service/vendor/phpunit/phpunit/phpunit(104): PHPUnit\\TextUI\\Application->run()
#9 {main}"} 
[2026-02-17 06:52:54] testing.ERROR: ValidatePaymentDataActivity failed {"saga_id":"workflow-123","order_id":12345,"error":"Payment amount must be greater than zero"} 
[2026-02-17 06:52:54] testing.INFO: Procedure registered {"name":"events","class":"Shared\\Procedures\\CrossServiceProcedure","type":"micro"} 
[2026-02-17 06:52:54] testing.INFO: Procedure registered {"name":"cache","class":"Shared\\Procedures\\CrossServiceProcedure","type":"micro"} 
[2026-02-17 06:52:54] testing.INFO: Procedure registered {"name":"notification","class":"Shared\\Procedures\\CrossServiceProcedure","type":"micro"} 
[2026-02-17 06:52:54] testing.INFO: Procedure registered {"name":"validation","class":"Shared\\Procedures\\CrossServiceProcedure","type":"micro"} 
[2026-02-17 06:52:54] testing.INFO: Procedure registered {"name":"security","class":"Shared\\Procedures\\CrossServiceProcedure","type":"micro"} 
[2026-02-17 06:52:54] testing.INFO: Procedure registered {"name":"circuit_breaker","class":"Shared\\Procedures\\CrossServiceProcedure","type":"micro"} 
[2026-02-17 06:52:54] testing.INFO: Procedure registered {"name":"queue_circuit_breaker","class":"Shared\\Procedures\\CrossServiceProcedure","type":"micro"} 
[2026-02-17 06:52:54] testing.INFO: Procedure registered {"name":"third_party_integration","class":"Shared\\Procedures\\CrossServiceProcedure","type":"micro"} 
[2026-02-17 06:52:54] testing.INFO: Procedure registered {"name":"workflow","class":"Shared\\Procedures\\CrossServiceProcedure","type":"macro"} 
[2026-02-17 06:52:54] testing.INFO: ValidatePaymentDataActivity started {"saga_id":"workflow-123","order_id":12345} 
[2026-02-17 06:52:54] testing.ERROR: RPC Activity Error {"activity":"App\\Workflows\\Activities\\ValidatePaymentDataActivity","saga_id":"workflow-123","service":null,"method":null,"error":"Unsupported currency: INVALID","trace":"#0 /tmp/abdoElHodaky/larvrevrstender/services/payment-service/tests/Unit/Activities/ValidatePaymentDataActivityTest.php(132): App\\Workflows\\Activities\\ValidatePaymentDataActivity->execute()
#1 /tmp/abdoElHodaky/larvrevrstender/services/payment-service/vendor/phpunit/phpunit/src/Framework/TestCase.php(1667): Tests\\Unit\\Activities\\ValidatePaymentDataActivityTest->test_validation_with_invalid_currency()
#2 /tmp/abdoElHodaky/larvrevrstender/services/payment-service/vendor/phpunit/phpunit/src/Framework/TestCase.php(519): PHPUnit\\Framework\\TestCase->runTest()
#3 /tmp/abdoElHodaky/larvrevrstender/services/payment-service/vendor/phpunit/phpunit/src/Framework/TestRunner/TestRunner.php(87): PHPUnit\\Framework\\TestCase->runBare()
#4 /tmp/abdoElHodaky/larvrevrstender/services/payment-service/vendor/phpunit/phpunit/src/Framework/TestCase.php(365): PHPUnit\\Framework\\TestRunner->run()
#5 /tmp/abdoElHodaky/larvrevrstender/services/payment-service/vendor/phpunit/phpunit/src/Framework/TestSuite.php(369): PHPUnit\\Framework\\TestCase->run()
#6 /tmp/abdoElHodaky/larvrevrstender/services/payment-service/vendor/phpunit/phpunit/src/TextUI/TestRunner.php(64): PHPUnit\\Framework\\TestSuite->run()
#7 /tmp/abdoElHodaky/larvrevrstender/services/payment-service/vendor/phpunit/phpunit/src/TextUI/Application.php(211): PHPUnit\\TextUI\\TestRunner->run()
#8 /tmp/abdoElHodaky/larvrevrstender/services/payment-service/vendor/phpunit/phpunit/phpunit(104): PHPUnit\\TextUI\\Application->run()
#9 {main}"} 
[2026-02-17 06:52:54] testing.ERROR: ValidatePaymentDataActivity failed {"saga_id":"workflow-123","order_id":12345,"error":"Unsupported currency: INVALID"} 
[2026-02-17 09:52:54] local.ERROR: SQLSTATE[HY000] [2002] Connection refused (Connection: mysql, Host: 127.0.0.1, Port: 3306, Database: payment_service, SQL: insert into `telescope_entries` (`batch_id`, `content`, `created_at`, `family_hash`, `type`, `uuid`) values (a1198d55-2817-434c-96f6-31532fd362e4, {"command":"test","exit_code":0,"arguments":{"command":"test"},"options":{"without-tty":false,"compact":false,"coverage":false,"min":null,"parallel":false,"profile":false,"recreate-databases":false,"drop-databases":false,"without-databases":false,"help":false,"silent":false,"quiet":false,"verbose":false,"version":false,"ansi":null,"no-interaction":false,"env":null},"hostname":"modal"}, 2026-02-17 09:52:54, ?, command, a1198d55-25d0-4db6-945e-5541c42ee8de)) {"exception":"[object] (Illuminate\\Database\\QueryException(code: 2002): SQLSTATE[HY000] [2002] Connection refused (Connection: mysql, Host: 127.0.0.1, Port: 3306, Database: payment_service, SQL: insert into `telescope_entries` (`batch_id`, `content`, `created_at`, `family_hash`, `type`, `uuid`) values (a1198d55-2817-434c-96f6-31532fd362e4, {\"command\":\"test\",\"exit_code\":0,\"arguments\":{\"command\":\"test\"},\"options\":{\"without-tty\":false,\"compact\":false,\"coverage\":false,\"min\":null,\"parallel\":false,\"profile\":false,\"recreate-databases\":false,\"drop-databases\":false,\"without-databases\":false,\"help\":false,\"silent\":false,\"quiet\":false,\"verbose\":false,\"version\":false,\"ansi\":null,\"no-interaction\":false,\"env\":null},\"hostname\":\"modal\"}, 2026-02-17 09:52:54, ?, command, a1198d55-25d0-4db6-945e-5541c42ee8de)) at /tmp/abdoElHodaky/larvrevrstender/services/payment-service/vendor/laravel/framework/src/Illuminate/Database/Connection.php:838)
[stacktrace]
#0 /tmp/abdoElHodaky/larvrevrstender/services/payment-service/vendor/laravel/framework/src/Illuminate/Database/Connection.php(999): Illuminate\\Database\\Connection->runQueryCallback()
#1 /tmp/abdoElHodaky/larvrevrstender/services/payment-service/vendor/laravel/framework/src/Illuminate/Database/Connection.php(978): Illuminate\\Database\\Connection->tryAgainIfCausedByLostConnection()
#2 /tmp/abdoElHodaky/larvrevrstender/services/payment-service/vendor/laravel/framework/src/Illuminate/Database/Connection.php(796): Illuminate\\Database\\Connection->handleQueryException()
#3 /tmp/abdoElHodaky/larvrevrstender/services/payment-service/vendor/laravel/framework/src/Illuminate/Database/MySqlConnection.php(42): Illuminate\\Database\\Connection->run()
#4 /tmp/abdoElHodaky/larvrevrstender/services/payment-service/vendor/laravel/framework/src/Illuminate/Database/Query/Builder.php(4054): Illuminate\\Database\\MySqlConnection->insert()
#5 /tmp/abdoElHodaky/larvrevrstender/services/payment-service/vendor/laravel/telescope/src/Storage/DatabaseEntriesRepository.php(145): Illuminate\\Database\\Query\\Builder->insert()
#6 /tmp/abdoElHodaky/larvrevrstender/services/payment-service/vendor/laravel/framework/src/Illuminate/Collections/Traits/EnumeratesValues.php(275): Laravel\\Telescope\\Storage\\DatabaseEntriesRepository->Laravel\\Telescope\\Storage\\{closure}()
#7 /tmp/abdoElHodaky/larvrevrstender/services/payment-service/vendor/laravel/telescope/src/Storage/DatabaseEntriesRepository.php(144): Illuminate\\Support\\Collection->each()
#8 /tmp/abdoElHodaky/larvrevrstender/services/payment-service/vendor/laravel/telescope/src/Telescope.php(664): Laravel\\Telescope\\Storage\\DatabaseEntriesRepository->store()
#9 [internal function]: Laravel\\Telescope\\Telescope::Laravel\\Telescope\\{closure}()
#10 /tmp/abdoElHodaky/larvrevrstender/services/payment-service/vendor/laravel/telescope/src/Telescope.php(289): call_user_func()
#11 /tmp/abdoElHodaky/larvrevrstender/services/payment-service/vendor/laravel/telescope/src/Telescope.php(656): Laravel\\Telescope\\Telescope::withoutRecording()
#12 /tmp/abdoElHodaky/larvrevrstender/services/payment-service/vendor/laravel/telescope/src/ListensForStorageOpportunities.php(65): Laravel\\Telescope\\Telescope::store()
#13 /tmp/abdoElHodaky/larvrevrstender/services/payment-service/vendor/laravel/framework/src/Illuminate/Container/BoundMethod.php(36): Laravel\\Telescope\\Telescope::Laravel\\Telescope\\{closure}()
#14 /tmp/abdoElHodaky/larvrevrstender/services/payment-service/vendor/laravel/framework/src/Illuminate/Container/Util.php(43): Illuminate\\Container\\BoundMethod::Illuminate\\Container\\{closure}()
#15 /tmp/abdoElHodaky/larvrevrstender/services/payment-service/vendor/laravel/framework/src/Illuminate/Container/BoundMethod.php(84): Illuminate\\Container\\Util::unwrapIfClosure()
#16 /tmp/abdoElHodaky/larvrevrstender/services/payment-service/vendor/laravel/framework/src/Illuminate/Container/BoundMethod.php(35): Illuminate\\Container\\BoundMethod::callBoundMethod()
#17 /tmp/abdoElHodaky/larvrevrstender/services/payment-service/vendor/laravel/framework/src/Illuminate/Container/Container.php(799): Illuminate\\Container\\BoundMethod::call()
#18 /tmp/abdoElHodaky/larvrevrstender/services/payment-service/vendor/laravel/framework/src/Illuminate/Foundation/Application.php(1466): Illuminate\\Container\\Container->call()
#19 /tmp/abdoElHodaky/larvrevrstender/services/payment-service/vendor/laravel/framework/src/Illuminate/Foundation/Console/Kernel.php(219): Illuminate\\Foundation\\Application->terminate()
#20 /tmp/abdoElHodaky/larvrevrstender/services/payment-service/artisan(51): Illuminate\\Foundation\\Console\\Kernel->terminate()
#21 {main}

[previous exception] [object] (PDOException(code: 2002): SQLSTATE[HY000] [2002] Connection refused at /tmp/abdoElHodaky/larvrevrstender/services/payment-service/vendor/laravel/framework/src/Illuminate/Database/Connectors/Connector.php:66)
[stacktrace]
#0 /tmp/abdoElHodaky/larvrevrstender/services/payment-service/vendor/laravel/framework/src/Illuminate/Database/Connectors/Connector.php(66): PDO->__construct()
#1 /tmp/abdoElHodaky/larvrevrstender/services/payment-service/vendor/laravel/framework/src/Illuminate/Database/Connectors/Connector.php(85): Illuminate\\Database\\Connectors\\Connector->createPdoConnection()
#2 /tmp/abdoElHodaky/larvrevrstender/services/payment-service/vendor/laravel/framework/src/Illuminate/Database/Connectors/Connector.php(48): Illuminate\\Database\\Connectors\\Connector->tryAgainIfCausedByLostConnection()
#3 /tmp/abdoElHodaky/larvrevrstender/services/payment-service/vendor/laravel/framework/src/Illuminate/Database/Connectors/MySqlConnector.php(24): Illuminate\\Database\\Connectors\\Connector->createConnection()
#4 /tmp/abdoElHodaky/larvrevrstender/services/payment-service/vendor/laravel/framework/src/Illuminate/Database/Connectors/ConnectionFactory.php(186): Illuminate\\Database\\Connectors\\MySqlConnector->connect()
#5 [internal function]: Illuminate\\Database\\Connectors\\ConnectionFactory->Illuminate\\Database\\Connectors\\{closure}()
#6 /tmp/abdoElHodaky/larvrevrstender/services/payment-service/vendor/laravel/framework/src/Illuminate/Database/Connection.php(1257): call_user_func()
#7 /tmp/abdoElHodaky/larvrevrstender/services/payment-service/vendor/laravel/framework/src/Illuminate/Database/MySqlConnection.php(47): Illuminate\\Database\\Connection->getPdo()
#8 /tmp/abdoElHodaky/larvrevrstender/services/payment-service/vendor/laravel/framework/src/Illuminate/Database/Connection.php(827): Illuminate\\Database\\MySqlConnection->Illuminate\\Database\\{closure}()
#9 /tmp/abdoElHodaky/larvrevrstender/services/payment-service/vendor/laravel/framework/src/Illuminate/Database/Connection.php(999): Illuminate\\Database\\Connection->runQueryCallback()
#10 /tmp/abdoElHodaky/larvrevrstender/services/payment-service/vendor/laravel/framework/src/Illuminate/Database/Connection.php(978): Illuminate\\Database\\Connection->tryAgainIfCausedByLostConnection()
#11 /tmp/abdoElHodaky/larvrevrstender/services/payment-service/vendor/laravel/framework/src/Illuminate/Database/Connection.php(796): Illuminate\\Database\\Connection->handleQueryException()
#12 /tmp/abdoElHodaky/larvrevrstender/services/payment-service/vendor/laravel/framework/src/Illuminate/Database/MySqlConnection.php(42): Illuminate\\Database\\Connection->run()
#13 /tmp/abdoElHodaky/larvrevrstender/services/payment-service/vendor/laravel/framework/src/Illuminate/Database/Query/Builder.php(4054): Illuminate\\Database\\MySqlConnection->insert()
#14 /tmp/abdoElHodaky/larvrevrstender/services/payment-service/vendor/laravel/telescope/src/Storage/DatabaseEntriesRepository.php(145): Illuminate\\Database\\Query\\Builder->insert()
#15 /tmp/abdoElHodaky/larvrevrstender/services/payment-service/vendor/laravel/framework/src/Illuminate/Collections/Traits/EnumeratesValues.php(275): Laravel\\Telescope\\Storage\\DatabaseEntriesRepository->Laravel\\Telescope\\Storage\\{closure}()
#16 /tmp/abdoElHodaky/larvrevrstender/services/payment-service/vendor/laravel/telescope/src/Storage/DatabaseEntriesRepository.php(144): Illuminate\\Support\\Collection->each()
#17 /tmp/abdoElHodaky/larvrevrstender/services/payment-service/vendor/laravel/telescope/src/Telescope.php(664): Laravel\\Telescope\\Storage\\DatabaseEntriesRepository->store()
#18 [internal function]: Laravel\\Telescope\\Telescope::Laravel\\Telescope\\{closure}()
#19 /tmp/abdoElHodaky/larvrevrstender/services/payment-service/vendor/laravel/telescope/src/Telescope.php(289): call_user_func()
#20 /tmp/abdoElHodaky/larvrevrstender/services/payment-service/vendor/laravel/telescope/src/Telescope.php(656): Laravel\\Telescope\\Telescope::withoutRecording()
#21 /tmp/abdoElHodaky/larvrevrstender/services/payment-service/vendor/laravel/telescope/src/ListensForStorageOpportunities.php(65): Laravel\\Telescope\\Telescope::store()
#22 /tmp/abdoElHodaky/larvrevrstender/services/payment-service/vendor/laravel/framework/src/Illuminate/Container/BoundMethod.php(36): Laravel\\Telescope\\Telescope::Laravel\\Telescope\\{closure}()
#23 /tmp/abdoElHodaky/larvrevrstender/services/payment-service/vendor/laravel/framework/src/Illuminate/Container/Util.php(43): Illuminate\\Container\\BoundMethod::Illuminate\\Container\\{closure}()
#24 /tmp/abdoElHodaky/larvrevrstender/services/payment-service/vendor/laravel/framework/src/Illuminate/Container/BoundMethod.php(84): Illuminate\\Container\\Util::unwrapIfClosure()
#25 /tmp/abdoElHodaky/larvrevrstender/services/payment-service/vendor/laravel/framework/src/Illuminate/Container/BoundMethod.php(35): Illuminate\\Container\\BoundMethod::callBoundMethod()
#26 /tmp/abdoElHodaky/larvrevrstender/services/payment-service/vendor/laravel/framework/src/Illuminate/Container/Container.php(799): Illuminate\\Container\\BoundMethod::call()
#27 /tmp/abdoElHodaky/larvrevrstender/services/payment-service/vendor/laravel/framework/src/Illuminate/Foundation/Application.php(1466): Illuminate\\Container\\Container->call()
#28 /tmp/abdoElHodaky/larvrevrstender/services/payment-service/vendor/laravel/framework/src/Illuminate/Foundation/Console/Kernel.php(219): Illuminate\\Foundation\\Application->terminate()
#29 /tmp/abdoElHodaky/larvrevrstender/services/payment-service/artisan(51): Illuminate\\Foundation\\Console\\Kernel->terminate()
#30 {main}
"} 
[2026-02-17 10:09:09] local.ERROR: SQLSTATE[HY000] [2002] Connection refused (Connection: mysql, Host: 127.0.0.1, Port: 3306, Database: payment_service, SQL: insert into `telescope_entries` (`batch_id`, `content`, `created_at`, `family_hash`, `type`, `uuid`) values (a1199325-5d60-4b36-af6b-49ec50da2b7e, {"command":"test","exit_code":2,"arguments":{"command":"test"},"options":{"without-tty":false,"compact":false,"coverage":false,"min":null,"parallel":false,"profile":false,"recreate-databases":false,"drop-databases":false,"without-databases":false,"help":false,"silent":false,"quiet":false,"verbose":false,"version":false,"ansi":null,"no-interaction":false,"env":null},"hostname":"modal"}, 2026-02-17 10:09:09, ?, command, a1199325-5796-47f9-a2dd-974ea02189c9)) {"exception":"[object] (Illuminate\\Database\\QueryException(code: 2002): SQLSTATE[HY000] [2002] Connection refused (Connection: mysql, Host: 127.0.0.1, Port: 3306, Database: payment_service, SQL: insert into `telescope_entries` (`batch_id`, `content`, `created_at`, `family_hash`, `type`, `uuid`) values (a1199325-5d60-4b36-af6b-49ec50da2b7e, {\"command\":\"test\",\"exit_code\":2,\"arguments\":{\"command\":\"test\"},\"options\":{\"without-tty\":false,\"compact\":false,\"coverage\":false,\"min\":null,\"parallel\":false,\"profile\":false,\"recreate-databases\":false,\"drop-databases\":false,\"without-databases\":false,\"help\":false,\"silent\":false,\"quiet\":false,\"verbose\":false,\"version\":false,\"ansi\":null,\"no-interaction\":false,\"env\":null},\"hostname\":\"modal\"}, 2026-02-17 10:09:09, ?, command, a1199325-5796-47f9-a2dd-974ea02189c9)) at /tmp/abdoElHodaky/larvrevrstender/services/payment-service/vendor/laravel/framework/src/Illuminate/Database/Connection.php:838)
[stacktrace]
#0 /tmp/abdoElHodaky/larvrevrstender/services/payment-service/vendor/laravel/framework/src/Illuminate/Database/Connection.php(999): Illuminate\\Database\\Connection->runQueryCallback()
#1 /tmp/abdoElHodaky/larvrevrstender/services/payment-service/vendor/laravel/framework/src/Illuminate/Database/Connection.php(978): Illuminate\\Database\\Connection->tryAgainIfCausedByLostConnection()
#2 /tmp/abdoElHodaky/larvrevrstender/services/payment-service/vendor/laravel/framework/src/Illuminate/Database/Connection.php(796): Illuminate\\Database\\Connection->handleQueryException()
#3 /tmp/abdoElHodaky/larvrevrstender/services/payment-service/vendor/laravel/framework/src/Illuminate/Database/MySqlConnection.php(42): Illuminate\\Database\\Connection->run()
#4 /tmp/abdoElHodaky/larvrevrstender/services/payment-service/vendor/laravel/framework/src/Illuminate/Database/Query/Builder.php(4054): Illuminate\\Database\\MySqlConnection->insert()
#5 /tmp/abdoElHodaky/larvrevrstender/services/payment-service/vendor/laravel/telescope/src/Storage/DatabaseEntriesRepository.php(145): Illuminate\\Database\\Query\\Builder->insert()
#6 /tmp/abdoElHodaky/larvrevrstender/services/payment-service/vendor/laravel/framework/src/Illuminate/Collections/Traits/EnumeratesValues.php(275): Laravel\\Telescope\\Storage\\DatabaseEntriesRepository->Laravel\\Telescope\\Storage\\{closure}()
#7 /tmp/abdoElHodaky/larvrevrstender/services/payment-service/vendor/laravel/telescope/src/Storage/DatabaseEntriesRepository.php(144): Illuminate\\Support\\Collection->each()
#8 /tmp/abdoElHodaky/larvrevrstender/services/payment-service/vendor/laravel/telescope/src/Telescope.php(664): Laravel\\Telescope\\Storage\\DatabaseEntriesRepository->store()
#9 [internal function]: Laravel\\Telescope\\Telescope::Laravel\\Telescope\\{closure}()
#10 /tmp/abdoElHodaky/larvrevrstender/services/payment-service/vendor/laravel/telescope/src/Telescope.php(289): call_user_func()
#11 /tmp/abdoElHodaky/larvrevrstender/services/payment-service/vendor/laravel/telescope/src/Telescope.php(656): Laravel\\Telescope\\Telescope::withoutRecording()
#12 /tmp/abdoElHodaky/larvrevrstender/services/payment-service/vendor/laravel/telescope/src/ListensForStorageOpportunities.php(65): Laravel\\Telescope\\Telescope::store()
#13 /tmp/abdoElHodaky/larvrevrstender/services/payment-service/vendor/laravel/framework/src/Illuminate/Container/BoundMethod.php(36): Laravel\\Telescope\\Telescope::Laravel\\Telescope\\{closure}()
#14 /tmp/abdoElHodaky/larvrevrstender/services/payment-service/vendor/laravel/framework/src/Illuminate/Container/Util.php(43): Illuminate\\Container\\BoundMethod::Illuminate\\Container\\{closure}()
#15 /tmp/abdoElHodaky/larvrevrstender/services/payment-service/vendor/laravel/framework/src/Illuminate/Container/BoundMethod.php(84): Illuminate\\Container\\Util::unwrapIfClosure()
#16 /tmp/abdoElHodaky/larvrevrstender/services/payment-service/vendor/laravel/framework/src/Illuminate/Container/BoundMethod.php(35): Illuminate\\Container\\BoundMethod::callBoundMethod()
#17 /tmp/abdoElHodaky/larvrevrstender/services/payment-service/vendor/laravel/framework/src/Illuminate/Container/Container.php(799): Illuminate\\Container\\BoundMethod::call()
#18 /tmp/abdoElHodaky/larvrevrstender/services/payment-service/vendor/laravel/framework/src/Illuminate/Foundation/Application.php(1466): Illuminate\\Container\\Container->call()
#19 /tmp/abdoElHodaky/larvrevrstender/services/payment-service/vendor/laravel/framework/src/Illuminate/Foundation/Console/Kernel.php(219): Illuminate\\Foundation\\Application->terminate()
#20 /tmp/abdoElHodaky/larvrevrstender/services/payment-service/artisan(51): Illuminate\\Foundation\\Console\\Kernel->terminate()
#21 {main}

[previous exception] [object] (PDOException(code: 2002): SQLSTATE[HY000] [2002] Connection refused at /tmp/abdoElHodaky/larvrevrstender/services/payment-service/vendor/laravel/framework/src/Illuminate/Database/Connectors/Connector.php:66)
[stacktrace]
#0 /tmp/abdoElHodaky/larvrevrstender/services/payment-service/vendor/laravel/framework/src/Illuminate/Database/Connectors/Connector.php(66): PDO->__construct()
#1 /tmp/abdoElHodaky/larvrevrstender/services/payment-service/vendor/laravel/framework/src/Illuminate/Database/Connectors/Connector.php(85): Illuminate\\Database\\Connectors\\Connector->createPdoConnection()
#2 /tmp/abdoElHodaky/larvrevrstender/services/payment-service/vendor/laravel/framework/src/Illuminate/Database/Connectors/Connector.php(48): Illuminate\\Database\\Connectors\\Connector->tryAgainIfCausedByLostConnection()
#3 /tmp/abdoElHodaky/larvrevrstender/services/payment-service/vendor/laravel/framework/src/Illuminate/Database/Connectors/MySqlConnector.php(24): Illuminate\\Database\\Connectors\\Connector->createConnection()
#4 /tmp/abdoElHodaky/larvrevrstender/services/payment-service/vendor/laravel/framework/src/Illuminate/Database/Connectors/ConnectionFactory.php(186): Illuminate\\Database\\Connectors\\MySqlConnector->connect()
#5 [internal function]: Illuminate\\Database\\Connectors\\ConnectionFactory->Illuminate\\Database\\Connectors\\{closure}()
#6 /tmp/abdoElHodaky/larvrevrstender/services/payment-service/vendor/laravel/framework/src/Illuminate/Database/Connection.php(1257): call_user_func()
#7 /tmp/abdoElHodaky/larvrevrstender/services/payment-service/vendor/laravel/framework/src/Illuminate/Database/MySqlConnection.php(47): Illuminate\\Database\\Connection->getPdo()
#8 /tmp/abdoElHodaky/larvrevrstender/services/payment-service/vendor/laravel/framework/src/Illuminate/Database/Connection.php(827): Illuminate\\Database\\MySqlConnection->Illuminate\\Database\\{closure}()
#9 /tmp/abdoElHodaky/larvrevrstender/services/payment-service/vendor/laravel/framework/src/Illuminate/Database/Connection.php(999): Illuminate\\Database\\Connection->runQueryCallback()
#10 /tmp/abdoElHodaky/larvrevrstender/services/payment-service/vendor/laravel/framework/src/Illuminate/Database/Connection.php(978): Illuminate\\Database\\Connection->tryAgainIfCausedByLostConnection()
#11 /tmp/abdoElHodaky/larvrevrstender/services/payment-service/vendor/laravel/framework/src/Illuminate/Database/Connection.php(796): Illuminate\\Database\\Connection->handleQueryException()
#12 /tmp/abdoElHodaky/larvrevrstender/services/payment-service/vendor/laravel/framework/src/Illuminate/Database/MySqlConnection.php(42): Illuminate\\Database\\Connection->run()
#13 /tmp/abdoElHodaky/larvrevrstender/services/payment-service/vendor/laravel/framework/src/Illuminate/Database/Query/Builder.php(4054): Illuminate\\Database\\MySqlConnection->insert()
#14 /tmp/abdoElHodaky/larvrevrstender/services/payment-service/vendor/laravel/telescope/src/Storage/DatabaseEntriesRepository.php(145): Illuminate\\Database\\Query\\Builder->insert()
#15 /tmp/abdoElHodaky/larvrevrstender/services/payment-service/vendor/laravel/framework/src/Illuminate/Collections/Traits/EnumeratesValues.php(275): Laravel\\Telescope\\Storage\\DatabaseEntriesRepository->Laravel\\Telescope\\Storage\\{closure}()
#16 /tmp/abdoElHodaky/larvrevrstender/services/payment-service/vendor/laravel/telescope/src/Storage/DatabaseEntriesRepository.php(144): Illuminate\\Support\\Collection->each()
#17 /tmp/abdoElHodaky/larvrevrstender/services/payment-service/vendor/laravel/telescope/src/Telescope.php(664): Laravel\\Telescope\\Storage\\DatabaseEntriesRepository->store()
#18 [internal function]: Laravel\\Telescope\\Telescope::Laravel\\Telescope\\{closure}()
#19 /tmp/abdoElHodaky/larvrevrstender/services/payment-service/vendor/laravel/telescope/src/Telescope.php(289): call_user_func()
#20 /tmp/abdoElHodaky/larvrevrstender/services/payment-service/vendor/laravel/telescope/src/Telescope.php(656): Laravel\\Telescope\\Telescope::withoutRecording()
#21 /tmp/abdoElHodaky/larvrevrstender/services/payment-service/vendor/laravel/telescope/src/ListensForStorageOpportunities.php(65): Laravel\\Telescope\\Telescope::store()
#22 /tmp/abdoElHodaky/larvrevrstender/services/payment-service/vendor/laravel/framework/src/Illuminate/Container/BoundMethod.php(36): Laravel\\Telescope\\Telescope::Laravel\\Telescope\\{closure}()
#23 /tmp/abdoElHodaky/larvrevrstender/services/payment-service/vendor/laravel/framework/src/Illuminate/Container/Util.php(43): Illuminate\\Container\\BoundMethod::Illuminate\\Container\\{closure}()
#24 /tmp/abdoElHodaky/larvrevrstender/services/payment-service/vendor/laravel/framework/src/Illuminate/Container/BoundMethod.php(84): Illuminate\\Container\\Util::unwrapIfClosure()
#25 /tmp/abdoElHodaky/larvrevrstender/services/payment-service/vendor/laravel/framework/src/Illuminate/Container/BoundMethod.php(35): Illuminate\\Container\\BoundMethod::callBoundMethod()
#26 /tmp/abdoElHodaky/larvrevrstender/services/payment-service/vendor/laravel/framework/src/Illuminate/Container/Container.php(799): Illuminate\\Container\\BoundMethod::call()
#27 /tmp/abdoElHodaky/larvrevrstender/services/payment-service/vendor/laravel/framework/src/Illuminate/Foundation/Application.php(1466): Illuminate\\Container\\Container->call()
#28 /tmp/abdoElHodaky/larvrevrstender/services/payment-service/vendor/laravel/framework/src/Illuminate/Foundation/Console/Kernel.php(219): Illuminate\\Foundation\\Application->terminate()
#29 /tmp/abdoElHodaky/larvrevrstender/services/payment-service/artisan(51): Illuminate\\Foundation\\Console\\Kernel->terminate()
#30 {main}
"} 
[2026-02-17 10:09:24] local.ERROR: SQLSTATE[HY000] [2002] Connection refused (Connection: mysql, Host: 127.0.0.1, Port: 3306, Database: payment_service, SQL: select exists (select 1 from information_schema.tables where table_schema = schema() and table_name = 'migrations' and table_type in ('BASE TABLE', 'SYSTEM VERSIONED')) as `exists`) {"exception":"[object] (Illuminate\\Database\\QueryException(code: 2002): SQLSTATE[HY000] [2002] Connection refused (Connection: mysql, Host: 127.0.0.1, Port: 3306, Database: payment_service, SQL: select exists (select 1 from information_schema.tables where table_schema = schema() and table_name = 'migrations' and table_type in ('BASE TABLE', 'SYSTEM VERSIONED')) as `exists`) at /tmp/abdoElHodaky/larvrevrstender/services/payment-service/vendor/laravel/framework/src/Illuminate/Database/Connection.php:838)
[stacktrace]
#0 /tmp/abdoElHodaky/larvrevrstender/services/payment-service/vendor/laravel/framework/src/Illuminate/Database/Connection.php(999): Illuminate\\Database\\Connection->runQueryCallback()
#1 /tmp/abdoElHodaky/larvrevrstender/services/payment-service/vendor/laravel/framework/src/Illuminate/Database/Connection.php(978): Illuminate\\Database\\Connection->tryAgainIfCausedByLostConnection()
#2 /tmp/abdoElHodaky/larvrevrstender/services/payment-service/vendor/laravel/framework/src/Illuminate/Database/Connection.php(796): Illuminate\\Database\\Connection->handleQueryException()
#3 /tmp/abdoElHodaky/larvrevrstender/services/payment-service/vendor/laravel/framework/src/Illuminate/Database/Connection.php(411): Illuminate\\Database\\Connection->run()
#4 /tmp/abdoElHodaky/larvrevrstender/services/payment-service/vendor/laravel/framework/src/Illuminate/Database/Connection.php(357): Illuminate\\Database\\Connection->select()
#5 /tmp/abdoElHodaky/larvrevrstender/services/payment-service/vendor/laravel/framework/src/Illuminate/Database/Connection.php(374): Illuminate\\Database\\Connection->selectOne()
#6 /tmp/abdoElHodaky/larvrevrstender/services/payment-service/vendor/laravel/framework/src/Illuminate/Database/Schema/Builder.php(176): Illuminate\\Database\\Connection->scalar()
#7 /tmp/abdoElHodaky/larvrevrstender/services/payment-service/vendor/laravel/framework/src/Illuminate/Database/Migrations/DatabaseMigrationRepository.php(185): Illuminate\\Database\\Schema\\Builder->hasTable()
#8 /tmp/abdoElHodaky/larvrevrstender/services/payment-service/vendor/laravel/framework/src/Illuminate/Database/Migrations/Migrator.php(758): Illuminate\\Database\\Migrations\\DatabaseMigrationRepository->repositoryExists()
#9 /tmp/abdoElHodaky/larvrevrstender/services/payment-service/vendor/laravel/framework/src/Illuminate/Database/Console/Migrations/FreshCommand.php(67): Illuminate\\Database\\Migrations\\Migrator->repositoryExists()
#10 /tmp/abdoElHodaky/larvrevrstender/services/payment-service/vendor/laravel/framework/src/Illuminate/Database/Migrations/Migrator.php(671): Illuminate\\Database\\Console\\Migrations\\FreshCommand->Illuminate\\Database\\Console\\Migrations\\{closure}()
#11 /tmp/abdoElHodaky/larvrevrstender/services/payment-service/vendor/laravel/framework/src/Illuminate/Database/Console/Migrations/FreshCommand.php(66): Illuminate\\Database\\Migrations\\Migrator->usingConnection()
#12 /tmp/abdoElHodaky/larvrevrstender/services/payment-service/vendor/laravel/framework/src/Illuminate/Container/BoundMethod.php(36): Illuminate\\Database\\Console\\Migrations\\FreshCommand->handle()
#13 /tmp/abdoElHodaky/larvrevrstender/services/payment-service/vendor/laravel/framework/src/Illuminate/Container/Util.php(43): Illuminate\\Container\\BoundMethod::Illuminate\\Container\\{closure}()
#14 /tmp/abdoElHodaky/larvrevrstender/services/payment-service/vendor/laravel/framework/src/Illuminate/Container/BoundMethod.php(96): Illuminate\\Container\\Util::unwrapIfClosure()
#15 /tmp/abdoElHodaky/larvrevrstender/services/payment-service/vendor/laravel/framework/src/Illuminate/Container/BoundMethod.php(35): Illuminate\\Container\\BoundMethod::callBoundMethod()
#16 /tmp/abdoElHodaky/larvrevrstender/services/payment-service/vendor/laravel/framework/src/Illuminate/Container/Container.php(799): Illuminate\\Container\\BoundMethod::call()
#17 /tmp/abdoElHodaky/larvrevrstender/services/payment-service/vendor/laravel/framework/src/Illuminate/Console/Command.php(211): Illuminate\\Container\\Container->call()
#18 /tmp/abdoElHodaky/larvrevrstender/services/payment-service/vendor/symfony/console/Command/Command.php(341): Illuminate\\Console\\Command->execute()
#19 /tmp/abdoElHodaky/larvrevrstender/services/payment-service/vendor/laravel/framework/src/Illuminate/Console/Command.php(180): Symfony\\Component\\Console\\Command\\Command->run()
#20 /tmp/abdoElHodaky/larvrevrstender/services/payment-service/vendor/symfony/console/Application.php(1102): Illuminate\\Console\\Command->run()
#21 /tmp/abdoElHodaky/larvrevrstender/services/payment-service/vendor/symfony/console/Application.php(356): Symfony\\Component\\Console\\Application->doRunCommand()
#22 /tmp/abdoElHodaky/larvrevrstender/services/payment-service/vendor/symfony/console/Application.php(195): Symfony\\Component\\Console\\Application->doRun()
#23 /tmp/abdoElHodaky/larvrevrstender/services/payment-service/vendor/laravel/framework/src/Illuminate/Foundation/Console/Kernel.php(198): Symfony\\Component\\Console\\Application->run()
#24 /tmp/abdoElHodaky/larvrevrstender/services/payment-service/artisan(35): Illuminate\\Foundation\\Console\\Kernel->handle()
#25 {main}

[previous exception] [object] (PDOException(code: 2002): SQLSTATE[HY000] [2002] Connection refused at /tmp/abdoElHodaky/larvrevrstender/services/payment-service/vendor/laravel/framework/src/Illuminate/Database/Connectors/Connector.php:66)
[stacktrace]
#0 /tmp/abdoElHodaky/larvrevrstender/services/payment-service/vendor/laravel/framework/src/Illuminate/Database/Connectors/Connector.php(66): PDO->__construct()
#1 /tmp/abdoElHodaky/larvrevrstender/services/payment-service/vendor/laravel/framework/src/Illuminate/Database/Connectors/Connector.php(85): Illuminate\\Database\\Connectors\\Connector->createPdoConnection()
#2 /tmp/abdoElHodaky/larvrevrstender/services/payment-service/vendor/laravel/framework/src/Illuminate/Database/Connectors/Connector.php(48): Illuminate\\Database\\Connectors\\Connector->tryAgainIfCausedByLostConnection()
#3 /tmp/abdoElHodaky/larvrevrstender/services/payment-service/vendor/laravel/framework/src/Illuminate/Database/Connectors/MySqlConnector.php(24): Illuminate\\Database\\Connectors\\Connector->createConnection()
#4 /tmp/abdoElHodaky/larvrevrstender/services/payment-service/vendor/laravel/framework/src/Illuminate/Database/Connectors/ConnectionFactory.php(186): Illuminate\\Database\\Connectors\\MySqlConnector->connect()
#5 [internal function]: Illuminate\\Database\\Connectors\\ConnectionFactory->Illuminate\\Database\\Connectors\\{closure}()
#6 /tmp/abdoElHodaky/larvrevrstender/services/payment-service/vendor/laravel/framework/src/Illuminate/Database/Connection.php(1257): call_user_func()
#7 /tmp/abdoElHodaky/larvrevrstender/services/payment-service/vendor/laravel/framework/src/Illuminate/Database/Connection.php(1295): Illuminate\\Database\\Connection->getPdo()
#8 /tmp/abdoElHodaky/larvrevrstender/services/payment-service/vendor/laravel/framework/src/Illuminate/Database/Connection.php(525): Illuminate\\Database\\Connection->getReadPdo()
#9 /tmp/abdoElHodaky/larvrevrstender/services/payment-service/vendor/laravel/framework/src/Illuminate/Database/Connection.php(420): Illuminate\\Database\\Connection->getPdoForSelect()
#10 /tmp/abdoElHodaky/larvrevrstender/services/payment-service/vendor/laravel/framework/src/Illuminate/Database/Connection.php(827): Illuminate\\Database\\Connection->Illuminate\\Database\\{closure}()
#11 /tmp/abdoElHodaky/larvrevrstender/services/payment-service/vendor/laravel/framework/src/Illuminate/Database/Connection.php(999): Illuminate\\Database\\Connection->runQueryCallback()
#12 /tmp/abdoElHodaky/larvrevrstender/services/payment-service/vendor/laravel/framework/src/Illuminate/Database/Connection.php(978): Illuminate\\Database\\Connection->tryAgainIfCausedByLostConnection()
#13 /tmp/abdoElHodaky/larvrevrstender/services/payment-service/vendor/laravel/framework/src/Illuminate/Database/Connection.php(796): Illuminate\\Database\\Connection->handleQueryException()
#14 /tmp/abdoElHodaky/larvrevrstender/services/payment-service/vendor/laravel/framework/src/Illuminate/Database/Connection.php(411): Illuminate\\Database\\Connection->run()
#15 /tmp/abdoElHodaky/larvrevrstender/services/payment-service/vendor/laravel/framework/src/Illuminate/Database/Connection.php(357): Illuminate\\Database\\Connection->select()
#16 /tmp/abdoElHodaky/larvrevrstender/services/payment-service/vendor/laravel/framework/src/Illuminate/Database/Connection.php(374): Illuminate\\Database\\Connection->selectOne()
#17 /tmp/abdoElHodaky/larvrevrstender/services/payment-service/vendor/laravel/framework/src/Illuminate/Database/Schema/Builder.php(176): Illuminate\\Database\\Connection->scalar()
#18 /tmp/abdoElHodaky/larvrevrstender/services/payment-service/vendor/laravel/framework/src/Illuminate/Database/Migrations/DatabaseMigrationRepository.php(185): Illuminate\\Database\\Schema\\Builder->hasTable()
#19 /tmp/abdoElHodaky/larvrevrstender/services/payment-service/vendor/laravel/framework/src/Illuminate/Database/Migrations/Migrator.php(758): Illuminate\\Database\\Migrations\\DatabaseMigrationRepository->repositoryExists()
#20 /tmp/abdoElHodaky/larvrevrstender/services/payment-service/vendor/laravel/framework/src/Illuminate/Database/Console/Migrations/FreshCommand.php(67): Illuminate\\Database\\Migrations\\Migrator->repositoryExists()
#21 /tmp/abdoElHodaky/larvrevrstender/services/payment-service/vendor/laravel/framework/src/Illuminate/Database/Migrations/Migrator.php(671): Illuminate\\Database\\Console\\Migrations\\FreshCommand->Illuminate\\Database\\Console\\Migrations\\{closure}()
#22 /tmp/abdoElHodaky/larvrevrstender/services/payment-service/vendor/laravel/framework/src/Illuminate/Database/Console/Migrations/FreshCommand.php(66): Illuminate\\Database\\Migrations\\Migrator->usingConnection()
#23 /tmp/abdoElHodaky/larvrevrstender/services/payment-service/vendor/laravel/framework/src/Illuminate/Container/BoundMethod.php(36): Illuminate\\Database\\Console\\Migrations\\FreshCommand->handle()
#24 /tmp/abdoElHodaky/larvrevrstender/services/payment-service/vendor/laravel/framework/src/Illuminate/Container/Util.php(43): Illuminate\\Container\\BoundMethod::Illuminate\\Container\\{closure}()
#25 /tmp/abdoElHodaky/larvrevrstender/services/payment-service/vendor/laravel/framework/src/Illuminate/Container/BoundMethod.php(96): Illuminate\\Container\\Util::unwrapIfClosure()
#26 /tmp/abdoElHodaky/larvrevrstender/services/payment-service/vendor/laravel/framework/src/Illuminate/Container/BoundMethod.php(35): Illuminate\\Container\\BoundMethod::callBoundMethod()
#27 /tmp/abdoElHodaky/larvrevrstender/services/payment-service/vendor/laravel/framework/src/Illuminate/Container/Container.php(799): Illuminate\\Container\\BoundMethod::call()
#28 /tmp/abdoElHodaky/larvrevrstender/services/payment-service/vendor/laravel/framework/src/Illuminate/Console/Command.php(211): Illuminate\\Container\\Container->call()
#29 /tmp/abdoElHodaky/larvrevrstender/services/payment-service/vendor/symfony/console/Command/Command.php(341): Illuminate\\Console\\Command->execute()
#30 /tmp/abdoElHodaky/larvrevrstender/services/payment-service/vendor/laravel/framework/src/Illuminate/Console/Command.php(180): Symfony\\Component\\Console\\Command\\Command->run()
#31 /tmp/abdoElHodaky/larvrevrstender/services/payment-service/vendor/symfony/console/Application.php(1102): Illuminate\\Console\\Command->run()
#32 /tmp/abdoElHodaky/larvrevrstender/services/payment-service/vendor/symfony/console/Application.php(356): Symfony\\Component\\Console\\Application->doRunCommand()
#33 /tmp/abdoElHodaky/larvrevrstender/services/payment-service/vendor/symfony/console/Application.php(195): Symfony\\Component\\Console\\Application->doRun()
#34 /tmp/abdoElHodaky/larvrevrstender/services/payment-service/vendor/laravel/framework/src/Illuminate/Foundation/Console/Kernel.php(198): Symfony\\Component\\Console\\Application->run()
#35 /tmp/abdoElHodaky/larvrevrstender/services/payment-service/artisan(35): Illuminate\\Foundation\\Console\\Kernel->handle()
#36 {main}
"} 
[2026-02-19 13:16:12] local.ERROR: could not find driver (Connection: mysql, Host: 127.0.0.1, Port: 3306, Database: payment_service, SQL: insert into `telescope_entries` (`batch_id`, `content`, `created_at`, `family_hash`, `type`, `uuid`) values (a11ddc01-a4b4-40cd-9817-c7d82af51d16, {"command":"vendor:publish","exit_code":0,"arguments":{"command":"vendor:publish"},"options":{"existing":false,"force":true,"all":false,"provider":null,"tag":["laravel-assets"],"help":false,"silent":false,"quiet":false,"verbose":false,"version":false,"ansi":true,"no-interaction":false,"env":null},"hostname":"modal"}, 2026-02-19 13:16:12, ?, command, a11ddc01-a277-46a5-995d-f11c73c39506)) {"exception":"[object] (Illuminate\\Database\\QueryException(code: 0): could not find driver (Connection: mysql, Host: 127.0.0.1, Port: 3306, Database: payment_service, SQL: insert into `telescope_entries` (`batch_id`, `content`, `created_at`, `family_hash`, `type`, `uuid`) values (a11ddc01-a4b4-40cd-9817-c7d82af51d16, {\"command\":\"vendor:publish\",\"exit_code\":0,\"arguments\":{\"command\":\"vendor:publish\"},\"options\":{\"existing\":false,\"force\":true,\"all\":false,\"provider\":null,\"tag\":[\"laravel-assets\"],\"help\":false,\"silent\":false,\"quiet\":false,\"verbose\":false,\"version\":false,\"ansi\":true,\"no-interaction\":false,\"env\":null},\"hostname\":\"modal\"}, 2026-02-19 13:16:12, ?, command, a11ddc01-a277-46a5-995d-f11c73c39506)) at /tmp/abdoElHodaky/larvrevrstender/services/payment-service/vendor/laravel/framework/src/Illuminate/Database/Connection.php:838)
[stacktrace]
#0 /tmp/abdoElHodaky/larvrevrstender/services/payment-service/vendor/laravel/framework/src/Illuminate/Database/Connection.php(794): Illuminate\\Database\\Connection->runQueryCallback()
#1 /tmp/abdoElHodaky/larvrevrstender/services/payment-service/vendor/laravel/framework/src/Illuminate/Database/MySqlConnection.php(42): Illuminate\\Database\\Connection->run()
#2 /tmp/abdoElHodaky/larvrevrstender/services/payment-service/vendor/laravel/framework/src/Illuminate/Database/Query/Builder.php(4054): Illuminate\\Database\\MySqlConnection->insert()
#3 /tmp/abdoElHodaky/larvrevrstender/services/payment-service/vendor/laravel/telescope/src/Storage/DatabaseEntriesRepository.php(145): Illuminate\\Database\\Query\\Builder->insert()
#4 /tmp/abdoElHodaky/larvrevrstender/services/payment-service/vendor/laravel/framework/src/Illuminate/Collections/Traits/EnumeratesValues.php(275): Laravel\\Telescope\\Storage\\DatabaseEntriesRepository->Laravel\\Telescope\\Storage\\{closure}()
#5 /tmp/abdoElHodaky/larvrevrstender/services/payment-service/vendor/laravel/telescope/src/Storage/DatabaseEntriesRepository.php(144): Illuminate\\Support\\Collection->each()
#6 /tmp/abdoElHodaky/larvrevrstender/services/payment-service/vendor/laravel/telescope/src/Telescope.php(664): Laravel\\Telescope\\Storage\\DatabaseEntriesRepository->store()
#7 [internal function]: Laravel\\Telescope\\Telescope::Laravel\\Telescope\\{closure}()
#8 /tmp/abdoElHodaky/larvrevrstender/services/payment-service/vendor/laravel/telescope/src/Telescope.php(289): call_user_func()
#9 /tmp/abdoElHodaky/larvrevrstender/services/payment-service/vendor/laravel/telescope/src/Telescope.php(656): Laravel\\Telescope\\Telescope::withoutRecording()
#10 /tmp/abdoElHodaky/larvrevrstender/services/payment-service/vendor/laravel/telescope/src/ListensForStorageOpportunities.php(65): Laravel\\Telescope\\Telescope::store()
#11 /tmp/abdoElHodaky/larvrevrstender/services/payment-service/vendor/laravel/framework/src/Illuminate/Container/BoundMethod.php(36): Laravel\\Telescope\\Telescope::Laravel\\Telescope\\{closure}()
#12 /tmp/abdoElHodaky/larvrevrstender/services/payment-service/vendor/laravel/framework/src/Illuminate/Container/Util.php(43): Illuminate\\Container\\BoundMethod::Illuminate\\Container\\{closure}()
#13 /tmp/abdoElHodaky/larvrevrstender/services/payment-service/vendor/laravel/framework/src/Illuminate/Container/BoundMethod.php(84): Illuminate\\Container\\Util::unwrapIfClosure()
#14 /tmp/abdoElHodaky/larvrevrstender/services/payment-service/vendor/laravel/framework/src/Illuminate/Container/BoundMethod.php(35): Illuminate\\Container\\BoundMethod::callBoundMethod()
#15 /tmp/abdoElHodaky/larvrevrstender/services/payment-service/vendor/laravel/framework/src/Illuminate/Container/Container.php(799): Illuminate\\Container\\BoundMethod::call()
#16 /tmp/abdoElHodaky/larvrevrstender/services/payment-service/vendor/laravel/framework/src/Illuminate/Foundation/Application.php(1466): Illuminate\\Container\\Container->call()
#17 /tmp/abdoElHodaky/larvrevrstender/services/payment-service/vendor/laravel/framework/src/Illuminate/Foundation/Console/Kernel.php(219): Illuminate\\Foundation\\Application->terminate()
#18 /tmp/abdoElHodaky/larvrevrstender/services/payment-service/artisan(51): Illuminate\\Foundation\\Console\\Kernel->terminate()
#19 {main}

[previous exception] [object] (PDOException(code: 0): could not find driver at /tmp/abdoElHodaky/larvrevrstender/services/payment-service/vendor/laravel/framework/src/Illuminate/Database/Connectors/Connector.php:66)
[stacktrace]
#0 /tmp/abdoElHodaky/larvrevrstender/services/payment-service/vendor/laravel/framework/src/Illuminate/Database/Connectors/Connector.php(66): PDO->__construct()
#1 /tmp/abdoElHodaky/larvrevrstender/services/payment-service/vendor/laravel/framework/src/Illuminate/Database/Connectors/Connector.php(44): Illuminate\\Database\\Connectors\\Connector->createPdoConnection()
#2 /tmp/abdoElHodaky/larvrevrstender/services/payment-service/vendor/laravel/framework/src/Illuminate/Database/Connectors/MySqlConnector.php(24): Illuminate\\Database\\Connectors\\Connector->createConnection()
#3 /tmp/abdoElHodaky/larvrevrstender/services/payment-service/vendor/laravel/framework/src/Illuminate/Database/Connectors/ConnectionFactory.php(186): Illuminate\\Database\\Connectors\\MySqlConnector->connect()
#4 [internal function]: Illuminate\\Database\\Connectors\\ConnectionFactory->Illuminate\\Database\\Connectors\\{closure}()
#5 /tmp/abdoElHodaky/larvrevrstender/services/payment-service/vendor/laravel/framework/src/Illuminate/Database/Connection.php(1257): call_user_func()
#6 /tmp/abdoElHodaky/larvrevrstender/services/payment-service/vendor/laravel/framework/src/Illuminate/Database/MySqlConnection.php(47): Illuminate\\Database\\Connection->getPdo()
#7 /tmp/abdoElHodaky/larvrevrstender/services/payment-service/vendor/laravel/framework/src/Illuminate/Database/Connection.php(827): Illuminate\\Database\\MySqlConnection->Illuminate\\Database\\{closure}()
#8 /tmp/abdoElHodaky/larvrevrstender/services/payment-service/vendor/laravel/framework/src/Illuminate/Database/Connection.php(794): Illuminate\\Database\\Connection->runQueryCallback()
#9 /tmp/abdoElHodaky/larvrevrstender/services/payment-service/vendor/laravel/framework/src/Illuminate/Database/MySqlConnection.php(42): Illuminate\\Database\\Connection->run()
#10 /tmp/abdoElHodaky/larvrevrstender/services/payment-service/vendor/laravel/framework/src/Illuminate/Database/Query/Builder.php(4054): Illuminate\\Database\\MySqlConnection->insert()
#11 /tmp/abdoElHodaky/larvrevrstender/services/payment-service/vendor/laravel/telescope/src/Storage/DatabaseEntriesRepository.php(145): Illuminate\\Database\\Query\\Builder->insert()
#12 /tmp/abdoElHodaky/larvrevrstender/services/payment-service/vendor/laravel/framework/src/Illuminate/Collections/Traits/EnumeratesValues.php(275): Laravel\\Telescope\\Storage\\DatabaseEntriesRepository->Laravel\\Telescope\\Storage\\{closure}()
#13 /tmp/abdoElHodaky/larvrevrstender/services/payment-service/vendor/laravel/telescope/src/Storage/DatabaseEntriesRepository.php(144): Illuminate\\Support\\Collection->each()
#14 /tmp/abdoElHodaky/larvrevrstender/services/payment-service/vendor/laravel/telescope/src/Telescope.php(664): Laravel\\Telescope\\Storage\\DatabaseEntriesRepository->store()
#15 [internal function]: Laravel\\Telescope\\Telescope::Laravel\\Telescope\\{closure}()
#16 /tmp/abdoElHodaky/larvrevrstender/services/payment-service/vendor/laravel/telescope/src/Telescope.php(289): call_user_func()
#17 /tmp/abdoElHodaky/larvrevrstender/services/payment-service/vendor/laravel/telescope/src/Telescope.php(656): Laravel\\Telescope\\Telescope::withoutRecording()
#18 /tmp/abdoElHodaky/larvrevrstender/services/payment-service/vendor/laravel/telescope/src/ListensForStorageOpportunities.php(65): Laravel\\Telescope\\Telescope::store()
#19 /tmp/abdoElHodaky/larvrevrstender/services/payment-service/vendor/laravel/framework/src/Illuminate/Container/BoundMethod.php(36): Laravel\\Telescope\\Telescope::Laravel\\Telescope\\{closure}()
#20 /tmp/abdoElHodaky/larvrevrstender/services/payment-service/vendor/laravel/framework/src/Illuminate/Container/Util.php(43): Illuminate\\Container\\BoundMethod::Illuminate\\Container\\{closure}()
#21 /tmp/abdoElHodaky/larvrevrstender/services/payment-service/vendor/laravel/framework/src/Illuminate/Container/BoundMethod.php(84): Illuminate\\Container\\Util::unwrapIfClosure()
#22 /tmp/abdoElHodaky/larvrevrstender/services/payment-service/vendor/laravel/framework/src/Illuminate/Container/BoundMethod.php(35): Illuminate\\Container\\BoundMethod::callBoundMethod()
#23 /tmp/abdoElHodaky/larvrevrstender/services/payment-service/vendor/laravel/framework/src/Illuminate/Container/Container.php(799): Illuminate\\Container\\BoundMethod::call()
#24 /tmp/abdoElHodaky/larvrevrstender/services/payment-service/vendor/laravel/framework/src/Illuminate/Foundation/Application.php(1466): Illuminate\\Container\\Container->call()
#25 /tmp/abdoElHodaky/larvrevrstender/services/payment-service/vendor/laravel/framework/src/Illuminate/Foundation/Console/Kernel.php(219): Illuminate\\Foundation\\Application->terminate()
#26 /tmp/abdoElHodaky/larvrevrstender/services/payment-service/artisan(51): Illuminate\\Foundation\\Console\\Kernel->terminate()
#27 {main}
"} 
